item_id,part
0001be62-bf9c-4c15-8a09-dce209be9715,train
000ad3b9-75cf-4b8f-9786-de63f9a8ffa8,train
0012e069-5caf-44fd-85e4-9a38f6eefd2e,train
002b097b-4237-4610-952c-6095d48fb7a0,train
003fb77f-53a7-44bd-ac96-25b2cbc47f43,train
0064bdc6-8e3a-4bc8-81e5-d755a4759d63,train
0071e389-0a9c-45b1-96a0-acec9d7d584b,train
0074bfd6-ccc1-4610-87db-9bffe8a1c0b4,train
00811de2-8795-43b1-813d-3f5f458a926b,train
0082fb0a-8030-4d6e-93ca-9f94d7b429bf,train
008468e2-e677-45fc-ac2f-4cf175ce334a,train
00882625-c1d0-4c07-aa26-0a97076360ee,train
00b7548a-8c67-450c-80a1-1d91d7c2f939,train
00bb0c85-b371-4ffd-a98b-012b488eac86,train
00cad534-0fca-42fe-a24a-4eda8d0e0fc0,train
00d1ed0c-78fc-4104-a984-abfaba5c864f,train
00d4f18c-90f1-4cec-aef5-5e79e9443e06,train
00e23fdc-934a-4319-a6b1-3bd181294a56,train
00ff0d81-5583-4aec-9e22-ccd929e79804,train
010e233c-c9d9-471c-a6ac-ebc1c5bd78a7,train
0116c581-a65b-4165-9e04-5f26ad93c934,train
0119d416-3c24-4f1a-a39d-cbbe72a0ecc1,train
011e3c36-e960-4908-964e-6fc8be49381d,train
011e51e3-640a-439e-8254-3a1de0cdb925,train
012c8594-7ce3-4991-ae02-0e21a10ea83f,train
012e849b-a084-4427-8135-3883263c1a05,train
012fd615-aab8-4e37-81bd-4c6af0f41d18,train
01353ea3-fa65-4f7b-bb36-f5e595a8ae58,train
013c5c50-529d-4be7-9872-7fea9ab88417,train
014159e8-daee-4fc1-a6ae-a6608b696ed5,train
01795852-cbdb-48ab-a8b9-1c39fe05c790,train
017f5f8b-f3b4-4fe1-82e3-f071f1c3789f,train
018f14e8-5249-4711-bad8-4f4559d9c0dd,train
018fa4b0-1945-4e0c-8539-bd29eca15b55,train
019ae6f2-a651-4eb2-9c45-a6e1abf8071d,train
01a030f9-7d94-42af-939b-d1a3e4171ef9,train
01b328f0-d0ef-4d27-b0a8-3e3c98b4b8cc,train
01cd98aa-5e0d-4751-b4ca-d8ba2b364e05,train
01e441c1-7348-4b97-b339-b3c61b2a1c11,train
01ea2dd3-6517-484e-8532-da99239c815e,train
01f258ad-74be-410f-a8c5-7141ed793915,train
02035bb9-689d-4e0c-8661-6917330bd721,train
02115e45-7e16-4a77-91ee-dd8f55a6b749,train
021d5fae-8d22-4d10-b8cb-9cc5ece3f63a,train
023808be-07f4-4c58-8193-b04ac05b443e,train
023dc1a9-79f8-4228-8240-7e0524355af5,train
023dc7e8-59f9-4340-81a2-3cc95bea6e19,train
0241fe97-a971-41b5-8305-563cf9b6adf3,train
0252d1ae-e62e-40ec-b0d2-a446724b3071,train
02552ae8-6610-4a8b-bfe9-714938c59103,train
0258ec2d-407d-42a0-a368-cc83c4f75d5d,train
026328ab-2e2a-4688-86da-1c4827fbfcc6,train
0270a95a-333d-47f2-b56a-618aec18707d,train
027f95e4-c225-4042-b992-c7def20cf6c2,train
02843e58-f55a-4b76-b9e3-794cbc0a1280,train
028fc10c-947b-4e8e-ad1e-8fe21793c351,train
028fc505-558d-4b19-9966-bb492fd0252a,train
02953967-b031-4aac-8984-b7885377e499,train
02beca9d-b4be-4ad7-838a-3e6add5050ef,train
02d5d9bc-63b8-4a24-a959-a5a39eb110af,train
02e25a19-6d18-4e32-a710-2ff1a8724fb1,train
02e56c83-1823-4a45-b005-5a08dccb0a6b,train
02eb93af-ea71-4785-bcac-ee1ded3a640a,train
02edc95e-9931-4bd0-bb42-200c7a53f477,train
037063ac-326d-402f-82a2-562670364363,train
03779ef5-df04-49b3-91b4-d4b593ca674a,train
037aa509-cd32-4f15-95a4-86301ba669cb,train
037dc047-d569-4469-999b-cea4f90b1df4,train
038adbf3-85ad-4c04-b82f-78847434f8c3,train
039c86af-e72d-48fd-b977-dd3f3a1dc744,train
03a00707-3b1c-4f38-b196-a7f2fabefab6,train
03b4f314-6c46-4bf4-ac3d-8d199a79bb71,train
03d04cd4-342b-401c-8abf-c5cb949bb6ce,train
03d3525f-1f9e-4fd2-83a2-56a086f86e19,train
03dc4ed3-b6c8-405a-9223-cee16d8411cf,train
03ed98af-9073-4ca5-a033-78c59df25e0e,train
041a332f-fa1a-4eec-8881-a0aa0abf4757,train
044e4d74-7c63-470a-b6c1-f6932787cd16,train
0466296e-700c-42f5-be94-b3b1ff0d3cc3,train
04995455-a4d6-43ac-a942-339902609601,train
049bd00c-3fd7-454a-a23c-a0880b477a0b,train
049d897e-82f3-445a-a45f-97f2b18e2d9f,train
04d2ef23-6d5a-46de-8974-e7f6a35b4403,train
04defb74-bdeb-4916-9d3d-af0cebd5db4a,train
04eaa108-05d8-41bf-bffd-d23c82b93084,train
04fd1fd6-f1e9-47fb-a098-5932ab219f0e,train
050a33fa-4e7a-4d5e-96d4-237e129b8d30,train
050b3fa4-abc0-4170-ae7f-4882cd9e3f2a,train
052fbb1c-99ea-4120-a1c8-c0b2d873e913,train
0534b50b-a6d4-4f66-86e6-b7897c17755e,train
053e54ea-7c33-46d4-ad24-ee2fb6a8e7bd,train
05406c12-5963-497f-90dd-f431177fb0b3,train
05433e0a-3082-4489-9c4f-462733e7f405,train
056efee0-4f54-467d-acb7-fc5fc9ef5c2e,train
0571eb22-c1b5-4c9e-90c6-ac42a7a222ba,train
058a0004-65e1-4c36-9051-bcb658ffdf27,train
059c771d-79ad-470f-84d1-4aea22ceea54,train
05b06276-054e-447f-b88a-0ee7966dbef5,train
05beb22d-fa5b-49c5-bc15-7fbf01e79b66,train
05cda9ff-8c97-4b11-97aa-387fcfb1f61b,train
05f8f0b3-4883-414f-a002-2b77d41885e8,train
05ff717c-4744-47c5-b46d-1f4ea8f452b5,train
060814ef-21b4-4edd-9f15-a0cb6b0754be,train
0629512f-57ec-42bf-ab37-b7e6495e337e,train
062ea5e9-2ef9-417a-af25-7fb888da7e65,train
063999ea-6b89-495e-aa3a-fb22116fb22a,train
0639f733-378a-489b-9000-575586e9e9ab,train
06520911-0888-4c2d-ac62-eead59dd5535,train
06814f15-d2d7-4859-b708-80239be8cf2f,train
0696c57e-cdf0-4af9-9b5d-32a51a148181,train
06a1f3cf-2270-4106-a35d-864c8c120f00,train
06adfe53-96dd-47aa-a7c2-7ae0d344ecf6,train
06b3df63-a0da-4911-aa4a-13e822e2d205,train
06b65a92-656d-4348-84e0-b8c7921c308c,train
06b8daed-72bd-465d-aa44-0aa34ed5f351,train
06e8a61a-713d-4872-9757-149b4c335052,train
06f1e5a3-e986-4644-8f80-9ac7933bf5d8,train
06f9cd53-93ee-4221-a1f1-4a5b11234d5f,train
07077603-ef3c-47a5-a1df-7b16c4896b1f,train
0731dbf3-5c56-47cc-964f-1af394d7a1b8,train
07494198-8dda-4113-ab7f-d8c57cb7d262,train
0767dd3b-8310-41b3-95e7-10ea9186c1bd,train
07776ffc-7681-4b50-8928-e924bcbdaf2a,train
07866ae4-7a01-4705-b494-0337dc11ff64,train
07c36c90-c4cd-404d-b604-d7bf4ee223f1,train
07c9a898-0da7-45d0-9ac7-25c325caf937,train
07d9af46-aba0-49fe-8079-b30de8610758,train
07e02692-8258-4be6-86c5-8bbc525e0f94,train
07e28be5-ccfb-43aa-aa31-73ddfe2b3771,train
07f1c6db-5e1b-4ed1-a135-17005736576e,train
07fd52c7-695a-4c14-ad9c-fbbde13db795,train
083efc4d-b6ed-4afa-a48d-198fa207daf8,train
08415b5b-9f66-4124-946e-f25ee3235012,train
08579580-6654-4311-ad26-4cb58e714afa,train
085d63ac-7bd5-45a6-b931-7cd33107a5d2,train
085f7dbd-2c2c-4898-9fc9-22f084ea0c4e,train
0866797e-7279-4322-85cf-a041c43fb63f,train
088076d9-720e-4451-8cdd-fe6ea0db96ec,train
0887b284-1511-48fb-9780-497eb2e2457e,train
088c01dc-69c4-4b79-9a7c-7c46a28a7601,train
089a42de-8482-4154-ad13-fb4338a600ac,train
08a1bc1d-9d2c-41d8-8fa2-bff67ddeb6af,train
08b58c9d-01e9-4a58-95a7-e06d07dd62f9,train
08b88799-3868-4ef5-8361-32cae6342eb1,train
08c26ac5-a230-40a6-9cd4-82dc58981474,train
08d5a75c-a100-4da5-9d49-28c43c3d7aab,train
08d787f9-3e42-44e8-933d-f346f59e4a93,train
08e4507b-3421-43fc-a122-ef05875d73d1,train
08e869e0-b8c5-4fbb-93d7-7b0ba8ceee9f,train
08ef80e9-e834-4ce2-aecc-7642cc6963e7,train
08fe2f59-5568-4d52-b3c9-2ae577cb6283,train
09028ac9-f17d-4bf7-bc40-e9239069f553,train
0926e001-0e92-4cd2-b7a9-4ee452fc4b7a,train
095c828a-1f54-47db-b95a-87f384466ea8,train
095e0281-77bd-4c63-b510-fc122560202b,train
096ac4a8-f6a0-47fb-8e58-113b2107dbcc,train
096c909b-f424-489e-9e0f-44a69c367d10,train
098185b7-ee83-4307-9cfb-d4a906fe9a6c,train
098cb91f-017c-4da3-b384-541412a964e3,train
09a14642-ef42-4e6a-8fae-295574b91c69,train
09a544be-c012-4afe-b0b4-a9e740b37002,train
09a82b9d-111d-4e2f-b404-126c43b5fb49,train
09aa7a07-efa8-453d-b836-b2099b4bd853,train
09b64c89-2fae-40dc-a4ac-9f99ad763511,train
09cbc853-6eb6-416b-8fb5-bb82995a1150,train
09d2c359-dcd0-45b7-8357-fa195f05f54f,train
09dd5614-6e63-4be5-806f-45a3d3b3146d,train
09f1131e-2f73-4152-b978-4c16941bad69,train
09f13d31-6d39-48b4-82d5-1dee0b903f94,train
09f81608-50f7-47d3-9add-7428abcb5cef,train
09fa338e-df12-4e80-a627-ef989db0b612,train
0a088b7d-3454-4d61-87a2-0f80da115927,train
0a0e4959-b582-4bbb-8946-15762550633d,train
0a2cc50d-5308-4664-a4c6-5195c80baada,train
0a3911d5-cc46-48cd-b448-9f75808e6b19,train
0a49a90e-d54e-4f58-80a5-e456c3683cb3,train
0a4d7662-9491-4ffe-ac46-f15190b1793b,train
0a63e0fb-1c55-4929-a715-919fa42bc903,train
0a730bee-773a-472d-9246-0be1c24a87dd,train
0a943724-e2b8-4a7d-a51c-ee3b90c1b8be,train
0aa1c1fd-5804-45c4-9140-2d19f4976863,train
0ab808fa-4766-4780-acea-ab44e77e6c69,train
0abd063b-7124-48ae-a1d1-c7d5f132196c,train
0acf31c9-67ca-4bfe-8fe2-4dc89ab6ac8d,train
0b04c21f-9580-46d5-b5db-967535276542,train
0b0516f9-8595-45b4-810a-35cb020bb0da,train
0b0b03b7-728c-47c3-b44e-9a797bb426ee,train
0b0e65bb-c69f-4c23-8c52-ca821fa898d5,train
0b1557b2-7507-4b5a-9ddf-4a2a87b37736,train
0b157ae4-bf13-4b8c-99ca-0dbeb997dd6f,train
0b203784-8531-4842-bfd6-cf0a6afa7dea,train
0b332a9d-4412-44cd-9883-459ab4986b1c,train
0b3386e1-8836-4f65-b029-67f219310636,train
0b46c06f-880a-4ed7-b0f4-f4864cad5c1f,train
0b49c232-12ba-4a4f-b95c-0be13422963c,train
0b4f392d-8856-497a-8f90-b19c846ff562,train
0b587b53-b61b-46dc-a953-cd2d1ce80c90,train
0b609079-e9db-410d-9f57-767e899448f0,train
0b79a1bb-1623-42fa-8189-ffc7a05142c7,train
0b810b6e-2dbe-4281-baa3-7b380fb3a207,train
0b861692-478f-4089-853d-202196def1f0,train
0bad3890-5fa6-4351-97ee-94fc9cf082d8,train
0bb90217-75bf-4406-807a-51569a6cd3c6,train
0bbbcdfb-d373-4ac5-9779-f283ed6c04f6,train
0bbc23b0-e6d4-4336-9d9f-4da0374473a2,train
0bbcc1e2-a4a5-4d92-9686-419e40cac2da,train
0bbdf249-d973-4f30-8312-74b869d7617e,train
0bc240eb-2c0a-40ca-acf4-b5322a11d698,train
0bc8dec6-3e69-4ef5-891a-030fdd7b39c1,train
0bd5a197-1e38-4f54-98a8-d30b14eb67ed,train
0be66ed3-10d3-4817-98df-969395c00608,train
0bf84734-3ffb-4579-92a0-6c10ca81ca99,train
0c1f3286-85ba-4982-8d4a-4dfced15f0c0,train
0c22fee4-7244-47de-9c2c-33e5d7a5f998,train
0c286b6a-ac10-4de7-8a5d-9bcdc5cd8eae,train
0c43ae09-82fe-4f4e-9032-f27e76c6222b,train
0c604c60-08d8-45fc-a50d-7dde1f9c670d,train
0c977634-ec75-464b-98d5-1b5fc99db395,train
0c9a9ada-13f5-42ed-9b43-573dedf09520,train
0cae68d7-9dbd-4a82-bb1b-0c2ab02d6e93,train
0caebf61-3bd9-430f-9f63-2df9bf3c5b4d,train
0cb02043-e936-417b-9250-27d8bb192ae4,train
0cb0a1ae-0e35-4b53-9cd8-80338892fa00,train
0cc736fd-af66-4104-9f2e-753dfa50650c,train
0cd6f79a-0604-4f0b-ac07-1743e688170c,train
0d51ed30-4c00-4676-94d8-0d9cf6a5dfcf,train
0d5753db-466c-45e0-83d4-88030d0f14e3,train
0d74a3d7-9b1f-404b-af8c-062a91a7c2ac,train
0d8286ae-d882-4419-9692-126de4cbdbda,train
0d932fe2-52ef-4bd7-a363-a46891ea4617,train
0d98e2d4-3891-42db-aab2-5689e564e0cf,train
0d9b4cce-22f9-4b2d-8f10-7c62eb67c982,train
0d9e8642-4d03-46df-9389-795363d38db7,train
0de10959-4c66-496a-9c2d-26d6f1a81a82,train
0decde4a-7eba-4b18-817a-05102d622d69,train
0df19f4d-1234-47b1-9896-147950b50e1b,train
0df9ce76-af34-45ab-a925-510daccfb8b1,train
0e0441f0-0199-4351-9084-d40fe108f0be,train
0e0d9637-8bcd-45d5-a89f-9af3b67424b3,train
0e67b9a8-5626-46e3-bc0c-e3892314fd69,train
0e6cd23b-f41f-4d8e-97da-8b2d0c09517c,train
0ec333e6-caa0-43b8-ac16-99b10d202993,train
0ed041a1-c34a-4b2f-8078-6a208c062e0c,train
0edf6061-4113-4d98-a344-65b07fd33525,train
0edfd614-063d-483a-ac1b-742f81e69545,train
0ee097ee-2ed8-49a3-8024-00088b031493,train
0ef3c515-0e93-4cec-9e6d-54a66c57bc6d,train
0ef41808-2032-4c5c-b7fe-ac7f5ef32bb7,train
0f03511c-d7aa-4a94-9414-aa34127b2642,train
0f046577-d6b3-446b-a26d-8130097a5302,train
0f056654-4e71-40a2-8a1a-e2339c81eaef,train
0f2fe814-ca30-4960-8517-3ae0e05373cf,train
0f3626bd-4f1e-4a7b-a7f7-b28a739cb1d9,train
0f4c0be0-96bb-4e97-b4ef-03b877957549,train
0f52def9-4d06-47c9-ad41-469f0fa9adb8,train
0f60dffd-ae9c-453b-bc5a-61c09cf16832,train
0f68f0e0-ae33-40ba-884d-c51f2a55bc72,train
0f6a8ba3-9d4e-489f-8500-4fbef5f06ec6,train
0f77b776-1b62-4fb1-974f-6e1b04f22035,train
0f7a9c96-55c2-4dab-a015-c4a3ba4c71e6,train
0f7ccd6d-73d7-474b-a7db-f87f1c6be515,train
0f7e7c4f-8284-4fb7-8545-2a145ce2d15c,train
0f8143b8-9ca0-466c-b62e-12066a82bb11,train
0f87c404-4fa0-4277-b5f2-0693ae33d602,train
0f8d1422-c70b-4ade-bdfd-a593a48d56ea,train
0fabad21-8a40-4863-ae44-c11c5a3399ef,train
0faed744-e348-4b9d-bcee-ac662b7c3548,train
0fb2b774-aa27-40ac-b687-141b8d458cbd,train
0fb54c3f-492b-484e-bee3-ba4cd665e5eb,train
0fce89fe-9472-4b50-b4ef-f81b887e870d,train
0fd12ec4-6999-4cd2-8ee6-1832c2d7f606,train
0fd5fcb2-bbee-49af-af89-4e0d81a61b52,train
0fd7d422-b0d6-437e-ad76-ccba59d77334,train
10132436-8242-4633-b191-f9a7e1d4f381,train
102f8985-8083-49e0-b1fe-721241f184ad,train
10463043-e76d-4aca-a89d-b3c3a2895717,train
1047f918-463f-4609-8081-c92aa75db429,train
105c7243-a8cf-4461-bf97-3bc0bda872b3,train
106476b1-8cf2-4f19-8bd0-7cbd5eb73590,train
10700f8d-2641-40d7-bea1-c2104acd169c,train
1072915a-9505-411d-82b5-2aae7603093a,train
107f11a6-8dbe-4b41-ae87-ad5314a102fc,train
10805cbc-1d88-4480-b385-7fffa0eecf6f,train
10970c23-f70e-4731-bdaf-05ba7b3ea909,train
10982d6f-6455-459d-a3cd-52e3c0d65869,train
10a2a262-114a-4327-91e4-4d8690e650c2,train
10a317c8-89c2-43df-849f-c9dd7b15f4eb,train
10bd59c7-c0c3-4cef-9a2e-a12bf2b9ba58,train
10cd46dd-24b3-46d1-a19c-a8c8081ec88c,train
10d9e0d9-2041-4e5b-ac05-47587f5b430e,train
10f53e20-d914-4fda-859c-388cbae14ce5,train
10f58f16-1dbc-4138-8d16-33ab4bf9234f,train
11064717-eb4a-4b09-807b-481ca2a3a1cf,train
1127661a-0f03-4b59-9c30-acab1f15d609,train
11377787-88d1-4a5d-9bdc-85e613aa2614,train
11594c82-cf8d-4a23-805a-b59ec0a4f3cb,train
11658f87-a713-4788-b06b-6282f250bec0,train
11659c45-c27c-4114-ab1b-2a8eb7083d4a,train
11870876-ccd4-4426-bccc-7c5483c1489a,train
118f33fd-cc78-4ad0-b4fb-619009eab910,train
119622f3-2861-48ad-a88f-f0d08ca90152,train
1197bb44-72d3-470d-9ff2-4f3be69deedd,train
11980689-afbe-47d7-8eca-013245d8ce3f,train
119e0c4e-6464-4789-8d65-59bf72eefb84,train
11a2a57c-0950-4125-8793-776a14239e34,train
11b1c8e0-5f5f-4f9c-bf86-85f5eb17121b,train
11cb754e-4c78-4058-ac41-9326a2bd3fc0,train
11d0d359-ff7f-4240-acc0-5b6f0674cca6,train
11e665b4-691e-446b-ba2a-0c49f0f2405e,train
11eda34e-f8d3-4e77-8d95-36a966f7b150,train
11f41505-5d67-4098-a1f9-def9c2aec63d,train
12075810-3117-4d99-94dd-e86269b4571e,train
1207a69e-cf20-4bff-ab42-c19c4e05d8e0,train
1208cbbb-819c-461f-8c31-59a54996d5e5,train
120dde78-8839-4615-9add-64a36a479035,train
1222d796-02b1-4330-9ddc-c7ea1dd97330,train
12240efa-8a65-4ba2-8d11-5a10202d644f,train
122d1973-d7b1-4069-ba9b-0e8a50ccbad9,train
12543e28-126b-4667-9032-280563bc75e3,train
125bd87d-d657-4c5c-9fd4-4790b3f4cb7c,train
125d3f1e-c131-4111-a29b-075ae8bb67b5,train
125e07b2-311e-4a9b-975d-6bc6a1a42fcb,train
12788728-39ab-494a-b8cf-98323dfa7649,train
128945f0-c65b-4498-bf4b-422a0fb14226,train
1291e4f0-cc95-4428-9aa4-99480c2cf1f8,train
1297f2e7-73c8-4933-826a-68a1f37490c0,train
129bc05a-845b-4202-b5da-090f5c80859d,train
12c5e724-8988-4f1b-8e54-7b40cced09b9,train
12ed537d-9b2b-4abc-94eb-ac1c9f9b8cab,train
12ee754e-fc57-4ee2-9a29-cfd080a09d37,train
12fa3334-fd59-4692-af8f-2f70d6729474,train
130630d0-25d8-4b2f-ad28-b4bb942c4c83,train
13087e06-ea8f-4e24-8225-86b5c3af1b16,train
132b92a0-cf34-4a23-8092-9d2db5630db9,train
1337611a-1837-44c3-8167-3b78cbec6607,train
135ef82f-8fbd-4806-a430-e91bede88424,train
13683074-529e-4d5c-8c82-c3f7c5eb2dc4,train
136b5b33-0a78-483d-8d7e-65b60116ab32,train
136c54c3-026b-4957-9d14-d3907fb1c950,train
136fd653-3445-43f9-b266-d9c4ae6d2fff,train
13822707-0b9b-4afc-900c-4afe2f09349b,train
1385a3d2-45b9-4b7d-a854-166a558e776a,train
1395ee4a-47e1-4a70-9f1d-4c7717481a8e,train
139bea9b-40a2-4260-b03b-93bbdb003041,train
13a394e5-e910-45ac-ace3-c0caed309b18,train
13a40edd-ab66-469d-88fa-1349130da618,train
13b75df0-8107-47b0-b4b7-cae04766c6f8,train
13b7bb55-e8b6-4137-afb5-b919d82b96d0,train
13b9cb78-cdd6-43c4-b0de-d909bc41d9b7,train
13c43d2c-3ecc-4b91-8e4f-bdbe154ab4eb,train
13da4c5a-68d4-4b20-b9a7-a98b5c0bf393,train
13db33e1-c526-4338-9c65-85f50a2daff2,train
13ec7b37-4677-49c7-8e4f-6a215dd0e466,train
13fe35d4-a1f5-4816-8eb2-ca41ef98840b,train
140ca96d-6467-40d6-87da-5dddda48520e,train
140df93e-c59d-4a3a-9dca-658d3e5a4aa6,train
1417c790-4360-4414-b360-dd70cc3ce6eb,train
142b81b8-40c6-4b5e-8045-10aa63187ea5,train
1430d605-43ae-4475-ad09-b484e980ca11,train
1460deb6-d81e-4c65-a41b-579ac04fb74d,train
146682ae-6aa8-409c-a136-d57d550b1f71,train
14699e46-9c40-4fa6-9762-6096bdaf906e,train
146ae262-8698-4fb2-a59e-5908184cca33,train
1483bb04-428e-4825-a503-10e4c043e20c,train
14856a99-a928-4d55-8e8e-b6e6669260a9,train
148a3e2f-8d96-48c5-834e-677534390933,train
149e782e-4e24-41ed-b88d-9a768db170fa,train
14ad54f8-208d-463a-a213-a86331d7757b,train
14bd14b0-6ec2-4e72-9366-3bcf750e5455,train
14c6750d-2a6f-4841-b0f7-c6efd2a79994,train
14c6cdbd-19c1-4d73-9cba-d73368a37345,train
14d1ce94-936a-46c4-8c17-bbae1c744805,train
14df46a3-4b67-46dc-8fcc-287322e4ff2c,train
14f14f66-8f13-4a5f-9f46-814099e39fbb,train
14fea1b5-54fe-41eb-9617-3ff4e2ae8f29,train
15016d21-47d6-4e85-b9c7-f644059fe812,train
150e7729-e3b0-4615-a971-cc9db373b064,train
1514a171-ef47-42b6-8a3c-8425cb8c6366,train
153978a0-ef68-4174-8c23-07033099ae98,train
153b2461-b0ed-4195-b600-2fc5dbfeaccd,train
154e3c9f-3096-4161-8d92-f3ccbd45c582,train
15547aff-17d4-47b2-97f0-2983a633889c,train
1573c5fc-57df-4de1-97df-7185e9927738,train
159cdccb-24e2-4711-b3b3-203a424a5e2a,train
15b02b5c-d2be-4a83-ab8c-c62f4ccc7d69,train
15b5eb4e-f984-4af8-91f1-8e9a0632413e,train
15b69a40-088e-4c4a-ab2f-f2d582677460,train
15c6ddc7-529b-401b-b596-e2d30c1ab581,train
15c99e8c-b0b6-475d-b311-d2805d10dce0,train
15ca9bcf-8984-47eb-9f25-90c4163a82a1,train
15edb98b-c380-4cf1-83cd-45e1844752ac,train
15f090b7-38eb-4987-8c78-c6983fce27c0,train
16059c3a-3ad4-4567-b1aa-62efd02c0096,train
16114659-8855-497a-87b7-85243c9b9123,train
161ffd8a-0468-4ea1-8220-bbaf70741a14,train
16227ed7-cb67-4756-90ca-31bcac608333,train
1629d078-50a4-433b-800f-28712854ab22,train
162f41bc-c847-42f3-adc3-2246aa2a89a2,train
163efc06-014a-4107-9c5f-c9f44bb4239b,train
16664288-f5aa-410f-8a0e-6d3b2134d163,train
166bb251-2782-4733-8fd3-c3c28f5f31ff,train
167973cf-2404-4081-8512-edded9017abc,train
16839f11-5cdb-4179-b3d9-755cc8f5cf98,train
16ba99df-20b4-45cf-939f-85a772b5e200,train
16c8e65c-392a-4a45-acdf-00a4448157ae,train
16d4c23f-d53b-42c8-9e15-655a8b475467,train
16d77cc6-8f59-49a8-a1b4-79b54b8e9ccb,train
16ea5987-3701-4e8e-984d-5d28ccdcd8e6,train
16f21aa9-dd18-4f89-9187-c4357c23752d,train
172ea238-770d-461a-940f-61d402a75db8,train
174f25a2-20a8-4e5e-9132-cbb6ba14baf1,train
1751e836-15fd-4505-a218-21c564ad21fc,train
1757165f-82ca-4ddc-9b00-f1c78787cea9,train
176a7069-fe13-4d01-a01f-0aabd178292b,train
177199a0-6e6f-4711-9148-f88a49c14932,train
17874bc8-0241-4d89-8f07-445855a8e47c,train
179b6700-972a-4880-9f0d-e12be2069c46,train
17a1af9f-a285-44e2-b913-2e9dbce38491,train
17b1d9fe-4a61-45f5-a2f5-d09a50a4dc69,train
17b3e177-c660-49d6-bd85-4b8f54e51e3a,train
17d8e6f3-e295-4157-844d-4021bd3172b3,train
18078e98-6ddd-430d-856f-e8693f21e51e,train
1820227e-b1f5-4823-9ac7-63d6aa98249b,train
18273905-f125-4372-8279-9ee8154f7a54,train
1854efe5-b895-46cd-a49b-9e0bf6642362,train
185de0b8-c54a-4217-8dce-fafd83a940b8,train
186e7ccd-545b-4942-8a8e-7e5c722ea989,train
1872de80-ebcd-422e-92c4-1ecc0f6122a8,train
1875db1d-28f8-4c1e-aad7-822d28ccb241,train
1887445d-4621-48a2-8599-c567a086fe1e,train
1896c5a6-bf60-44c3-9ead-f55b71ccb49d,train
1898d9ef-a6de-4512-a12d-93582448ca4b,train
18c82e6c-75a3-4d05-baca-8e48cd711bd4,train
18cd2ea0-a603-4264-bec9-96a4dbf36da9,train
18d208d2-d03d-4a04-839b-8ceceb392aad,train
18d58bb4-f617-41af-9db5-6298e502d784,train
18d70011-3e42-431f-9ecc-b4d48c48e682,train
18dc8995-34fd-43c8-a458-be896db0303b,train
18e4b55e-917a-4083-b030-7f57141c2e6b,train
18e4d8ad-73df-4dec-a036-1a88397529c2,train
19268c2f-1036-419c-8018-563e1d15af04,train
192abc66-a763-4d03-a956-abebf35f4be6,train
19494f29-f0fe-48a6-aa59-0754434f508a,train
1949ec6c-9a00-4786-b25e-cba665b92484,train
194c1e39-9598-4af7-9824-30ed4bb336fe,train
194c88d5-95b7-4c46-acbd-447f14e61b47,train
197763d9-eef0-4e34-a34c-080fd97673e5,train
197de472-8cf7-4a28-ba6e-27188c102a83,train
198b0fba-c958-4df4-b61d-e4379c762fcf,train
1997d598-64ea-46c7-9dd9-55a28153e0b3,train
19af7958-8494-4f49-826f-8be6cdfaeaa9,train
19b230f3-1d29-499a-8bc5-772eaa76aeed,train
19b33d12-31d5-4d23-aab8-5e91b14e73b4,train
19d290b2-e14d-4a74-9612-c02309c91a8e,train
19dac95b-e069-438b-a6d7-832db487871e,train
19dddc96-403c-4588-8773-ec2d44060048,train
19ed44f4-d171-43bf-bf3e-deb2719bc550,train
19fdd0b3-61c7-451b-b738-e1a7528b0871,train
1a0eb5cb-99c2-4290-aaa9-a746f669d706,train
1a340eb1-d8a1-46f8-aac1-c50ff7f6793a,train
1a6b3e93-2e7f-46cd-a973-a4d2dab3a449,train
1a81e521-77ad-48a1-b845-62c0c7be9428,train
1a9a6d83-f0e5-44ef-955b-f94e3f28e2e6,train
1aa36284-64d3-48f3-b217-fd5f2264a3f0,train
1aa637b5-8977-4ecc-83ac-b2c831c1a159,train
1ab008bf-a440-4319-b0c5-b0f4af5a61b7,train
1abca9ba-feb5-4f09-b49e-83f9a8213bc3,train
1abec1e5-7e8c-4ef2-a1ec-67e94007638c,train
1ac07778-a372-4629-940a-c6efa70e6390,train
1ac6ce0d-b49a-48f5-bbcc-0aaf442304ac,train
1adef8d0-f76b-47d4-8243-527a5de3f049,train
1ae55497-d35c-4aac-a0bc-5a61054c295f,train
1af451fd-54a4-4260-b9f1-c52b731ea8ba,train
1af959fd-f817-4f3f-a5d6-717c8a4fe6a1,train
1b0b1f74-9e61-43ea-b4db-68b1c66c6518,train
1b14278d-636c-4f42-838a-d9f918e50690,train
1b1f2c50-39a0-4e3d-845a-c20ad75d7454,train
1b202a74-75e0-4e29-a616-e595679affe3,train
1b33e7bb-e6b9-4b15-bf77-14217dd67fe0,train
1b3b619b-d808-4880-a958-0255f103eff4,train
1b4f3aea-ca01-4722-818b-e350c30830c7,train
1b525cad-a53c-4a79-9ba5-09dba9259160,train
1b5e9b68-a2a8-4acf-ac17-c78b9fe51ea4,train
1b68def0-c711-4253-b491-4ee1b813a3c6,train
1b748790-d3b4-4d2f-9ff2-c3f6ce63d504,train
1b801be3-fab4-4b2b-b168-fae5fc3b583c,train
1b9152d0-de14-420e-8624-c16d6a365854,train
1b9498a9-98d8-457e-8aec-639ee1dae9b9,train
1bdbfe51-5237-45cc-95c4-ae68dcd645c2,train
1c04b2d6-3cf9-4260-8463-9bb18ab59c5a,train
1c1126e1-9b61-49bd-b65b-8f58bd8cc710,train
1c15b1ae-8bdf-4d44-9873-37146f3f7b93,train
1c1dc6c1-6dba-44c5-a729-87fade7998b7,train
1c336c8c-29b1-44fd-898a-bdbca917a76c,train
1c70d672-5169-4aff-a762-a115253412c3,train
1c73016d-0595-40b8-91ff-a37934c674e8,train
1c81b2af-d5f8-4887-8b44-4de7fce4f40a,train
1c8609e7-db22-4616-b4b6-1f970ad9f334,train
1c8a52b6-be41-4628-8d16-7155cf7ad3a1,train
1c8d35f4-22e1-406a-b881-1716b016105f,train
1c907ec9-9d0b-4b3f-a1bf-023ac1499032,train
1c99c30e-176c-4959-9dbf-fb8b9fc4f188,train
1ca1dc8d-ae22-4732-ad63-affa93c62314,train
1cc15503-622e-479e-8413-f1353be69fd2,train
1cc7dec0-0e9c-4ee9-b56c-5ce0ad321b8e,train
1ccb18b3-a64b-4161-ae0a-63063747d259,train
1cceb3e9-e5a5-4fcf-84b1-92761f435efb,train
1cda602f-78d7-4ed7-84f9-391797b3786f,train
1cde90e0-3d4e-4a4d-90cc-aa80d976c66f,train
1ce147fd-d18d-41d6-86b6-22794812e95b,train
1ce7e2a2-724a-40f9-8054-2c6edb4f55b6,train
1d022bee-cd3a-497d-afe4-87814951257b,train
1d1562d6-3519-444d-9b1d-aa02dc1a4332,train
1d3e565e-9e7e-415c-ae43-b4d1ffc270aa,train
1d4699ef-ea86-4924-8e40-ff1f43df62b0,train
1d537ea7-6468-4aba-8a60-008d2f185389,train
1d5d0d5c-6ea9-4c11-80ff-df80351cf687,train
1d710f4c-3a09-40f8-9d12-64e965060aaa,train
1d754336-b947-434b-ad25-f4e9ec93e8c2,train
1d7c3fff-5ac4-4645-919b-70962f5b1f10,train
1d9726b4-5940-4729-a230-e400051025fd,train
1d98002c-4600-415a-9a9e-d28b1b0af9e5,train
1d9f9d14-06dc-4e93-91ad-05f4002435c0,train
1dabf023-924a-4a76-9554-61f5bf450812,train
1db2453c-420d-41f2-a4a2-f3d4c797fb26,train
1dbcf4ef-b782-4f47-9b52-b90cd7ced79c,train
1dbf28f3-5009-424a-b79e-a74966311c4e,train
1dd3b490-9714-4aa9-999e-8fc093520f3f,train
1dd94ded-9717-4e1c-997d-49b5d45e95f6,train
1de1b6ef-4f8c-45b7-9d75-ea292fd3d75b,train
1de3c01c-1234-4e81-9982-d2550e643229,train
1de7f457-902b-4fc7-acb3-14b1a87144c3,train
1de9bd4d-9593-46d6-85be-6ab165c27e0c,train
1debce67-0336-4479-897b-8a962735d498,train
1df0c3fb-eb6d-4ead-a007-81aaf284a987,train
1df1c4d9-889b-446c-99e5-c5a03ce6e402,train
1e0338b1-3f6c-4ebb-a454-196e3f3b8a6c,train
1e4a3d35-9069-42a4-be6e-81f2259f26eb,train
1e55978b-309c-4b0c-b816-49c5b33f8e32,train
1e72a8f0-bcb2-4b7f-9e12-ae1d6dce40b6,train
1e78c0db-8386-4cb4-b8a4-b89d838e29e1,train
1e7cb565-59e9-4d80-85ca-d3fcf574ffb6,train
1e8239d7-71c9-4417-b626-ae1d50e225fc,train
1e92df7a-e87e-4c28-87f0-f0714363b87c,train
1e9835bf-40ce-4fe0-9595-a7cc945e0fdf,train
1e9fa82e-0e57-4509-b02b-a5d7d3181870,train
1eae6cfc-2859-4e3d-9e0b-a8a2d90605ad,train
1eb23b21-8537-4441-9557-222b49adb38b,train
1ebf7214-e7bb-4ec0-b9f2-7840d8336b6e,train
1ed15431-4d30-43f4-b475-568f1b130ec5,train
1ed84164-d962-4b27-a55d-07dfee1486a0,train
1ef798d8-7763-4800-a6ee-b7393b46c8ee,train
1efbf78f-e63a-4f6e-9688-a339c64907d7,train
1f093bc1-34a4-464f-978e-3d3484a166de,train
1f10b6d7-0819-4563-9686-4e17ee02ca89,train
1f11bd78-8a8d-4c52-9dc3-9374d9eb4df6,train
1f284bc7-0860-44ba-aadc-b795c54ad76e,train
1f312302-ad6a-4e70-b94f-b79e9467dbee,train
1f356b9f-ca80-472d-b8c5-fc21fd973857,train
1f3ba809-7b97-4e27-b204-82e645621c85,train
1f54a1b8-8fb6-4998-9d0e-666d742c2c4b,train
1f717aaf-d6e6-4007-bc87-49f705284c0c,train
1f74fc6b-6394-4bb1-b887-2e0b9046dd6f,train
1f7fa68f-91d1-4e46-b14b-4f36c5882f40,train
1f851528-cbd9-4cb5-bfb9-aaaffa104c84,train
1f8ac405-e787-46ed-aef5-de2c0767325d,train
1f8d81ba-4cab-4efb-974d-14fb47137a29,train
1f8f7999-5bb9-4887-aadb-e8cef83db761,train
1fa02a1c-1905-4ba3-9a11-54a310a2d092,train
1fbafa43-0505-4f41-935b-3f8acfe95daf,train
1fbffed5-e6d4-43bb-bc46-239825281016,train
1fc6214d-aeca-45fa-bd67-2fde702da638,train
1fc62ef8-0bc9-42c1-a7d9-8e52cdbe2267,train
1fe26a11-9bca-4664-b8ab-dd13afce4792,train
1fe46b4d-c63a-486c-98ad-bd6925b1df2d,train
1fec6764-94f8-42bc-af8f-b9525a492a1c,train
1fefb91d-83e5-4340-a0bd-8f2f76e1eef9,train
1ff2e731-a78b-43e9-84e7-31fb110a75bd,train
2005470f-8338-49c1-a3a1-e54c58e7650f,train
2011491d-b262-46c8-b2a0-c0b3b1b3d4da,train
2011f768-1b7b-4066-b949-fb34299648e2,train
203bf980-e192-4485-9beb-f1d975fd982a,train
2042bd86-e010-4cb9-999e-7b1590859124,train
2055e5d0-1451-468f-ae1b-533c44610d1a,train
205698fe-fbf4-4752-82bc-c3dfe5fd4daf,train
2061dc9b-f9a1-451e-8b38-30e53c36f818,train
206505f9-029e-4367-8762-d355fe7f4c4c,train
20704628-85c0-4d97-9e52-891d4215f830,train
2072ad56-e8f5-4125-ae9f-975b6f9f5bf2,train
20780f05-331f-482b-9351-f54048a6cda6,train
20788e8b-118b-424f-96cb-24f5b29de9ab,train
20854f01-9898-4b22-a75c-fdcec33ed83a,train
2097f170-0d60-4605-a9d3-00a08acc0c39,train
20a123bf-067e-4751-a798-eb280fa9f549,train
20a83bcb-911c-4e98-9018-9fb4e72991b7,train
20b5dcbe-9f8f-4c3a-9626-ce971880c34c,train
20c0f9a4-715a-42ce-969a-cc7651643c91,train
20ca2612-fcb8-4373-b440-d15c55d68e48,train
20d75c6e-b350-4afa-940f-f5e6990e8c5c,train
20dcd72a-ccce-4ad5-a1f4-85753bffd502,train
20e238dc-69ef-43b6-9b1d-3744a76866f2,train
20f20012-bf22-4192-bcf9-6297a68a24ad,train
20f59102-f503-4a2e-be02-fa3a23148b57,train
210007b4-69be-4bed-9707-88a340fad262,train
2108dcc5-0d1f-482d-9838-9c0537ff2a86,train
211ed843-5531-408b-b4a9-9c82b4f39eb8,train
211f3930-c2f2-4116-a701-629afcf0c5b8,train
212397ce-8fcc-4d2e-b289-4f8e536d45bf,train
213174cb-84f0-46da-8557-21cf858a25ca,train
2137e4f5-af23-459b-a763-0f5df6be32cc,train
213ac732-9b26-4a67-9167-a2007695a948,train
21513beb-b90a-4ff7-aa93-ea416e41d89f,train
2154e285-2f1b-4c7f-8e0c-8f5d3044d1ff,train
2159f4ec-5154-4a7d-8c80-2325ab4b1368,train
215fa0cb-bc88-479a-8caa-4fcfaaf144ba,train
216cd1e8-7e1f-4b87-aa4e-aaa2cceebe17,train
21710573-d700-4a7c-a2d5-0bb35f492e82,train
217f3871-c6d0-49dc-8a2c-b22311bf63fc,train
217ff243-240c-4c16-b95b-9df8c079ffa5,train
219c364d-0616-45e1-b266-644c1bcacc34,train
21a421dd-024a-4d75-8abd-5ecd1aad1a81,train
21b30d24-5b64-4178-9dc1-281a37f9e6eb,train
21ec0a10-562c-43eb-9090-ffe9fa87bac5,train
21f4fbf3-6155-42eb-a53a-fc8404265915,train
21f63ef5-1717-409c-87e4-0b7d746cfbc8,train
21fe4a2e-ccad-43af-bd88-4dfd346dfb2a,train
22139bd0-e4a4-4906-8ad0-24b7f7df3546,train
223da99a-0b9d-42ee-850d-21e9f12d1509,train
2246ab44-0920-467a-b057-c8ac96b3a3db,train
225c40cf-c0ad-489a-a074-e8332b2b75fd,train
225ffa7c-d52f-46d7-8a44-f90dbaebd0ed,train
226a3466-0fba-435a-a415-7a77b4ffd764,train
228cc4b9-9109-4016-81fb-7d8112fe3c1e,train
229203dc-8f0d-4b6c-969e-3f5f6df439fe,train
2296b280-b40e-4189-bca3-4e672323583d,train
229e420f-8bd1-4f61-8dd7-49f5ba4a4ba5,train
22aa4893-621b-4b1e-b80d-5c081f9b0fc4,train
22b08f5a-5205-4f7b-a8d2-29aa8baff640,train
22b88033-318e-410c-88e3-25f40d58c92b,train
22d01550-2362-4cd1-a7d2-d769e1609c5b,train
22d66c8a-4a9a-424a-9ef7-7cb6bde22ed8,train
22d8d72a-4eda-4341-b157-cf0810304228,train
22ee14a5-0811-4e6e-b584-e85baddc623f,train
2310acdf-d415-40f7-999a-676efd5bf87d,train
23113058-bcc2-49c6-9fa4-f9698f86b7a2,train
23163aeb-24f8-4338-82c8-d7731be6747a,train
231a4358-f304-4fd6-851c-7011dbe4f94a,train
23272f2a-49f9-4fd9-ab11-f1d383617da4,train
233dc7c2-2a09-4117-8a85-8e17e28cd0b2,train
233e026e-410e-428f-a615-93197412fe1b,train
23466878-3835-40f7-8855-48d0f3d0c89c,train
234a02cd-2b00-40e3-903e-19c54938d11f,train
2351d9ce-09d1-449d-8730-d34cc55d361d,train
235b56e3-7eb9-4406-b715-cd6757cd8f71,train
23614f9b-e6b7-444f-9f50-9c9d391b9c71,train
23738f2f-d629-48e5-bc88-8ff25eb36b1f,train
238f32f6-20fe-4af4-8f45-22dd821a1272,train
23a1dee6-d27d-4b41-b188-d9831b14d4d3,train
23a63622-d78d-444c-898a-a700018a58ba,train
23ab5586-5aa5-4d58-a6f4-23ec71a0edad,train
23b517b0-618a-41ca-9864-41e26eaf50b9,train
23d66fd1-13f0-4738-b87c-a2ecb3d0e415,train
23d832eb-f841-4362-9ad7-405c1037543a,train
23dd4833-0674-42c1-93d0-6ddd1c9fb91b,train
23f0b4a4-a24a-49f3-a159-8c1450db98fc,train
23f199e0-d0e5-497c-99b7-d4d415c2562e,train
24012a3e-fcbe-4804-b86b-75d0958d769f,train
241c7643-61a8-4c03-bf75-f16ed45106c6,train
241fc872-8064-448d-acff-ea685608c430,train
2421a2c1-0a5f-4492-aed2-673cacfb9b10,train
24264a80-43a3-429b-afba-9f7aef0df8d2,train
24275501-a409-465b-8d95-5645d1336a83,train
24324d65-fdc2-4295-9be7-fe82df09b181,train
24589c9b-9d0c-4e31-a97b-252c89c5a184,train
2466a780-5bd7-4166-afba-824787a2928e,train
2474b5de-bbd4-4916-bee4-974c9b582215,train
2474e3a2-6a40-4fc1-8e5d-27f30e625305,train
2478abb1-7c71-4151-97db-d28c7dc79e7e,train
2481a371-6b0d-427f-8943-bf2ea4846165,train
24868867-580b-4adc-a07c-b2112a6a1daf,train
248b0f44-7e0b-41bb-a0b5-aaa4dd77a4fa,train
2493b9f0-46d1-4fa5-9bed-21a74929fdb7,train
2499dc2a-5c20-4bdc-8b8d-0df4062b0e98,train
24bb687d-ac16-478d-9120-29ef01386ba9,train
24c2aa0a-bf45-4bbf-bd51-4d80568f0b0a,train
24c6fc7d-6294-4738-a730-38d9abcd7ff7,train
24d597e2-e795-4e57-95b9-a4edfa017e03,train
24d63911-7f0e-46b9-8322-ccf8283b12a8,train
24d70bad-df07-4442-abd5-18832cf0bb98,train
24d74df0-05f9-4bc8-a3db-7397e2c1d538,train
24ef0701-9699-4216-85b6-3213991e5555,train
250f7f9d-97dc-4270-b9a2-1ab1d61eaee9,train
251739b8-788f-4a79-b02c-04709b678aec,train
25280d91-3745-4094-a98e-7e3a84ba0f78,train
252c4542-48df-4946-b543-32ae18f47f15,train
254a9d36-e9ff-46df-a3f4-e65a4816ab0e,train
254f44b7-9269-459c-87a5-4c1cd41ca8fd,train
257dc106-7d06-44f5-8c79-c6a76fdc1e56,train
257f58b8-d411-4bd8-88ae-5b14211b3744,train
259f9395-a1f3-43a5-85e9-675a856a1f37,train
25a53c4c-e362-4da3-ae54-c2210dff2bb4,train
25aa2112-e47a-4312-b56a-c613e6e8f823,train
25b6babd-bd71-4034-802d-88143dd168f3,train
25ba411a-1d50-49bd-9032-275b4af7236c,train
25e4b0af-901d-4540-beb3-f71dd0e51522,train
25ecd66b-bf27-4540-bfc8-0642c8b2801e,train
2623c063-5014-42c9-aea1-f78646c7095d,train
26474ac3-6962-42fb-a595-3b7b242913de,train
26507058-a1b6-4d10-8a62-c5bd24e47d82,train
2658e5cc-1c83-4e29-a086-d5a03bdb0aac,train
267650c8-632d-4767-a1dd-5e1d719250e7,train
2682008b-0ad0-4463-9bc0-6a1af48bc9a7,train
268f931b-0a76-4962-9b59-7377f06069ad,train
26ae196f-54f7-4451-af9a-dcac341f45a0,train
26c64119-d6d0-4daa-a4ee-97e05f9b4903,train
26e24062-d8cf-4816-83b0-bc45dfe64588,train
26e2bcc6-8a67-466f-b887-3eb3aa500d71,train
26ebc254-1ab4-4257-bbde-79c47511c4ea,train
26ef4c97-8e19-40ee-9fbe-3141bc929977,train
26f800ba-a007-4a7a-81b5-3f8d10f6d145,train
27132234-84a4-4360-9faa-231d84679037,train
2713ad83-67b6-4d52-9e07-8a7b0f2075fd,train
271897ca-dd9e-4a13-b76f-d4e638b9bb74,train
272a6113-eef4-41c5-95dc-7485f26661a7,train
27378e92-fb4b-42fd-aa35-bca4479c6e0f,train
27518678-2909-4323-87d9-f7807ff17da5,train
275a68e3-65c2-4a4f-a1a9-4a825ff9f750,train
275ce9ef-5c43-4cbc-ba8a-f917998f92ab,train
2760b621-e566-4fc7-b255-bd9f5fb8904e,train
2769d851-4433-472f-beec-0ec2124033f9,train
276ccd2a-ac94-46ea-975f-d0d1e82be6ee,train
27738eb7-4c74-4995-b553-3865c862f428,train
27856764-7d28-4cbe-b092-f9d89ecc4012,train
27a8aded-9157-4efd-8b9a-3b801b4fe07e,train
27b6d3b4-ef01-4553-859a-51040c1666e3,train
27ca4dc2-9522-44f6-a7c1-bed47f0d789b,train
27d2ba97-72ed-4f2c-9214-f61ad077676a,train
27e17c54-b310-4325-a32a-e5b14f239b13,train
280d126c-630d-495e-b790-1c992dacdc69,train
282b07bf-4dac-47f8-963e-fa651b06cbdc,train
282c707e-2011-487d-ad66-780b4cee801b,train
282f0fef-1c99-4211-b5dd-fb7046b48a27,train
282f9b9d-8a88-480b-803d-a21ba8590552,train
2837f103-636e-4eb1-9d24-67200bf99089,train
2847ce01-c226-43e8-9e92-c63807bd21c5,train
286046b9-4553-4f55-a49a-ef662f10782c,train
286579fd-998b-45fa-bd8a-69d5595ab2bf,train
286c95d4-82dd-41c8-b838-8c274288817f,train
286f53ed-411b-449c-995a-fb1c113ebefb,train
28718e7f-56ef-4fbd-ba0b-2edd4b7f5c02,train
2875572a-8611-468e-8a47-ca236295b0fb,train
28872c7e-a605-4c69-9f43-4e9ba09b0f44,train
28ab7589-2cc2-40e3-8576-8ab8dc087d81,train
28b3eacd-e3ed-4f88-9e62-1a6a4ae70c7d,train
28c03b53-3279-4008-bc2d-46669db3b6af,train
28c90106-26cb-40cb-a0bf-776245ad10d6,train
28cc8a30-10df-4e47-bae6-efcdeb153892,train
28d3cc23-1da6-4a50-8bb0-744e7d0c4c08,train
28f16bb7-d977-4885-9cc6-56971d7acc00,train
28f8ee9a-8bb5-495e-9b97-214b42b568ea,train
29111dbf-95f5-4dd9-bfeb-45aceb810aef,train
295c6a84-3c7e-47de-9b4a-3885b949fc8a,train
29617afa-fce3-4286-b948-5e71996b11a6,train
296c78ba-664b-471e-8a11-4900e24260e2,train
29799edc-7f21-499f-be6b-9403c7cb0b9a,train
2985e762-3ecf-42f3-8e0d-f0f17dfbc411,train
29ab4e12-83ca-4365-8d10-edd3abe6a11d,train
29b51b5e-7fc8-490c-aa35-c2b232e58df0,train
29cd7751-49f0-430f-bb82-841d6ba0d628,train
29e01740-b83f-4d65-a822-ac99b26fcfe3,train
29ef7aa1-f519-4c8b-bed2-f8c715270723,train
2a080490-b10b-4cb3-b43b-f02596acca0d,train
2a2cb6ec-b831-4bde-8928-73477cac3005,train
2a31a4c5-3fb9-47a3-8588-fdead40bfea3,train
2a4f972f-f444-4688-8160-c80b65ae8981,train
2a670377-19b3-4c23-b2be-a50bee5a0222,train
2a767499-f6ba-46ef-931a-c1cc275605a3,train
2a77436f-eac1-4e12-8134-b39e3d50100c,train
2a794baa-ea41-41c8-8605-934a010fa256,train
2aa58a5f-42e3-40d1-9d92-97aa71edcb73,train
2ab72f8f-f892-434d-b9f7-115612930511,train
2abb7f4b-e30e-496c-af55-4ba4f8aa8342,train
2ac27fe0-aa49-4825-b9bd-9974dea37e05,train
2ad0b55d-f606-47e0-9ce7-216c0caa3fd1,train
2b0504f0-ced6-4e47-99b6-4d8418915e88,train
2b067e1e-514d-4dc6-b4d7-420114cc4523,train
2b11f9b3-948f-418c-9a4e-cddcc5394a67,train
2b14ac51-959d-4aa5-ac92-a596158d8312,train
2b21b6a7-13d0-4779-88ab-133253286097,train
2b2ae8ed-253d-4f9a-b65d-d01ba43c767e,train
2b514a03-4827-4d96-aa21-afb3b98bd658,train
2b55588a-55b2-408c-8478-fba2a9656b76,train
2b56d07c-7c04-4e98-bb05-0cbbb370401c,train
2b585fb5-9986-4b51-a427-d13445be5779,train
2b6d6234-dc90-40b4-aa23-ed2de4ab5148,train
2b6e6887-3540-497a-86c7-570add8dd925,train
2b9bb341-b560-48cc-842e-739450e6fe3d,train
2bb086be-c77b-4d85-9360-c82c5525e8c9,train
2bd04a36-efbc-4bb1-995f-dc70817f83e3,train
2bd79588-7b53-4fb6-aa2c-d8691899468f,train
2be1042c-6fad-41a3-ad75-cb78b8e1e052,train
2be558ed-da04-408f-94fe-8247cbab3dda,train
2be577ce-658a-45c1-b183-92ff4427550d,train
2be86c9b-0429-457c-948e-199c6aed803b,train
2bee7663-4ffc-4cee-bc86-847aa2e770f7,train
2bfc2b9a-a2d7-4690-a8c8-f0e07732c343,train
2c0bb601-0af0-45c5-ba64-1bd3575be6da,train
2c0da2d4-9589-4f08-8ae3-284e478acd36,train
2c385445-f39c-49df-b41a-11ad8f658c52,train
2c44381e-0b96-4f7a-b76f-aefb01820b7e,train
2c5a6a28-e953-420d-bc02-ed2e780e6efe,train
2c5ab6e7-5b9e-4623-bcd6-06b5a7406434,train
2c5fc71d-bc68-4eb3-9ef9-ae152caf7545,train
2c6842a9-8b57-474b-8e29-6a8ab2bfce50,train
2c749ede-211b-4e10-abfa-9feb29931a27,train
2caa4dd0-7ba3-4fce-ae73-506a79a9b290,train
2cadaf2c-72c3-4246-b5f6-74b36baf3751,train
2cae6e5f-c0ec-4a0a-bdb5-7acb9a211b3e,train
2caf6fd4-5383-4a7f-bc47-9dfcaab47df1,train
2cc360e2-a015-4495-b1c9-129481ebd8a3,train
2cc50819-84a5-44e1-b17e-42eff92292ac,train
2ccb4920-c91b-46a5-ba90-9806f1916e5c,train
2cd23923-41b5-4b6a-b9d0-c84e97c0d578,train
2cde0087-2541-4350-be71-9e6c403f7dc0,train
2cf93238-d207-44b8-b40e-aedfa3727c43,train
2d19fa6e-403a-43c5-a10c-dbd450302c3f,train
2d1c229d-9d54-4fab-94b0-2967af9586d0,train
2d267ce7-d789-4404-b254-a8670edd4857,train
2d279a3c-9b95-430f-a632-4ea2a7c52114,train
2d2b325c-7f8c-40f2-bcc2-651ff003496a,train
2d2de2e5-4f48-429d-97d7-55ff4b8e7477,train
2d3b626d-0f26-45b7-bbf8-4d316ad74718,train
2d4b4b3d-5eb3-4e8b-a957-c12e8c05cd4a,train
2d5039b4-88ad-4aea-b1f0-193a1b2c45bd,train
2d58ee38-f515-42e8-864e-9b5723094d7f,train
2d6aea96-8cb8-4a22-af3d-81ea8a29f1f0,train
2d6bf7af-9dfe-4c70-837c-7544baf6e59f,train
2d6c0665-a391-4463-ac5c-2794296d3e51,train
2d6ce9a5-386d-4a0b-8a0f-9327bb304930,train
2d72f946-7677-47f7-b9c8-392022de3409,train
2db695ca-55e2-421d-9be0-3c85c10b7de4,train
2dbc964d-7b5a-468e-a16e-4b70cd8ae386,train
2dc35d53-e8f1-463e-aa0d-c2108306dca4,train
2de991f3-168d-4f67-8b56-3dd458bdb563,train
2df08464-ee01-4c1a-921c-a3520efd17f4,train
2df598ce-0dee-4047-924e-f2572474a990,train
2e211581-d0ed-47b7-8e11-5b13fcb6a984,train
2e2c267d-0121-40a0-9d20-ff6aa8d4a914,train
2e4077b4-8402-451e-8caf-0892da2586f8,train
2e4422d0-eb8c-4304-83ab-fe483e7032be,train
2e60f66d-c1a2-4d83-b0d1-e2398fcd9447,train
2e897e1e-ab28-41d2-9d67-c4a5ed7b746a,train
2e90a18d-de1c-4f19-b4ca-ff6817dabf84,train
2e93d9cb-019d-42c5-8b4c-3f5682ba4e08,train
2e996dc2-1be9-416f-9a6c-2e9e0e8e03f3,train
2e9a3ead-4185-4091-be1f-1cdb27dc167d,train
2ea35e01-7440-4aeb-8c76-ad3825586d85,train
2ec155bb-77aa-4909-ae7c-983dc9b7220c,train
2ed2e4ac-c870-4824-8c46-5696226a3977,train
2ed48369-64ec-4152-afc4-1fe510e68a5a,train
2efe54d4-feb0-43a7-9d5b-1ae1a3bfd16b,train
2f048f9a-ee05-4b78-9d06-99e4183f675f,train
2f0e0c71-74be-4f0d-a23f-a8a97bf7e2b8,train
2f1e37c0-dee8-4e48-8c6d-ce2c0e531bbd,train
2f31c7f6-c627-49a0-a842-76134864e9c9,train
2f3d98a5-2e64-4bfa-8986-c4f32592c9e3,train
2f4696e8-07a5-494a-818e-f0be203c2735,train
2f58359a-2398-4725-88c1-806021975483,train
2f61cf93-f304-45e8-8aeb-ac8569aa2c20,train
2f6c6c68-86d3-4aea-95ba-e2e5f2d2b195,train
2f75e149-191b-497d-acaa-c781ec3b7130,train
2f8b793c-8cc7-4882-baf3-cc0b2849d200,train
2f8e0913-c51e-47a9-80b2-8a7997b403a1,train
2f92c3e2-d863-4846-8801-dc8f5795925f,train
2f938d23-02d9-4708-a966-e9e3a85a2d2d,train
2fb46296-1009-49b7-bfcb-3f18d1015545,train
2fb86f81-37e4-43d8-8e3a-1d5d8b67c43d,train
2fc954c3-043f-4d51-a059-3d05dabf70b5,train
2fd01743-83b5-4675-9a7f-991a9d8a8e05,train
2fe90ef0-6c2b-4a91-a245-148a17459438,train
3007dfc1-838e-47da-b860-d17d083c7af4,train
3009b887-b08f-44ce-89fe-31daf787ea08,train
300df5d4-50ad-4721-94b3-1a313618601d,train
3017f292-1e3d-4295-a12d-e650c5df0492,train
301bce76-fe13-4fbc-85ab-90b00929aa30,train
3027c1ab-cf94-4007-86e1-afa009c447d7,train
3031c287-0761-4a61-8d40-4e2fa1c7bd4a,train
3032c9b0-4d90-496c-b14b-017d7fca98bb,train
30354697-3142-4365-8469-7a6f3a6490c7,train
30474133-7aab-49f1-86ca-a04e0bb76d2c,train
30488c5c-6c6b-4280-a058-d12e1dbaa5ac,train
3056078e-cd94-44e3-ba21-0bd66646c6a3,train
305ae073-dd4e-4664-86e2-054acd778016,train
30710220-759a-4315-869c-fbbbaf769d32,train
307f1af9-769f-4548-b031-e13703264119,train
308d5125-77cf-4eb2-a01d-ad8add00409e,train
308f9d9b-3467-415f-91a8-a6f95c1993d8,train
3098a4fe-19ed-4b0e-aca4-a6277d8cb4d2,train
309cca42-311e-4583-ad77-999ef150fe9d,train
309d44f5-8929-4df1-af73-ccec51028c28,train
30a5cab9-9a32-4270-adff-8c9f82b0686c,train
30af3507-8d40-40e3-a300-0ff5d71bde06,train
30d6465c-d2fa-417a-a421-af145b37ffbb,train
30f17b3e-35c4-4ad4-91a0-ffec01a5b2f1,train
30f8ca2c-6f93-4667-829b-03c094f8cbde,train
30fc9736-5af0-45c8-bfed-e576ae310320,train
30ff4ee3-402f-4e9e-8cdb-10b4262ff380,train
3100c34a-1337-4802-a4d6-974670093a4a,train
3100c4e9-3643-40e0-aa43-f6e7598a4fc2,train
310497ba-b99d-476b-a37f-0e62e4a47926,train
310f2e15-1652-439a-9a26-5a5d82c97921,train
311dbb60-5a67-4888-af59-6b5f2b60d6b9,train
31215548-5789-4b1f-bda4-c9398068afc7,train
314fb170-6d6c-4c1f-84ce-3d4b0c677707,train
31537caa-b478-456d-ae52-39134b361a5d,train
316ec231-c2af-4159-865e-78c72eb14879,train
318373ce-91f1-4c73-af0a-94132854de28,train
31a5b895-ab5c-4220-b06b-b55044281c69,train
31a83d76-e5ab-4e2d-8cfa-300f42461252,train
31b4b270-be3d-4fc3-ad23-4031b7d6c865,train
31bb90ce-5fe7-4224-8325-254a98c31ffb,train
31c04170-3c88-4667-a7b7-51192ab5d61c,train
31c2ce14-34ef-45d4-83ef-ff827752f165,train
31c9a8e4-4979-4893-afc3-93d404df521a,train
31d42156-93f6-4edb-bacb-1e7151b47764,train
31dc7103-bd16-4a3f-a6ea-6b8a38c861c7,train
31e71685-ebc3-4598-ba35-2e099b896f63,train
31f4cc56-e29d-46f3-9e3d-6a8216b0c5ad,train
31fd0cc2-1c58-4e21-beed-917c1477b660,train
32057c02-2df4-4dad-928c-9ab0d9084574,train
320d2e09-201a-4e1d-877a-1c0cbf833e82,train
322192c7-8132-4223-8b49-944d8d3b521c,train
322da399-5431-457c-b773-db51ed342799,train
322e4c65-335b-4b8d-a035-ad2458e5c837,train
32356823-6f42-46dc-b020-9f85bf229a08,train
323e88af-c7d7-4b95-b32a-271501ac62f0,train
3242fe30-6cad-4699-a44f-47279458737c,train
32543718-764f-414c-ad5c-dd0619632832,train
3259f1c8-8581-4c18-aebc-6078a3bdae1b,train
325a0ceb-d87e-4438-a365-a99a3dcd1ec4,train
326cdf33-a1e6-4f00-94ff-74e2b9a54585,train
32713530-0919-429d-983a-100592bd7237,train
3272cb27-f22c-472e-9ab0-785e4d1f8a10,train
3274120b-0c32-4886-b386-7559ccf4c31c,train
32743d0c-e3e2-4708-93b1-5fbd1f43433e,train
3274b7c0-4cf7-422b-b5a8-234e6285bd85,train
327a421b-287e-4163-8e30-58f2ce05031a,train
3287863b-c100-4009-8dff-79be1d89f450,train
328e3785-74e9-4b5c-9973-597537a926cf,train
32983d5a-3bcc-4f34-9df7-c54fccf7e411,train
32aaffd2-d347-4e75-83ac-d79b7e20a661,train
32cd0173-d5aa-4183-8feb-4088c9c6d7d7,train
32cde595-5b0c-4b43-9da0-5ba416dd715b,train
32d0716b-989b-4f70-99dc-efb65c1e65ab,train
32db31e4-9cb7-4197-8aa9-18f1e7950e8f,train
32dbd3f8-d91d-4a26-89b5-805842ac770f,train
32ea9daf-0702-4d25-b3f1-9c179d124ab1,train
33000ccc-fb92-42e7-b780-c2b748d0ad11,train
330b816e-5b5b-4504-a134-652892dd7a22,train
331179ca-a1b2-43a1-8051-9bbcbf31f753,train
3326eb2b-368f-4f93-84a7-c978accc8f60,train
332729ad-2654-418e-8911-c45d60a7fbcd,train
332a5592-c8b5-4c52-807d-a652c25b27f7,train
3331fe53-fe69-4209-a541-6439ff9fad27,train
334cbe8b-d79d-4660-92ac-3048e73d1500,train
334d9763-5563-4c95-8d81-d7cde02b650b,train
3352347e-ec5a-4fde-9e16-691366fe8b0a,train
335ec812-42a1-4ed7-ad33-dd3833bffa64,train
33626c11-bfc2-4ded-8f2c-7525f9770729,train
33652074-950f-4b78-8a74-8ad4531b40af,train
336943c4-4216-495d-8904-d417ec1666b0,train
338285b2-21c7-4503-89f0-b66276658bd5,train
33a37d16-8539-4e01-a710-1433ee94b1a7,train
33a617ac-6680-4bd7-888a-91996dfca995,train
33aa687e-a4ec-4247-95f2-aa3cbabfda65,train
33cec7eb-7ba5-4699-ad7b-8a2c57736f5e,train
33d9d0d7-bff0-46e4-9929-873c921edf0e,train
33ef04c3-b08e-4e37-a184-3ed9d29d84b2,train
341b9b5b-d0a2-432c-b64a-f568477d618b,train
3420132d-7040-468e-a94f-3bce1f662df3,train
342d4cc4-bab8-4162-9960-38cb52cdb9be,train
343a1568-7f2d-4b95-a92f-7a74fe53fb16,train
344d68cf-185b-4af7-ba7d-8940c4b59733,train
3475562c-a8d9-4a8a-a607-4e44ebfe8e1b,train
347c8e04-08e4-4d2c-9f61-ad4d7414cdf9,train
34802a63-a8e1-4145-b3eb-271d76f87608,train
3481ea0d-666d-4c2a-825b-bbbf2020ec56,train
3496d409-0457-46d2-90c8-2d4daf947053,train
349c66d5-e069-49f1-8bd9-53c576e84f69,train
34b4c203-9c76-4647-a1bc-048cc772c81e,train
34c375da-0576-43ef-b48d-481e563ab0a5,train
34cdf903-d01c-402f-9fe2-a104ad377947,train
34d99a98-ce2f-4676-94d9-f2735f369bc3,train
34dda260-572f-446f-9cf0-153ae7ca73ce,train
34e194a6-bb62-46ed-9d85-614b5c0e5979,train
34ee03c3-22f5-4e89-b73c-cb467f660fbb,train
3515728a-f023-46ec-a635-649174261cf1,train
3521cc2f-bb8d-49e7-ab1c-d31be5304cee,train
35243056-bdb6-4348-af98-26ced19461ae,train
35248637-5ae5-4368-aec7-a0acfdb023b1,train
352aa99a-c624-4f63-bc04-71f43639f0a7,train
353dcddb-46a0-4a80-a364-2623610354db,train
354521b3-7c41-4973-9255-a686d24aed4c,train
355de757-56a5-4fce-a5ea-56a4e42bd544,train
355e2607-ec4b-4073-a53d-0376530f3e2a,train
3562a25f-5e87-4ed0-9c79-8ccaa7b5dfca,train
3571462e-5aaa-453d-99a6-bdfcddf38b4e,train
358b00f8-6836-4a78-9f22-591279ef863a,train
358db3a9-a87c-4133-8f78-d522fd718212,train
358f6bef-752f-428d-994b-f2b5c4d7b99b,train
35a6c907-58af-46b3-b984-46f560e725e7,train
35a8d1e9-2a45-4669-a24e-2db3abc72e62,train
35a9b9a4-48ee-4d71-b73f-9c9723520923,train
35aee9ca-40eb-4b8b-ac47-67162b55690f,train
35cb8d2b-5e66-4505-aeb8-f5513ae0698d,train
35cbdc6b-6dd7-4e43-85fc-1f35bbb7d9f5,train
35cff652-3735-456c-8639-838352cf7af0,train
35d2f285-dca3-4688-bb0c-a9e9d746715f,train
35d931d9-be3d-4096-ab1e-7581fbe35891,train
35ed2d33-a6d3-4cbe-8b97-5fd8d6920e9e,train
35f1ef30-9e5a-4cf9-b9e1-6d6cd6133792,train
35fdd469-8004-479b-bded-de0975af5a80,train
3609ed9f-0c9b-4b96-adaa-e2aedaed733e,train
36214767-e1d7-43a8-b307-662ede73d010,train
366386b3-57a7-4d65-afa2-55d7740d9813,train
367828e3-1654-420b-9162-952702730277,train
36911092-d576-4b53-8d96-63e4a597b107,train
3696b4a0-bd89-419c-b9d8-9ced5b1fa29a,train
36a1fef8-7b2e-4a96-9df7-dfaf55562dcf,train
36bf4094-af38-41b4-930c-e5145c4a5aaf,train
36bfcf54-37a6-47d7-a651-7b5d53d98fa3,train
36d786d5-b529-4ceb-ab79-1eb47e155187,train
36e7f5dd-3678-46e6-9614-d5d4deba9e5f,train
36e9cbff-cd5f-469f-82bf-cd360f3e5707,train
36f60028-e6c8-4e98-9530-a452dd402a74,train
36fdf497-7069-4fd8-b5b7-066f2dff2bd8,train
372385e1-1879-4ed7-99a6-f10e91ce10f5,train
3726b320-64e6-4ccd-92b8-204d0ce2d4f7,train
372acd0b-b407-4130-9e57-668e8b9ed64b,train
3737156c-0511-4aa9-b7b5-cfe89507d6c8,train
375a9777-bb66-4789-bd76-59b7c72d05ee,train
37692d4c-46cf-44c7-9c7d-b669ab60259f,train
3770e250-8fd9-4aeb-8b71-2d995e72a809,train
3771d63f-134e-4d24-8354-beb69491f389,train
37817674-2806-40e5-a960-179023c3bebf,train
3787ea31-518e-4b00-9bcf-43dfb1b1536d,train
379cbabf-8242-4599-ac6f-834e65d53233,train
37ad5667-a02b-4f82-9626-b9187e66114b,train
37bbdd2a-2fda-4fcc-bc07-4e2a9c80b60a,train
37ded9f7-4114-444d-a0e2-89b1dace8bea,train
37eba960-6ac2-4105-88f9-3e6d64e0f07a,train
37f3788f-afe2-4cdc-9c54-680698076a81,train
37f69cd2-a805-4161-a109-6daa85095c5e,train
38048280-1a0f-43ee-bf4d-a98d5f788681,train
381721a4-6dbd-488c-a462-3aa78dcb4410,train
381b9dfa-7693-40b7-98d3-c1239b5e75ad,train
3824f6dc-a0b0-4725-8404-cc1d24e3d4fb,train
382f7242-207c-4002-b47a-8d5d89c35a27,train
3887b446-9228-4be4-9fa6-da5d709345f7,train
38927c19-ec92-4265-950d-aa2fa728a2d7,train
3898e703-81dc-4f49-a487-867ba2732799,train
389e4617-fccc-45a4-bc8b-99bbbc6d81d3,train
38abef6f-25ac-47dc-8825-54017e47e530,train
38b54f02-3116-48e5-af4f-b4d9ad1f0e09,train
38bb4ae7-a3ca-4d32-b7ce-d5e179f4a812,train
38bf128b-840f-4f65-9ece-28594de346e7,train
38d82afd-bc5c-43e2-8c75-508d846fdc8e,train
38e8c2c9-86e8-4cd1-8503-bc999dc94a30,train
38f37e49-ef27-4fae-ade2-cba676a1353a,train
38f69e85-dc12-4c23-9c0c-26af80efe3c3,train
38fa62a9-1ef3-4afb-b4aa-aa9c6b10aef8,train
3910fb81-ff35-4d92-9715-e9e8e6ad0be6,train
39218e51-0c88-4ded-af0f-fdbaf49b669a,train
393cd047-dd79-4cfc-a00f-aa64b169d70e,train
3956652c-b84a-4740-8b22-79e0e3cf0deb,train
3961ed33-75c5-4f3e-b981-1341e292e203,train
39704163-919b-4f59-9054-2260f2bf7563,train
397472f8-0eba-4188-91ea-d63248c96201,train
398712a1-7a46-4c87-9a2d-6ce92e51db22,train
399768d4-060a-4694-9154-540103345485,train
399abdd4-45b6-4e75-920b-bfff1f4640a3,train
39a7f8e0-1f7f-4a86-b2ae-c67e2ef318aa,train
39ab4a68-1bfd-4c99-9177-7234935e9fd0,train
39b071a1-f3c2-4949-b736-2d15fb3d7919,train
39b449e3-b69e-4026-bd05-111a4fcbe17a,train
39b72edd-c8d0-4969-a956-9f011b680353,train
39b840e4-455e-4b6b-816c-b5382310af36,train
39cc36b0-68cb-4c28-b910-2ec685d1c1b6,train
39d4f78a-2b64-4cf9-b469-8290c6244111,train
39da3940-5943-492e-b683-df8e611d2bb4,train
3a004d13-b574-44a9-9656-3e2fdd0116e9,train
3a010576-7027-4880-968a-f50f66dbdade,train
3a1832da-e2ad-4482-8695-7c86b95e56f8,train
3a1aa431-a5e3-466f-89de-6ba0a5661cd2,train
3a216785-85ef-4985-9a96-4d7088169b62,train
3a303e03-5e66-4f6c-8015-83ca432d21dd,train
3a314894-a26d-44bb-aa05-0ce49e2045fe,train
3a348ca0-9daf-449d-bc9b-bb92f80a6ade,train
3a3b01a9-4fb2-4ceb-aa0e-4c79dc4e0342,train
3a4c5c9d-dd0d-4c7d-9388-147fd57a156b,train
3a5d4c28-65ac-4aeb-be35-bf41ebfbac46,train
3a6262c8-9b8c-4d94-afbb-9b166cf302e9,train
3a62bb37-ee1e-4eb3-9128-01269bb28657,train
3a79e144-a9e2-45a5-91d6-31c189a6e4e0,train
3a7ecba8-bd3f-467c-a66e-56c5573d00db,train
3a8d1226-6332-4767-84ad-dced7c919474,train
3aaedc3d-12ad-490d-a2aa-97072266bd87,train
3ab3d1cc-30f8-4027-a6ae-b0406dbba6fa,train
3ab6b270-30bc-440f-8550-9e3e9357d262,train
3ace636b-3a61-4978-b751-fc2ce72853c0,train
3ae77acb-2c90-4d6d-8e3a-d81c6400fa14,train
3aea14e4-f38f-4b4d-84ac-a9638b20cb89,train
3af6399e-ff35-444d-84d7-73499ce6658e,train
3b1ca249-eb2c-4231-b1e5-51c4b83a3904,train
3b234190-d3f6-41f0-b7b5-b8c165c54ba0,train
3b2650df-a839-445c-b57b-08e1d8b19146,train
3b27fa30-fa47-43ae-8154-9571fe01a535,train
3b425299-891d-458d-9e74-1bd0df100b27,train
3b454647-89d4-40ea-9596-5d39ab362b1a,train
3b509d05-956c-430c-a3b5-4ea2297f32c4,train
3b5a9e88-3eb4-4970-8d41-ae20f74490dd,train
3b914520-d447-4080-85fa-dd5555de349d,train
3ba7bb71-f170-41df-9147-b5932510037b,train
3bb6781c-3ad0-47cf-a4d1-2584e7bd8f74,train
3bcb9490-2e11-4619-a535-677056eac56a,train
3c05365d-983d-4ff8-955f-cc194ffeb5a9,train
3c08366e-f3b1-4c59-a91b-e8223cfb52a0,train
3c15b1a6-21f7-49a6-bef9-b41558cd18a7,train
3c188d16-6c1b-4417-8b31-43e06967eba8,train
3c249561-57d5-470e-8d15-82cdc1276f10,train
3c2fd2d0-065d-4bfc-acfe-dc64c7ad6246,train
3c3d2086-1e2a-4ce7-8f7d-d7c5d18ad8bc,train
3c518c58-1030-4d23-ad4d-c0e06175d3fb,train
3c766753-9de8-489c-8135-d78ede82b2af,train
3c768881-4eef-41a9-8e12-e60620d62a06,train
3c7d673a-2151-4349-b2ae-df53061058f8,train
3c7dd821-38b2-4779-bec4-69cf5f3c1b68,train
3c91bacc-82bb-4ade-bc49-5d50421adbc1,train
3c9c3622-b669-495d-8d46-034d3a210b1a,train
3c9f2afb-8993-4f39-bbb0-0528f60f9bf7,train
3cb0c381-cd89-41f4-8309-ddef12e3f101,train
3cc805b7-f149-4434-bdb9-08dfd55a3ab6,train
3cc89b4a-0e98-4ed6-bb34-6019df449879,train
3cda55b5-f329-48e9-a105-e772e151ed23,train
3ce37031-8c74-4970-b72f-223e3ee54696,train
3cf7a883-061c-497c-a79d-75be96b44354,train
3cf89379-0fd8-439c-b1c4-fd8e0d7468be,train
3cf9af1a-c22a-4810-a221-0ad30eb37895,train
3cfec507-6e80-4270-9dc4-967c28d01841,train
3d0a0723-c470-4275-a7d9-af902e0351f3,train
3d1a604e-ee7d-40c0-ac87-a5397088fe03,train
3d2f2d9a-0556-4c1c-9153-f33883a71bb9,train
3d3bdd39-81c4-4cc1-8be1-9108e5fa9205,train
3d4ad9dc-90f3-4949-bdcc-a6b8e9f652a2,train
3d911876-9fd6-4050-bcb3-f9a7350099b7,train
3d9cc946-facd-4edb-af10-89fd19997519,train
3dc1d8a1-ce39-4016-905c-9dc4a59a1b58,train
3dd9ad02-f84e-4195-a380-fa34a1089e38,train
3e11da6a-93b7-4443-a7b1-724696cb958c,train
3e2cec40-2133-4947-91c7-d7355715d824,train
3e582feb-7e00-4809-ac7a-c00d64104f0c,train
3e598f00-fe0b-4cf3-8164-2f4c4b1b5b0d,train
3e5af4f9-8ce7-4fbd-ae68-c396f44b19e4,train
3e6a60af-2d89-431b-9a9b-63a475faba21,train
3e92d954-3a60-44e8-8493-9633a5244481,train
3eb44baf-41c4-4abf-8f6e-25ee9c98e65e,train
3ebd0953-95fe-4c82-898e-6cdc62af9161,train
3ebf3536-046c-4ce8-b3fd-975abdfc8845,train
3ec1216b-6044-4943-8b2e-3d8d14b47d71,train
3ece7253-f41f-4c16-80e7-486100a57e30,train
3edfa1e1-6e20-4527-8d9e-21bed2f7a18e,train
3ef914ab-4657-4a11-b5a3-4d6f0734836e,train
3f012c2e-069a-41f7-aac6-2c8f34e07a88,train
3f11d29c-a3c3-4702-aa52-607c841b1e27,train
3f17b6ea-8b0c-47d7-a3c8-8784f305a242,train
3f1a04be-8219-4d39-8028-a97a6b5c3f5e,train
3f1a1dd4-cc17-45fa-ba39-4ecfbc681eb3,train
3f212e71-3d39-4c87-87bd-c43f69b38527,train
3f37e72b-af46-45bb-bbaa-3bdcf91be17a,train
3f492aef-d48b-4f10-abc4-df276a309c3a,train
3f50ecb9-e74c-4e11-9684-3e2fe1aa798f,train
3f575c9e-db86-4715-ae2b-c1fb82417149,train
3f87ab99-21cd-44d0-a29f-ab368b2aa39c,train
3f92404b-1e0c-45a8-a490-0de613371817,train
3f94803b-fb90-4d86-932c-97096085c41a,train
3f9e8709-ba8c-49a8-afc2-1daaa8388ebd,train
3fac68a2-67b8-4d3f-88d4-322cc5243db3,train
3faf70f7-f05e-4c6a-b011-aef8b9a91111,train
3fc280b8-27a1-4361-81ff-a4c0c8281dde,train
3fc5a535-238c-4613-9ec6-de559ce5880d,train
3fce569c-3157-4346-b8a9-5cdaa5f540b0,train
3fe090cf-9087-41ee-87d6-4e35c317cd32,train
3ff9f221-38af-4c49-a607-4e0ce2f01ca6,train
400f7d7d-ba90-4c78-b999-8b4d857b328c,train
4019456f-8499-410d-bc60-97b2ac449e73,train
402cb4da-8881-4657-86f6-2b331c7978e8,train
404da518-fcfa-411e-85a8-61ac307e3930,train
405c503b-c065-4eb6-96df-317df09575b9,train
405f2475-f903-428d-b634-ea25b92cd404,train
406d7c09-1928-4582-b4b1-aa7104b13b8f,train
40896365-72e3-4818-ba51-555bd2665d46,train
409ff936-9e40-4ab2-82b4-9a05f23d02a8,train
40aa52cb-9a3e-4e3a-9549-e8d815dbda16,train
40abc681-2a5b-4d28-afa2-0cc26d2f1723,train
40ccd7de-e7ee-441f-aaf8-55ae9e0cac4a,train
40cfdfca-dfc8-42bc-b233-2fb5f37b3be4,train
40d57b70-a466-47a6-9d5a-d6fd9d441587,train
40e6f02f-5cf4-4f53-a9ef-3f2492525803,train
4110c88d-02e8-4031-9d09-dc936072685f,train
4136d578-1c83-4ee0-9343-2a66005db222,train
41567762-4426-44ad-89e2-50c75b804afa,train
415f5ac2-900c-4804-a209-7fe95f14767b,train
41761ce9-f4a1-4ca4-bcf3-c72f4b3d2456,train
4177e409-305c-496e-8a2a-13c6ab3a034c,train
41836cd4-f6b1-4785-8c6e-6cb250f9f32b,train
419029ad-6797-4e26-a8e1-7483c50610e8,train
41a1e990-e1ff-4ceb-8cb5-6f2b055a92cf,train
41a9ddf1-a05d-4db7-8485-4e8ed74adb38,train
41b31f28-49ff-4715-ad47-9335ae34ba81,train
41cd3396-c164-4b11-8659-d27868d8a4c7,train
41def75f-35dc-44f9-8811-083fe9089edd,train
41e64d7a-b18e-4556-8dd7-24f97561a6c8,train
41e852ba-30e8-43b3-be2f-b1a9ce543ed8,train
41f1f437-69fe-47cb-a82c-1a4645329e4f,train
41fc605b-8a4f-4d94-adb5-54eba4a6fc17,train
4206bdc8-1469-4622-a7b2-12f145a592a4,train
420f985e-9bde-46bc-99a2-0070858b9e9d,train
421f5e31-bfb2-471f-8867-01a1afbc26be,train
42230958-4e90-449c-bc32-6eb7eb22d5b2,train
422f31b7-33cb-419c-85f7-2118cb0d2fd1,train
4241ecd2-915d-43d2-9ec5-1aee12802138,train
4242801f-b7c2-4cab-99de-0a61d92c6896,train
42441973-2885-45ef-a2dc-f3f0cb3aa58d,train
4249a29d-93ec-4216-8d18-c2bbc4c48190,train
424a7c4b-990f-45eb-9971-d25865468d10,train
42633b01-4ff8-4b18-a17c-68b444381fcd,train
42ac3029-6ae6-4fd3-82e6-6215e3156c30,train
42b86199-d7ab-47f3-9dd7-61fb892afdf3,train
42b8ef29-dc7b-47c3-a262-58fed29e9bc5,train
42bc9dc0-1eae-4172-b1ae-6191f00b4235,train
42c5dd31-c49f-4915-8008-aff20d65039d,train
42d325bb-fea8-453e-89a7-e60d8ef06a76,train
42d7cb38-6a1b-4e94-9708-ea898f28924f,train
42da570a-104a-4335-82ee-8c9efce660dd,train
42fcd351-5214-4fbd-999c-c60d9170611b,train
43046f1f-d782-4a2c-bab6-86666bc9b5ae,train
430e1033-63d1-4e72-83bc-d6a59126f32d,train
430fcb36-de4d-47ad-ab1f-044b8a2e1374,train
432a1fe4-d7b3-4706-a864-58e4c29618a3,train
43325064-c05d-48d0-83c6-a7d799c93d42,train
43416621-d073-419f-8023-a77f68b20036,train
4341c18c-4511-447b-87ac-4d23e5bfd217,train
43760b31-1867-4398-a451-bb0993ce3e7c,train
4376c3ec-3901-4b91-b14b-101ddf1bb4f5,train
437f5584-15e1-4a16-818f-ba3615529d27,train
4380d648-b670-414a-95d4-617c96652b14,train
438902d5-8109-4e1e-be53-fae308fc9a57,train
4389824b-c9e4-4b62-a162-e19f9143d11c,train
43972e91-d311-40b7-aa53-1879d1a3ba39,train
43bb7ace-addc-49d3-ab07-2ab89bddfd0c,train
43c2122a-b590-4b87-9b68-783f766d33ed,train
43cce104-217b-4fff-b161-f03dbeb96c23,train
43d0719f-dcaf-4c7d-9605-e7572d80c47e,train
43e2419b-c3c1-48f3-9c80-4ad1a43b0782,train
43f3c912-b422-4ea4-8f8d-d2e253b50174,train
4405ce0a-adb9-4f01-bca6-99b6a5f9c297,train
4406bc4a-2359-483f-afe3-c9129cfac9e9,train
440b5abc-0532-400f-ac9e-f5bcb1fa8abd,train
440f01f3-fe7a-4981-ad6d-59c6aa9191b4,train
442fec01-d16c-4553-ada5-124ce94caa68,train
44577457-82f8-45c1-af14-b46f2506bcb9,train
4474c7dc-fece-43d4-8b6f-18c0405e96a3,train
44802870-7904-4b0d-ab3f-e474666f8a76,train
44936ddf-38a3-4139-bd0f-e56e2f7df419,train
449653ab-9c69-4e07-834b-36b54c07c403,train
44a06fdf-e882-49c9-8688-302528072754,train
44aad422-e533-49cc-81da-3926bffffa12,train
44e06400-5925-4e52-8dbc-79672b795947,train
44e49842-81d5-4808-b38b-33d5525d805f,train
44e59787-b52d-4eec-a236-cae107da60d1,train
44e87229-e4cd-43e0-a3df-3f08178bde57,train
44ea2cd5-8132-4ddc-bba1-0cd5d189ba82,train
44ff9c57-f925-46a3-b415-deac0c1c527e,train
4520707c-12df-4808-9a60-c8fc5e21dafa,train
45543527-9902-446a-bf43-14d33c4d3300,train
45724e6d-154a-4a1d-bb16-3f7431073545,train
457611db-7531-45d4-abd8-baf056920279,train
45873eda-2a47-44da-a61a-7be79e5901c3,train
4588f622-10f3-47d3-a014-28705be94ce0,train
45a8f22f-5b17-41b5-8f91-21a535d6d025,train
45bf094c-3bd7-4b56-972e-4eb5075a7b0d,train
45c08e5a-abbf-4fe7-8813-fb40120b212a,train
45c776c2-c1c1-4a07-b5cb-1604f6f1c91b,train
45d50a65-381a-49da-857b-214bedb8608c,train
45e2ca30-6381-4849-9dd3-c303b2fece65,train
45e8ce06-2bff-4c11-809a-466d8fb63d4e,train
45ebbb7c-eaff-407d-8b10-95bb580d4c89,train
45ecb89a-fadd-431c-8c0b-db303cb5df5e,train
45ee9f42-5f38-4788-a0ce-9538f3216f6d,train
45ffc430-f7db-453b-9a89-f2c80c6eca78,train
4612a821-3170-46f1-90f8-9ba9b6784331,train
461fed7c-7ab0-42de-b6c8-070f1c3aeca6,train
462922b6-e377-4c10-88ef-b5226866ac4e,train
4636ed35-5e67-4f66-b498-08822b07041e,train
46491ed9-dc0d-4e5c-b056-b48fc9ef2a07,train
4649c729-37cc-4b02-9362-86d734e69f8a,train
4655136a-0d5e-4f05-9b16-d4f122cfa30c,train
4664b8da-059a-42bd-a6d5-f3e60ec2ae61,train
466f5eba-99cc-4167-93a5-92a6185483ba,train
46709ad1-2a86-4b09-a434-af9361885d0e,train
467360cb-76df-420c-a602-62b0e6554762,train
4674d4de-e83a-413b-84d6-fc81ffbcb3b5,train
467dd9db-c1cf-4ecf-9f52-2044b858e610,train
468bc3d1-a05c-4c28-bf47-3b127633e83f,train
46c0cb91-bdf9-42c1-9817-f0c15bc1109e,train
46cd4b68-a54b-49b8-8b8a-5b317a5f697e,train
46fec5e4-797b-4e74-8300-730c0d4fd38f,train
4713cd7a-2942-4248-9d2d-4f8ab1a4a9d8,train
4714a272-8481-4d79-beef-c1776c573dbb,train
471a2bca-cae3-47a8-a7ce-b591696cfa0d,train
47209eb5-b0f0-4a11-93af-453da29907f7,train
47237e84-b718-4fee-ad07-2bb32bace780,train
47333ef6-3a18-404e-a81a-4dcd84d209a8,train
475669a0-4adf-405c-a4cc-4ef3563d3d0a,train
47588e98-caf7-41ac-825a-6751bb3ed979,train
4786ee0d-3ea3-4cf7-a62a-c69839db8021,train
4798e6a0-2aa5-4b72-ad97-573e25605bac,train
479c6f2e-b46e-4e40-8778-903779a010cb,train
47a6d8d1-8686-4afa-8cc0-733ab1d194bb,train
47abace8-9cf1-4544-9778-8e2d49b71cd5,train
47b344b2-811e-4cf1-ab08-795c3124b321,train
47de6215-abd9-418d-b868-84a52d17db19,train
47e23407-74d6-47af-adff-2e647204ed2c,train
47f9316c-62c0-425b-ae47-f1717e9c80fd,train
47fb4965-e92a-48c4-9349-e520f94bf165,train
4805f741-c0a4-4566-9a24-1ad53498fa21,train
4812bdd0-a646-4263-8302-6ea4d4520503,train
4832a777-142a-472a-845b-bfe0d87936cb,train
483fa1de-aaa9-4378-9ddd-9fffc092741a,train
4866efcf-95aa-467b-b2c3-a144c04047ab,train
48a6e29c-956f-4af8-aec0-4080119bbcac,train
48b6cce1-87bf-41f3-99f0-43c3cc30ff9c,train
48c202a4-c520-42ee-91b5-8a609f79b229,train
48cfc5d3-3bcb-4f46-ad2f-2b5b39091fda,train
48d6d461-e5d7-4d3a-a8f9-1af8f1890a56,train
48e88d05-1a5e-4a96-aacf-a7cb3ea2f1dc,train
48ee6fb6-c7bc-4a8a-bead-b965942cc234,train
48fa0161-abd9-4d0d-9e13-d0ac605cc997,train
491562c2-365e-465f-ba4a-7cce45527639,train
49427c21-d684-4b41-8dfd-6668beed2f5e,train
4943b000-89ec-45bf-b342-9ef88b8c311c,train
494fabda-46a4-466a-bd5b-a86092704c13,train
495d561d-dac9-4c64-8d3a-a341b77a7a39,train
496e9e1b-cf28-45a2-8af5-161857922439,train
497c3aa0-6eb5-4f05-89e4-4135778e0a49,train
499b4763-d10f-4f7f-8a5c-8cb2d276c3fe,train
49a0cc32-b46f-426e-8f51-c2b13b38f5c1,train
49c96a31-38bb-4284-b837-df22493782e4,train
49dac580-0672-4c4a-b169-5e926614536e,train
49eca230-ba2c-4a69-9db3-31e3c91ddeb4,train
49f1d934-e918-4f7a-9750-dc54581f046e,train
49fb9297-19a7-41a8-812b-ab0aa5344742,train
4a24b683-a3ae-4450-a948-76046a24fdca,train
4a2bdd27-0f46-489d-9101-3d816538e5cc,train
4a3cd0d4-afa8-4d7e-98ef-a466d6198fb6,train
4a465aa4-8951-46ee-a849-c12845df3274,train
4a4e5c91-9a31-44ad-8620-9004d8896bd4,train
4a547966-ff80-4377-896f-26581a852e83,train
4a65b502-8de9-413f-a283-81d49ccfca26,train
4a68673b-686a-4bfe-8786-3a951f02d8c0,train
4a8d9e5d-3617-49f9-96a7-d9719699ea56,train
4aa45e8e-192c-4232-8f07-fbdb36c115e0,train
4aa911cf-6e4d-4505-85c3-31743c15104d,train
4aafcbc2-5f94-4066-b230-fee6986030a9,train
4ab9bd48-4866-45eb-a74c-fb83ba8da83c,train
4add2c9c-9454-4959-96e1-9ac804747938,train
4ae50a12-a3b2-428d-a610-d83a1fb75cb7,train
4afaf411-9861-42e7-b8be-d68cc76cf3e3,train
4afe54fe-9acc-4625-9fba-ec439827e741,train
4b047464-471d-47b9-aaeb-8b6d7522c7cb,train
4b1614d5-4151-437c-a790-ac071b538470,train
4b2a9946-4d09-49b2-9fdd-4a5f8c1610df,train
4b4be52a-02e3-4cc5-8a0c-20a62b8d4321,train
4b4f9f1f-a236-436b-9eee-ee50be8b454e,train
4b585c55-cfb1-49b1-8124-3ef7f28768a0,train
4b7cff3a-a3bf-452b-b2eb-db0b7a034ea1,train
4b7dd764-4c99-4e5c-b6af-83a2553a8b66,train
4b819e65-040e-4fff-ba0a-710452b5208e,train
4b8cf357-bcb5-4a43-8f97-568877147ccc,train
4ba164a7-9019-43f5-83be-c0ec4e0c6ec8,train
4ba6b216-4cf0-449e-8ba9-c542f97746c4,train
4ba8c7ff-0951-43b9-b232-45994e9d8708,train
4ba98d2d-10e4-4c58-b09d-f17bfafee267,train
4bdbd9c4-daf8-47ee-a319-b724d723095b,train
4c11f8c7-67c8-464b-ab08-99d6a0308395,train
4c260055-7650-4e0f-b454-2b78284d2ba1,train
4c4b8d56-a135-40ad-8f4e-cd57465c54ae,train
4c604261-4ea5-4776-a03f-54285794f6ea,train
4c62dc1a-81d2-42dd-a7ac-60f7cc5355f9,train
4c842fdc-6150-4b43-9dbd-97182414df97,train
4c901719-6138-43ca-9ed8-7327491f732e,train
4c92f67e-962c-414e-ad16-59474b5047d3,train
4c950c52-5971-442d-87b7-1ddc68e3f2f2,train
4c9ae8e0-d685-4c24-8536-ae25a6acce6a,train
4ca3f3a2-cb90-4d51-b713-089d4b4fb7e3,train
4cb7d742-3fd0-41f3-8bf4-4b4063908b22,train
4cc5790f-2626-4a03-b872-fbac9e3a998a,train
4ce40dbb-c767-4c4c-bccb-26811b6da76b,train
4cec36b7-d1a2-4b7e-8fd2-0c594b792f60,train
4d017a8c-eacf-4556-80bc-cdf41e581ce5,train
4d0bbf8c-47a0-4cb0-bc97-5951966356b1,train
4d3fa6ab-6990-4e1d-a634-d9ba186dd3a4,train
4d409410-6ce6-48c2-93b8-132f2dca6568,train
4d5029ad-512a-4a4c-8010-d4a117aa3b23,train
4d50cd58-c395-4b70-8fb6-de2607ff0ed4,train
4d6342b3-6bef-471d-bca8-af49fb29161e,train
4db56e22-3b4f-458e-919a-c7336d43f77d,train
4dc5a6f6-e4b8-45ba-8861-1f2cb79c75ae,train
4dcd3b4e-e327-4f47-80b3-38c9ba53b871,train
4de21d9a-9ffa-48f6-8318-bad693a0507a,train
4df4ee33-1ac8-4e94-9b18-63cdfd64558c,train
4e150ff4-99a1-44dd-9c5c-3475fe3f11a6,train
4e334ca1-54e4-4574-9b2e-26a8b88b9885,train
4e3606d9-2a6d-476f-bc2a-a2163bcc6d19,train
4e41e5de-0286-47e5-88f6-71277f116117,train
4e4b079f-3a37-408e-abf5-b46a8d69d725,train
4e5018d1-5e52-40dd-a0e8-5756b12f7748,train
4e54ee35-148e-4d3d-8ba9-f610b1723678,train
4e625a9d-970f-429b-942c-5d31e031e896,train
4e62e1ee-62a7-4828-b29f-9a658662a574,train
4e8435d9-4728-4d78-b0ec-fd435374f0a2,train
4e8bd359-897f-46f4-bc6d-6988ff5a3176,train
4e8f2b57-16dc-438d-b7ec-e08f1d581ad5,train
4e9f251d-431e-43b7-aa03-39400a6fde37,train
4eace218-5740-45cd-8551-55c3037f7401,train
4eb57232-3134-4ab0-96cf-02dbc917f255,train
4eb7c0b0-75ef-46c5-8958-fa16c2bc0ad8,train
4ec9297b-e3ee-48e9-8638-4bb7d63fc3e1,train
4ed92166-f3b1-469c-b736-8cffdbb4a64d,train
4edf5fc3-79ac-4bfa-8e4d-22ed209c08c6,train
4ee1b2d4-3dea-45ef-ac49-0301901a0f60,train
4ee536a6-8caa-4c2c-b70c-646bc3395017,train
4ef75e43-d611-404d-b5d1-64a03a14ed39,train
4eff4622-fae7-490c-ad35-e26949c79a89,train
4f012d16-77d9-4a67-b332-13d91ab5edac,train
4f03f1c0-e68b-471c-a976-6979b3bdbd31,train
4f143d20-463f-4409-ae81-c30efd749dcb,train
4f1ed97d-3254-4f50-8d17-8bd0a9fa42ca,train
4f2249e5-e313-40d2-b791-672400eae6b1,train
4f2754e3-e7a5-4c7c-99b3-c16358af0f96,train
4f37b7d8-14f4-4c6b-9d0d-3a30b2b4c7f0,train
4f3c2d99-24b5-4e20-9d07-2ee172f1c72c,train
4f3cceb8-40a2-4d79-8f5a-48ad4764871f,train
4f4496e7-102c-49f5-b159-1fb2cc8bcf37,train
4f495966-b26e-4bff-a87e-94a0abc120d1,train
4f4ac9ed-03a0-4350-86f6-b9adbde40cfb,train
4f5260eb-aea4-4a9e-9c9e-30039620f8f6,train
4f550272-d5ef-4a36-951f-49d0ff28d024,train
4f65f1cb-b5eb-478a-aa02-3e2991049e4f,train
4f6a99d1-8cbb-478d-8cfb-bc70bd36b200,train
4f764214-700f-4f6e-8520-35f8c0f50c8b,train
4f837830-0f1b-4da0-873c-f590099c6cda,train
4f8dc15a-6409-4de6-bcec-529aae02cdbc,train
4f8f36bf-2f07-4c87-9994-7c19d8ec9bc5,train
4f9d9445-b8df-45ee-9509-0708df240a63,train
4fab1d7e-71e5-43e4-9592-82d347ba283a,train
4fcd5bad-99d4-408d-a898-02ed59506ec4,train
4fcfde0f-fc8e-4ab6-96af-9e2bf8266a6c,train
4fd0807c-075b-4972-a744-4018345f0acf,train
4fd14ee0-e87f-40fa-96be-e5a43c103a3b,train
4fd6c32b-4583-49ee-94cf-6d7eda6b8ff4,train
4fd9bb8a-d457-4b99-9b86-0e83195c7a7f,train
4fdb0e3e-2427-4f7a-afed-ca59a66122ac,train
4fe7739d-6226-4e0b-938a-6816bcd1c574,train
5009e549-5fdd-4d2c-9a52-ce03712df0a5,train
500a4315-8a3b-4812-ba56-5dd396d5b09b,train
50119c66-5aba-4e73-b755-9d393bde2f57,train
501c9a5b-5947-43e9-b753-7e60b74f50c3,train
501f57da-ee50-45dd-a91c-c78d6dc79dc5,train
502b1c15-05d8-4cb4-bbd0-7ef04a492c7c,train
503f101d-3233-441e-850c-36b1339df36b,train
5040ffbd-e4ce-4ee2-bbc2-6c2bb4e93938,train
5047ed9d-4ca2-4b90-9f01-8fe19dd229c3,train
504df059-eb0d-4318-adb8-e3dc9bbbfb03,train
5054f950-fa3b-4e37-b9c5-13d98dd47f16,train
5058ed98-58a6-41e3-a948-654738c0ca31,train
5059044c-faa5-468d-960b-033c5bb0c54e,train
5061d6e7-fac4-4b79-840b-bda5adcbabea,train
50635fd1-a9af-420e-aeb0-148a97e2de63,train
506b2d05-a716-4a2a-8566-597a5b974066,train
506f4f53-d8c3-4a7a-955d-b391bb066516,train
50765b89-cb03-492c-b3b1-551455921754,train
507e404c-52e6-4ae5-baa8-5a0cdf5731d7,train
508f61ea-419f-456d-90a8-5b2810e6b521,train
5094da46-2e81-4577-a2d2-68e117867649,train
50a0c9d4-a613-4586-b764-d82aa4b471e3,train
50b69e37-8b73-437a-be02-9d8f5ad43187,train
50c97faf-e92c-4a98-8762-28087008e858,train
50d41714-5385-4c94-a7d9-8061006034b8,train
50e30ea3-ff60-4765-abca-957c60bc35cb,train
50f24c53-860e-4f35-9251-e2fda4267826,train
51042d95-fb2e-4646-841b-7b2435baf213,train
51160ac8-69c0-4fd8-95c4-ccb886311c1f,train
51256b2c-ac7f-4b03-b486-a0684ba2dfa1,train
5127ca37-eeeb-4e20-ab41-01697b54351a,train
512fa59d-76ae-416f-974a-a7c1925ede5b,train
515cb728-8fd5-47bd-8a95-d6bca50f1fa8,train
515dbbe9-1623-42bd-aa77-73b75b1ed559,train
5163d018-b906-4c76-9238-cd871f8f8185,train
5179722e-4de3-4817-862b-8a7547f33fa5,train
5182f78f-8ad2-4550-a8d0-45b4b1a8823b,train
51876015-4da5-44e0-ba32-6c3e1cc4086a,train
51bc25c5-0a19-437f-b708-3d67bc33ebeb,train
51c11995-b6bc-4614-9439-8dc8279ca54e,train
51c4669f-897c-460e-8c77-8cbce4b2af41,train
51d92370-0b24-4823-b189-cfcb658d84ae,train
51e5c021-3480-4997-830e-ec0d7453912b,train
51ed10c9-2d2e-4fab-9515-d83703c365bc,train
51f55f51-9f74-451b-9069-5f3c36efbbb7,train
51f93019-64fa-431e-ac0c-6dc2f5e1fef5,train
521f6e0c-d11c-4072-82cf-c10c642b792e,train
5220de8e-2c76-4949-bc69-0eaf0736334f,train
5235fdd5-2bc5-4f9f-85d2-c730cc597a03,train
523690a5-6014-4d87-a120-6ca3ee6aa6c1,train
525e4495-3363-4193-b78c-56a534c7618d,train
526d0383-6d34-4a21-ab9f-3ab7b4355395,train
52840b6f-4db3-4486-bbdf-32e9e2d07e41,train
529cfd30-86b7-4149-816f-bfd1111f3a2b,train
52cdb5b1-22cc-4882-9a14-448705b5125f,train
52e77a96-8545-44dc-af77-a970ed39ebc7,train
52ef2fdb-0168-41dd-9515-51e10d70850d,train
52f8d528-41b1-4e86-9da5-d39c23f02951,train
52fdd48f-ce1b-42a3-8cef-0f7b46588bff,train
530d20c1-2384-4bf3-a7a0-93b88dc7aa90,train
532e62f3-49a7-4a12-9d1f-537ff43e46e8,train
535ad95d-28cf-4128-b235-580226b5dde3,train
5365ec61-1a9a-44e2-8fac-d8a1a8c37275,train
53680e08-d83d-4135-b241-d7d949a8cde3,train
538a318a-4d5a-47ab-adfe-4602c9f6eba3,train
53b467f2-5a1b-4ab3-b561-4f8c17127e90,train
53b74df7-9f62-4af1-8b45-232acf71cb5c,train
53d3a521-42fc-4f80-ab65-00170a4c06ad,train
53d71a42-7b0a-4332-97eb-b58dd74d3fc0,train
53e59176-5070-4028-9ac5-4a8915fdebfe,train
53fb1278-6dcc-4e8c-8230-99e226c584a0,train
54088cff-460e-41ba-86de-d17b277873d0,train
54259cd2-cc79-45a1-a26e-bce2b999cbcf,train
5449b113-475f-468f-b85a-755856230315,train
5450fcb8-d79c-4092-a46b-5e4e71082dd8,train
54591fe3-023a-47b3-8726-1e0c842d4dbb,train
5476292a-3a83-41b4-9a48-67dc3ee14f19,train
54a00cfc-0c91-4e74-9ef2-c1e8ecd7a427,train
54ab7a57-8635-4e8c-84ef-f2ed7cd5de4e,train
54b884e5-87b1-4e42-998e-82e17351ccfa,train
54d7a7a6-a43c-4194-a852-28ec0ada2c68,train
54e70e30-0a53-48ee-8150-0b34397cba97,train
54e8d0b8-dd7b-4236-adcb-f76a6ae8c8f2,train
54eb7a73-3a05-4efb-99d2-36be8b59d1b8,train
5506af91-b19b-451c-ab19-2742049b84aa,train
550d3ac4-c3b7-4c52-a423-77e0221e3176,train
5510a08b-cf21-4f68-beee-c9e1d3364ce4,train
552ba0d1-c329-44be-acae-b950f0bc6a1d,train
552d01a1-ff18-42d5-a884-15012420344c,train
552f9f62-a5ef-4001-b61e-788297f1853a,train
555600a9-dac9-41c4-887c-2b614df08113,train
55598f84-2a3e-44b4-b555-3cd6e42cac4d,train
556356df-3734-44c4-a065-aba47b9cdffc,train
557c31e7-e95c-4777-8384-d9be6012485c,train
557c7e40-fb77-4aa5-bc5c-13f9941ae046,train
558e2ea9-3ed3-400e-b023-6df0663eefbe,train
5592d6be-d007-4e1e-a2dd-ce8def59e404,train
55958fb9-0539-439b-a34f-050f22a30341,train
5596e8dc-d11e-4632-a52d-341c8ddb615f,train
5598736b-7817-4c7e-ab68-9581bf1a1ce2,train
55a3b8e3-6a1d-422f-b343-935bd10d7a96,train
55a562a8-925d-4339-aaa4-d487e74e0a83,train
55d17170-2cb6-4bbb-aee5-5369e205fff3,train
55d7d74b-6894-4386-80c2-d66d76d77ee5,train
55dfa13b-f0ab-44d7-8fb1-64d4b9e1d607,train
55ef63b2-4d81-4ba0-935f-d250711efe06,train
55f0293f-eba3-40a4-a517-d7011c36650d,train
55fe5f4a-cbf7-4546-9d78-8f11e2c2b088,train
56006949-f0e7-4656-a42a-76b717f4eb23,train
56077f9f-4a57-48e5-951e-4806a2b4e02e,train
561f213f-48a4-43e5-a421-09d15f7eefa0,train
562a86e5-da00-4215-90d7-21daa9fbf59c,train
563a59a7-bb7a-4524-8001-61103a97efcd,train
563c79c3-d5f7-4406-b70e-f2b59605e862,train
563fe176-87f3-49e1-886b-8b07aa3e95a9,train
564108dd-e399-45a3-ba58-fca060381b47,train
5642e5fd-0a33-4a99-affe-51d0e4774d73,train
5659f235-1b85-49e1-a44b-470eec3de76c,train
565b7925-375a-44df-a118-006edcb7156c,train
5675a452-2b91-4a73-a3a8-cadfe6d01079,train
56788fc0-97c8-441d-8f8d-04526c5e1e99,train
56844253-1f94-49a2-8e10-1435b3e57f39,train
56897bb5-089e-4486-b9f7-c0d14c8cc3e1,train
5689c795-f42e-46c6-99d6-e77b63a56e13,train
568da5e9-cf21-4ab0-8501-135c9247b4a4,train
56a05588-b9ec-4586-893d-811a47b72cb7,train
56a390b9-5a66-40e4-9636-8dce317eed89,train
56bb6e5b-45a0-4143-896c-ac54d7f52247,train
56cadd40-42a1-4032-b166-58d398cd0e10,train
56d1ac75-030f-4a4e-9b8d-26cc17ce5342,train
56d99409-0814-4808-afa5-4325dcfa8225,train
56ebff1f-c1c5-4590-974b-30f4a9f79eb1,train
56f965c7-1920-42ea-ac6b-7b4d05e4e19b,train
57200632-5c09-413a-983b-be84b48cdccc,train
57234a8f-431a-43f8-9f4c-f72b0a49dd82,train
573a2d8b-ee22-4e72-a884-023c6513da88,train
574ef660-6ccd-47a8-9fdb-b11833060e07,train
5752cd60-8b09-49f4-b9ba-97fc5ed4a858,train
57578cf1-6ed1-4f4b-89c8-c623f5b68397,train
5771df3c-e0b7-4e04-a121-88b1387bb93d,train
577581cb-5bd3-49a7-a036-d1b705c35e82,train
577653a7-7838-4dc8-90a9-49e5022ef9ab,train
57770a0a-08bd-47da-aa80-9eb5b8fd1186,train
5787d8a1-e915-4473-ad6d-d1d6bd248f6a,train
579ebe59-5afb-428e-9c5c-647f3834d7e4,train
57b27b2f-bd10-47c5-8d3a-a3be4e0d8ce4,train
57bd77af-ed5a-4a50-9c0f-826106d4ddb2,train
57bd7832-3786-4432-933b-62517bf555bc,train
57bf2c95-7bbe-47ca-b6a6-071c7bbef14f,train
57c4583f-c80c-49bb-bb4f-02b36253657c,train
57d5d816-21a8-447b-8b2c-5d9ce77b2da7,train
57da0350-7b1c-47f5-8403-94b77c7c8682,train
57e4dfd8-17e4-4f32-a3b3-d147b84533fd,train
57e98af5-2764-4e82-aa39-76864317d34b,train
57fffacd-2fa7-4c06-ab05-5067761aac35,train
58057a2e-693e-42ed-b5a3-4f6b94266a1f,train
581c559c-972b-42e0-951e-75ae8875c01a,train
5828c551-934b-4a6b-a1d1-b0fc89bb117a,train
58342e9e-fc73-4dd8-8704-ca0081c34652,train
58395767-07db-440c-8e35-5c1e312cd713,train
5845dc1d-1b32-4290-b065-cdc1daf6d919,train
584639a7-23fb-43a1-9cf6-10d1605bd81b,train
58532604-fcea-4b43-ae44-37095bbfbf2e,train
5861873a-229e-42d5-9626-26dc3f352c37,train
5869df66-8c5b-4b47-9152-9a99ecbd797b,train
587e8f3b-3dc9-4f93-979c-fe344584f0df,train
587eb32e-fbab-486c-b3c1-7a4b845600cc,train
589e0289-0fff-4e2a-ae54-d0e5f48076de,train
589fbfbf-f1fb-45b6-91b7-f4a3c6a83b1a,train
58ae91cb-682c-44e7-971d-4bff942ae198,train
592ec572-c865-4c46-91ea-64ced8e08c70,train
5935a7f6-eaba-4460-8a3a-8a94a1ff4e10,train
5945f11d-bc24-4c88-bf26-389f49aa07d7,train
594f4a24-39ef-453b-b478-23eb766d2d81,train
5951fdbf-edb3-4ed1-a45c-e61f8fa78a46,train
59525958-02c3-441b-8cb3-976bd4a0424f,train
595c9e7f-545e-4e0d-a639-9bd0db3a7408,train
59612a85-e9a5-4e84-b01a-d0d6507b6fda,train
59620dfd-2a5c-4960-ade8-3597e43c8e05,train
5964c6f1-b637-497c-a92a-4449f47cd7b8,train
598d69a0-efaf-47a8-86e6-75d7654b158f,train
5990a231-3ea5-43b3-b1cc-6ceb9b2b2fe0,train
59935467-e25f-4c67-a264-6b10ac770be3,train
599358a8-9ef9-4428-adcb-f58cb362ed6c,train
59b76f8c-1efe-4631-ab5d-a201c425c93d,train
59bbeb6d-e4d3-43d4-853c-befcc1bc3ae7,train
59bf0996-dd65-4c5a-9698-41acbea07633,train
59c5113d-1262-4b01-9237-134722b8a3e8,train
59f860d8-6c17-4815-816c-8a167d3ecc46,train
59fdf468-13ed-4e5b-ab67-ba42761e48c0,train
5a024958-73da-41de-9938-aa188b3d346f,train
5a1c5a70-d5c2-4d79-bc61-7f43bc2e5708,train
5a294aed-897a-4614-ac73-360134ab193c,train
5a34530f-2dfd-4d1b-ba20-23987f925401,train
5a35a52d-291d-4793-95ed-bdf554862499,train
5a43cdf3-5289-410b-b3c9-ed8909b08cfd,train
5a48018b-da15-4e6b-8845-0ea2ef52c0a4,train
5a4b71b8-ceaa-43d1-bd76-12e436213838,train
5a4c34ae-1ffe-4eee-a88f-ff410e230c8d,train
5a4d0a2d-f6f5-4c27-9b3a-fde24912ed54,train
5a4f8ba7-db8f-4e4f-9231-14b56e074020,train
5a54751e-7566-4664-bc40-b5cd66078907,train
5a6917b1-c32d-43c6-90e6-ac878725afe0,train
5a780c58-e4ad-4e51-8f3c-0998aec654c3,train
5a9b0432-6c9e-4d00-9787-f9bc7ea5537c,train
5abfb21f-c84b-4b3e-a943-4bf67bfa6b8c,train
5acd6fb8-57f0-4217-aaa2-21c91a12b994,train
5ad3d461-d17d-47d9-831a-93be5b86b750,train
5ad89ceb-a38d-4f22-a5fb-7d2d5aa502a8,train
5ae2538f-28e7-44e9-ac33-9afd35b48bd7,train
5aff1f12-fa89-4f01-beb3-ecee38679c55,train
5b0133dd-b5b8-4c78-9bb5-3f990a270501,train
5b15efe2-5a18-446f-82b1-0387f5e3746d,train
5b1eec3d-8dfb-469e-a931-3ec3e5974e1b,train
5b200565-fcf0-44a4-9528-551cd91af73e,train
5b2961bd-af2c-4f8f-bbf8-ca7b146450ee,train
5b717603-ac3b-43ce-98bd-7d86a55c3751,train
5b81a189-13a2-4ef0-904f-61bd71a658c8,train
5b954939-e01b-4156-b4ae-4707b977dffd,train
5ba864d1-ea7e-4993-844a-85bac7537b13,train
5bb5809e-22f9-491f-9dbf-6d5bba5a4e6f,train
5bb74b1b-82c8-4ede-a100-fa2e9709ae6c,train
5bcc8834-762a-45b1-b676-367c68401722,train
5bd3d472-e1c5-4847-947f-e9c0b7a46a81,train
5bd79b65-66b8-4f4d-876e-0f7a2b79196c,train
5bd96ee0-4f06-46df-83a8-022fef82faeb,train
5bdcbc74-1c04-48e5-af8c-a1dc1f1c5225,train
5be5b907-476c-434f-8b2f-56c732b11c3a,train
5c363240-8c34-42e7-a946-15d424827284,train
5c3846ab-37cb-48ec-94e1-91d31017e153,train
5c403334-aac0-45aa-bee8-8eefacc491b3,train
5c457de6-0db5-4296-b12f-5e295a3f1fcd,train
5c597748-32d8-4c34-94df-97c3a6c7ee11,train
5c5d1ed2-2ab0-45aa-8361-27e18b605027,train
5c6e83bb-6371-4788-82a4-09c410417c32,train
5c84dac5-4a78-4ab5-9480-9a5218b0bcc8,train
5c8b50f3-c2b8-4587-86a9-a2d18363719a,train
5c8eebbe-4eaa-4b3b-a84c-9b1d602790ba,train
5c8f6556-e323-4971-bcfa-4edf4a7e3b87,train
5cce6525-d5c2-4942-9677-6ebd791b3ae0,train
5cdd217d-8a42-404a-90ae-e396485bd088,train
5cdde399-8d01-4286-8e25-355e8603a740,train
5cf8f21c-5319-49d2-8401-108494735e9d,train
5d030fe0-60cf-4468-be04-ff3798dbcdc4,train
5d28ece5-2ce6-45e3-8e52-1a7fe756a3d1,train
5d2a10aa-3ff3-4262-bdd0-9d6845f677ba,train
5d32e6d6-9a6d-4258-9c1e-ad88bbe462ab,train
5d34e2f5-749f-4cc2-87cd-62d47ca5be5a,train
5d368a47-bfa8-4f4d-a2e2-36d7fa0290c1,train
5d43990e-c7eb-487e-a40e-c703f2238e9c,train
5d6e13e1-9dcc-4889-ab3b-fb24e5ee0e66,train
5d6ead77-b2cd-48ec-8c7b-78cd904fc435,train
5d7134b7-559b-4c46-a22f-770fbf4d383f,train
5d7eceb7-0c53-44f3-b0f9-102410be5fed,train
5d8edc1e-1065-4bc1-a697-121274964053,train
5d90c9cb-275b-4298-ac26-f987494cfaf0,train
5dae7a07-29eb-445f-b6d0-abc4f6dc7c1f,train
5dbf45fe-c592-453b-b207-dcc23619c4e7,train
5dc6fc60-40e2-4f42-b316-045788e19582,train
5dcd3173-9bb0-4635-a5d0-885758ce63b6,train
5debfc26-3746-4cdf-83a5-8179d8129b7e,train
5defdc1e-5c88-4c8a-a715-6b844f87719d,train
5e0764d9-29ef-472f-b6f6-0a0b78505b6f,train
5e0b6c01-7035-44d4-a213-ca2e5baecb88,train
5e0f6a7c-5d91-40ef-a00f-0df8f67c8bd1,train
5e150bff-dcd0-4809-b67f-0c3b8513fe64,train
5e22fb96-3a98-499d-8dcf-0f1d8c9ce4d7,train
5e38f811-0f7b-43c5-b45a-f43ffc09b8d7,train
5e435bbd-bfd2-4689-846d-b7b0700ba014,train
5e43ee2f-986b-4cb4-8430-f9272629b724,train
5e4a0b50-4f51-4d46-b4da-4378eae6d758,train
5e4e3747-826f-4e40-a31c-c56ca8d33ac7,train
5e551bec-d284-4c41-986b-7728b7975ad4,train
5e5839d0-f991-4679-b4a5-7e1479c43e45,train
5e58cd9b-aef9-4ce4-bca8-8935bcc10d61,train
5e6478b0-9b72-4453-ae0c-b5d782943dc5,train
5e6e1123-b0ed-495d-b901-5ec216689aab,train
5e9f692f-99b6-4a3f-b16a-67a50776c5e5,train
5e9fb32d-1174-44f6-bde0-d3f026b666a9,train
5ecc4d57-0397-48fa-b278-7c1ded6119fa,train
5ee82734-1edc-40ce-95cf-141df3769fde,train
5eefa6dd-37ce-4378-9fa6-7289176cda9f,train
5ef041cb-d2a4-415c-982b-8e4cdb54aaf8,train
5f081d96-bba3-43c2-99fe-6fa7560b87c3,train
5f1dce01-ccde-42d5-bf3b-a5e52126a01b,train
5f242519-3232-4003-955c-4d37bf1db85a,train
5f3621cf-59a3-424d-b3a2-ef268ed2f592,train
5f7a78f5-9e09-4999-89ac-b9db00fa53c0,train
5f7cb5fc-f96b-4629-8be9-0d3359e5d836,train
5f846b55-0373-4639-b48d-567760928342,train
5f96f6d9-65d3-4f38-837c-9490ae9001b2,train
5fa0a82b-9cde-422d-9e7a-c9efce7caa5c,train
5fbe5555-28c5-48c1-8da3-7865561b8fd7,train
5fcb21a3-6223-4ed4-bd39-1ee7c5ad6ea8,train
5fd3ccaa-c222-4780-b0c0-cebd6e90b830,train
5fd942b9-cb9d-4c66-a786-532ff8752df7,train
5fdd8759-76b2-4d68-897b-74fb229e2c7c,train
5fe78d3d-a2d6-4b5a-b010-74cf46dfbb33,train
5fec7f76-345c-4a1c-8aad-e989af4044b8,train
5ff8f295-abcf-4680-84a8-bde8a2254736,train
5ffa73e6-1b6b-45dd-8bc3-ce9bc14e9f3f,train
60029b12-a6a6-44a0-8910-5eb03f722eb4,train
600775e2-82af-4c7b-b1d1-05359fef7de0,train
600d5869-b7a8-4741-b148-0c7f29ba04a5,train
600d921f-f99c-41fc-9756-56d6965bbc5e,train
60121a1f-7f04-4973-bb63-9430096ff87b,train
601f5dc0-71ed-4d43-9d77-c0da82a360ba,train
602e9735-864c-4628-ac36-2078a8be2300,train
60412440-e6a7-47cf-9985-a53b7b502397,train
60518421-82f2-490c-84d9-29071953ea3a,train
60699232-09ed-4ae3-94e7-1327275cb94c,train
607357c7-a1fb-4368-95d8-ce28162476f3,train
60772eda-a7f0-4a0e-b12d-cbf5927823ec,train
607cf7ee-c585-472a-b1fd-57860c1abaf1,train
60ae5452-5b96-4726-8ecd-ace8e2208246,train
60c00b2d-2090-4f90-b060-77c14c66cfd9,train
60db3f9e-b06f-4eee-a31e-5845f42a0f5f,train
60fbfcc8-1957-4181-961d-b5110bd6fb46,train
610b5d64-f3a7-4226-a59d-64ca72c47058,train
6112d633-15fb-4406-af66-17e8daaa8603,train
612111b9-9bca-4d56-9d94-bbad3dadf549,train
613729f6-26f0-4836-a956-67f35b4417a2,train
61442b2f-78c8-4c35-99fd-a698c90a4238,train
61482494-60f9-4590-89f9-f54981a51097,train
6153787e-dd97-45b9-aeb8-30e66190de34,train
61559b20-7ee0-4ea0-81df-d2433edb8558,train
6170074c-7506-4c9a-92cb-a8bf66fd0b8f,train
6179882c-3dad-4eb2-aea5-8acf42f0b1ec,train
6181a14b-d212-4913-afa4-e2a8ff3c3cce,train
61cb0868-6ea7-429f-9aef-8f6ed00de6d1,train
61cb663b-ec9c-4098-9ba4-6d5824995f84,train
61fb4c5d-7861-4633-86e3-52f41050d8c9,train
6205ad7d-5055-4fbb-9a28-9cdab095ad44,train
6209de21-4447-4330-9213-e2a9886d238c,train
6221e469-0713-4bf1-86a2-bdc5acba672c,train
6256889b-b71a-43cd-905e-d641cb453525,train
625d449c-d8d2-4a72-b5a0-407a0dd23d9d,train
625f4350-8fda-41e1-bdab-9b7074bce5f1,train
6269d859-684b-415d-9a08-e9bdfc6fc1e6,train
62701f3c-588d-4c20-b4eb-c5df409c564b,train
62902c68-5d05-48e9-9179-d30cfe564429,train
62c9ac55-9910-4acd-8c08-dd952c0215cc,train
62e02554-52fa-4f6c-b79c-9aa10fe290fd,train
62e58fe2-04a6-4cd7-93f0-5cbb8e5f20b2,train
62f8f64d-2dc7-4baf-bff0-8fdc848f517c,train
630a41a5-f0d1-4e41-a37b-9a884b6ef623,train
631cad48-f554-4f2d-b2b0-2b36288ab286,train
6322c459-5c59-4131-8c57-c7410552136d,train
632a3023-2041-4d86-8fa6-9b1e2093155b,train
6340d743-2f52-4851-af3f-3d948f1b3079,train
6351d06f-a748-4f42-a32c-3ffc0965cb43,train
6355202b-9728-46a8-96e1-82e492d8230b,train
637d4c89-d4cf-4c11-b8d1-0084f7ec9509,train
6394a524-5ce7-43d2-9ae3-4b42b08855c8,train
63c0f8b5-3eba-4977-b25a-6b15e73816ab,train
63c14f61-887a-452d-8942-607a9c834eac,train
63c2ddef-1906-4c48-9a26-ca9f33744cd6,train
63ce1d6f-eba3-4b4f-9a78-838594164091,train
63d984ce-dfbf-48fe-a21c-5f1005af5af1,train
63e67003-ea2e-4971-87a0-479461318865,train
63f1c1d5-4cf6-49ec-b66a-577096accda6,train
63fa27a5-1d1c-4892-89b8-8a48f2ae598a,train
63ff4f8f-5a31-440f-a4a3-97b7e2f5fe36,train
6401b2d4-562f-4447-9286-bb4665f3f6a7,train
6405a587-6de9-45f9-8c74-8cf3b94b7f84,train
641a058d-ed75-410b-a0f4-427dfdc8353c,train
641f4388-ce37-47f0-8bdd-d9c938257620,train
642984c5-3a66-466e-bc33-6d62df37cc6f,train
64344147-8bf0-4f96-9af4-69245bb1d569,train
64353e00-296c-47e0-9391-37a281b2c84e,train
644913ef-9399-4ef3-8e19-d44fb8d14767,train
644ae2a3-ec38-490a-8494-ae011acee5b1,train
644af6e4-17d6-406a-8671-3a2cae5e93f1,train
64562682-bcfd-4ff3-addf-17f0d101e62b,train
6458be2a-58cd-4120-9b08-273182c7574f,train
646ba1c9-6ca0-4368-8329-73631d153847,train
64735d74-2714-486d-9832-9ca361ffd851,train
64738b0e-4c82-4561-9b1f-a9f472131d2e,train
6478b2be-6063-484a-abb2-ba602bad784c,train
647937d2-ab35-45c9-9660-f9e81cafc557,train
6479fa1c-a179-4fe7-8381-a9a4ebd408e4,train
648174d5-8e64-41af-bfcc-09250f71e2d5,train
6491d66b-c520-4b9f-96c2-b778446f4cbc,train
64947f44-9a21-4780-90ab-4c42c9acfe7a,train
64ab1f57-c72e-4919-9ded-3e9a383dcbee,train
64b07398-dbb6-44a4-9b27-f2799ba13f7c,train
64cbfe2f-32f8-4f0b-a70f-0756917c63f6,train
64d2fd76-d64d-4661-8748-bb457dfb17fb,train
64d579ef-bb45-4f66-bddd-5785cf5a939e,train
64d877e9-36fc-4726-9937-429c7266fcee,train
64d991c2-1a85-4af6-aa6c-be1767e790ec,train
64e12ddc-c9fb-4716-92eb-037574a8fce1,train
64ea4df6-ad42-4949-aeda-202c76cd6e16,train
64f47780-086d-46f4-a59d-49c8ecdd839f,train
64ffb077-b5e1-4981-b420-b6bee5a1abdc,train
650afd34-66d2-4d44-84d3-36a8b84bb730,train
652ac3c3-96df-429f-b69a-a29d76582abc,train
652b995c-0de3-4ffc-8c38-e535b21e42a2,train
65498006-93d3-43a1-b93a-e9ed4f269d14,train
657afb56-2716-4760-85d1-6d0e52755efc,train
658a5e11-b1ed-472a-98a4-13e2ce197ad8,train
658ce81e-e033-4f8f-91ff-63d0e6fee51c,train
6594c2ee-cd45-4523-8d3d-c3c56d531fdd,train
659e0f3c-df67-4da7-875d-3c1dde685cdb,train
65a14303-45a3-403a-ae69-14f5cffef5b7,train
65a6ae38-14e0-45ca-8eeb-43c00c87e1e2,train
65afe20c-3b50-414a-81a4-7d4bfc7f8d86,train
65b9a40f-5549-4074-9ba4-ae4167c4ae9a,train
65cb9947-fc50-4beb-8cb6-776adf846a88,train
65ceef4c-027e-4566-8b34-68ad5e902291,train
65e792df-8c1b-446a-94f2-abfd6f064d92,train
66007f7f-143b-4f27-bf48-fddf5cd766dd,train
6615c49f-4c96-4f3d-8684-b0cbe5d3cbeb,train
66297928-9729-40c3-b32c-9b50a42ea659,train
66483555-c820-405f-9665-aea86ee879ba,train
66488d9d-4e77-4669-bc86-8ef0d1790fd3,train
664cfb3e-e5ee-49a7-b174-9e7e0ac47c51,train
6657258f-db4d-4825-b119-0c34b41fd9e9,train
6657ad2a-7d91-41b1-8361-f638d270bd7e,train
665be6a9-1e6d-414a-8633-290918b29089,train
66689a6d-7d33-4509-ad3e-087e7d20c38f,train
66859c0b-3497-44aa-ae1f-f37fc37e5165,train
66885d63-700f-4795-8bdf-0f0b879ac3bd,train
6690a4a0-e2c5-448f-bd1b-d6624ca88893,train
66a526c6-a038-4d02-863f-427b24587f54,train
66aa4f0f-01d7-4e98-afcb-b8ab6b21de42,train
66ba6f24-f6ff-4dbc-96d7-5f7eab077602,train
66d39832-b499-4684-93c4-bb6eac7ffd1d,train
66d68047-96d3-42be-9c1b-80a9f9e4f8a2,train
66e2e4e1-5e92-47b7-b7a8-a578fbb01e17,train
66e6bd1f-2fdc-4100-8921-c1b1612ec7eb,train
66edbd7e-7873-44e5-82ee-0c18be639534,train
670df08a-a7d8-41ea-8fa9-7b4fa7c9faab,train
6710863b-262d-46d6-836d-dcbc66d17a4e,train
672fa259-86df-4b14-ae61-b8e09b648fc6,train
67312be0-7150-4862-bf3a-443f441a883f,train
6734be31-e0bc-47dc-a507-3bbf55caab37,train
67359a12-69e3-4dd4-adf2-0e7ee7598d6d,train
673988c3-49d4-430d-9c21-9bae238a6d70,train
6749a2ab-7e4e-46ec-8959-0b3ce63f5853,train
674c402c-208b-487e-a842-5bdbfa9b464d,train
6754438a-ab2e-45bc-aeb6-1f1be25f1763,train
67603e72-0b7a-4025-8589-8951aa2d5819,train
676fe895-107c-410f-b9a6-097587853743,train
6779709f-b823-49f3-96b3-003d04e80928,train
677fd8a4-4059-4641-aa7d-43f7991c86cf,train
67837bb7-f969-42bc-b352-8f9b66bb01a0,train
67972841-61eb-429b-a1b9-b55b7a431a3a,train
679b6998-1c3e-4e0e-a499-3610023ce09c,train
67be52a7-5551-4d8a-b18c-da8dabf7efdc,train
67cb63f8-14c5-4833-8da4-776f537d988d,train
67cd7309-fd9c-42fb-b30b-0ddae7b59d16,train
67d4de44-fed0-4403-997a-89a5162e4471,train
67d9c0a9-0fab-4fcf-96a0-ee92efb5996b,train
67e8095c-914b-49e7-bbb5-9f6203f83a1c,train
67edb11a-6fb5-438b-920f-f888f7a71c45,train
67f545be-1fc7-4313-a6c6-a3af7836c298,train
67f79ae4-7f9f-436e-ad9f-df8537309bf5,train
67fb9db5-2a0e-43ab-b215-471275c22ef9,train
67fe35d8-2fed-4aeb-a4c6-d1a6ca1f34b0,train
680cc8da-934e-4b79-9047-4f9acce43a68,train
683e3917-2796-4e90-889c-c7774d29e7f4,train
6845935c-82ec-4122-a54f-5f8189abd9ca,train
685ed84a-2929-4705-b8ab-2e3a4213372b,train
6860700e-ccc0-4974-9c27-bed32bee08ce,train
686de056-d771-4cff-9bf8-f2853269e8ae,train
68808f73-17d9-4fc6-b714-4990458b3104,train
688d3a6e-0303-4a05-b31c-117be42493cf,train
68a0a98c-99b7-4e72-ab86-a7fc0858801e,train
68a94f38-c59f-4400-8fc1-7113ee3248aa,train
68aab881-fe9e-43de-9774-85888f587c30,train
68af649b-a413-4c5b-92ef-4d10f9115134,train
68b4b228-fd61-4c9f-a9de-96e851e75834,train
68cff206-5638-4e84-a4ac-b948493e2eb3,train
68d1a7b2-a2d1-4c86-861b-830c3dfd2ffa,train
68dc434a-d62d-4a21-807e-477cf0c3fd49,train
68e06678-d042-49a5-8dc6-418707286111,train
68e3cb36-10d3-4798-938a-71798c25631c,train
68f5cdc2-2602-4cc2-a474-9cc361a0ba3b,train
68fd2112-db7b-4f59-88a6-c9cab4a1cd1f,train
69660d5c-eade-4a67-9d54-31a0aa43ac84,train
696e1946-87f7-42aa-ae4a-159a293b947b,train
696f7ac7-2999-4ef5-b02d-93c3b0dc8bed,train
6974b1e6-b345-4a2c-a59f-92c1c351ef4c,train
69854a24-147f-4afa-b3ad-b60c304463f0,train
698cc167-ed5f-4596-aacd-219715e4c648,train
69915422-b2c3-48c1-aa0b-4768e0155b14,train
6995fd35-0a56-4659-8752-efd7554a8242,train
6997e43b-13b2-4584-ba8b-42e7e9396325,train
69a3359c-00ea-46eb-83cb-87737964baac,train
69b19719-0ae2-4325-9bd7-86d574841a71,train
69bb8187-4b97-42c3-83e8-5b6924151445,train
69c1c42e-a81f-44cb-966e-7ce5d7d2a272,train
69d5a95f-9550-48e9-bc18-6e7351ce885f,train
69f286f2-2cdc-4a6c-9a61-83cb92482c12,train
6a04defe-72b7-41e4-9e16-cc9c66372440,train
6a187f33-746b-4c78-b778-1ef9592ee0bb,train
6a191af9-e5c6-4802-adac-65c84f9d8b58,train
6a21cdea-aa34-4dbc-aa8b-643efdedcc22,train
6a22b6bc-e221-4017-a8a7-ba85436d8c98,train
6a288432-e9b0-4019-8051-4293b41f3a8d,train
6a32faee-9ca8-43a6-b56b-1d4b4030de1a,train
6a436d3b-a972-4cfb-9f93-4b9c1569baf0,train
6a49bdd9-109c-4d93-afb5-fc9719782ebd,train
6a51b6e8-7170-4df1-b0c8-8ecb8203e095,train
6a6dffe8-9f7c-41ce-9aa0-ff1b89a3e692,train
6a8f8297-f7c4-47ee-86db-7e0ee433340f,train
6aa1d1a3-da9b-4c0a-b5b1-fef06e065481,train
6aadb842-af14-4bc0-a31b-5335b8a75a5b,train
6ab08891-94f6-48b9-a87f-8b830c147fd2,train
6acd269d-0528-4a48-bfb9-8ae36592c6ad,train
6ad089d3-7a79-459c-ac38-19f60ce29d62,train
6ae7a1d1-3abc-4d97-a3fb-cb3354249a5f,train
6af0181d-6523-452a-817f-ca090e88c3bb,train
6af712ec-3302-43c2-adcd-047330235334,train
6b0a6b21-d4ef-4fb3-ad9b-39612b529199,train
6b31a181-5285-40cb-8b02-cbe3c9ed1822,train
6b5c7974-7504-49c0-890c-4363772499ae,train
6b7bdc69-63c4-4d6e-94a1-8be53ae76e94,train
6b8114d7-a60f-4b21-a804-044dc2cc0f4a,train
6b85ea4f-428e-460a-9d1f-4effde017784,train
6b87e0ac-fb33-4589-a86b-7d22e15001a7,train
6b943144-e642-4fbf-986c-a21f0f892141,train
6bad689c-582f-4426-84c2-f4e4bfa989af,train
6bb5e9c8-bc63-4103-b353-b4f762c37e88,train
6bd20584-1bab-4de6-9ea0-3869acb63079,train
6bd2e3fc-2aac-4daf-b403-347cc9a166f7,train
6bd5f34b-8235-468a-a665-bb27c43d2dfa,train
6bf1d760-4c3d-4f4b-965d-823adf27dc8c,train
6bfa4228-62cd-434b-b97c-53ec6292fb6f,train
6bfe7ba0-8794-4689-8690-3f74e37331eb,train
6c026ae7-e411-4198-8080-593a51b42ac0,train
6c0cd25d-3512-40c2-9962-2768f744b1d1,train
6c1df906-28a3-4be4-8a56-b44e4fe13fbd,train
6c23123f-e730-4fc8-acbe-4279b6eccbd4,train
6c2d775b-b41c-4f18-9c1f-f61cd13065d7,train
6c2ff5d6-94d4-4402-bb5b-bd68146082a0,train
6c338c03-1e18-4b00-8ddf-4d4adcd71481,train
6c3a43e9-9260-4d75-9c1a-102100ddd31a,train
6c43fc31-1e49-4a5f-b3c0-8694d47b027a,train
6c6e415b-8f23-499e-9cca-41b86d85d98a,train
6c8761ab-64cd-4cd9-a1cc-fdbd9f0b3beb,train
6c886bf2-881e-4a6b-9e79-bc9606bc6633,train
6c88f3c9-8bb0-468f-89d3-7efa68a4078d,train
6c90c9f1-d30b-48a1-ba06-d489fa6c9797,train
6c9bd462-964a-4e2a-ab9b-604d1873c7cc,train
6c9c0eb4-3def-4a11-abe5-ff99b57e27d0,train
6cabc680-57d3-4f84-992c-622e02d0087c,train
6cc56659-648c-4c2f-9059-bb96a422de66,train
6cc9487b-de93-4866-8df5-b86c0dbabbc5,train
6cce290f-f8e1-4e5d-9598-7c1c484cfd13,train
6cd5861e-1ae7-444f-9e07-bbf5bac67c90,train
6cdb920f-ed80-4989-bff2-4b23084e280c,train
6cde7b14-39ee-42be-86f5-8bda8158f377,train
6ceb5669-3501-48c6-bdb1-4d3213dd5b3e,train
6cf976f6-d8a4-4906-a140-9f2322681fd3,train
6d065f97-2214-46e4-81f9-11b4143a067d,train
6d21f597-0428-4ee8-9f45-d0d7e53195c3,train
6d2de181-34dd-45c9-a320-2543c84c16e0,train
6d3c0cf0-3b05-4186-9cda-1c8fff7e01c9,train
6d4bc619-5ca0-45aa-a47f-95529acb3620,train
6d528ac6-8389-43c7-8dad-1da12c8c7969,train
6d5936c9-0133-494c-ba1d-46232fc68446,train
6d5c2e77-8fef-4ddd-93de-b3233ad3d19a,train
6d626cf8-06ba-4472-97a4-f2707094f0ba,train
6d7864f9-d96c-4718-b87b-e23e552fbf44,train
6d798fd4-cb59-40b4-9b22-04eca469f8e1,train
6d8381b6-55f7-4b3f-b855-a1295f0d66f2,train
6d8ea228-2de9-4765-9c48-781e80319a80,train
6d9edcd3-4223-4093-b927-b5864ec8f30d,train
6da5df97-227c-4a22-84fc-ad2479139b01,train
6db09ec0-47a4-41cd-b2d3-7afc909b5f16,train
6dbb480d-cd0d-4703-9560-8d75da242899,train
6dbbae32-3b66-438e-b06f-89e150a27f4e,train
6dcc490d-c138-420c-8fc2-2e507843edd7,train
6de5e3bd-88ff-4982-af13-4788942187ec,train
6dee2728-9ee1-4dc8-b463-054ed8d7dae4,train
6dfb2761-6595-4f50-9113-289b14f669f3,train
6dfe4d19-30d4-4f22-875b-fc1358d75b8e,train
6e057bca-673e-45a1-8262-26a21ad0e5c1,train
6e071079-1e23-4cb5-90ff-5a95eb99c258,train
6e150bab-ea8d-4fa8-8d24-37359bfb8b6b,train
6e2010ab-6540-439b-a39c-78e552eaca3e,train
6e2259a0-0c14-401e-82b7-73af4e0f1e77,train
6e2aa6a4-12ea-4b42-9074-131cf7745db6,train
6e4c7c0b-1f34-496c-9258-3d065db3a495,train
6e576b84-ebd3-457a-bd9d-bdd62a004260,train
6e7f436f-201b-40f2-b920-ac74b19779ad,train
6e8853ab-f1a3-4900-8bb7-80a6c4d29210,train
6ec2f6b9-8464-4660-8514-2e6806977953,train
6ec3bb47-90ba-465f-8f82-622e9e756c1e,train
6ec7dfc7-f3a4-458b-a596-158d74004382,train
6ed4ce67-120c-4e65-aeb2-3a7090ae8a50,train
6ed5a620-a847-43e0-a570-25fcf94a58b2,train
6ed8d844-4e62-48c5-b826-08638783df32,train
6ee9491f-941f-4f22-a8c8-df6c0e51d73e,train
6eec53eb-e22f-43f9-a977-8ed83cf4bf57,train
6f084255-a406-4834-8369-494b406eef98,train
6f2a604e-a187-474c-8edf-c8afb542381f,train
6f37b6c1-ede7-426a-9284-e364c4f46ec3,train
6f3c6009-395e-4ad4-ab49-eaac72ce3580,train
6f449120-4b74-4a7d-905e-1921345a6650,train
6f44df6c-ed8c-459d-94d2-673872dd2e6a,train
6f45df9e-76a4-42bc-a036-fce5a3101f9b,train
6f9a0850-2dcc-47c5-8559-e661ef0e2125,train
6f9d1796-ed57-408f-a833-f136d42827c0,train
6fb0ac33-e5cb-4992-9753-38fa71877d74,train
6fb1f848-8a0d-4608-a327-fd1016cf7b7a,train
6fb87d9a-a79e-473b-837f-92b7fee3ad76,train
6fce2a55-1c18-49d6-ae7c-6538209b3d08,train
6fe26a5a-149f-47ac-9c7e-014de3b84a75,train
7001086c-a061-4825-ad14-2725329edc98,train
70078d24-bd61-4f16-b201-b68f3e95cbb7,train
701862fd-c7b7-47b9-b3d7-c5c5c2e7fbe7,train
704198da-e2d9-4c49-a16f-2e00bc502720,train
705096e7-e202-4dd5-9689-7a86ec08e3ee,train
705703c4-7b3f-496a-b3fb-6f005d879e5b,train
705e5b5c-705a-4f14-93f4-6f7e0632b8aa,train
706568ad-f3eb-403b-a01d-42c5dea5de6d,train
7072c6ca-25c4-433f-a946-d1b3710467cc,train
708426d9-948c-470a-a1be-64aa4cb218b3,train
708a282d-b1c1-4ded-a6bd-60970653ef11,train
708e384d-39a6-47f2-9608-0f0dd33d8db4,train
70a7cff3-8a2d-4fa9-a55b-f0e72a3aa6e6,train
70bd8f95-e462-418f-b69f-2bef311c6e81,train
70d0bf27-3494-4553-99f7-6ec996844ef6,train
70d1387c-65b2-46c5-9334-98688f2b6be0,train
70eb660f-7ce7-4c9c-96b9-23a5b48af384,train
70f964cd-7038-4a49-95dd-93b734475e4f,train
70fceb92-5800-4954-a0e2-158d8f3115d7,train
71252a82-9c69-4ff1-9d8e-a1bd990b440a,train
712b8fa6-2649-4826-9d45-d8a6951e43f1,train
713b28f4-cc1c-413a-83a4-644eabcf7c20,train
7145ee9f-d2d0-4fee-b01e-0732155a8a35,train
714b00f3-b681-4f62-b50f-3c1f0b5e2fdc,train
714fe9fc-8c10-4fe5-a862-1af439399d9b,train
715154be-d3bd-4263-a108-96af4e62499b,train
7155e66d-3352-480a-8bcf-900c805b9a50,train
715e83f4-6b7b-4794-a2e3-ca7db3486d40,train
7160e46c-318b-4e3e-ac25-32095cb6f2ab,train
71658c0d-1987-47cc-9d96-c4f654f2a673,train
7171dbe5-1665-4e93-bfe8-2552c6f196ce,train
71790f6f-517d-4bf4-beb1-6bb2aa8cb1ac,train
717c2555-3175-4331-b192-8b7760f3fc64,train
717f09d5-6009-48a3-a782-41f2e32107ff,train
71802c56-5969-4b0b-a344-fed0dd6e59b8,train
71815e82-35fa-4cb2-a795-5ff956793066,train
719896d2-8197-48df-b94e-1fefbb7b5d4b,train
71b316d2-ae32-4186-a619-77ddaf1f368f,train
71c7923b-9466-49b1-a925-7fda37706726,train
71c99381-cf36-4be7-811a-797935f0de6b,train
71cee10d-3048-4aa1-8b5c-375ebc843e17,train
71ec40f0-3139-4aec-b3a6-dcce9a987e27,train
720fefa4-ec0c-4b01-932f-2c094539ae55,train
721769f4-6531-47b4-bfd6-72272dbb44e5,train
7226dfa2-b01a-4ee0-b884-d14fbd40656d,train
723a5698-9241-45d7-abeb-a3237de09981,train
723eea5c-0906-4703-8e84-a77d46622413,train
72407d86-4ae8-4dd4-904f-dc876cab4df7,train
72414d2f-b9cc-4b68-8a71-9a2eab17d3ed,train
72469855-a9db-40d6-947a-d9b169b35600,train
724d1e86-a022-4520-aa81-22f8754e7d1d,train
724ea801-0655-4e82-919d-82197dafee8d,train
725ea94f-58f4-40e0-ac76-4534e3883a2b,train
72608b10-6259-4b4d-93eb-62e7292cf2ca,train
727f7971-f179-4533-9f01-b87ab05ed968,train
728981b9-1bec-455e-8cb7-8fa25668c767,train
728b6925-46ca-4ba7-b688-2dceeeee8182,train
728fd09a-70b9-4a85-acbd-4e6ec808711b,train
7292c2a9-3696-429c-8056-3b40dea3ad0d,train
72ba11ef-f120-440b-9242-e57febbec3c4,train
72c72eed-1b8e-4a47-8879-3685a00af1f8,train
72dc2d0f-34a6-4f07-88d7-db85c644ec68,train
72df519e-aa69-43fb-a9ca-6d9eb6fb51c0,train
72f85508-d5c3-4740-87e1-4087e5b5b285,train
730631aa-c9c3-4663-825b-82f1519b6c32,train
7333c32b-211d-489f-b40a-9afa2e19d9b1,train
733c86c3-dff7-4d08-9989-bba407448ca0,train
7365a5e1-6a1a-4231-b55c-8f8922e86717,train
73684fd8-e43d-4777-9aad-cfbbe3722c9e,train
73771bec-5ce4-4bb5-93cc-5561b002dd27,train
7384f177-bf08-42b2-9c5b-8c0d31ae3a42,train
73890d17-db0d-4275-b879-f34369252cef,train
73b8cd78-a29b-4a6d-90f4-a2a3770e25b6,train
73c2d6fc-fba1-4543-9462-9b48d8c8baad,train
73cb62b8-9aac-4444-9a7d-608b51908d6b,train
73ccdce9-450e-403b-9c83-7d4b329909f6,train
73d41b79-1464-4152-9eeb-1b71de7371dc,train
73e9873d-67d4-417c-a5bc-629b09d52746,train
73f0fb63-8be5-4dc8-ba4f-9d236b0f54d0,train
73f2fce5-680a-4053-888a-390c941edb0d,train
740bb9f8-2a20-49b6-865c-b48f91d7b78d,train
74114c73-2c39-4273-be5d-a7ef013b4ce3,train
7420fb2f-c51c-4a44-b565-1b9728db3565,train
7426dc48-8c1a-467d-9d1b-1ba21ef03f41,train
74291c43-6a1c-4a5d-baf5-ad3299eeda82,train
7446ac89-4ad5-400d-b0e7-aecde2e0535b,train
7450d0e1-2f4e-4973-b09b-6139553aa0be,train
7456be6f-cc26-4836-9d64-43fc0efbe288,train
746515c1-e543-40f4-afe8-08fd51e4ed1b,train
7468e48b-fdef-4aa6-a4d3-2a62d6c030aa,train
746f1f22-2801-467c-ba9b-08724c5bf347,train
74839ed4-26da-429c-8bec-b8fa536ec268,train
74967963-90a7-4dbf-8184-5b1d8649ea45,train
749b4639-8c9f-4e74-ab62-c4799b1eb2a5,train
74a1b532-6f34-4a0d-94f8-604c73457bb8,train
74b6248c-b517-4820-a327-b57ae8637709,train
74d98ab4-80b2-4a2e-88cf-7d689cb5481e,train
74ea5096-6135-46fa-a747-dbdb28b51273,train
7509476b-de8d-4c2e-8bda-ee0f57520d32,train
753e0a32-baef-429e-a8af-599c71957a85,train
756f3137-29fc-4268-b003-40e61e22f07d,train
75752a5b-aaa3-4927-85f7-06dd0b7c1108,train
757aa8a3-8141-4190-8778-bfc8b137fab0,train
758c9e40-dbc4-4e68-9a12-13abf6255d5c,train
75a2fcef-5a3b-4ab1-9af9-91f25f142d5f,train
75ab3fed-cb3c-4498-b779-5f5e1a91f8e9,train
75ac738c-f928-41ae-b21d-c432fb7b51ef,train
75b108c8-6c04-42fc-8182-b7922d219639,train
75ca7fee-3359-4c68-8d18-ede704e8aab3,train
75cff92b-1be7-4cba-9583-3525217f0e61,train
75d1e06e-8e36-492b-b371-1fc271a4f96c,train
76214f82-255b-4f26-9298-fec958a4bd96,train
7631b04d-c534-41cc-b10b-04ff9ee12e21,train
7650a06d-4b4b-4a79-925c-55f07c73045b,train
7686c46b-36c7-4ae9-b548-81d01cabb157,train
76875589-78d7-4450-a1ba-8003ea2b6eb3,train
76acd290-79e5-48af-9d30-713aaa795f83,train
770ff954-4eb7-4baa-82de-cd043c1b2e8a,train
77104f7d-7390-424a-bec9-bef83aeebc27,train
7711eee6-8854-4e6d-b18a-3b08b0abe6a3,train
77136eff-4ef9-4e4e-a905-43bb718ca16e,train
771792fd-0c9d-47aa-b87a-b652a7808074,train
771dbc30-3ecf-4422-a51c-76ac169ec25d,train
7730e51a-82f9-4f67-a43e-16712b5cc87b,train
774ba8db-54fd-42fd-bcae-2d9decd62aeb,train
77865b64-516f-4f90-a3a0-d0715b104533,train
779b6902-035b-4f0f-9450-cdaee8d4ae3a,train
77a6e103-7d3e-45ed-b841-3bf7f603957b,train
77bf578d-831f-4e6a-800a-6d7edafd6adc,train
77c1daa7-edce-446c-9e2a-9e833aeebf25,train
77d8ba87-003d-4700-8ef6-19728b495bfa,train
77eaac9c-21f2-4fe8-885d-9b5284205b01,train
77f73ff3-e529-46e2-8719-c120efc1f482,train
77f83287-6f7c-4821-94e3-525d530134c9,train
7807e614-b1cc-4818-82f4-9af18b658d24,train
78085f30-da80-4205-9c43-ba348497a4cc,train
7809a38f-8de8-40fb-bc1f-2db63b495607,train
78115292-d250-4d6a-ae6f-b3510848eb77,train
78139f3b-1117-4a54-8e5c-bac14fc50c79,train
7816fcf5-65fb-4a61-b6a3-53c592c73312,train
7817d2e2-b809-4500-9880-9e6e10336ce4,train
7860a8c4-f5aa-4e6c-9b5b-f33b69606c80,train
786499cf-f58a-4968-9037-dff3ac2eaeed,train
78703d04-b6cb-4f6a-ac7f-d26fcd12511c,train
7882c376-f518-417a-8379-c3b345db65de,train
78854d0a-0cdf-4766-8918-2adf64bec32b,train
7891b5f5-a133-4bd3-9187-de1bedf4941d,train
789c6ced-fe19-470a-ae03-354f793f1f5c,train
78a8eb92-6293-4eb4-ac99-c9e7ae8921ce,train
78aa4df5-1c03-4616-9b6c-0f29232ba83b,train
78adcb3c-a166-4ff0-925d-87faf7cf1f35,train
78ba2bdf-d560-42ba-9690-8c39cd307a77,train
78d15098-13ca-462a-8212-f90e5a1472e4,train
78e05270-c345-4bd9-b049-0b07eeea9a60,train
78e981e6-292d-4d86-9d44-12ae0acb26f8,train
78eb97d4-35d0-47e7-a3a0-35e5abebf7d7,train
78f07043-1369-4175-8280-7659c17d018b,train
78f344f6-2444-42fa-9120-a166cf741eda,train
78fdc906-62b9-4864-8b23-662090629d76,train
7915fd8c-92a5-409d-9b9c-21d440fd0f5c,train
79178480-7f97-4ff2-b959-ecff9cadf875,train
7921bb5d-33d7-41f1-963b-1390b056e73d,train
79411cb8-5c8b-4f01-8192-cdaac6ea5e9a,train
79421703-f4c9-456e-9ccf-d9b3645a96d7,train
795a58e4-43a5-4986-b02c-1b25423359d6,train
7961d54e-3045-400b-b5a4-32c93a1563d2,train
7969c2d3-7b6e-4a90-9fe2-a1e2ecd95432,train
79ab658b-1af8-44e9-9e04-24e78fca1071,train
79af2291-2f64-4b8d-a889-e36a38b4bf0b,train
79b2f365-c774-423a-befd-770ca181bad3,train
79e2a51d-a779-4f60-a22b-32c8112fcd36,train
79e31398-f477-4955-8fc7-f654b6817af8,train
79f3f7ad-a292-418c-9f4f-1db0e6305f93,train
79f8c96d-9d2d-443b-96fb-2d9fa3aea3a5,train
7a00047b-5cad-4082-9c64-a3b33d370d9f,train
7a2629e0-b647-4c3d-a573-72fa3f255e68,train
7a2cc13e-60af-4218-b89f-8a0414d7fc66,train
7a38ece8-797b-459e-8952-72300e266723,train
7a50735a-5931-4bc8-8fa3-049a3a1cc3b7,train
7a59090b-fedc-4bd7-90ec-6b5212aa43f5,train
7a6390c3-6a4e-4d1b-9fc6-62930665b289,train
7a783470-cbfa-438a-b390-11a479178286,train
7a990296-977d-418d-8c21-c1e7e2fc846d,train
7ab163e2-2a5c-4c97-9df6-e54096f4920d,train
7abb18cb-645e-4602-95dc-484bd9a4bf91,train
7accfe1e-a715-4686-8f64-221b4f91156b,train
7ad0aebd-a7e7-4183-b967-c17c16ebfebe,train
7ae62456-e008-40a8-aafd-4322c9875a41,train
7ae72646-70bc-4191-834f-e82a28228a3b,train
7ae9aa0e-a694-494d-b5a2-dd4ac1dd773f,train
7aeba75b-2733-4366-ac5a-3eeb76884c82,train
7b0a0471-1fb7-460b-b334-5d64d1275245,train
7b0d5101-88e5-4e04-ab21-327ba5931ff9,train
7b103819-3ea1-463a-a42d-1bd2fe5439e4,train
7b137c48-c647-46c4-a09c-702fd52c84fb,train
7b1c3a55-577f-4703-b659-91fd8c5bbcbd,train
7b31da89-243e-468e-b263-4600670afc2f,train
7b354a31-675b-4690-a6a9-35bed6e83b33,train
7b3b460e-f7d3-4cfe-8903-f800599d2e98,train
7b435329-2e70-4292-9bbd-995a3802430f,train
7b506080-002d-4d6e-8a8d-44ef090bdb43,train
7b6a16e8-00d3-484e-96cf-8c01003ddb40,train
7b713d49-7564-4885-b41f-3049b5e9f0e8,train
7b7ed351-ed17-47b3-97a8-770b10648aa3,train
7b90a612-9819-49f4-800e-42010c1a527f,train
7b95210c-a9c8-44bc-934b-beeabde21c53,train
7b96a8d4-3606-4df0-a11b-b785c4811ec0,train
7bcc4aba-b1d8-477f-b410-15330f78c622,train
7bd1111c-b6bb-423d-acb2-f132c83e2617,train
7bd4eb96-7f30-40be-8dde-4c64d7058167,train
7bdae549-69b7-4644-8e95-1403f9ac3dc1,train
7bfa4854-f9ad-4015-90ad-83e9a89ddd7d,train
7c076a3e-f0a0-4f98-9400-2b66241a5ba4,train
7c13861b-b7a0-423a-ab7d-622245383015,train
7c198860-20eb-4f74-9e33-9add5056b4d0,train
7c210df6-2a6a-4148-9fc5-ff3cf0a9bc13,train
7c289eff-64fb-422d-848e-7acad3c717ec,train
7c2d3d6f-aa96-4d1a-a020-20db470e8f6f,train
7c337edb-8f7e-4db0-8e0c-abbe94a61e8b,train
7c5c9319-e18c-4b5e-b5e9-59787231b4a0,train
7c61f6a2-8f5b-4b2b-a9a2-131fc9d38ac3,train
7c671d78-c2a9-408a-b817-38f38bc0586a,train
7ca5c0d0-96d4-4e54-8376-54911e7f78d0,train
7ca6f282-8bbf-4c41-a399-10290d13458b,train
7caf5e22-e3c8-4ebc-a4c2-4b898b4670a2,train
7cb751bc-f458-4d09-866b-8b94d7726530,train
7cbd23c7-2a84-4e7c-b472-2b69c4653b35,train
7ccafcd7-eece-4e08-847f-8bb9d3ec77cd,train
7ccca46b-0eff-43a0-ab78-8bbbe7edbb97,train
7ceb7842-7ada-4024-bc13-5528421fd742,train
7cef03eb-9e5e-4665-9f2a-560309fff0fa,train
7d13ff26-ab17-4f76-8573-ceedef1f5c39,train
7d15688a-407a-47f2-aa89-0af20d2d3bd3,train
7d359d9f-018d-4bff-9180-1faedb21d0c2,train
7d48d56e-79d2-418e-882e-1dd4cc909dc8,train
7d53fb4f-96a0-4cd8-afc0-e3b4f2d1e6e2,train
7d5ad416-7aaf-47ff-8fb0-f40c92b7f288,train
7d73d7a8-1dad-467d-a580-da09d4713a69,train
7d793136-4277-447c-8483-20fcc77ca666,train
7d7a9b60-068c-494e-9061-99e612d235b7,train
7d8103d9-e3bb-4db1-9bd0-a2cb94f25ad8,train
7d8382c6-e917-4cc4-b2dc-34ec900a9557,train
7d889c2a-4357-467c-86e4-96ec6d8ee91e,train
7d8ab51e-24dd-40bf-b2d9-d664d0b1aa0f,train
7d8efedf-6cc8-45b6-88e2-e0fe30fddfb0,train
7d98df4a-19ea-4c40-994c-f3fb6206dd0d,train
7d9f5f42-20ee-44b9-b70e-30b176bc10b3,train
7da56251-f2da-4bfa-8ccc-f0e6db91ee48,train
7da58e5d-3f92-4439-85ac-79bb8aac5488,train
7da86ed2-6817-410d-9d8b-2c2b19eaaf03,train
7dad494d-dee8-42f6-b694-1b981f31b169,train
7db2c4a6-d3c2-4aaa-94b1-41a9738d9d0a,train
7dcbd152-0419-456a-8f41-0baaeeed82ef,train
7de69faf-7cac-4caf-8dd7-f397e4e5de13,train
7df51195-6d98-45ef-b818-db85dbc5604c,train
7df771d5-79a3-474d-94d6-32dbc032b332,train
7e0d3cda-5678-49af-81fb-3e7e5e7ba15b,train
7e20fd64-145c-4225-b213-4a9f77159f9e,train
7e280d7f-36cc-43d5-8520-6a854bdbc13e,train
7e4a4435-e5ed-41b3-bed8-ac391a57d27d,train
7e5bfd73-add5-4aa7-aa69-563881abe9ab,train
7e5e9b96-7468-4135-91fa-f2fcd22d7473,train
7e6282cf-a3d0-45bb-ae3f-89b68528958e,train
7e75681b-c24d-4718-8e5b-9b90fae6a0e6,train
7e809711-d5c3-4d4c-a5e6-1d05c2af67de,train
7e94b7f9-eb28-4051-9d4c-5c91505285d9,train
7eb694d7-a8bc-478a-a688-855cd93e2db9,train
7ec7d9bc-9a83-48d8-b610-777066804b98,train
7ee892d1-66b2-4abc-8be7-ac81e7fe8bed,train
7efbabeb-ef80-4857-b121-b7d86c52af81,train
7f00e81d-3c8a-4f01-b92e-d7b8bee92dff,train
7f0154f3-ca9b-41d2-a778-ce3d2e4218d1,train
7f0360b1-2510-4d15-be0e-97ac38535314,train
7f22a75f-5651-421c-a98a-67a69ad35675,train
7f278986-69b7-4461-a584-eddc03d81ef0,train
7f334d9f-0cfd-4ffa-ab9b-dbf0f7e0f289,train
7f35b4b4-5efd-4298-9f0a-ae839211ecdf,train
7f439e2f-bf62-4a52-b6ef-b84d6c6b562b,train
7f64fba9-900a-4557-abf6-da475a31adbd,train
7f656644-4195-4b17-bc84-87bf8d1c620a,train
7f66f149-8420-414d-aca9-e63eaf867d76,train
7f7249ab-c935-4ce4-aac5-3b08bfb25dea,train
7f9734d0-61d3-4f7a-b106-b009b1a2e919,train
7fa25fbc-4f4a-414a-bf28-1693b7063251,train
7fa509ca-b0b4-4560-8655-a06143e6d06d,train
7fa64dfe-342f-45d9-aceb-0f313faf0689,train
7fafb6fa-791e-48b3-9152-292c3fad1a02,train
7fb9eb8b-5406-421c-a6b1-136d56f4aa02,train
7fd7f67a-3019-414f-90c9-af3b67d33211,train
7fdb417d-ef09-4c65-95fb-460ef695543c,train
7fe32405-f0d6-4c37-a023-ce44a2e5234a,train
7fe536d9-5b3d-4847-9d1e-a22e8227e4b2,train
800265b5-8a29-44c2-b8d6-02d16420e4ef,train
800a3ca0-f169-4312-bbbe-c80582a2b35e,train
800a3e02-58a5-41e6-a3f4-92762b25aa38,train
801193c4-2902-479c-8822-1b730a64ff61,train
8035136d-0fe7-42e4-a834-3c9916be929f,train
804d4c62-99aa-4ec2-9890-b52f117f5949,train
8055a6f7-9e6d-4e6e-9b1d-2d3ea1b25c90,train
80872a67-4a12-420e-920d-d2eb593c4203,train
8090a806-1939-450f-ac23-eed06b4be09a,train
809606ba-e161-4750-9ed8-57a68b8f4602,train
809d56ba-c9f7-4e37-9313-5fe99a7d8280,train
80bd9a4d-01aa-41c1-967e-67d520929041,train
80c0d1f9-1d03-4d04-bf9f-011ff4deb1d3,train
80c462c2-eb63-4511-af85-62be14db204c,train
80de1afc-9a59-4021-a23d-c4f5bfb3bc12,train
80f2f39c-0aee-48e6-acaa-73076b29180f,train
80f738c8-1f37-4125-8542-6dac9f70f6ad,train
8104a1b2-a050-4d12-bcf7-1711e04fa025,train
811545a8-543e-4787-93d0-1839db06139b,train
8123e892-c60d-4484-8a9a-c49605423506,train
812f6a81-7dc6-4a30-a961-d18428ba9952,train
813657f4-c65c-4570-b716-1dbef78a0391,train
8137aff3-84e8-43ef-bb7f-eae997c69904,train
813d42ef-cbec-41af-9270-29bcbfa11923,train
81401464-b69c-441f-b04c-5052d331b195,train
8141644d-0761-4929-9c69-aa722475863e,train
814d56e1-2c27-48e1-b984-629ea755ce49,train
8157868a-0e6f-45b3-b65a-aa6c178e8cf1,train
81607aa8-e517-4944-a2da-304a720fb3d9,train
817559e1-f469-4a04-82a4-64fe967453ed,train
8180641f-893a-426b-8317-13c60445384b,train
81811797-8396-4515-a27d-d75e21f7cbfb,train
8186708c-4d66-46ec-977d-38ffd71b08ed,train
81876736-d55a-480e-801b-5de0d5a4f0bd,train
8197bb04-1481-4388-9582-55e00f704be2,train
81e02ae3-c4b6-4813-9472-09bf33ca403a,train
81e3a610-7702-4e70-a950-f12a00b23bef,train
81e7e045-1deb-403d-9be2-2fb097801da1,train
81ea8e67-619c-47d1-aac7-9a187f567b77,train
81edb3ed-8d4d-4f6d-ade7-4292260741fb,train
8209f124-254f-4e14-8502-262f5ba05887,train
8212b74a-bd02-4c96-8e51-5cdb83fda1b0,train
822df1f4-c8cd-4922-b245-cd90babdae1a,train
82399347-f2ae-42a2-8512-96fc98a54b3b,train
823cf65e-d9dc-4c25-ab6f-8e8b045e5f1b,train
8250264e-e009-429f-9684-655daa00b22f,train
825a9cab-68a4-477f-aec0-bdb6802ab622,train
825e7bc8-613e-4e36-9c95-914b54406938,train
8289ce07-e826-4b2c-a40e-23b7ca31659d,train
828a6fe1-f5e1-49df-85d9-7fcceeb7f1a7,train
82a85e8c-cced-4116-b28f-d5896b13c1af,train
82c75255-8630-4e59-88f3-50df7f304c49,train
82cb8702-52c5-4cdc-a45b-0ecbb906034a,train
82cce88b-526d-4a0f-823b-bb7ab3cd39ea,train
82d61cda-33a8-401f-9f60-d28a233abed1,train
82e5459f-7737-4189-8e4e-82f524e4dc27,train
82e5987a-769d-4d2c-bdbe-7453d12d8450,train
82ec53d2-4cf7-4234-a5ca-b1410cf3b1e8,train
82ed5485-65ed-4924-b107-84de0fc78a0a,train
82f17332-3bb8-464e-bbc6-c97c384f5e9f,train
83172893-6608-44c8-9bc9-82fbb55b3826,train
833f0bf0-b4aa-4e7e-9191-1788c293ae3e,train
83a650a7-7b59-47ec-8716-56e061b8a23d,train
83ae5992-976c-42af-a348-061e762f46e4,train
83b61fda-ea6e-4ba6-9a0f-65cb4c031921,train
83d6a4ae-d1cb-4db6-8847-34bcc2255425,train
83ebd2aa-4f2a-48a2-b8d8-e461e7e02956,train
83edb633-4fba-4595-83ac-8fd0b011e412,train
83f753dd-f908-4f6c-89ba-54c0cc9f5cf0,train
8405aa54-e0b8-4c35-85be-c628b9e63c2f,train
841a3670-3a1d-4f59-a5be-a8672580e4ac,train
8422ef1a-02c0-4178-bef5-0630770571fc,train
84231986-6e10-4b80-8fd2-88efae44fa1b,train
8426cb2a-9ff4-4907-8cc2-a4eec20d71d1,train
844c8984-2797-4aae-9837-1bcce875210b,train
8453bbdb-5354-40af-a965-6c30fea2d23e,train
845e1d11-61bc-4463-b491-40428174927d,train
8468d652-57f1-439e-b90b-65e5c1349351,train
847dc2f8-88d8-4921-baf1-964ad2da2cdb,train
84b8340a-ef11-49ba-bf5c-f66ccdec2c30,train
84be478f-ef4e-4aa0-962c-c1d3ab32c1cd,train
84d132d7-2b07-4a2b-b8aa-f1c94b97db3f,train
84de5a72-74ca-4af4-8ebd-65225b9712b3,train
84ef7a5d-cb68-4132-b681-dc9027b980ea,train
84fbbdd9-0965-4388-ba84-f12b635ed7d4,train
84fe54e3-f5ff-4e8b-88a6-ab4b6ac10bf0,train
850fe69b-556c-48bd-ae44-fab8293a8a36,train
852a3c84-ab22-41f9-93ed-c3a91164fed0,train
852ab157-82f9-4cea-82d5-4d6648a6d0d3,train
85364775-c937-4c1d-8974-5fce56b314e9,train
8538e294-a7f7-4718-90ab-966c316156b9,train
853e06bb-9af2-468a-a34e-151f1abf6ca4,train
855810e3-9422-4c17-90ea-d7b10818cd8f,train
855ceea7-4aef-455e-9af8-138e6c8f69aa,train
85604bc4-0c6c-40a0-8bd8-c6908d126e9b,train
85800437-2c21-47e7-a9ef-8c5639e90237,train
8581ff98-efff-4c53-aa1c-ef8098a5524c,train
85883981-0e30-4cd3-83d4-2e7ca11ac683,train
85a7e4e1-718d-48e9-b7b4-d9b61f39a562,train
85a928cd-400b-4c39-a9c3-c89e0990db90,train
85ac6be3-0ef9-4670-a93a-87a78f31a790,train
85af534d-dea3-40bd-8c53-f33eafabd925,train
85d7a528-70aa-4b21-9238-32d9aee55b7c,train
85e9dc36-1ab0-4e6f-9a86-c8d023be8adc,train
85eac076-3a73-4ac9-a4a7-13ee88f141d2,train
85f200c8-b4d8-4c33-a472-acab35f7893d,train
85f3acee-bdf4-445a-8428-2527db470079,train
85f6875c-cfc8-4fb0-8790-485c8806a304,train
85fbbef6-4e3b-43ed-a7de-29e03721fcfa,train
85fef121-069c-4371-8670-8faa7fa7e210,train
86009113-a9cd-4707-9b94-bb148632765b,train
86358393-ddac-411b-b606-0e2e6a86fdb6,train
863a1c7a-18ec-4710-8916-54773d50e5b7,train
864096bb-301c-4563-89d5-6ce2ab555aba,train
865895c7-79da-463f-b44c-70051a24e108,train
8669ee21-15dd-4193-b7d4-c00e23c3d2be,train
86700ff0-eefb-4e75-92ae-4cc971305822,train
868af828-4c74-43f1-a6d4-3c2f5f086d35,train
8693df97-d5cb-4d2a-bd38-f101a58ddf69,train
8698ea66-c3fd-4241-aa2d-bc0533ab942f,train
86a90b8d-ffc9-49e2-a0f7-13dd68bf9275,train
86bd5cc7-ddf0-4fc4-8c64-ff602256d036,train
86e085e5-5855-44f6-aef7-3e6da1f9f2da,train
86ed71f7-0d31-4687-96c8-2bc6c6c66473,train
8710c908-e9b8-4b5a-8586-7e4bfd7bfa3c,train
8713870b-4898-4e53-90db-f17e4829c8c3,train
8722e033-9cef-43d0-ba7f-89871730a62d,train
87256eaa-455d-4449-8b0d-0da18288ffbe,train
8729b255-9a28-4484-92ca-dcbc87a9ba99,train
8730737b-675e-4d67-9b8d-61d0cc62710a,train
873553e9-fda8-44f0-a476-3f4d09e7d5bf,train
873df763-056e-46ac-8ee6-9a6eb73cd2d1,train
873f9630-750b-4873-aea3-2edd5db5bbed,train
874d2449-856a-4463-8ccf-7082800a2ae4,train
87711d42-952f-45dd-8e3a-5e8d9b05dc72,train
8771ed83-827e-4ca7-af4d-2fa463577db5,train
87770fb8-c273-44a8-ade6-6a6713a01a4c,train
8789f661-9bf3-406e-92ae-b07afa632991,train
87929d52-bde9-4411-b61a-ec140e14eade,train
87b1f5b8-497e-4534-b2b5-85a20287c072,train
87bc6fbe-c5b4-420f-b21f-e737e96061cb,train
87c14529-c296-48db-8a64-25c09a64305d,train
87ef6863-653e-42e6-b1c7-a2d1b1f2af71,train
880d2954-b30b-47cd-b4d4-03feeaa9d667,train
88159393-22b0-4bf9-88af-f591cccb8e0d,train
88202e4d-ccab-430b-a4b6-cd3f48cb648d,train
882f9813-63cd-4a35-bc28-42d7399d4959,train
883ab051-0796-4829-9f82-6f140edc0546,train
883e70ff-77cb-4e94-99fd-76efa678b206,train
88567ee4-74b6-4e68-833b-00e6181efb9d,train
8873afdc-c12a-4462-b952-50b1a3c22008,train
8891edf6-37cc-4948-8cdf-126511e5c1fe,train
889a6008-8533-47cb-927d-b91a536fef37,train
88a730f3-676d-4d64-a829-9515ddc51ee2,train
88bfb0f6-ca4c-4542-8ce1-8fdbe4db509e,train
8900ee65-1362-4fb6-8f3c-74dafbefefa9,train
8910b0d2-db43-4c1e-adb8-8fd0b9d93538,train
89159cb0-93d5-49a8-9c18-ea2771bc2107,train
892703c1-c050-4f2e-b280-8818f4800c5e,train
8932e5bf-d6be-45e7-bc34-c4a45125ce7a,train
894a2717-8108-48ec-b968-96ae712ccdbc,train
8962e667-b01c-4bae-98f0-b2f3dabb08f7,train
897531c2-fb4f-49be-ab29-05b61c8cb92b,train
8987fc26-cc86-4a6b-a3ac-521100b872fe,train
89d0c44b-ab81-47f2-b442-4c5d50242e12,train
89d406f2-7ed0-4a43-a508-ba9de00ce305,train
89d93606-0af6-410d-bdfb-855036a446cf,train
89dca62c-f012-4489-bd23-10abdf441ed1,train
89ddc29b-a77d-4670-9704-a92d278360ef,train
89f76b31-75fa-4a91-899f-dcd495b63834,train
89f8a6da-a60b-42a5-8f99-cb1879e1430d,train
8a0df685-9bbe-459d-bb5e-196f640bbf16,train
8a1fe34f-9a87-414b-a065-6f979f4b730a,train
8a2bc95e-1c43-425e-937a-a87f2bf2559d,train
8a36d9ae-7e46-4519-8dcf-b79088708fa0,train
8a40d822-0704-4353-b106-e0b072e1dbb3,train
8a43c5e4-fe6a-4bb3-b0cc-9958d33e1da9,train
8a52e233-9155-49ed-91ce-4ccea332c384,train
8a5aef22-c2c2-46c5-b277-92e0e107210c,train
8a79c727-a971-4484-aadd-5146ddf43b91,train
8ab6ccde-8491-45a4-82ed-a8c7b0364a5b,train
8aec236c-9f21-4967-8b82-9b387b8a71a8,train
8aec40f2-d7b4-46fa-af16-57faf7a9274a,train
8aed2ac0-2ebe-4fc0-a7a1-32f3ee1fe699,train
8b1619ff-789c-4cc9-b479-b1b3833920d7,train
8b1cca1e-756a-4506-a04d-74349b9c9fca,train
8b1eab43-b437-41f7-af56-12e51bb08f49,train
8b246532-6e2a-47d0-bb1c-3eeaade5ac88,train
8b2d1122-9763-4b68-8a35-c8f69d4a9e55,train
8b2e8984-3d6e-4ff0-a19d-d6e582520646,train
8b3fcfb0-a3b9-412a-b297-ea7b3e7f2dba,train
8b67ae8a-d7da-40dc-9969-d3b4d0c33182,train
8b691ab5-8d75-4f5f-9245-8c13825090e9,train
8b8586e6-227e-4a79-9783-249ccc59b9eb,train
8b9d7205-2810-480a-b50b-6667baaa6d52,train
8ba5c3f4-a98a-4d08-8c38-b6ce140388d9,train
8ba7d322-b4f0-464e-b034-dbb3d6a81012,train
8bab2722-3562-4b93-944e-4dfc0ce5ed89,train
8bb51084-75d4-4b3a-a3ec-8f6573a42e53,train
8bbfb52c-7c2c-48f3-9b2c-88a671ccb15f,train
8bc125ec-489c-4b4c-a169-fb185674ced6,train
8bd1d682-7992-42ab-a2fc-a874a181e80d,train
8bee4581-35eb-47f0-9b66-805a6e9c8767,train
8c2bfb4e-dc56-492d-8439-21cc080ca739,train
8c4793cf-4fe9-4206-a23c-8f19b6d4a46d,train
8c58118d-38f1-4770-86cd-f4339ef89d8a,train
8c75da50-cee8-406a-97cb-a1406dde4a43,train
8c7c3e75-bcc6-49a9-8053-4be86335a373,train
8c7f1eb8-207c-4fa1-a2a8-743784e479ed,train
8c8aee13-af0e-4dd8-870b-29a3396ef948,train
8c91d18a-20e9-43d4-8131-f2d2fe0541d6,train
8c9510b0-48ee-4eca-adcb-93bc9071025e,train
8c9669f9-55bc-4e2c-8261-156c9c7bf8cd,train
8c96725b-3b1b-4924-8a81-be06edbdfc81,train
8cab8dc7-5cf5-407e-a406-00ea0641fd72,train
8cb328f0-9544-4c2a-b746-2f73c2cd7263,train
8cb8b79e-13c1-49fc-98ff-e2c5cf706512,train
8ce78cff-4491-4e23-b06d-1a5ac12542d1,train
8cf369bd-60e0-4496-b363-99e6cb63aaca,train
8d29af50-7711-4074-aa8b-3237bde79418,train
8d337b46-3b17-4a7c-b112-76b06bc5a180,train
8d423fe0-b899-4cdf-aa6f-f639c3576a3f,train
8d4541d5-41ae-4a79-88c8-2361298c3ccf,train
8d4b7cdc-2c26-46a2-8c35-b4100f6b7057,train
8d5341ca-3e98-469c-929d-4660b7d8bcad,train
8d69a3b8-2323-4c92-ba4a-111410c6ae52,train
8d704789-015e-4ccb-ac01-97c4e3762421,train
8d739386-45fb-4c05-857c-32f21c296566,train
8d73b1f0-be16-4ff1-939b-85833c1df90d,train
8d8eaef3-43f8-4ef6-ac5e-9f05af7be4a1,train
8d9e17a3-aa43-463b-a241-6314451f823b,train
8dbffc43-f846-4e38-8a1b-73ae081cb934,train
8dc27b45-ef23-426f-9109-d6dcd704c357,train
8dcaccce-1eec-4157-a813-4e1544ed22b9,train
8dcb679d-0415-42e4-9bf0-d98590722e1a,train
8df0b126-6de4-4f1d-b3fa-42714b6e64ea,train
8dfada0d-46d9-4c89-8da7-83067ccb2b31,train
8e03e903-4314-42ba-883c-61c0bbff6b57,train
8e1c1eca-5286-4b1d-a0fc-b57b20fc7852,train
8e1f7781-f7d2-4408-b7dd-06020b2fa9b3,train
8e2f79e2-7d2c-470a-aadb-8a954a64607f,train
8e31cb72-85cc-48a5-807f-503d1ab96181,train
8e37b745-d6d2-41d9-aa7a-4c27b68e4054,train
8e42c68d-aa8f-4505-b0ba-82368987db61,train
8e454578-af10-49b0-99c7-27ccf075666a,train
8e496429-63d8-452d-8524-5ee7fcaeced1,train
8e5ce74c-ea30-4597-8e52-5dad6e9bbfe9,train
8e65224b-47e5-4ea9-b22f-809896ec3e43,train
8e75f905-cf19-4f5a-b7d7-5d0fa967ac30,train
8e7e0e1e-f8a5-42fb-aaa5-b432a9fae4c4,train
8e83bf31-7968-4c21-9251-9ef430f99f49,train
8e8aba23-06af-433d-841e-5a22b545c783,train
8e99f438-1455-4071-ac65-3b8ba6425db9,train
8ebecb79-6fbd-45f9-b00c-9dd0c3297319,train
8ec95a8f-31d2-496e-9bdd-19ad30b45262,train
8ee6d3f7-ad3e-405d-bd70-cafe4a26b40f,train
8eea9a9f-a33f-4296-9bce-53a7d9007baf,train
8eec6e9b-98ab-43c4-ac69-efb0005e17b1,train
8efdfb6f-fc1a-4197-93e4-849939186911,train
8f011e97-3b64-45dc-994f-6a8fe290f1e0,train
8f093dfd-d0da-4283-a1a4-88c607fedc04,train
8f1caacb-98c0-489c-9502-4b317810bb2b,train
8f66aa61-db01-4bb3-9743-3882252a3d07,train
8f78b3ad-1c72-4940-984a-94044ffc08cc,train
8f7f312f-297c-4467-8ed1-726021853590,train
8f915fc2-eb29-4eab-be0b-8cb7509adc10,train
8fb6e0ab-576c-49b5-b24f-8082d5410ac4,train
8fc576ec-d61f-44e0-8112-4096c07074ce,train
8fc93716-2486-46e7-867d-84a8578ef234,train
8fd007b5-07f1-4c63-b027-0299aeab1a82,train
8fd759a1-25ff-461d-8eca-de1349aaa6cf,train
8fd930a0-d871-41c7-8c12-4867bf4142e0,train
8fdeaf5c-a3d6-45df-9c9d-1a0410b193e4,train
8fe3f255-b796-47aa-866b-5554b55807f9,train
8fe87b2f-aa56-411e-be78-304e152b9eb2,train
8fe89237-64cd-447c-bb22-83063d6ad717,train
8fe8f254-6a25-4b17-a892-1f55018ceeba,train
8fff2cd2-2596-45e7-8bc1-4934360bd8e1,train
9010274f-ef4c-411e-a0d1-2e7d44bbc964,train
90243e25-1f64-4e17-bcc4-f30c6904cd2a,train
9048f70b-6b41-4d6e-a240-fddf1beb86a4,train
9075c1d7-6600-4583-929c-f1e3c21b7f57,train
9088bfc3-355e-4d78-9559-d0c3ad16af3e,train
9099a9d3-a09f-4e51-85f6-ee1993afdfd3,train
909a373c-9cd3-4c55-b966-7e9efba15c3e,train
90a990b3-f742-40cf-a6f0-b10a44bebbe9,train
90b22f18-9fd9-49b6-b467-b8cad4d1a874,train
90c86cee-b59a-457b-9f71-c257bf1e23a0,train
90e1b663-04a2-4541-80b5-7d7f1af52252,train
90f78a5c-675e-4bf0-8ef5-7492a5d2a58f,train
90fabf59-da2f-4a31-8e37-7d57c09974a9,train
9100cf63-c217-4e62-9c6a-60aa4736aa9f,train
9103d6cd-4e9f-40a7-af33-b942465e4ba7,train
91101e2c-847c-41ec-a968-f68a6aa722d0,train
9112d9c6-2453-420b-8874-6d32fbf13acb,train
912664bc-9aae-4a90-a315-199691931bbb,train
9139190e-45f3-453c-aaa4-80ffc10e5e81,train
913c2369-4ffa-4a21-bb2a-358ad754f896,train
913dc9e5-efc8-4af5-b94e-202928ad80d6,train
914395fa-c7da-4029-8e57-db8de5698906,train
91574597-fe12-4b6a-a7f5-c9482996b4ce,train
9183775b-bc0b-4d8b-9e61-e29007ecf87e,train
918645e9-3105-4c6f-9fac-58fc918fc792,train
9186f3ee-24c0-49bf-8637-f958e5c41dfc,train
918c4022-9a63-4515-be86-975d3741c275,train
91914cf1-a51e-4a5d-bdf3-f3bd1ddc5b31,train
91a11b07-86e4-418b-b462-d148ac1362ab,train
91a16ae4-1d81-46e4-9d0f-dafd770d9a29,train
91a2dce2-d305-47c6-add1-6913be1aacae,train
91b40b76-6845-4051-8336-75d018d80d23,train
91ba00b5-2f49-4795-810c-8cbce4355bb1,train
91c1bc09-52ed-4169-94e0-13abe75b67fd,train
91c8b4be-3dec-4fd9-89d8-c7fbf0c33771,train
91d16009-05f1-414e-bab6-b3a4fcfc4eaa,train
91d18892-95b2-4457-ae18-b80d3a6dc3e9,train
91f6628f-b009-4e0d-ba5c-1ca1d31a117a,train
9205c73f-aec5-41ca-882b-09f0c63a4d5c,train
92105bcd-c4ec-41e5-ba96-1c79a43531c2,train
923f5665-052d-441e-984f-517d5643e65e,train
92433c51-6ac5-4d51-9bd0-56834fbdc58d,train
924c587c-e461-40f8-9488-13baae347818,train
924e4723-10b1-4031-a7e3-c7e651f2a779,train
9286c759-e8d9-48da-847c-8e7a48e7f5d3,train
9287b1d6-ddde-48ba-911e-76d0923391e1,train
92a48db3-ba18-4c6d-a958-29da682b789c,train
92b1aca5-58e7-4870-86dd-c50870738a0a,train
92ba4433-26be-41d8-a624-76f592d22a32,train
92d85ea4-e82d-4552-ac2d-ed477c934e90,train
92d9170d-827d-4f0a-b16b-326175e26bf9,train
92efb1e3-ee04-4b2a-93be-1ad4238b8688,train
92fccd0e-db13-4895-92bd-a79c144fdc9d,train
92fde154-dc11-4054-beb3-8a706a16a269,train
92fe2758-c880-45bf-a8a3-90c62ffc607e,train
9304e670-8dbb-4674-86f6-68366778c8a0,train
9305c3fd-9692-4663-a987-e352f7f5b6e2,train
93062bd9-7343-4736-8d7e-3b4c2dcd1966,train
93093acf-c94e-4f96-9cd7-1a989fe320fd,train
933eaf58-524c-49b9-a2d9-4df2c7614879,train
934e7412-325d-4543-aad0-eebeea4ade3f,train
935908a0-cc1c-407f-9f71-8c139dca7f53,train
936fc6ea-2b16-4798-9e13-4528e389c15f,train
9370731c-4a6f-4d2e-a5a4-9296c30bb976,train
9378a880-c539-4a9a-be1d-42a9506064bd,train
937af731-38a6-4d01-9414-8c1d27bf7fe0,train
93837372-15ab-4ae3-8faf-20cd0962cec8,train
93866f69-c8d1-4ec2-be23-04ba31e1cd47,train
9391578f-1688-45cc-942e-39ba74af8b3c,train
939986b0-fc6e-4f4f-a7e8-f2d2f79a0887,train
93b2b7cf-fed5-466a-9e44-bce286ce9050,train
93be5f25-8d27-49d1-82d6-1a05f4e9b4b3,train
93bf5c0d-ef6b-42e5-ad0b-10f2d3b09bb5,train
93da0602-7964-4d1a-b81c-0983a52877c8,train
93efeac9-4b18-47f7-8954-315e1a690bce,train
93f48ac2-c789-41d3-90c0-6e1fe1db47ea,train
93faf023-1b76-4944-9884-259e705743d1,train
94037628-36ad-45ac-ae47-ca1f5c03e153,train
942b47cb-535d-47fd-a177-d604eded982d,train
9431b321-814c-4125-b6b4-4f53dc6cd630,train
9440bac1-c09b-4f4f-a1ef-e7eeda3bfaa6,train
944f1ada-d406-44c9-9d1e-4a991e5718e5,train
9455710b-c128-49c0-89a0-03f564b6ecc8,train
945610f8-d15f-4a47-8989-fa48b00d578e,train
9456c9f2-375b-4902-a5a8-3e564b9a843e,train
94668e23-5d98-433c-b383-466f8fd4c1fd,train
94672f7c-003b-454a-8963-262db88af9f1,train
9469fedf-1a60-428e-9f06-11e653861666,train
947631d3-2388-4bb7-bd3c-bdd7a9aa2c94,train
94765887-c2af-40b1-9f40-b1165f3ddafb,train
947a56f6-747c-4984-a061-c5461ae3b482,train
947bdc2d-b101-4da0-8e93-6dafa9847729,train
9483a3a0-519f-4554-addb-6b9c6aabd15d,train
94ab8200-e249-4d34-8865-ce8777c860ec,train
94ad2a71-08c6-419b-ac57-a0c6f65061d4,train
94c4af8f-8687-4e94-b3d6-cecbcfebd21f,train
94e1211d-b702-458b-be5b-262cae109c7c,train
94e76e7c-bd2c-4d62-8eea-61b5dc54b8c9,train
94ea121f-c60c-4520-aa1f-59f113218d9e,train
94f81ddf-3236-45d9-9e8a-b92aacdbf692,train
94f8c2c8-a5e0-4a01-a7e3-b2a0b5151dfc,train
951ac8da-cae1-448f-a455-ab986433ef29,train
952466d7-a75e-49e7-bc75-49800479e8b6,train
9543c2e0-e098-4084-a838-0e3fae6bd7e1,train
955dc8c1-48bb-4f09-9e2f-c2db521977d3,train
957de216-b25c-4d87-8251-2dc12b86b414,train
9591d727-ea4c-4291-8f95-c7fd1deda88d,train
9596f802-595a-44f3-9f83-47fe2fbc7583,train
959e8559-1ee7-481d-b761-c8455e6f3579,train
95b3573d-0e34-4ccf-bb7f-299c3449456c,train
95bcce2c-affa-42c7-99b9-e53e0d2283b1,train
95d6eba1-a6bf-4b10-a0ee-c7dc60dc1427,train
95d76614-3f82-4a7b-be51-52f967ca3253,train
961e1256-5e76-423e-ae72-f8b1d417a0df,train
9636cd00-1366-421b-88fc-17d1e1f98f79,train
963fd475-70ea-469c-82cf-8d0a4b7fe2d7,train
964d6a9e-55fd-47f4-afe6-3a855f57f526,train
964dc8ce-a17c-4691-8681-6f7a92e1a373,train
96799362-9fc8-4f34-8458-5ba2e01de189,train
967a9c59-6038-4403-884a-fce61d7673fe,train
968d107b-d82a-4f54-ad7e-e6d9a88db8dd,train
96a58447-9d50-4ff3-a4f3-b4e435868abb,train
96b1020e-ba06-4bbb-ba3b-28e0002187d9,train
96b9e07c-68fb-48db-8905-3b4ef122cffe,train
96c942e0-1af0-46bd-8a89-8e436577e224,train
96cd6ef1-7a24-458c-895e-60cc0381ccab,train
96cdfbfc-9bbc-416c-9c31-4d1fca9c85e2,train
96cee114-e0d2-46bb-86c3-245ac7c2c3f7,train
96dd6f2c-98f6-4a83-a3e7-806333cb96ec,train
96e188c5-99b9-491a-a035-80ca09e5e447,train
96e233a4-1c24-47f2-90bc-0957a32ab8e1,train
96e67751-befa-4140-bf86-e025142122cd,train
96e891ad-6613-4fe5-86ad-095e02cf3983,train
97020faa-c25b-40f4-8623-114ac16b1709,train
9703a37d-8140-40db-a648-a47c59db8238,train
9712dc37-7d5b-4246-bf6d-8563b31adb76,train
9714eb06-2c1f-4bdb-b49a-6b23456e1cb0,train
97161c06-0da9-41ca-afc9-20ad2c9e8c81,train
97355d60-159b-49ab-98a8-f39d0d6325b0,train
97382c63-a516-4450-b435-d17abb76500e,train
97422dae-acba-4cbf-8875-3f8ac6ffcf78,train
974ba924-7286-4b2d-a5a9-8d4bb8fafe09,train
974bf2c3-8e53-42c3-bfd2-201c998f08e9,train
9763f03c-9548-4864-acfd-e5977c2b86ab,train
976a9c0d-3104-4150-8903-eb2099ef87b2,train
976faabc-e67b-47c7-87ea-5ed4a97bb30c,train
9770e362-252c-40b6-9725-25c1e04ea25b,train
9797c68d-09be-454f-abd3-fc1150cb862a,train
97a92078-0073-4553-b872-7183cda38fc1,train
97d12a1d-9f0f-4626-bf60-665f9bade247,train
97d12b05-52a0-4228-bbb3-70f076d53437,train
97dfaa91-877e-4027-98f7-27b86ffe41fb,train
97ffae18-5571-4aeb-8c5b-8f7325b48ec4,train
98011a44-0876-40eb-b6ac-8f717cb21ccc,train
981603ae-c0f4-4dec-8d9c-de0db9f0b49a,train
98164a88-0595-48e0-b2c0-2a2ab932a2f6,train
981c16b6-0cbb-4d68-b07d-a67b171d939e,train
98257c31-aaa9-475c-9e4b-e74edccf7814,train
982f64d1-b8ea-4a8b-bb3e-4b83aa2c730a,train
9831fd11-7cdc-4c1b-936d-bc33d8a3109f,train
9837744b-0a8e-4988-ac08-4f6346a04f3b,train
9837d69b-e0ea-4fb2-bd14-07e025545df7,train
983c29d5-20a4-4358-b638-ad0d4572e25a,train
984952aa-d665-4d6c-b7f6-36856945e76c,train
985675c3-3922-4177-a3ef-f6c2d4ddf04b,train
9856f923-fed5-4d54-8a6c-46224550fdfd,train
98615752-4e40-4ea5-85b5-4d33050cab4b,train
9861705b-174d-43db-aad2-aa1f68fadf1a,train
98747cc5-7f2d-4790-829f-54127fe782af,train
98775dfb-837d-4b06-a4bc-d7db50e116b6,train
98794703-9c5f-401e-adac-48e09650830a,train
987bb597-261d-4b6d-b862-14371f41fac3,train
98896676-078a-4b55-b8aa-7fe58630a2bc,train
98937af4-1d0d-436c-9a1a-13de78fa28b0,train
98998138-450d-4439-a8bc-9e09fed62a16,train
98a57724-842f-4d53-90d0-1861efa1e9ba,train
98be04ee-31cf-4dbf-931d-c2377b58e423,train
98ccb2cc-d4ba-4e3c-beaa-dbd6d57703f5,train
98ddcfa0-c042-45c2-9872-bc3349a5bbf5,train
98f9dbf3-a0b4-49b8-be07-b47104daff39,train
98fd8dea-2ab5-4cfa-bf6c-48ef09f6ae8f,train
98ff43e8-b3c1-4753-bbc3-62da4172539f,train
990884a4-8ba3-4ab9-91c8-697f362acdb9,train
990b2d8b-bde1-4b8a-9c9e-2f989ff86087,train
990bc5dc-9947-497b-a99a-f61584b36d46,train
9942ef4b-153d-476f-a186-5b85b543dd2d,train
994a282c-36ff-46c7-b8b8-3f0cd8a3d7cf,train
995b0504-0f54-4305-a40b-448d3bdfc7e6,train
99602740-7073-43e8-a332-54ddfad400f9,train
996bf4fd-e949-41f6-b138-60ff518fae59,train
996ff41f-9ca4-4665-8678-9807050d338e,train
99796dbe-12dc-4d96-bce6-eb50739fe0b8,train
9983e308-2d40-48ac-915d-cb1b4a4f66ea,train
99a00a11-d501-4173-9a63-497f29ae16ed,train
99a89588-3fcd-4583-a9bc-cd2e988712fe,train
99ab0a2c-30f7-4912-9490-9cb41c39294f,train
99ab1246-4819-4260-9398-b7bee484b03a,train
99b8f73f-b3a7-437c-9596-16a4bbcce668,train
99d5c0c7-a3f6-4468-8963-306e123d068f,train
99de4be7-60f2-4a96-abbc-526814b1648c,train
99e2344d-2486-434e-ae4e-4ecb024e693f,train
99f6b979-15f6-469d-a851-719cdd5ac13d,train
9a0ee322-986f-4571-93d2-67526333f2e5,train
9a2ee427-415b-47af-baf3-85dfa50f7d8a,train
9a3a7639-f943-4d47-9930-8180c02eaa7a,train
9a450ce2-f82b-41dd-86a7-72e1c1796a18,train
9a45ee2d-b3fd-4df0-b5c8-6be8217d98f5,train
9a58d3c2-6f4a-4cea-91ee-1c09d88d8722,train
9a5d56d6-ec9e-4eae-95fd-c4a38bc7d80d,train
9a7015b1-ca48-4917-8dfa-c80cd2f1a78d,train
9a7216bb-bcdf-42b3-bf3f-5a0561891a08,train
9a77b374-0a09-4141-adef-472bb3ce8c01,train
9a821e5d-066c-4a03-a4cd-b421f1dd732d,train
9a90110d-c2ab-43c6-936d-5e4f797e8786,train
9a93a8fd-2750-48a9-a91b-9f9768fbbc39,train
9a951009-1c88-48db-886e-84ee992f7f4f,train
9a95cd4d-c01b-44a8-a838-00352e4251de,train
9a95d458-ab40-4f94-9ea6-42ace64576c6,train
9a963823-0f1d-446d-a8c5-de1825a449e2,train
9aafeda9-44f2-4476-8582-031211cdcf70,train
9abeb530-1190-4c4b-b25a-2d6df6fbf633,train
9afa7305-f88b-4235-ad41-9003deca4ad9,train
9afb7de7-aff5-4a16-b7e1-05926bbb8082,train
9b00a530-9d61-4715-9ac5-639ebb84b09b,train
9b4d5150-88ee-4ccf-825f-23ae67387823,train
9b578d5a-bc25-4933-9d8b-b57f11be3068,train
9b59a6a8-82e3-46be-960d-187ccb9b8dbe,train
9b7194d8-50d4-4755-9f05-0e93768fb4d1,train
9b72a281-08c7-4986-a897-21df9de450e1,train
9b773e4d-2d56-4a68-a4f3-79f670a5c6b4,train
9b80f085-a401-42eb-b794-a80d1563065f,train
9b8a643c-88b0-4e7c-a417-b4f2cd1e2d14,train
9b8cdcb3-4f44-4d83-a8ea-b674e8e5870c,train
9b90e3e4-857b-41f0-bd81-8de62540f322,train
9ba3deaa-3aa6-41bf-b40f-6666da187e5c,train
9bb3f0e1-b953-406e-a893-17b336a1c38f,train
9bb7a820-4762-4155-9e46-7045cfff1df2,train
9bbcc3a4-ab1c-4849-a3fb-ac6b23f8ab37,train
9bc1ed4e-c604-4c7a-b921-94c16af22565,train
9bda397c-6839-4d27-86be-0a18bf4f18dd,train
9be93025-5632-42f1-92aa-2fcbf3a43c41,train
9c032372-0b2b-448d-9f48-c94fca7101c6,train
9c0eaa6b-b617-4b37-86a2-040d7685b540,train
9c23d0a6-e02b-4954-89a7-a838acbdc4bb,train
9c24d3b1-9da9-4680-82f6-89f58860a9dd,train
9c37f3c1-4107-405b-8805-fe1df9a20e63,train
9c3f4f1a-c22a-45cc-b93f-d9f793e89e68,train
9c415332-f0d8-43a1-8dac-8110286c2b28,train
9c53921f-9839-4ef2-b8cd-ef2366470160,train
9c69c198-4157-4e46-af48-076878b29820,train
9c6dd5db-8576-4a68-9cf2-d999133ecc47,train
9c7994ac-bf80-4f19-aaef-8b9cf9987f27,train
9c93c992-5681-41e5-9fc0-c00bc60ce8ae,train
9c962655-f728-4f9c-b1bd-b8f94d9e7070,train
9ca25c57-de46-426a-bf11-eb5f71bad1c9,train
9cbf98be-6af1-4e6f-952b-510aa1cc3483,train
9cd3adc0-feb4-4280-8067-dd39c097cfd8,train
9cdba19c-0fc0-41c5-bcdc-ae1e084f7683,train
9ce02e1e-3bb5-4584-bc3a-1aa5524492aa,train
9cea07ca-b593-42fb-8570-42d2d3f4124b,train
9cfdf982-ba12-425a-9730-4733088e85f0,train
9d03031c-4f20-4d69-81fa-f9db5724f6e8,train
9d0a096d-e1f3-40d7-a01c-d4947d0e85c0,train
9d14148b-874a-46ab-9b9f-621d5b23f285,train
9d1bf693-eee0-4141-b253-16a33d5e1b7e,train
9d1cdb17-80ed-40bf-a4f8-120048946700,train
9d338a34-c32b-4d79-82b2-fa0ec710563a,train
9d44019c-3142-491d-9826-d18f8c1831a1,train
9d5c2aff-4e6a-407c-8cd4-7023f30f0703,train
9d6169ae-c1fa-4fbb-a9d0-d08e0acdfc5e,train
9d7074b2-6c2d-4960-89f1-60f006397bcc,train
9db0b26e-f6d4-44a4-a0e5-8b84c7d6060d,train
9dc6cad0-7acc-49d5-b0cb-569bca27fd98,train
9dced04a-2026-47a1-a6f5-e8b898319374,train
9de3b5d1-8951-48ee-b749-3b574e519003,train
9de86024-f664-4df1-b8f8-24e883b39cb5,train
9e0eb8e7-c8e3-40b1-a6f9-a9b6581a8f36,train
9e0f957e-a441-4bf7-a82e-cb8feae7ce1e,train
9e146636-59f5-45ee-801a-21d3aeab8584,train
9e19c8c5-8555-4838-ab93-8e79c395394f,train
9e1b7207-4660-4d1a-b9bd-218131b696ac,train
9e40ab37-e000-4091-8e9b-39fffb02d082,train
9e432785-7543-4889-9316-54ae063cc565,train
9e521d82-6369-4c33-a2d2-08544ca70fd0,train
9e5679c2-aacf-4a92-bf93-a2fe37ed4f5b,train
9e603c9d-253d-49b1-904a-97501fda4438,train
9e71e460-3ea7-4107-8a06-8883e3ebfd8c,train
9e730950-66eb-4b91-aca8-a8003ae9c490,train
9e98740f-cfaa-4513-af1d-b04e9a22034e,train
9e9af148-ec52-4c74-a040-f92e4c2e1f9b,train
9e9ecb4c-8347-433a-a674-448a1b1db985,train
9eafbf6a-20f0-4dcf-83e2-f5d516719bcb,train
9eb46337-9ed5-44a3-a733-8ba6b6abecf9,train
9ebcc737-4b71-45b9-9b41-6b4ec03034d3,train
9ebf96d3-7889-46b5-b306-7fdec4fd2faf,train
9ecaaef1-e359-448c-8fed-b0936cd6f312,train
9ed0b8b0-8acf-45e3-9424-4e0ed300faf6,train
9ed80183-004c-44ad-bf79-f6115d3286b6,train
9ee135ac-2565-49cb-a813-a5cda4d7a326,train
9eeb0fcd-6a50-433c-ba89-ffdaa22cbb82,train
9f18eaab-8fb8-4d91-9ce0-656b1ebcb0b3,train
9f1c7447-a762-4a50-bd1a-758c3b6da69f,train
9f27b21f-3f43-4db4-8e75-371d5287f1e2,train
9f311193-2c5b-4475-8217-d29a36d1c72f,train
9f38cc23-37d1-42df-a88f-1d93a3b7931a,train
9f445de2-e0da-43d7-a22b-a9df0589774d,train
9f5e52bb-31d0-4707-be8d-4c9662000eea,train
9f7a1cbb-b68f-4316-926e-b789d9f1a4c7,train
9f988e64-40f5-40b8-b02e-725f588251b5,train
9fb0da38-039e-42f2-b846-c2e10c8376ea,train
9fb408c5-52cc-43b6-92ac-bb3f45191611,train
9fb653e8-8e43-4f75-ae99-e04d5d7646e4,train
9fbbccda-2b85-415b-9a16-2eee36c34adb,train
9fc22c1e-3e3e-49b6-87ef-d555f981e5e5,train
9fc3baac-a108-4b91-b7d0-53d48ae6a6a0,train
9fc54e81-b8bc-4e64-a6e9-81bd6f9d6775,train
9fcd63f8-e167-45d0-b800-0e856f0dc127,train
9fecabd8-f6af-442c-b774-35ce3f244a08,train
9ffcff24-bd00-46b1-96a3-ea674c340e5a,train
a0011371-43fa-42e9-bc67-c47080919761,train
a0100e5e-c34a-4e1f-bd07-4cf719079174,train
a03aee39-ff57-4804-b0c0-20d0b3f4ff90,train
a0453a68-16be-430a-8a6f-82fe24ba47c0,train
a04f48b4-04a6-476c-8c4c-71ec8fa0f960,train
a05dff0f-aa5b-49a1-82ae-d4c6b4d9a53d,train
a06225dd-455f-4b98-80c5-7b1151daf6ea,train
a068eb3b-80e6-4cc7-ada7-cdc5f67f6cbb,train
a087f3a6-ec04-4799-87a2-885745245740,train
a08d7f69-b754-4ab9-a2e4-dcaef12a9686,train
a09c8b47-bff4-49ff-8391-f02bdb3076fa,train
a0ac61f8-7915-487e-93cd-a6a0966884ed,train
a0b03356-695a-4dd1-9ef6-d3263cb50637,train
a0c9ad10-00a5-4037-b79b-6773963c0d4e,train
a0d461c6-b3f6-4d70-b1e5-a293d6307f18,train
a0e2b886-4d79-407a-87fa-6167cfb70b59,train
a0e2b947-1262-4543-8f53-e09a86ba8ffd,train
a0f0c29e-371e-4df0-9595-e79d977e89eb,train
a106d2d6-612e-4697-8864-fbf8ccf3c305,train
a1094b3a-38cc-488a-90b1-0c7fa023ba54,train
a109b2b6-58fa-46d7-b67c-cf67fe1b9974,train
a10dd77c-1de4-4786-b36d-850f05ad8bd0,train
a1139153-e711-4d21-b828-cceeede90cac,train
a12113d9-a7c5-4a80-89a4-e71fd2724f2a,train
a130982b-e236-490d-a1c3-b86a19fab898,train
a13b0a80-32ba-4a0d-9e3a-b7200d8bf65c,train
a146ca96-7055-4c33-8531-c6d81d61fb9b,train
a14a8fa5-d111-4da1-9a88-a11dcd642419,train
a14b3d9e-7773-4b40-af14-717033f54c1c,train
a164a582-e82a-44f5-8a14-70891e9282e1,train
a165851b-68e2-48dc-b5d3-72ae29fbe6d6,train
a167fcc7-7236-44fd-ba39-5a0ab51b66b5,train
a16c3088-f05c-4ae6-ad73-c415a8ea79fc,train
a16e4c7c-8ae0-43d2-bd81-9f1d7bc3fb22,train
a16ec732-945d-4880-91b1-21882fd3efa0,train
a1b9e68c-cf3a-4e6b-af67-e8a40039b749,train
a1bd066a-879b-4467-bef9-322a70007ce5,train
a1f420ce-5508-4b9f-9a76-9d0224ebe122,train
a1f7f741-cb06-41df-91a0-3296a5634ecb,train
a203a84f-c0c0-4dc1-9fb0-47d4de3bc21b,train
a208bd39-08d8-4d7a-8ac2-457d7dfaf354,train
a20ecb7c-9c7b-4752-bd88-3963ceb1c298,train
a21b2a76-74d7-46f3-a539-04fe0242fbd0,train
a21f5070-0a8c-4ad9-9acd-461bb2b89bac,train
a220e457-1f76-421a-b41c-e8fc096dc9dc,train
a230c481-c9c5-4413-a58e-44d90519fbe8,train
a23349ca-b73a-43b3-b11f-0a5e1f607937,train
a25799a9-7650-491a-b2ba-f4d9bc6a286a,train
a25b206e-c492-47ed-a2f0-d6ce1d2895aa,train
a264059e-4e09-43d3-a55d-8d31cf6b409d,train
a29661c2-8769-4d79-b4a9-a1555e19f511,train
a29a2b21-fae6-4f6d-875e-723d19e22f20,train
a29b7288-f60f-4e9a-8897-6b3d76a25398,train
a2b8a30c-73c4-44dc-ad61-45ce33c6190b,train
a2c01471-a738-400f-94c3-014902784930,train
a2c35665-470e-458f-a084-17c326948d02,train
a2eaba52-31e9-4db5-975d-e0209d9b8a92,train
a2ff22f2-89bf-4dfc-a781-ab4c18b3072b,train
a3065650-20de-4051-9244-ca68b6ae67f9,train
a313480a-6b2c-42d9-bfae-544815346a91,train
a32dbde9-ac5a-4f1a-8c40-dd0bdc420fd8,train
a32dc334-855e-4e70-8622-5f092f324574,train
a332201e-5da6-4780-bfa6-9b8fc468d068,train
a34c1a1a-2420-4732-aaad-b4d7b42c6cbb,train
a355e56c-8f32-4675-99f0-efaaf015586b,train
a374b143-d165-4400-b2f3-21e72969f09e,train
a3780c04-349b-4780-a68c-2f13a2732505,train
a3a12554-d55e-4885-b17f-c97fa38d7707,train
a3a3443a-50f1-4f63-b200-db5b228bfd4f,train
a3b24a52-c9ba-4a65-bb40-e1533545b1a2,train
a3b525f8-6afb-4c98-b713-65ac1d686ab1,train
a3d2b540-5c1f-4c50-aa4b-ca1db1c2caa0,train
a3d50b4b-b683-4181-9892-d02525b94436,train
a3f27e95-0d67-4028-ab4a-994062c9599e,train
a404c52a-0f21-455d-8e63-94ac7d12a71f,train
a40e725f-50bb-4994-86c2-cf9b01ee62d3,train
a420d119-842d-4af9-b995-6465a9c50e5d,train
a42cea1a-ac3b-4b07-8baf-a34d98c03c04,train
a43193aa-58f2-4f89-9d82-31dd06e73a52,train
a4418767-21e6-49f7-bfc1-cbe25b1d51cd,train
a451fa67-67e4-4fbb-9009-43f74a6c01b4,train
a4549c8a-e081-4048-933f-fd8e941d08cf,train
a455ee26-98de-4ac6-a9a0-4999d8d8e070,train
a477e560-f508-4f4f-97f0-87d72a9b40c7,train
a481d62e-87be-42aa-9b72-2113541d0909,train
a48d1955-39a1-42cb-9fc6-9ce4704f37cf,train
a48fdfc2-1626-4a26-b708-0fc5f0a90d94,train
a4901409-957d-4274-90f1-f4f3964478e0,train
a49dd49c-e90b-4f9f-81d3-88ee97e215fd,train
a4afad13-edc1-4264-831b-3f94761185a3,train
a4b9f462-74dd-4389-8cef-1762a60c92d8,train
a4d6e3e7-4a55-4120-ad1d-7bae2b2c4ec5,train
a4d7801d-58b4-4ea7-a9f2-37ef54655f51,train
a4f5890d-e9bb-48d4-b79b-8ddbcfbf7672,train
a5043c21-d142-41ef-b152-2eec3cc3769d,train
a505921e-14c9-4176-a301-717dccb822ef,train
a517e3fe-24a5-4d1c-8719-3ea3948ad863,train
a519b681-b558-4789-956e-511de3d36783,train
a51aad92-0472-4eaa-974a-15265bce1e60,train
a51b4356-942c-415e-a3dd-93accbd18f83,train
a53ad5d8-166c-4624-9940-cdb99242bb5d,train
a53b66e2-50b7-46d2-84e6-d567a4564d40,train
a53f6cb5-2ad7-4e4d-b64f-40ed1b0e5f91,train
a5866dc2-65ac-496e-af5b-2f1bf442e781,train
a5908c2e-a48f-4a29-aa9b-6ca6ee02562b,train
a5982dc3-3575-40d3-8aa3-0b8bc493b26a,train
a599b621-f37a-4c4f-841c-160e68c86004,train
a59d96cb-d91a-420f-b0a6-74532b26febd,train
a5a61cee-4b5c-455e-9511-fc093721286e,train
a5c6cc1d-1e77-44de-8294-06c577c82d96,train
a5e34892-19a7-4224-8828-a42d04f6503d,train
a5ecfc4a-0ad7-4099-833c-00b9b609b20a,train
a60a0593-39d1-4afa-ac7b-4a487c115019,train
a6156c76-3c35-4982-8ee2-084cd1cdafd5,train
a617ed60-5ab2-4e36-bec5-f87716dc8a24,train
a61937bc-1746-43c8-9d43-0109139b4372,train
a637832c-6b25-4cad-be44-04ea3f1fbe0a,train
a63881dc-53e7-47e4-856f-38a50cd3835e,train
a64092c4-8256-4aec-b221-434e1c7e4827,train
a6442b48-8d50-4826-86b7-1b5d42ce477e,train
a646d58b-9f4a-4575-997a-0421c59dce21,train
a6649882-eab3-4f2e-9af9-b6ea0ee3bd95,train
a66c951b-731f-4f14-b264-fda0fc251558,train
a67f4f7e-0dfe-4a3b-acf0-6b00e6b4d44e,train
a68fadd5-73f2-48c2-adb5-951166336554,train
a69f3695-2a27-4e1f-a68a-118bcf2337c5,train
a6a458b0-d85e-4ed9-9a5f-27e79b344c01,train
a6a4dc40-918a-4d32-b407-357e22a428a3,train
a6a5fdf0-f197-4f63-953c-4c7c103fc499,train
a6ad9f88-53f2-49eb-a7aa-3823d53426b0,train
a6aecd31-f049-4d33-a6e2-7fea4d5e1832,train
a6d2c74f-d601-4348-aa1e-ce26d0a7a74b,train
a6dff564-7745-40e5-9ac6-6a510830219b,train
a6e56d88-b583-40de-b990-aae0731dc2b4,train
a6f53cbf-e40a-4141-b119-87a426940d5d,train
a6f830ac-5aad-4c5d-9c7c-d1e1d13f8727,train
a6fc8b31-bc40-4898-8ac6-0afd9194040c,train
a70a0c8b-5c2f-46fa-8461-4c2800074377,train
a7134868-70de-497b-a260-7dd8bf5bdfdd,train
a71895be-683e-401d-a751-2a98d908d960,train
a7249d90-e8d0-4974-a191-9f7484fc4c86,train
a74692c5-57f2-4094-b1bc-cff543256cb8,train
a74e2811-398d-4b3b-94d6-4653a50b1c99,train
a763144b-5a92-452e-813f-1a539ed836d9,train
a7670f14-69a2-46c0-9fa1-4e9ebd073000,train
a76ea69e-6fd9-4fa9-9d52-1cb1e84fe23c,train
a77b8f78-6c0b-43bc-91fd-b128863aabce,train
a77b96b3-d7cf-4606-9401-08428086a10c,train
a786b3b1-6b46-48ff-bc4a-418753b0693a,train
a78a9498-f518-476e-8395-66407bb1f950,train
a79ce7e8-2c49-4734-b501-8800e6f42b59,train
a7ac0233-aae0-45fb-967e-be19796e91bd,train
a7ae6465-4531-46c0-9ec2-fd17d0f67927,train
a7d43d04-6e6a-41bf-8632-d1cabcc18e42,train
a7d73d03-5819-4e9c-8b1f-f5b858e3995b,train
a7e6ee11-fe30-4edc-b075-14e1300e35d8,train
a7eaf5ec-1ff4-463a-9f9c-0bf30e471307,train
a805792f-d4bf-48c7-8e38-8abc9841a4cc,train
a814420f-ede4-42ac-b5a9-2d86f7e1161f,train
a81c7255-95bf-4fe4-850b-2459dc286704,train
a8208670-efc5-44bc-b314-d567e1273d1d,train
a82218d3-0570-473b-934d-e64a221097a0,train
a829b37a-7a58-491b-86e8-ac86c894fbaa,train
a837820d-20fb-4840-b712-05b67173451e,train
a8430936-f9d1-44e7-b67d-eb2e4ca9b2c6,train
a847b0a0-831d-49bf-94c3-f0a2f9defc81,train
a84d156a-914a-43a6-8b09-a4fe6bd528a7,train
a84d8df9-a0d9-42ba-a172-0777ee5bd246,train
a8506c2d-a479-4939-a745-2eba61b9dd0d,train
a85700c6-25b8-4f85-981a-9c86211a6470,train
a85b43fa-cf7e-4052-bbae-c0e0146eed4e,train
a8784a41-4c3b-4a38-95c1-59bfbb87be10,train
a87dc8a7-8c61-47eb-bea9-1a93c617f2db,train
a886707e-baac-4673-b8fa-b6e8465d5726,train
a8885818-dae3-43ec-8ce9-d78cde71b717,train
a8963d8c-1ba7-4e03-9e8e-311388ad4461,train
a8a11d0c-b665-4252-b33a-6489c0ce5f13,train
a8a2a91c-b491-4fa9-a951-2d7bc5addca9,train
a8b42225-7b9a-4371-9f64-9d55676a5639,train
a8cecd90-b34f-4c3f-b014-f33f62a1efd8,train
a8d0913e-b552-4aea-bc23-d09aea4b3b33,train
a8e77d6b-0175-4c62-b357-60d166ef8fb7,train
a8eb9203-47b6-43ce-ab5d-3174d3f1072a,train
a91c9fa0-1370-4f34-8c49-5fae1dee7415,train
a9348d0b-601c-4021-b27c-0e5138264bde,train
a935a21b-4784-4e0d-8045-8b7a79033120,train
a9395fdf-e59c-4ab1-ac24-fe00510de8f5,train
a94e239e-40d7-47a6-9df3-d6fbbdc6b8de,train
a94f366f-f4d5-450d-babe-26cffce25f91,train
a95d0ac4-3c28-472c-ae1d-70e91b8a4aec,train
a96e28a6-859d-4f13-b008-b2945697473d,train
a98f8da4-466a-4e33-bffc-1080d8f7617e,train
a99633ed-a34f-464c-a2e6-da8722f4e491,train
a9a4b26b-eb30-4acb-bd30-2e8d7e364941,train
a9d03eab-4f13-4d20-861d-389c63f3d87e,train
a9dc89d6-b741-4dfe-8b32-f7e1ef54a90d,train
a9ec3df4-3446-4a8e-a112-c96d00f0df91,train
a9f5ca5d-3b30-4bea-988c-ea625cc9f22c,train
a9fe31a1-dc1b-4168-afd8-cf406caa26fd,train
aa0ed524-3370-4838-8ef7-26e4fb9c39a3,train
aa241a5a-da86-4a7d-a56a-eed4530e8916,train
aa584319-e5be-44de-afb2-1780c9d134e1,train
aa97d5ca-39ed-4476-bef2-b6f1ae1cb8ff,train
aa9a5545-b7d9-4098-9abf-b72a16de4833,train
aaa51bfa-b1b3-4df4-9a3b-a49a27a688a5,train
aac50454-5a7c-4779-93ec-0a2ae7067e27,train
aac80f95-18c5-44dc-9781-4b27fb0878a4,train
aaee09ce-640c-46fd-a0f7-1f84ca31bd91,train
aaf80f47-5865-48ba-ae93-38f0a479ef5c,train
ab0a1235-fc16-414a-8c85-c474b4fa8e98,train
ab23f36d-57d4-497c-b77a-07ab6d1ac265,train
ab2c546d-daf7-4e88-b79f-eb54b5326be0,train
ab587705-19af-4cf4-9653-9f6e8797a2ec,train
ab6f4564-8874-458f-8a9e-91dfd0285ea5,train
ab7ea29b-e18e-48ee-9ceb-f3aeedf494fd,train
ab829fe0-c98d-4ee7-bb91-1137b8a400bb,train
ab867256-3a84-4bc2-be50-b6509311ee4f,train
aba0ac06-6710-47b8-826d-bc704d71e375,train
aba1961a-5cbd-402f-a26c-81630434ab52,train
aba1e9cb-a013-4d56-af82-cb28106bb621,train
abad64a9-bc12-40e6-b398-d4ba6ca99b62,train
abb2ebf4-00b7-4de4-a03a-713d76461d27,train
abc7ec25-1647-4419-bae5-61dd53df54fc,train
abd2ec7f-68f2-4bcd-b9ad-7cdd28cc57e2,train
abd9a3be-4397-428a-a24a-0425cfee047a,train
abdd0926-3ba5-474c-a93b-8dd65b506d0e,train
abec6059-0c84-4023-b690-ead4f9c2929b,train
abf907ea-42af-4783-847e-cec135aa5696,train
abf97416-d41c-4f3c-9609-d92bcf49d65c,train
ac0a2c56-e507-4773-9d42-77c64bfd3eff,train
ac207ed3-133d-459e-8b4f-42be16767797,train
ac262c93-487f-41f9-98b6-dee2dab42ba3,train
ac27bc52-6a6b-40b3-beee-4ae6a02788fd,train
ac33e912-d24d-4a6b-b49f-976d1181fe2d,train
ac383d26-b97b-4837-9cc7-75c6897078d6,train
ac46d93e-d4b9-47fa-88f5-3e7aadf9af3c,train
ac4e3b17-424a-4058-b8f0-72ddcb3740ff,train
ac537c2b-99f1-48da-bbb5-bac8ee4b1f69,train
ac684467-0d85-4258-b130-d9661b6963f4,train
ac6cb03d-037d-4b19-a66c-c6b760a43669,train
ac926c34-be86-4aa3-8c2c-900dd6e7a5d8,train
ac9ed736-05f5-4cb0-a678-0f0596f6dee6,train
aca75957-2c53-4224-838b-e869a95a181f,train
acadc0a6-853a-46b4-8ba6-e8d5720d5670,train
acafc284-b174-4e85-8cd6-e764a59f7096,train
acb102c7-3eed-4454-b9b1-ddd9e1d57109,train
acb47499-59a9-40bd-9c0f-f6684dcc329c,train
acb759f2-6319-49a4-9593-30ea3ad19426,train
acbe753f-5e44-40ef-b53f-3f3c5a6c5add,train
acd6a579-d3a8-4564-a519-bf8ecc30a853,train
ace0d9a5-6a37-4149-8bf6-296eec957eb5,train
ace9f176-8290-4dbe-84bd-3bdcb01117d5,train
ad01919b-e79e-4231-92d8-cffcf8448bb5,train
ad1e5a25-c3c0-4b2d-9f04-0afb5d06884f,train
ad282971-324a-40ae-8324-e1cf1552d192,train
ad285788-3189-44d9-bb57-a5120bc4b94a,train
ad331b8a-aa37-49a9-84d2-0c3777f5bc7f,train
ad3474bc-fdbe-440a-9273-cb27af0adb1b,train
ad69956c-a31f-4093-9dd1-540e67d40075,train
ad9247a0-88ea-4f6f-b060-bc96c6f2a148,train
ada10fbd-d5d6-4a54-a4d8-cbe72649b458,train
ada143a0-b403-41cf-a34b-33e08fd97546,train
ada23440-70eb-4b5d-b5d1-6911659577cd,train
ada82d2c-e768-4025-a836-778047dff050,train
adb19f1f-79a8-4659-826f-fa56d41e8fca,train
adc11030-919e-4bdd-8595-c6bd00ff26fc,train
adc4ec00-7213-4a88-9269-975c4afaa42a,train
adcf28c5-934f-4a38-ae5d-8cce12023601,train
adebe462-9d0c-4b7c-9e7a-ed611ad3ad34,train
ae10f914-47ec-4eac-aa02-638698342033,train
ae2d9434-9c26-4960-b79d-26ac3bdea3de,train
ae3f3139-ed9a-4d3c-bc9d-20cbcd078122,train
ae58f45a-8793-49c8-9070-67d758668d50,train
ae64bbc1-af2e-4aed-9333-021575120708,train
ae70ca9c-09de-4015-a9d9-7b9b20e2c9c8,train
ae7945c3-a14e-4692-b326-92b4495e2cdc,train
ae7d5625-bafa-48cc-b48b-4e4a3391f5f9,train
ae8acdd3-4572-4d42-8ec6-b820bbf1e5ad,train
aea87788-3c6e-404f-9915-f06911b4f8ca,train
aeacf8b9-4134-41c7-a383-0492356d0d4c,train
aeb6348c-beff-4232-b121-e3670d6b6e18,train
aeb85468-3acb-4747-916f-ddcb8ba9c665,train
aeb8d179-3a1c-4c0e-ab19-7bd9f527a5a5,train
aebceff6-f0ac-42c0-ad5b-63dfc0edd3b5,train
aebf75b9-4491-47fb-9543-a1a190cabc2f,train
aed9901e-5419-43aa-a2b4-0b1998e423b5,train
aef1d118-748f-4ed1-9054-80b39046a55e,train
af270ff8-a793-44a1-9627-c2edb8e5d974,train
af2fd1d6-a90f-4f58-a0bd-02a6fb067689,train
af378ff9-4fa8-40a5-874f-6276215b6e63,train
af415e8e-4358-49de-b462-e77c54a3ab4d,train
af452e62-a6f4-4b12-b229-fbb254e95d65,train
af454734-bffe-44d9-8154-ccf813844d5f,train
af49e10e-a562-47d2-8f1e-2b13a22a1926,train
af4fcc3e-afee-4b94-8d0a-87199cb67334,train
af51d9eb-c035-43da-9829-93be2fa1a2a0,train
af569af2-fbc5-4a22-a022-f2aa8e2b3c72,train
af800b6b-275d-49dc-9067-6b84152150e1,train
af865104-d2ff-4ed5-9d9a-0315e8d8abce,train
af8979a9-ce6d-47b7-aded-b84373d5a275,train
af8da15a-db73-45b1-9d53-351eaf194153,train
af988557-b941-436a-ae31-dbb50cbc1963,train
afa13c24-d089-4bcd-9fab-f283f22ad49e,train
afa56639-665f-4de8-87e7-bff76e971055,train
afa585b2-4759-43be-9dc6-a10ca73e7336,train
afa61358-d001-49b4-8927-04b5b7bb9924,train
afae53be-cdb1-4a5a-ad7a-b66d653a726e,train
afc6bd03-35eb-433a-b8ab-bf77df9b92bf,train
afcc5ff4-00e1-43ce-b5f1-48e974018464,train
afd13286-b670-4937-a76e-14dcfa8fd1a3,train
afd37259-77ac-425b-9a4b-2961379c424a,train
afd4794a-51a2-4ac3-b43b-07e1b1274a7b,train
afda85b7-7674-4bb8-ac51-6639881be80d,train
afdb6918-c0eb-4f1c-8e21-921c5cb7f8d7,train
afde3d4e-e297-473b-b05c-73595ac8177a,train
afdf420c-2dbe-442a-b1ad-655b64d87473,train
afeb1241-bdf5-419d-990c-55c2bde743fc,train
aff5d4a7-05ef-4410-ae6f-920154efc4a0,train
b00334f0-9d59-47bc-b28c-305f257e32f0,train
b00b2b34-b291-4418-9474-20024830cf08,train
b00ba714-2af6-42dc-858b-e7af9f9e12f8,train
b02529d3-2d53-40aa-853b-3a68e704e6b4,train
b02951d2-f76d-4b33-b87e-42c2b4648647,train
b029d1f0-cf8f-47cc-8605-b0acac12568c,train
b02b9a30-329a-4d75-822c-b33d3290f2da,train
b0305c13-3a12-4f3a-aae5-ba7e5390a7c5,train
b0384283-227d-49d2-b679-38476d41d4d2,train
b058a2dc-4098-4543-9444-a28d7ae25646,train
b0622641-8298-41b8-80b7-c7405e1e4bc2,train
b0668c13-9437-403b-a378-474b95bd4292,train
b06be469-90d4-4f91-8d05-38aa38663145,train
b06f593b-5e6b-40fb-ad36-0b87aa8656be,train
b0905459-39a5-422e-87e7-1c13cae596a1,train
b09336b1-546b-4e7f-a2cd-d1644d2b11e5,train
b0a989ed-d300-4be0-a198-1ec5c9048217,train
b0b0ef7d-51ac-4f3b-9b8b-543cb1e2102c,train
b0bdb82b-448f-41e2-910f-a2aa3ca3f3da,train
b0ccb062-a5d0-4e80-8dc8-c27640144b5d,train
b0ce3e55-54f7-41dc-af23-99e15dff350d,train
b0f3c317-90f1-4f91-a231-0d7d9a44aea6,train
b0f583e4-d11b-47d2-aae2-c78af0bd64a3,train
b13e23ee-acb0-4ed2-b8c3-677cdc2ade87,train
b1567e8b-b738-4ecc-bf65-c4b1ea4fa41e,train
b15a924b-60e5-42d1-bb25-d9d81398573f,train
b15c2ef7-4daf-4e80-bc17-5c4ce34a02ff,train
b164175e-5822-4b7d-a54b-afa450482d8b,train
b16613fd-748c-4096-b770-f0e9a3debde4,train
b174dd05-bec1-4176-a0e0-eff7dfbcce5d,train
b177c1f2-dcad-4639-9344-ceb19d9c95a6,train
b182ccdb-386e-4245-ab99-375db60538eb,train
b188c54b-64cd-4ce5-9e4e-807e8ef5edec,train
b1a21cbe-1223-4304-a559-bc4b3de9f970,train
b1a3022b-db36-4483-80ee-a4aa43a32898,train
b1d54c5e-ae90-49f7-a8be-37095bd5ab8f,train
b1d7994d-4788-4eb9-8829-b7ddefba003b,train
b1ed367b-2c12-499b-a46d-52150cc964e3,train
b1fd71e1-063d-43bc-9c50-4f9965fb2c1a,train
b20555be-3b15-41a9-8934-4a7f79c6359f,train
b20d8ba8-3589-4dcc-a966-b6a471b0cbb1,train
b23f2c4d-cf4b-4ab7-a250-c92ba86508b3,train
b2404b49-b7d9-4186-b411-fbf159edadd8,train
b256c419-3df0-4fb4-b49d-475d43d15b98,train
b26214a1-9737-465c-a89f-497792be1f45,train
b269e951-a9ce-465a-8be0-70919025ab31,train
b283acec-68c1-458a-b0b2-7a275b135742,train
b28cd12a-c95e-4197-9055-29b90f74562a,train
b28ea23a-d0cf-48fc-8d4e-38bf88b5ba09,train
b2afc2b8-8dcb-40b8-8954-c73b1ea7da1d,train
b2bfa87a-7087-4bfc-ad4b-90a8a4d4791f,train
b2d29331-d2fa-4795-9350-1f3372972ceb,train
b2dd4ab4-0bf9-41be-8e51-6f54a7f30eca,train
b2eb346c-fb97-47bf-8f17-cc62bf2c2037,train
b309f74b-c56b-4178-94ee-5ade95ead7f5,train
b30d0a77-45ad-4d23-9654-7f451f2b393f,train
b3148299-501a-40dc-b741-bd1425be86a2,train
b358e7c4-ea28-44a6-94ab-c9385d92fa3c,train
b35f0361-6009-43f8-84dd-5bc04f2d8cc7,train
b37fe8c7-ef64-49d7-ae5d-e04401b4f084,train
b39ed842-7812-4ccd-9bb8-c00121692b78,train
b3bd16c8-8295-42eb-9ce3-f66aede99467,train
b3cb4cc4-f6d0-4796-8254-0507919df383,train
b3dc86ce-9f3d-44cb-943d-ab3064540fb4,train
b3e4bfab-686e-4e26-a96d-1652140850c7,train
b3e81dca-8275-4e61-ac05-cc0552ecfbc3,train
b3efccb5-dea7-4ab8-8535-8b50635420f9,train
b40ff6f2-bbe8-4e8d-8839-c92a336ed6a6,train
b4174ede-03fd-4ed2-98ed-2079a5efc3a5,train
b418ac66-c421-4067-9f75-83ae86225286,train
b41e7bc0-7438-4920-b3b8-3680a2ae1fab,train
b424c08d-8dd1-4020-bc47-6d575b688632,train
b42d13d7-8e53-4590-821a-9dc1ff63467b,train
b42f4316-de4d-4383-8e8e-4d985fb378e8,train
b45689c0-79ef-4e8e-ba3a-41f8ad4919c8,train
b45baa67-eb97-4143-a2b4-0af5dfe1c5fa,train
b4b34528-cfe3-4d15-beb6-8bc99f8a4b67,train
b4b5e368-38a7-4493-a632-c66054d431fd,train
b4bba24a-5b4f-4092-8a1c-62be49a615a8,train
b4e26f80-b326-4053-81cc-ff5abbdd6ef0,train
b4e5d15e-04ae-41d5-bb8a-39151840b60c,train
b533db12-562b-419c-9410-67f30dac0686,train
b538321b-0331-4944-96b1-0935f020804e,train
b54cb6de-0bfb-4d91-b077-b2714eb44c28,train
b565ad8f-1854-4fcc-b5ae-324ac6a5c385,train
b57549be-3811-48ee-82be-93f31df5246e,train
b58781e6-a1ee-4225-af05-94d0db2358a8,train
b5963cf1-3a48-4767-8f04-d406010a4c93,train
b5c9065c-4cf9-4d98-9cc1-1a91b891f396,train
b5e2524f-e6fd-4648-8dc2-cb478133a1a7,train
b5e886a3-bf19-45bb-914c-00f0e0ad0829,train
b5e97d73-9cc8-4140-98d7-fc4994ed2772,train
b5eb6977-be27-4fe3-a530-7a4c51c1ca4c,train
b5ee0abe-b259-4b09-92af-c4722370d13d,train
b5f371f2-2f9f-4c78-b020-ffb86f7efeb7,train
b61d0d6f-5ec8-4830-b49c-06333637fcb3,train
b6241c15-cb19-4cee-a72d-e77634c29f6d,train
b6394153-01b2-42e3-9ebb-ad4c2d158de4,train
b63b3397-86d6-4a96-8c28-26efe6b09bec,train
b645bc1a-7ab6-4d34-9a2a-737e1e655800,train
b658eef4-980e-44b6-a877-377e584b4fa8,train
b666fed1-6d3e-4547-a3b2-7feb73ad646b,train
b676b619-b5d5-4ab7-8946-498b07d336d3,train
b6770687-f8c4-453a-93a6-f392c51d8a37,train
b68edafe-b9f6-43cf-857e-9549c8767f4f,train
b6940318-f6ff-448b-b685-f3d54725b7f0,train
b69c45c4-a59c-4e56-acd3-238a76fee42f,train
b69ecef3-0bcd-47a1-8bf4-d5bb1f1a0efb,train
b6b0abf8-5f1c-4d7f-b100-327bf42feb24,train
b6b1c3f4-e69f-48c8-bf9b-3e64faa8b275,train
b6b949e7-c56e-4b0e-9a07-101f419cc662,train
b6bb1f30-71b3-4ae0-b1e4-62dc5869ff98,train
b6dc8d3d-ae0c-44b5-ba8a-d4d4d69a9fcf,train
b6e19f70-05a0-4663-8b4b-945b955f95d6,train
b6e3c1cb-39c8-4701-bf68-e6cb3b448255,train
b6e7b7e2-8af7-4d82-bc59-38bfef25df7a,train
b6ea7b1a-b2c6-4c10-a949-1725820e7d59,train
b6eb309f-ee03-496c-a594-e0965fbc6b80,train
b6ebe20b-10ad-4a87-ba09-ee4bdebc7c2d,train
b6ed1e0f-945f-4ec8-aeb9-05143aa45f93,train
b6f45bff-5f47-477d-bd9c-57d36e7832c5,train
b7010042-441b-4a52-9364-c76d310371ae,train
b702bfba-43b8-4edf-9b64-22d6084d94af,train
b7193bfd-88fb-4c67-873f-9f8e16f553e2,train
b71c6140-0362-451b-87d7-db678ab16b9f,train
b720df65-0715-4683-b343-efc4f165d903,train
b72737e8-b99b-4a93-9046-75de9044a1df,train
b73b1ba1-1748-49c6-9a1f-7505dee5f884,train
b74e40bd-7949-4dc4-801a-7c3177075b74,train
b75bc112-b117-4c15-aff5-1e93dd98c552,train
b76441b3-5adc-4059-b4ff-d693c0673b5a,train
b789e229-156f-4f0c-92d7-2a1ab6d75bae,train
b79b2af3-a20c-4661-92ab-dd9c820006b4,train
b7a5c621-0b2f-4bf9-98ff-b09ea3402880,train
b7b9ba92-6d9b-4883-9302-836b4d5ea6fe,train
b7c14706-300c-4282-9f90-75862e7b06a6,train
b7da09ef-20fd-4379-8add-fc2f36ac1d66,train
b7e188a8-6b13-4f73-8133-8f7d7b80d440,train
b816f9f3-72af-4eb8-a6be-f1016d6bf03c,train
b85ed2c4-5391-491f-af53-c67e0132baa8,train
b88caf2b-91a1-44ac-a822-59914a8ba5df,train
b89548b8-c907-49e1-b5e6-da611fd2f578,train
b89f1b51-060b-4d9d-bf63-9b95a8d020e4,train
b8a1193b-b370-4ca7-a598-8289109034dd,train
b8b5c607-0118-417c-90fa-c80383aaeff0,train
b8e29d54-19c2-4d42-a32a-fe338f343f83,train
b8f3db8e-1aaa-4438-8c43-bc674ae5388f,train
b9090953-6f09-4da4-a6a2-c13b0613690d,train
b90ad961-c95e-4810-b5d1-58596508c241,train
b90c1250-b2aa-4945-931b-2a6901ceb34e,train
b918e0f3-7456-4ae9-a125-d3a2be172b15,train
b925b65d-42c3-4370-88f9-787b923ad2de,train
b92d72bc-4cc8-4887-a50f-0aad5a30c5ca,train
b930869e-5e86-4708-8ca2-6b2f37a9fc50,train
b9440e79-5c3f-4a68-a517-00792580581d,train
b9623b42-4ff5-4021-8761-29747d1a20b3,train
b96827f3-5423-4a97-8cc7-7832177cd99f,train
b97eafb8-a117-4b74-a750-a9ee4bd1cf06,train
b988dee0-7215-48a1-b873-db8f11d4eb27,train
b9936509-4985-42d4-ba5a-3f75410d110a,train
b9a70cf2-cc70-46dd-ad4d-c32bf8323549,train
b9b36e82-3f45-4bd1-84da-61e05f94a144,train
b9c1dd1d-2faa-4c45-a85a-36175b7cbf3d,train
b9c31f8c-3ebe-4991-9160-810e82244d43,train
b9ca0ad9-aae6-49da-b7b5-64a33fdced1c,train
ba01d181-898e-4532-9db9-6fedceacbdcf,train
ba02558d-9bf2-4cd2-89e7-f07f6bfaff3f,train
ba03a2a0-a584-411e-b4fe-7a190d588625,train
ba4038ff-8986-4b53-bf54-f705d0a2e46d,train
ba5cf007-c714-4c62-9acc-b7cfec8126e8,train
ba6a3193-61cc-4cda-90fb-528998274bc5,train
ba7cdc35-5f47-461f-bf6a-fa6dd027fb3a,train
ba821a78-a5f3-4ce8-8a8b-e9dc5bb386bf,train
bab3089c-b126-4110-a473-5137718e86bb,train
bac24e58-c496-4661-a639-4157ab2c4f21,train
bac4996e-c4df-499b-9848-68d58fc0363c,train
bb50e112-cdaa-457d-9b48-2d7dc54eed4d,train
bb513ede-bfc0-4e41-a165-dd5ba7f28e9d,train
bb5e05a8-5eac-4ede-ab81-8d449783c7a3,train
bb6c101c-f070-4a52-b66c-45023d669234,train
bb8c328b-5a87-4bc1-bf25-c08b61578b34,train
bba86a7a-ce8c-4c2d-9bd2-91faf00e60fc,train
bbbad56d-cccd-414c-b3f7-e225fa2c4af0,train
bbbb7a68-eb3f-48cd-8461-a529d2629b3f,train
bbbba1f9-8da3-4c62-a6d1-c153e96c290e,train
bbc6dab1-2aab-4c5c-8fcb-dc52c858cd9b,train
bbd096ac-8a16-4f7d-bb13-80e65756ebcc,train
bbeda4ce-4ab0-4f55-b765-c17ac8402e8f,train
bbf5430a-b116-4426-8b6e-3bd9f388852a,train
bc148dfb-7408-417b-b792-0fd2b5585758,train
bc2b8f9f-1374-49bd-9265-44e483ca2a1c,train
bc42a577-fe57-4b00-8405-edab0b4a590f,train
bc5252f6-917d-4a9a-9502-d442943c5b2e,train
bc5339e6-eb79-413f-a7cd-e8676cfc13b3,train
bc57c540-2f67-4777-80b6-dcd693bad049,train
bc5997fb-d1e0-4dc9-a359-01c2e41c5e18,train
bc6a2b88-e267-4308-a793-2eba670dc017,train
bc73cec6-85bf-42cf-8f7d-69a79925d032,train
bc7d95af-4851-4bf8-b249-66b124691987,train
bc932672-0bd7-4ff7-b52b-7f547acc5175,train
bcab8119-6b15-45be-aa22-243662601a73,train
bcc26fa7-d24d-4ba0-a6da-35823bac5731,train
bcc75f8a-add0-4bd1-ba73-8c572a771305,train
bcce89dd-ef2b-43c9-b66a-3e8abf09089c,train
bcce9e91-3479-46c1-8628-7bd00311bb1e,train
bcdc0c69-85bb-4446-9506-77479e77f16e,train
bcdc911b-8cde-4470-a1f5-029476193b51,train
bce57384-7546-4688-8b69-7c4d985757f1,train
bcfc9ab8-d709-4ef7-b68b-d4da4b08976a,train
bcffe705-22cd-4276-8037-b381ccf4b318,train
bd06706e-c56b-49dd-8562-83521a682368,train
bd1903f4-338c-49a1-85f7-8efcbd252dfe,train
bd1ab853-1a29-49d1-9e18-3eeceec33078,train
bd1b1a08-248a-440a-b42c-634695acdef1,train
bd2c5c57-3f46-4555-8e1f-bd66ab2e13c0,train
bd470333-cfc7-432f-bdae-95f086188dc6,train
bd5800c7-881e-40c4-9586-72b99b9cd91c,train
bd5ef8ac-f257-4ecb-8437-dd45999b23d1,train
bd68e787-59d6-477f-b741-03648d34142c,train
bd6c0719-ea28-4f1d-9a2b-93d4499c55c2,train
bd6e65c6-8758-4a55-89a0-5ff0159c21df,train
bd7cabae-bedc-4e0e-be5f-a624d237f541,train
bd925d63-1c50-4fd0-8e21-033fd0c26c06,train
bda2ef25-5b28-4239-904d-46895a1d4fcf,train
bddc6f06-3e76-4d39-a607-bc9c616ed898,train
bddd85f7-069a-452f-a06b-8441137893cc,train
bde50004-94a7-4925-94bc-2d9b689499d8,train
bdfd49ae-23fe-4b98-a758-bd145104f72a,train
be01e071-a18f-4968-bccc-ae567d66cf24,train
be263f96-a693-4926-a0a0-9ff4c2defb50,train
be279343-af52-43a1-b3b2-e467a0157d4c,train
be49ab09-8e41-4f37-bac6-01e704142c03,train
be51a673-a888-43ad-b8f6-38cb31968a5d,train
be5448cb-1c00-4463-b0d1-0bcb0a2ba4c1,train
be60cebb-9d9f-4640-b116-8bd3efcd29ac,train
be630ec4-be49-47c4-8442-f80fb19d7328,train
be6c1bdb-fa78-4437-a6f5-c8724397a38d,train
be71c1ef-2727-416a-973e-cbb6065ef571,train
be7fb5b1-4ff4-4540-97c1-f1aa12fb348d,train
be925668-e12a-44cc-a432-a3e9d58d2290,train
be96e77b-0c4d-4abb-8f84-cee0d3f2300a,train
be987fbc-1b32-411c-a009-4fc0324533e5,train
be9e5499-30f3-41b6-91bd-a641bbf51d1d,train
beac192e-ed02-45b9-bd5e-e490eccf39c7,train
becb9ce1-4d8b-4f6a-aba7-9d51bd3353b9,train
bed9c691-95df-42f6-ae99-bc0a6765603a,train
bef55bcd-15ff-4d5d-bb1d-fb82d1524f07,train
befb2752-fbfb-416d-9e6d-38c9012538b8,train
bf182dcb-edb5-4bac-8ce6-2f391161496a,train
bf310f6d-214e-4c1c-94ec-ddb0e959b6bf,train
bf3f2256-5541-4388-aaed-3350a00bee60,train
bf57df8c-b733-483c-8e13-e51407633ab9,train
bf642465-fc1c-4e64-81e6-9b1511f1c2f3,train
bf79453b-8a45-4758-96f4-ad0d658bc65b,train
bf8a3048-23c3-40fa-a1ad-cbe16db0d4ff,train
bf9eaeea-b94c-4a3a-bdd2-34573c156833,train
bfac972f-0a98-480f-80da-6fbaf3129017,train
bfaec74b-b49f-4dff-9ca8-afbca2ecee79,train
bfc69fc0-edb8-45ff-8308-4f6a1dd952e5,train
bfd20304-3fee-4c06-9447-d1eb6febd68b,train
bfeb9560-99f7-4026-b876-a4c0053ded2f,train
bfed3afd-39bc-4bc7-ae6f-6a6a47419e2f,train
bffc6239-6703-48b8-9871-a338d046c438,train
c001cd38-2123-4c8d-86e3-5302e7810fe3,train
c00c9a49-5755-4060-b6e0-d1ed58991215,train
c0152b72-60c5-4dd2-9b1d-f2295f04ebb8,train
c020b413-5d36-4345-a356-fe75f3064176,train
c020e77e-6d81-4bb0-9800-9c170a2492ab,train
c0359b11-848d-4ad2-8fe1-b420c3f77b50,train
c0396c30-4e52-4822-a672-bf213dfce8b7,train
c0475179-93b9-4e75-9ba2-ae3b80363cec,train
c05ab5e0-d180-467d-b112-b82f1734da7e,train
c06b6da4-44ba-4cb5-8a54-368b7ad7c132,train
c07b725f-369b-4b14-bb38-13faddaae71a,train
c0a4c1fb-1493-40f0-9b81-e3dac7f75209,train
c0a6df14-8dc4-409e-abb2-97321d13755e,train
c0c22003-162c-4999-a19d-5c1c40412210,train
c0e43b7d-c2cf-4a4f-a510-01ab35aefd4a,train
c0eec7ed-4742-4a28-9d9e-500addffe3c7,train
c0f5b3bf-f239-4b8c-83dd-a26d9a7f42c2,train
c10ba90a-a68d-4bdf-ac0f-6272cbd90a67,train
c10bd0f6-4fc5-4c5f-b529-cd341fe39d15,train
c10efb51-bf90-43ea-9751-ea6138b34ac7,train
c115b09a-a814-46e9-bbfe-7879c8a4f591,train
c127f504-e549-4fcf-ba52-70c8a7dbc4e0,train
c130d751-677d-41b6-aa56-85378c81d215,train
c1339987-13af-431c-b313-f58aa9e06227,train
c13e49c4-c18e-4ddf-a403-7116562af140,train
c1417974-3a0d-44d5-9cfa-3a4fdb3a7a56,train
c148ad8f-0ec1-4961-9995-445231b04ada,train
c148c0b7-3b53-4253-a661-6f4d57b7ce92,train
c14b1b8f-2888-4d04-b1d1-5a60ef22f67a,train
c14c7bc6-4852-45ba-b385-3c67dd66964b,train
c1635ea4-9fa1-49da-8540-cd9e0bb9b6b1,train
c1651fc2-ee04-4ab5-a6b2-8370871c3a3e,train
c16b757d-733e-4832-91cd-c167122db4fb,train
c1753218-6ded-4354-af99-e9b261ed9c77,train
c1ba2398-f27a-455a-9a3f-51949ca8e4ed,train
c1bc32ae-1f46-4172-874a-e79334b59bc4,train
c1c4d6db-8387-4d72-be5b-4f41522b7bfe,train
c1c9249c-ee48-47b6-83d9-c9b6efbfe752,train
c1d22df4-439d-43ba-95cb-1155e3b4c515,train
c1d7819c-b490-4f0b-91aa-273d67a3b68c,train
c1ddfd27-9250-496a-be09-f3508b696c7c,train
c1f17f43-1745-4268-bedf-65934da99d38,train
c1f1b5ab-f03c-44ba-b467-f513a5f86873,train
c1fdb522-2a7f-4dca-a1de-28985f62ecca,train
c2034de1-858f-47a6-978c-4f85b3794262,train
c2182ffe-6f89-4114-8b58-97a8e18a0ccf,train
c21a4f1b-51a2-49ec-884a-f39bde77b280,train
c21c333f-b535-4c6c-9b16-67b17bbfc251,train
c2214322-4580-4230-989a-12caaadb3424,train
c2563fbc-349e-4fc4-8e1b-efc406309531,train
c27869a3-483c-4dc3-9e10-cdaa10838605,train
c278aec1-a0ee-4ec4-b4bc-717f31214c58,train
c2803662-410f-4f56-bdd7-f320735e476f,train
c285115b-8cd0-4d9f-9e2d-9cc03d87a990,train
c28d9d6e-db0b-4610-97a5-066f081e7a82,train
c2a536c6-3706-4817-81f9-496f4c910adf,train
c2a8c66b-c6af-4459-b3ea-e1c8b80fca5d,train
c2c23af6-c872-4b4c-ac9c-e23675698b18,train
c2c977ec-2b7f-4d62-a9c3-58cfa065af16,train
c2e1789a-7f24-4d3d-9398-fd92ef65f4a7,train
c2e48425-e69c-448c-b380-10a70c0a9ea2,train
c2e88871-1340-45b5-a016-2f2410241991,train
c2ee2b9a-8979-47d9-8000-2cbfff259383,train
c2fe9cea-1eed-47d1-82ef-ffc9ec5bc97e,train
c3084419-8452-4a90-9e03-c0b55252c552,train
c31d5894-c665-419b-b962-969df275e8c7,train
c3264a01-7e69-4ab9-ba28-f90f95b5ec4d,train
c3292e26-fc05-42ba-adfa-d7875ed22fce,train
c352eaa7-a84b-48b7-8b4e-74c48936c35b,train
c38e0ce2-199b-479d-bae4-031ee6a1babc,train
c38f088e-084c-4da8-9d1f-4a374186b7b3,train
c396a1e0-4f28-4b0b-ba63-7da95b26e811,train
c39d7c74-af6b-4422-a7be-e4e908da1886,train
c3a0dea9-3499-4508-904d-a6af6b3f8b9c,train
c3a82f25-e5c7-48c6-b8d3-89ce6bcd349d,train
c3b54984-4fda-4b82-8a00-4f810290803c,train
c3bda1a0-bef0-4db8-a801-4bf54ece957d,train
c3be12be-0e98-4916-b5ca-ac0c92841b41,train
c3c17b1e-834e-4fd6-b72d-331603083e27,train
c3c22056-c2e5-4abb-abaa-f59a2c9181d2,train
c3c4777e-f2c9-4ba2-90bd-7c376d47f909,train
c3ccf5aa-f051-4862-807d-3fb356683e14,train
c3e22564-551f-4577-82cd-e9ba2f42d6dd,train
c404e1f7-064f-406d-8c25-64026710f074,train
c407e5b5-b23d-4930-a359-ae6312f5596b,train
c40c4cb7-d297-4653-92c9-2f45cbb4bd5e,train
c42a39fa-104e-47e0-a190-ad34f53ba3bf,train
c430bb2f-2755-42c0-a501-1f255e25936d,train
c433daac-4e23-4035-81a4-bf22d20b9516,train
c44453e3-a8a3-4a7a-9803-cca3ceef7a19,train
c4561fbd-ab91-4716-baf3-c75b3e66d1df,train
c45e86ff-12d0-494a-8404-f754e1372109,train
c46345e1-66ea-4251-8f34-407950d2e95c,train
c4742d7b-11c0-4123-a275-8c13bf688209,train
c47f8197-c315-44b0-b778-9ed4c28fcb65,train
c48346a0-c8ab-49b1-bd3f-fc1430e48c39,train
c49af4a6-152c-478f-8c8b-af275488d25e,train
c4aacc68-1a1d-4596-b1aa-e42dcd48980e,train
c4ad90cf-c69e-481f-8976-af9c9ee5548d,train
c4c163d7-ecde-4fd1-bd17-265e72641722,train
c51b66a8-7d9c-4fa1-8a4b-08f796e2009f,train
c532f352-4071-46be-aaab-3b58fcd56787,train
c535761c-9c64-46c9-918d-d5da911f96ed,train
c53a4fe0-eb29-4718-b928-9452a644e757,train
c53c7ec2-b1a5-4662-b0ff-588ffbd9cc5f,train
c5401d1a-a653-44f9-8c8d-9cdf83b965ed,train
c54e3cbe-6839-4c14-bfe5-9f909ad28959,train
c55404d9-77af-4658-a75b-2b6c28e090fc,train
c55d240e-0585-483b-8482-f374ee0c1edd,train
c56d9449-3015-4f0a-8a1d-3fa4a080e44c,train
c56e5d80-fcca-4df7-99a9-a3b233db5e0b,train
c5733ac0-b5ef-4db9-9daa-accbdcaf8c5c,train
c581c33d-c8aa-4cfb-ab17-63abe3893082,train
c5842f5c-a5ab-4cdc-be2d-a200dd7105ea,train
c5920535-0b9e-4fde-9fab-f2ddcc37dbd5,train
c5b7d656-929f-4261-843f-9916d320e62d,train
c5bcd5bf-a03e-40b1-9f61-947e58b38ad2,train
c5c14139-986b-45d0-bf75-d251f82a3731,train
c5c9d5ba-57a5-4780-8c56-e5aca269708a,train
c5dd2aeb-1d6f-4bef-b979-f69788360131,train
c6025cf1-137e-41eb-a8f0-4a05f0864d2f,train
c6090c46-274d-4658-b67c-891b99b445fb,train
c60edb16-2ebb-4cad-9636-cf3171f51e88,train
c60f06b0-9b45-45ba-853a-4aae087555aa,train
c62b2eaf-e1ba-4acf-a719-933f5ce75cf6,train
c633a3be-dc0c-4231-812f-e4e019559fc2,train
c63bdba7-22c3-468d-8b94-bdf4fbc3ac2f,train
c643e71a-fe3a-4890-9f5d-c2991f2d9b4a,train
c656a306-d0b8-4ef3-8939-82f39f8884b2,train
c658f41a-14a5-472a-af00-193bab4cf461,train
c672bad8-b223-4db2-a026-e5167eed40f1,train
c6802046-d468-4ca9-b15b-8765119cc279,train
c6816b4b-08df-4d6d-b316-07d0f23058f5,train
c682a36b-2f6e-4df1-ae7b-82286cf3de10,train
c6c91f8d-8edc-433b-ad4e-5af32a18799b,train
c6f1b183-e38f-48c0-a667-13303bc40a24,train
c6ff6918-958a-44ac-af70-68eccf5a7f38,train
c70b6279-116c-4a1b-b744-8e2cfbbfdc44,train
c712981d-8752-4829-adad-824a0e923fac,train
c7142ff5-fdf3-4a7e-8807-78d9d75f7127,train
c7322c20-2c8f-4fcd-9449-5c23f9983964,train
c73af164-58e1-4001-a8a6-553419da6acb,train
c740bf75-67eb-4de2-a824-3f55e6528919,train
c7425776-5d7d-440e-8d4d-3226fdff8854,train
c75a02d8-1069-4b8a-bd8b-a216d65c8fcb,train
c75d7cd7-f298-434e-9a91-90afe2ecef6a,train
c762dbd4-1204-4c42-a85b-afea5603083a,train
c76d120d-f466-4737-9ff7-dba4f6a9c3a5,train
c77a96c5-6dfe-4601-aa92-ad9769ab1414,train
c7ad48ca-2944-48aa-8fde-6c454172ff56,train
c7e1d844-3e67-4d7a-a2f1-cad98400d028,train
c7e4dc03-baec-4403-aabf-7a9b36f55c42,train
c82b22e1-7534-4529-ac90-9956e5185c84,train
c8305e89-a443-479e-aa6f-1a8178986c4e,train
c835b391-c564-43f2-8104-af8981ccc7d2,train
c83bf5ec-7f9e-44ed-8ad7-b5bcd1513f19,train
c84c2c3a-47d9-4ac9-aeed-1d758ddb7284,train
c850c5e4-cf55-4015-9b00-d93e672ee111,train
c865c327-8d52-4bdb-be42-2319091d79df,train
c897f8da-89e2-4bdd-bcd9-4daef8b91aa6,train
c89ac978-75b9-4d7e-8c05-7316747d9606,train
c8b2d326-328d-40f7-ac74-80920610f806,train
c8b60f98-b10a-45b9-b452-24ed850729af,train
c8be692f-1d8c-4670-ad4f-11a9ad46c30e,train
c8d1731e-2813-4bd3-99ed-8ec17e0a96f9,train
c8daddbf-be28-4ccb-830e-309cda31495b,train
c8dcdac9-0517-474e-933c-c093501c43ee,train
c8ef45d5-e788-4bce-b321-b025fec6f8d0,train
c930a0db-9a56-469e-95bd-8963ff31cbf2,train
c935e7f0-5616-4fd1-a507-1ca90188802a,train
c9598063-0dab-4dfe-9bb9-ada89312093c,train
c96ce6f9-2ecf-4e7d-bf79-d0da9ca4cca1,train
c9715189-fdbc-43b7-b25d-d371808db8fe,train
c97a7883-48ae-404c-8da3-e591e5395aa0,train
c98823fc-a1a5-4c12-b134-72c24f0c71dd,train
c98dc170-2e5d-4c57-9872-8e7c3aceeac5,train
c99c589e-f8ce-417c-a02c-e316b50e8a12,train
c9a12e52-789b-4835-9353-43cbc418b4b2,train
c9b8cdfc-6ddf-488d-ab1f-bfb6889a3eab,train
c9bcb708-047b-48d2-97f3-548ab293a22e,train
c9c8faf3-5413-40a7-8c0d-a94febd04971,train
c9cb1f52-9446-49c9-aebe-40721efff97d,train
c9cb93d2-a138-4be4-b5e4-cc21486c7730,train
c9edd2b8-6bde-4995-88ed-3b26eb6c03cf,train
ca327db8-5565-4657-b746-b4e198707bcd,train
ca553928-c3c1-4c68-a68e-d7244ec192e7,train
ca593e3c-bbc7-442a-9c85-3a4a122621d4,train
ca5fefe4-d266-4689-89bf-0cfa4cb1e7c5,train
ca6396ee-1860-4ad9-98f9-29e4c0856257,train
ca647c8e-db61-467d-856d-361f9e4223c5,train
ca717b64-6c53-481a-935a-5791d56861ef,train
ca757924-4754-4cdd-b4ca-6804a54103dc,train
ca77836d-da4a-49e8-9aa6-ed08fcc6f362,train
ca7d4efc-f81c-4364-9255-d609d7727ce8,train
ca99bec3-d29e-4167-bd54-4b3ca4c5a38b,train
ca9dc7fc-bdce-4190-a3e3-15cc134d6957,train
caaac6b9-8382-4a25-a686-d88d11a37d9d,train
cab2ffc2-4747-4592-afb4-55cdacc6c898,train
cab40920-74ca-4e69-895e-1b71d8474493,train
cab556b5-3ada-42b7-848e-fd80e7ee2316,train
caca0dda-a473-4a38-8d84-d5992f9b2ceb,train
cad6cd0e-28a3-476e-917c-fc475e0d6a33,train
cae32843-6602-47b6-b3af-be8ee5c08205,train
cae55032-98e5-47fa-a4ae-3179f61f19d3,train
caf2df71-6a4e-4118-888c-bf673182aa9d,train
cb0ee4cb-fd8e-423c-a222-92e9ba21bd86,train
cb2bf8b2-b1be-45b6-961b-2a327450a1fd,train
cb34100b-4344-4bb0-a286-7292068b666b,train
cb38e452-d041-4ab2-941c-6883be7ee50c,train
cb3d8a43-022b-4faf-aa68-38ca9fdce171,train
cb3ea60e-4a1c-4cef-9779-0b428ed82417,train
cb4719f3-a1ec-4535-b1a0-3e60a60a120e,train
cb5e2dda-22ef-406b-8c57-61d827e9e7a5,train
cb87ff5b-fcce-4d0f-b425-8a659875e377,train
cb88f4cd-1aea-455b-a277-5bde23d9bf27,train
cba0540f-fd4d-4177-9431-b7df3eb9cf32,train
cba5ed74-0dc7-4367-81fa-cb3637a99ea8,train
cbac8670-6c4f-4661-93fe-133a8768551e,train
cbcbf31f-a3e1-4651-9870-e6acb2a06ccb,train
cbd0a9a2-3296-4693-bfb9-669baf78de79,train
cbf227f9-690c-4bcd-8f25-da7aa9944116,train
cc01a2d6-d636-479d-a3fa-be3cefad5158,train
cc16275c-cdc5-43d4-8dbd-12cd896ab251,train
cc16c4dd-18db-4d92-aedc-f2a8d460997d,train
cc23937a-f704-4695-84d6-980feee71c28,train
cc31cbcc-e014-4932-a033-d2a0969b8239,train
cc3aaff3-4d5a-4295-bc99-bf34275a7920,train
cc482a01-0dc8-40fd-b995-5ef0a98fd302,train
cc4eeb7b-7058-4033-8465-75b8ee187502,train
cc8acc38-6188-48bc-be42-0e4b8277eaf8,train
cc90ab7c-78fc-44c3-a35d-1588ffb72938,train
cc9fbc03-6459-4734-b884-c7aa5baa1954,train
ccaf7990-e505-4fbd-b70b-a4bffc2cf471,train
ccb746bd-a14e-401d-9de7-db47c5b350b3,train
ccbe6031-eafa-44d7-a3fd-e7e25c1b3692,train
cce9ca75-3096-4a15-a5ac-eb9c8349a7d8,train
ccefaee0-60fd-4127-970b-263ddb2452fa,train
ccf10be8-6fab-4a4e-9a14-0517eba14a0d,train
ccf25d29-f73e-44d7-b81d-68984a977d19,train
ccf2be83-1b98-4a7e-a7fb-b5e571622fc3,train
ccfb1601-c32f-4cd9-8422-72aa1805c777,train
cd002ca5-81e8-4f9b-9592-fa9c5498a819,train
cd0d775e-6a6b-426c-b8ad-b2ddf3210042,train
cd0e8931-223c-40b0-8de2-7f6033904409,train
cd1e54ee-b77d-4ba4-b3d1-5b6327d5c3af,train
cd3054f7-7cdc-4efb-938a-d233243bb7e8,train
cd405a11-7f1e-42fa-a256-4f91ceb6e8c0,train
cd5cd376-8100-42b4-a96c-07e94669bf8b,train
cd638f2b-9ecd-4fec-ad96-4244c151dfb2,train
cd75e213-ab3f-465e-9e8d-6416de05e8e2,train
cd85338f-0d38-4461-8a3c-1f92effe8afe,train
cd8a5fb0-ec15-4c68-ad4c-ad2a9bdf2a9b,train
cd90e0ff-01c2-4eb0-b6dc-81013874c34e,train
cd97205c-864e-4563-8211-efb33b1e8070,train
cda37807-e4c6-413a-a940-b217a71a3004,train
cdb10aa9-6555-4cab-b47f-bf7e74f580c2,train
cdb89700-f213-4b58-99a2-ab7750695887,train
cdbc0796-38ac-48c7-96a1-eb2a6c86a154,train
cdca86f4-5520-4f19-bbd7-9cd0f57a895c,train
cdd19e5f-0c0f-4f3b-a80a-34d6bee0bd03,train
cdd85e14-4bf6-4486-b472-68c02e87caf8,train
cde7db84-7a48-478e-afa8-fc036d5de7ea,train
cdf7eb71-0bf4-47b4-ae81-4bf5c5b80f86,train
cdfb5873-6433-4b77-832f-013e0c82e7c7,train
ce083fee-0fc9-4b3b-b03a-284ec2a8c88a,train
ce126477-4a0f-402a-bec1-2465276f6dea,train
ce273f29-a2c3-4864-adb5-085af832f81b,train
ce2e90f0-39d1-4aba-955e-fec5e41b1b9b,train
ce45430a-c374-4e44-a3f2-6efcfc05e8df,train
ce662fbe-3fea-428b-9df6-b7143d86b5ae,train
ce836c42-149a-434b-a14d-992fcc99d73e,train
ce932b2f-3f4d-4458-9110-394243068782,train
ce9a4c26-d7a3-4127-88d9-e5af59913fd7,train
ce9e9053-40b2-4f70-a762-5e7639356a0f,train
cec88543-4d8b-4133-80ab-9ca7eca7c2d1,train
cef1d002-9169-4e41-a976-7fc58a981f32,train
cef3171e-6e6b-4de7-a949-e740e5cf3b75,train
cf04d6d9-5966-4d80-9272-d0a5cd96c62f,train
cf098a8c-40f6-4328-a42d-1ba515dfa968,train
cf1cb59d-dab4-4067-93f2-de3ebe5b091d,train
cf24107c-fdd6-4136-8aa1-2655e572956c,train
cf27390f-5fd3-47fd-ad5b-23ee9a6e6553,train
cf2e5ab7-f273-4fc5-9230-dbcd1c8792ee,train
cf3057d4-f384-4446-85e2-44b6c7e789ee,train
cf31b5ff-06c0-45cb-92f5-7ddbc5526510,train
cf4afc06-d78a-448c-911c-f262c74683e8,train
cf528127-5fac-4343-be13-e3b533733e31,train
cf52b0ec-00d0-454e-80ed-1c465a4aec73,train
cf576c0a-3359-414f-a469-0fc4ec6bb12b,train
cf5db10f-c7ff-4490-9468-ff466525bcf9,train
cf601f86-3a8b-45c2-8d85-586a306cfded,train
cf632d2d-3644-43c7-bbea-c223c479dcdb,train
cf67b87b-b642-4641-b143-f2bc0f8a0cbc,train
cf6e188a-1559-411d-8fe6-70e03035dcae,train
cf74324e-ebdc-47ce-95d8-f3e4c716891e,train
cf7ed219-551d-4d6d-b88e-5109ee625cd0,train
cf8f77d7-5863-4358-ba55-4937402ed169,train
cf990219-e720-494c-bb80-a48fd1fee72c,train
cfc03915-8cc5-4975-a57e-48b96d9e9ba7,train
cfd7f449-9a7b-4ba5-84cd-a2abd61fec41,train
cfd836c8-0e6f-471c-a9b8-61ac163ded4c,train
cfda034b-aaa4-4ad9-b84f-95e267bb29c9,train
cfdc7742-b088-404d-bb8b-a08fb2d3c1fd,train
cfe30c0f-973c-4d6c-90b6-97d702824a4c,train
cfe7bf21-f15f-4032-9f82-aa3d724efb92,train
cfeb4a96-3b28-4d7e-9d16-16b9fe35651d,train
cff135b9-552f-4854-8d11-8b22130442cf,train
cff54edb-cd87-453a-98f3-4417118e05d4,train
d014f5ce-0497-4bd2-af2b-77170aa8fcf2,train
d021f729-6b82-4fea-a892-199a6f4bf4fc,train
d0406654-593d-4400-95c3-4d5191456485,train
d04bf8b1-f4c0-4032-abe5-589cbab10175,train
d0574bbd-71b2-4db7-bd57-c27de2036064,train
d05c5a61-f6dc-4e20-971a-94b211afea24,train
d06e5922-e9f8-46b2-8dd5-461cac44f591,train
d07d3f7b-ffc1-477c-95fc-6ad5ad7aadae,train
d0a6c05d-41d3-4d85-a20c-63681262e996,train
d0bcd931-1875-4b28-855b-0089db9bcfda,train
d0c264d0-aa56-40ec-a6d4-a03c25136b61,train
d0c42501-7f2e-412f-85a0-3b5593c45f8a,train
d0ddf6f8-871c-4757-a814-a4e43c1fe740,train
d0e9da36-610f-4f14-b7d5-24bf4b733730,train
d1027611-174f-4300-a63d-9c72acabec78,train
d105239d-3f01-4da6-8ea0-6a63068a9410,train
d117b1d4-ac53-4b76-8b22-1d211004c4ee,train
d125b71f-2d2c-4cb8-a1ea-1bc94c26e84d,train
d13584da-319a-42ee-874f-1b36ef14a34a,train
d13e11e2-5233-4cee-82d5-61d441a16222,train
d16c4ee0-de9f-4a70-8fcf-6f46831b986e,train
d171cbdd-69e4-41e9-af46-6e4b28b88d62,train
d18f6b8f-d22a-4b0e-84e3-2332c1a722a0,train
d194c269-3a5d-435c-93f9-c7c7461c059e,train
d1b1224c-d1ac-4e76-8c7c-1ae956a322e2,train
d1b7a689-6ca5-43f3-83d8-9f6d091a84d6,train
d1c999c8-edd8-4bec-b51c-7b33fc983d05,train
d1f755f4-6498-450a-83cb-0ee6c367d362,train
d201600e-8328-4e71-8359-aaf973791684,train
d213c6f5-4458-42af-8b8c-04f065792568,train
d2297e61-5c90-4bd2-922d-7be006fc626b,train
d22f8ed2-b36b-48e4-bd3b-8e5f3516481a,train
d2418b4f-d810-4c57-8871-e3a2b555333e,train
d2441a15-6de3-4b49-9094-11a3f2914af3,train
d24cbb02-dc17-4df8-a0fd-096522c588ca,train
d24ff2ea-1ffe-4f89-b5da-47f5b8534324,train
d25986cd-83aa-40e5-9a08-e01fa4d2df74,train
d27911d6-97ae-4ad5-bcf4-a1e3e3b9498a,train
d284aab3-4cc4-46af-9a99-aaead2e47ff5,train
d2dec8f6-8720-4587-b7c4-fd728619d7c2,train
d30b17bf-258a-4250-a280-01b3d8e79f0f,train
d30ba98f-99d4-4f9d-86ef-460be5b5250a,train
d31ac335-9ed9-4330-bb98-7741e8f10d27,train
d3290ad8-1012-4e1b-8543-b1c9111f8233,train
d32a5a9f-eecd-43d5-ba55-acebbc5dbdfa,train
d349bbc6-b17e-4c40-aa35-ad0ae2789623,train
d350b268-cfa6-4940-9c21-5ae1466cc706,train
d35830f7-f732-4517-9e40-2bf02327f988,train
d365f552-cf45-4025-8abc-35b416188ff1,train
d378622e-3bed-47e9-8b0f-faf8b8dddc6c,train
d37b1bc1-2661-4c57-a122-2c24d6e2f8ea,train
d381c35e-6fcd-4ea5-9890-dba1a61d0a20,train
d3853671-e087-448d-906f-15f87b7cf58a,train
d3891d70-de54-4a52-b52c-2cc94251a449,train
d38f6a7a-d501-409a-b839-c2314e9ac1ff,train
d393c4cd-32a8-4971-98db-a87f5bda34a5,train
d395b4b4-33b2-469e-bf75-8899a8ecc93b,train
d3be0952-d8a4-4772-a860-fa9e8f58ab6a,train
d3c15362-1a9c-4e3e-ac1d-d01c6b490d1a,train
d3e4282c-fe3d-4e19-a104-75b6414059a0,train
d3ecdb9c-09c3-47e4-9db7-76fc377332c0,train
d3ee4289-f9ac-49ca-b548-963b42e03393,train
d3f3c853-452a-42e9-b429-19e737bd2a82,train
d3fc5e0a-1951-4c27-9bf0-7e7372f57f59,train
d3fc81e2-be5f-44a1-abcb-4d9d86f92d8a,train
d41085bf-82dd-4dc6-8f5c-5b2d8d71ac38,train
d4165ba1-eaa2-4f2f-8ee4-01ce6529fcde,train
d41aa8ec-45e7-4ef4-b1d7-d88ff1409e8b,train
d41cc8b4-14f8-4270-92ca-5c0aec46ea2a,train
d42424b7-0fd8-47ce-bfd5-343ac977022b,train
d42f439f-bd33-44e4-bd82-e93866d301a1,train
d43ce89b-ad17-498c-ad46-08c323f77960,train
d47152c9-b6e7-4330-bd64-d04e015a49be,train
d48fe035-fac3-4da1-8e35-53696927e23d,train
d4977865-b188-423b-933d-a6d33d89ada8,train
d4acf088-af20-40fc-a627-fc55ddb665ad,train
d4e72cf7-e09d-4057-a5e8-6b2b433d8704,train
d4ee6df9-8cc9-491e-ae0f-66db1ef7bc37,train
d4eeff29-635c-4dce-8e26-76a3e4e46219,train
d4f093c4-a2cb-487e-9baf-7ece5d714b40,train
d4f1cbc2-f3af-4a3b-bdbd-cd122ecf820c,train
d51a3610-d99c-4e2a-9165-6a73e278f383,train
d521608f-97f0-4886-bc7a-f484ee519708,train
d538cf5b-b49f-42ff-b767-e7b3af165b8e,train
d53b06a6-70c1-4bfb-83ec-e0930c6a43b1,train
d53bfa15-5140-4b42-bdbc-58291f51c92a,train
d550b7c0-6a3e-4bbc-bf92-e491a0e5c6d4,train
d5639fda-e66f-4535-9f1d-8f52896b6b85,train
d564b831-343a-49fe-b04a-bc0bf4c8ca45,train
d56753ee-e913-4ad9-834a-534c755ee86f,train
d573597c-0f15-45b2-a9c1-ce713cbf5199,train
d5800144-c001-4b08-9234-b492b96beecf,train
d5804659-f958-4ffe-866c-20a889c7028e,train
d5a4fb07-5192-4121-91a1-c495f3dec803,train
d5b714b2-a89c-4902-bff2-2e3ab7f30d9f,train
d5d4f9cf-4840-4efe-bd3c-992ccc380c7b,train
d5d9c8c5-c883-432e-a385-7bbe49b49dc7,train
d5f3232b-b6d1-4c7e-ab32-3fa039b05f38,train
d5fcd270-67b7-4339-9359-c2a4c8b77fa3,train
d6345545-5da6-4962-858d-03a01c5d1546,train
d635f1b6-b71c-4e5f-9da2-92c33cbb3068,train
d638329b-93ea-4e6d-a367-6f7a161ada24,train
d66d14e0-8ace-425d-b9c0-bcd22bb2e9cf,train
d681dd6d-4700-450a-9851-b86d0a3a892d,train
d6991487-f107-4448-924b-e6fb865044d1,train
d69fffd7-79f3-48b6-805c-dac5d19cde36,train
d6a2d656-0217-4a26-9782-1ce778c34e6c,train
d6a62cc9-0b0c-4206-893e-9250b827663b,train
d6b31bbe-cfcd-42bb-a102-fb8bdb909e24,train
d6ba9988-4ac9-482f-9309-7ca5f3092a01,train
d6bec9fc-9db7-4c5a-829f-c22d8b94278e,train
d6bedaa4-46ef-4a15-9ec7-4e96f786993e,train
d6c4b1b1-ad30-434c-a7df-fa4e9af3adfc,train
d6c8cc66-d96c-4d12-aa43-65640bea147b,train
d6d3275c-e35d-4f0c-abeb-9757d2d59f1d,train
d6d4c4eb-d76a-41a9-af4e-d70fb3c229fb,train
d6f05064-f328-408d-a2bd-a4e7dae54de2,train
d70e5814-1909-41b2-86f6-801c45a93db4,train
d70e8203-2c35-44ae-888c-5d346834c416,train
d719c068-39eb-43b3-a5a1-14451bce861d,train
d72a2773-b732-4f08-8bc1-70f0a12a42e3,train
d732b838-5902-427f-8ec4-a38d9cb766c2,train
d7377615-7507-420b-a04b-2a8ca808e528,train
d7387dbf-dc59-49c7-bf4f-8f5d58638139,train
d7449c69-78d0-459e-9840-4fcd83ccf49c,train
d74ead00-b656-41ef-b9e8-2538c981e3c7,train
d75172e8-dae1-4cf6-bc41-179dbd2d4c9d,train
d75593f5-5515-4258-8c93-d71222d949f6,train
d75b13f5-ddbe-409c-a600-c64a42e4912f,train
d75d628f-e4a6-4e8d-85f5-aa6f08b92b84,train
d7625d8f-2c15-43d2-af23-fcf3065159c4,train
d7751143-8b98-48c1-a9be-2ad8c88f1e7e,train
d779f4b2-2b5e-41a0-967d-47a9c8bf4d0e,train
d7851338-8f23-41cf-ab8e-b1d8b1ebb05e,train
d79c471a-a300-4287-9f9a-b046353a9a30,train
d7a1a663-c710-4be2-89fb-e38c1fe99150,train
d7baf1f7-2188-4442-8f32-6f674bf897bc,train
d7d69f78-151e-4271-8230-03297c203059,train
d7e413c7-72bc-47f1-8c4b-15601bdf980f,train
d7e55a87-f328-41ea-8f68-926d53db422f,train
d7e6c33e-8bba-47ca-b151-519582b6c4c3,train
d7fb8747-5ddf-4918-8fa5-16b177f0ca96,train
d7fc3ba0-16f4-42e3-b6e2-7020de64eba8,train
d8029181-ec2a-4816-a832-d371b5287d0d,train
d815adc8-82ee-4851-b1c3-40b20aade264,train
d81c6a3e-0d41-4edb-9d1a-eb45c26eabbc,train
d83ac044-a2d7-48bd-89f5-1ffdc7555df1,train
d84c4bd3-be90-4ca0-81a4-6f533064b9a1,train
d84f0282-7637-4920-8e69-129b345b407a,train
d8554002-cb72-4734-96cf-21f1232e2129,train
d8582f37-c617-4ac7-9801-878ea568a5a4,train
d85fdcbe-8710-4934-a2fe-a77d8a8c2ca3,train
d867da44-2611-40a9-a2de-e4781bf18451,train
d86e0bd5-9069-469d-8327-193184ebd0f4,train
d8750d12-497d-4d01-869e-f90d70088945,train
d898319c-61ad-4638-85c3-238abfce36f4,train
d89bc7ac-5765-47ff-ab2b-71f8f2ebcd7d,train
d8a316c3-ac34-429d-a81b-e623c4e84022,train
d8ae6b4f-bcaa-452b-9815-1a344bada937,train
d8af1a99-7154-4f98-b206-0a5c9455ed1e,train
d8b493dd-43f8-4c8e-875e-d82bdec47752,train
d8b49ed3-e021-42cb-b4b5-d1635156d74b,train
d8c3e0ac-6ebc-4415-8528-34ab86f2c2fa,train
d8e12b1d-84cd-477f-be8d-7931cc69157e,train
d8e13d98-3fbe-455d-9579-cc71ba659a50,train
d8e401ff-9095-4950-8ded-85732d231d14,train
d8e57061-9f12-446b-8756-dd31a8c90a2a,train
d8e9a1fb-ec40-46d0-9ccf-2b10ccaeb850,train
d904c087-73d2-458a-ba38-4367948d38da,train
d90aee3f-295e-41e8-a495-949796b7d5f2,train
d90e7209-4f0f-47fd-b99e-bf39ca80c4e9,train
d911a67f-e5dd-4277-847c-9170524250d3,train
d922fdab-6a84-458b-9333-703ee3284b90,train
d9237328-d167-4e46-8d53-93b851169e68,train
d938da4c-c7cd-42d3-860f-0b5507f2e47f,train
d95186e3-b9f5-4b1d-84b0-400bb7d8ea48,train
d951aa1e-2101-457d-a36b-0dabf701a459,train
d96732f2-15f0-426a-a251-1b70cf631766,train
d97b8d9c-757f-4e96-913a-fe00d7c19a18,train
d98cf376-7492-4d86-974f-4e9789abeccc,train
d98e5ac7-8fa6-43a4-a5af-483789194591,train
d990fc03-2a2c-4f3e-a058-50eb377cabf3,train
d997411b-9d89-4997-a5a3-9506ac02761b,train
d99d9750-c43f-4fa0-b612-1b795b30f339,train
d9f1ec31-657b-4cec-8bec-d30f7c9aaca3,train
d9f8b94f-8939-4f7f-ba26-2a680e7429fe,train
da0ddecd-9511-4be3-89d4-d13c66183da6,train
da12ad84-e97b-4e85-bf89-ce6fb3a302e0,train
da2d4a27-80b6-4a09-b99b-8d50041e0541,train
da3acde7-8a93-47ed-b3f6-b51191f1d925,train
da59aab2-bb76-48fd-966f-42114ebb624c,train
da60dacd-df91-4097-a7f3-918393bdab33,train
da622f3d-a451-48dc-9f7b-3d06a0aef6a0,train
da67f2d0-eb37-4cf1-8ef2-e2e635e63eec,train
da6a6e1d-378b-43b3-85f9-f7c96eec14ac,train
da8619d7-5a48-4c11-bdf2-6b23436c5a5a,train
da923e44-6c5c-44c8-b562-2472db31aa01,train
daaf8300-63af-4cb2-aeb9-bb24c76a2b26,train
dae5c5e4-0ab4-465b-9f0a-6e14a9aeaeb0,train
dae62076-ac18-42e6-a67c-569eb3679f3d,train
daf80723-64a9-4e26-85ab-77ef9f3db125,train
db127b82-ea76-4f10-ae3f-6c90c5ec11cb,train
db272d35-870d-4dc9-bd04-cc6b73ad92b3,train
db3707f4-a345-4c44-9c7f-e893d1d95ca9,train
db419519-61d1-4b78-8228-ac21a41714e5,train
db44bc80-327d-47c2-ba05-48d022d3d4ec,train
db47160e-d6c9-488f-b45d-758d22436cd5,train
db574cb2-e3a3-4585-b1a8-e027e714c2c0,train
db5a171a-81a5-4927-966a-eefd5d10a2ce,train
db5a4b70-7715-4152-8d26-e720e82f35a8,train
db7fff92-b5ac-43b9-9761-3d7d6161fead,train
db999fed-c12a-4bad-913d-a5c757f75767,train
db9cecb6-e655-4da8-bde5-f59a1f962470,train
dba18267-cb9e-4d1a-91ae-ab4f9c66bd65,train
dba680d0-2d35-4b3a-89a7-1ffe11ca0891,train
dbb119e1-b66e-4bd8-afc7-d3d9d92801d9,train
dbb18e42-c163-4b4d-b720-a36b691e5913,train
dbb942ff-ba34-4aec-a8bb-150e9b36a9b5,train
dbbd5383-2df8-49cb-9159-6058fa801dd1,train
dbc94133-ba65-4fa0-9078-4bb5cd394f2b,train
dbe1a39a-d064-48ad-b539-214069c1543a,train
dbe45680-52f2-47eb-a80a-b4ab978c1044,train
dbe601f3-c29c-4250-88e5-5f2a5f9a9e20,train
dbe7d8b1-fb5c-4077-9481-65ec2e7fc01d,train
dbe8b683-64d9-4661-9789-899e53774025,train
dbe9d0f0-3d52-4b05-bae4-8fcfb0c9013c,train
dbf97202-b2a1-4010-ae0b-a87808e7a4be,train
dc0d4365-673f-47b8-ad87-beea89df82d6,train
dc185e86-3507-4c9b-9df9-5a4a7f927792,train
dc225283-9500-48ce-9b09-2896cba033a2,train
dc2dac18-b399-4f1d-b0c9-5ecd3abe1463,train
dc429cde-646d-4927-bb03-62037094a899,train
dc559670-d734-43c3-b0ac-16472c5451a3,train
dc8197e4-a07f-4a31-8500-d97b1ca7bbba,train
dc852734-85d0-4ac5-8c86-35db2ede278f,train
dc891d11-a1f2-439a-b036-d5713f632701,train
dca6af92-ba5f-4009-a2d5-a0f84f310afa,train
dca7886e-e178-43e4-a5fb-f4498d1dbc50,train
dcac2246-fd7c-4f13-8079-d08dfca0c1c2,train
dcbd584c-20ff-4f7f-aaa9-4e5dd931aba7,train
dccaefef-7c27-4950-9669-90ab3a5e3ed3,train
dccd3e81-8e67-4af1-86c0-f7fbc38e0eca,train
dcdabca9-432d-4ce0-8883-0c7f76659254,train
dd0e11cc-f987-4646-9619-a8c40d01ae28,train
dd1b4590-0156-478b-b67e-184e9b6d0431,train
dd1bb530-5dc4-426a-9e1b-35bcc4e4edb8,train
dd27af57-cb01-4608-9a36-76d049339fec,train
dd405cba-6442-4f55-848c-e38811fa7ccd,train
dd49f68b-0e68-4219-bb57-2e1beb054d7f,train
dd68f0e4-1a67-4c35-8ff4-aacc7c3751d3,train
dd6e4fd5-e812-4b9a-83ba-a31dfefa6d63,train
dd7b4406-576e-489c-81cf-8e76e2fcdcea,train
dd8daa16-e86b-4b61-afba-09796f624857,train
dd8de298-8865-4ff6-ada3-860f23513b0d,train
dd923ec8-edff-4a25-9c1a-940e48494cde,train
ddbdaa39-4ad3-4c0b-8dff-e8aee45af04c,train
ddc098e6-fcb9-442e-b13b-4da636219f2e,train
dde423f5-5a36-4d85-943a-61583106ba89,train
dde52bf8-3bbf-49ec-aca6-85385e267146,train
de06842c-549b-474f-b871-71cbb45ebe01,train
de1b5be9-8416-4e7c-acd0-d0b0f87ccf75,train
de23a5a0-610f-4353-92dd-acf4cd5e917d,train
de2733f7-2d47-498f-81c7-546308f5d882,train
de2840dd-27e1-45e1-af06-582e576dced3,train
de28a8b8-eb5b-450f-ac3c-0a7077b2abb2,train
de364ced-3980-4115-a8ee-a99be4f948f6,train
de3dce66-a528-4243-a9f1-3ec5b7e61cd9,train
de449ffa-f2cf-491a-91b9-0e06a034f29b,train
de49582c-21b7-4881-9739-b2623c0c8f89,train
de5f10e0-5a43-4cd4-b26e-b50a090fcd80,train
de850f61-ce53-418e-8b6f-f0bd0580811d,train
de8773e6-e8dd-43cd-aeed-947928a93ae6,train
de886080-42d2-49c1-8a69-54dc95069ae4,train
de88c676-a03b-49f1-9a3a-02722d112ed1,train
de8d63fd-618e-4d6b-ab48-4e802dfeb333,train
de934564-5a6f-4f93-94f6-5a9602f97a9b,train
de9e7128-8a2a-446c-b2dc-b813d1451a45,train
de9fa419-b120-479c-b397-2e482f3af5e4,train
deab0847-9bf8-4f9a-9e71-07c8d3ccbd5a,train
dec5e464-ec63-4228-80a8-9e1613e31a81,train
ded00474-c3d2-46a6-ab3b-2a0d2715d5e1,train
ded572b4-55f1-4400-a384-cabd1d04da85,train
dee5234b-4af1-445b-a0d0-a7603dbbd5d9,train
df0146f1-3dd4-439e-a743-8565c558961f,train
df045578-8a8d-4f52-a79c-1e9c64fa9f63,train
df1dd96f-a03b-46c4-8594-c504a7e3e95c,train
df3b83ee-303c-4a44-bbc0-a1d4c9aa0eed,train
df449679-73a3-4c05-98ec-522f6f1f0894,train
df4ebac2-cab8-4f27-be94-c80a4486c8d6,train
df528883-0d9c-4f1d-95a4-e860ea59f444,train
df54f03f-db2a-47e4-9326-04cc684a1f2d,train
df6fc150-b001-4f7e-9be2-a1735c2da11e,train
df763a64-a35d-42ed-85fe-3d7b5b52c25c,train
df92d69b-d51a-4e95-84de-74350ab60207,train
dfa03b4d-1119-41ad-afd4-0ca8861daae9,train
dfb752c9-9685-4cf8-a4cc-e8c0c0c1749d,train
dfc21e95-f67f-4c31-8df6-a1caf42aa180,train
dfe23fc1-1802-4cba-9fdc-e76626baf1b4,train
dff08ec7-8a65-4c2c-bcb9-5fc005859306,train
dff29e58-c9be-4521-b74b-13b778978613,train
dffa3e3a-5242-46d8-90fd-488ebfd73ced,train
dffbeb97-c253-4239-9a27-e4a63e6b690b,train
e009cc6b-d734-415e-8c0f-6ff74dd771df,train
e0103014-cfbf-413d-9851-c518378bf827,train
e01d3a88-103c-466c-aaf1-7e1b4baca67a,train
e0264b13-9782-475a-9be4-4d82bc9f1016,train
e028eed2-5ad0-4749-9f9a-3f0df39b7e39,train
e0290ca8-e85f-4230-bfbe-40dc9987d4b1,train
e03805cb-8204-442d-8aa0-777b9b4ba5c2,train
e03e9f6f-3d86-4c1b-8eec-4fecc0d5d7a2,train
e04823d7-e3ba-4061-a146-9c37831b4f5d,train
e0490671-f96a-4e17-9b5e-c5cc294513a9,train
e04c11bd-6d1c-459a-8e4c-40d319d24591,train
e05e262d-860c-44be-a90c-d8813ea8ee5d,train
e063eac5-d704-45f7-9771-737c6e7f48e4,train
e06eb635-b509-4a2c-b408-4e5cddaaaaf9,train
e070c56f-10c5-4dd2-b652-69bbf30cdea7,train
e096bba9-af8d-4e6b-b7c3-5ebb2bbc08dc,train
e0bc7f09-4d64-4964-a66c-1d9f497b2591,train
e0d6626d-d405-4156-99a7-5ebbf5b55604,train
e0f343e9-b640-4282-a557-edf8fa7e1a7e,train
e1065963-08ed-49e1-b747-5a0b2c42ae94,train
e107ce6a-1925-471a-8f6b-cfac54e2ffb1,train
e1244877-19a9-45be-9d28-0fe64dc88d81,train
e13e759b-7867-4e85-96c1-0d04517b5e5b,train
e144bad8-3ad9-4d17-a946-10ac0a8a8d86,train
e14645e5-01dc-47b3-9805-bf81310005d0,train
e1477f5e-ec7d-4bb6-ab04-a9747421cb14,train
e1538b6b-05ba-4e21-abaa-c394dc56c29a,train
e153fcf0-a9b0-47a6-8fff-2b906015838e,train
e159b268-fc3d-4f12-a723-54b8bafb27d7,train
e173f264-b1fd-432d-a7cf-a4ed09e5e8c6,train
e174ce0d-75f0-4cdc-a6f2-f6bef510f7a4,train
e1784e47-9ce3-4fae-b4b5-53fefd7f1b34,train
e179dafb-4022-4477-b837-88cc2f1b4fa0,train
e184f0f8-85f2-4d60-af96-12a3ae51ab83,train
e18d792e-5f9d-4f1b-93a9-8df692ed7bb2,train
e18fa25e-01a6-473d-b553-70a9750b3a1f,train
e18fcc93-52b6-4f08-a541-8c65b7a10733,train
e198be06-7694-4d93-b2f7-61d71e91ca48,train
e1a15c8d-aeab-42ed-8287-d6f56d898c8d,train
e1a3c76e-95b0-4bfb-9a19-0a21533e8c09,train
e1b0fea5-b13e-482b-9af2-3fef98b53460,train
e1b901c8-4bb6-4a01-98db-13a9dcb2b821,train
e1bf6768-1962-4336-b618-2cee62a275d2,train
e1c6ffba-025c-49b7-8e85-c29ec3483d79,train
e1cc3b28-7ec2-48c6-802f-96d33dad1f98,train
e1faf4eb-ed2e-4997-8331-eb8000271e5f,train
e1fb58b1-c2cb-4611-a085-1cdda28a8b58,train
e2073d63-018f-4389-ad3b-9eca7fcf8e31,train
e20740df-b779-4927-9756-a709b4d8f117,train
e215e810-7a7c-4d64-a95f-d041747f554f,train
e21bf7d3-8ac8-4f46-962c-ea78df3588e0,train
e22d4997-3be6-4950-b7db-3323e40a88b5,train
e22effbc-e2da-471b-addc-6a2d859f31d2,train
e23cb7b7-1058-4476-b82e-d25e8a5e8196,train
e247a95e-d573-4549-9182-122b5aceb51d,train
e250506d-5eca-4b2e-aedd-9d828727e5ec,train
e253f94c-8f32-451e-baaf-2fd97f87ccab,train
e260f93a-a466-478c-befc-bc957dcd5ed0,train
e27d5d3e-e027-44b7-a941-209f1027902a,train
e28a7941-bf6d-4c52-bdb2-897828cb25da,train
e29235f7-9fd0-4272-acd6-d6ba990e2f52,train
e2988e68-7024-4aee-b752-c013876890e7,train
e2991bd2-80c2-418e-b839-ccfd3e09a887,train
e29c4ebc-9058-4834-8d96-197b0fe0b771,train
e2a27c0e-964d-4dcc-a4c1-f6b083170f47,train
e2a52def-f29f-41e7-bbdb-739bb436e2c5,train
e2bf025b-234a-4a28-9c3b-39705fc66319,train
e2c586af-709a-483b-845c-d2b19b764b89,train
e2ccc086-7ffa-44bc-9c8c-6b148fbf8422,train
e2cd3188-4edf-4673-a920-6dfb6cc0c791,train
e2ce53ec-786a-4e2f-aaae-69c387304d87,train
e2d1edcc-c565-41d5-a94b-5007d2f34421,train
e2f36de4-d173-47cd-bd9d-b79b9cbbcc4c,train
e2fbee09-4582-4ddb-b8ec-0a29df1a6dea,train
e309ed4f-4f98-4589-8424-55ad189ba7ba,train
e3134926-bc1c-455e-86b3-2342433124ab,train
e3137dcf-8e9e-4ec2-ba2a-98c70dc57583,train
e3240433-cf80-466e-ba63-abde396fd17d,train
e33908b9-42c3-4e6e-9578-6cc2dff8052e,train
e33cac4e-ea7d-4393-8c2a-603c9ecc7458,train
e341afe9-de70-4d89-bd1e-5ef2fef727dd,train
e34c6b37-eaa0-4a37-b865-df7aa40db927,train
e354e4c6-f816-4f42-b0a5-e671f3343322,train
e360d01b-4355-41f0-b66f-20d3251b2538,train
e36f9524-476b-4673-9afc-e148d58927f7,train
e377b713-e9c0-4d3e-b678-093188d4b851,train
e395b198-6a3e-4d8c-9a60-3735537883b9,train
e3bdacf7-4786-4647-a09a-2f79ad68e076,train
e3cce7cb-402f-4faf-8b1b-170570c5b333,train
e3cf60a5-2a91-4433-9ad7-5b3fe7d6feb3,train
e3e5f3d8-c2c1-461e-84e4-0df814d0973f,train
e3ecd58b-61e0-4db2-81dc-8a4518d7ff85,train
e3f5ff68-f683-4ed3-844b-b2ac99d71f08,train
e4135471-fb17-457f-9f46-40016ab33b55,train
e43d1336-cd9b-477f-9803-e812c0c47376,train
e4474d4d-84a2-4105-a119-91c8ca15f27b,train
e44c16e2-6664-4cca-80fe-f9fde5d728db,train
e45ee341-3dfd-4836-b7a8-8b6ac59cc858,train
e47196aa-f574-403e-84a9-329084aaa57e,train
e475ee22-0ea9-418a-aff0-bea28e8e9d30,train
e480111a-1333-4d44-bc08-d289ec4c6f9d,train
e4a1e11f-6270-4d69-af64-f6737111abcc,train
e4ac3737-0b7a-4243-ab1a-634336907682,train
e4b02b22-1d97-4414-ad6e-8af9615d13b2,train
e4b0d42e-0672-446a-881d-e1f9ac7e872e,train
e4d5e898-a05b-4b55-aa11-579bdeb12c57,train
e4efd078-b533-48fe-b2aa-f51969672d5f,train
e4f5a4f7-a28c-4ee5-a85a-1546a1526a56,train
e4fc3b95-4b1c-4bb3-b4eb-4d7827384c7a,train
e4fcc4ed-82e6-420b-816a-64efc8f7c232,train
e4fdd0f1-9653-4340-8ac6-59f962d03555,train
e50f6e85-59d3-4449-a1cc-f2dbceed36ea,train
e53b6321-1a41-4021-9baa-44737401ca60,train
e548a058-628c-4732-85f0-953d83f996f4,train
e58abc8a-0ae5-4828-b9ed-e7753fb4ef9a,train
e5b20c62-becb-4a5f-969f-0e72aca497be,train
e5b416b2-f26c-46ac-819f-e8653a65ccc7,train
e5b76e1a-4ee7-4bb3-8c7d-cbe27af9fc06,train
e5b8ed9f-0202-4eec-8cf6-52698815ddd4,train
e5e2edc6-b50e-40d3-b25a-db37c68720ad,train
e5fef233-0ef1-4eca-8a37-e3f44a2e0179,train
e6054dad-8255-4195-be6c-51084a0ffdd7,train
e61380dd-66f8-4c35-84f8-9b24d6e3e289,train
e6257645-3c4b-40a8-a8ae-18290b3079a6,train
e6272ca7-4a1d-4b9d-ad2d-62664b8cd758,train
e63e457d-1289-404b-b38b-6a79147be2d1,train
e646f75f-3396-402d-912f-b8321c49bb41,train
e657bccd-3722-48d7-95c1-4eaa2d535423,train
e66b595d-16c4-4552-9300-ceba5cb949d9,train
e67b01df-81ba-4a85-84ea-43184598b289,train
e6875a93-08a0-4015-a342-c14a85dcfc70,train
e68a0889-f0e4-4a97-8f62-f91899621801,train
e6ade0de-a25a-45de-b963-9d1d27e56460,train
e6d4bc31-5f47-43e4-acd6-f878d20baa08,train
e6d54ec5-7b17-4a1c-a966-33d904040f67,train
e6da5a24-971a-41b5-947e-c32a798b667e,train
e6df7b85-fae4-4b33-95af-4567c2fdab40,train
e6e03d34-12e6-40c1-b1e4-ebe2d5181f67,train
e6ef1b11-b426-4a63-8b54-4ae5fa07fb62,train
e6f5102e-e6a0-436d-95b9-4a127008e658,train
e7028e48-91d3-46d3-ac45-32ef371ddf9e,train
e7086259-f409-4d17-91a9-60eabb505586,train
e711f69b-5fa4-44ca-a4c0-e0de0eb57077,train
e71febe7-f319-48c3-bb2d-a17e2a3276c6,train
e72f4774-9a75-46d3-b035-70d1eff07be3,train
e73b6700-ae48-47c3-9618-cdbb6a2c0d78,train
e73d9cbf-5b18-4964-a9e6-a2751f848b7e,train
e7514e62-bdd7-4d6a-86e6-2d26f40b17aa,train
e75a3efa-872d-4006-abc9-8fc2e3df619a,train
e7644004-c807-43de-863d-04085264aea3,train
e76e0e16-8b12-4be5-9983-e0a8d7ab7a35,train
e77aa81f-0ebe-4206-967a-2032471a3041,train
e789c12f-1070-42cf-bb66-9e3a9c63dbef,train
e78e385f-8aaa-4a12-bb4b-3e5120d10281,train
e794be7c-1408-4f00-8425-ad87b9dbb432,train
e7a4a28f-7667-4df2-ae7b-eaaf0ffaafe3,train
e7a8627d-ee9d-4fcd-ba81-38ec2909a053,train
e7b92d22-fd73-4baa-ae52-31dee47944a3,train
e7d5595e-69b0-4ba5-9d1e-009eb83830d7,train
e7e6ef4f-36b7-451c-8430-e6ad42c32331,train
e7f3f18d-6984-4ba3-912a-390fb241c0a8,train
e7fc1b08-6c8a-4b83-9fd8-6705661051a1,train
e822a3ea-8828-4310-adae-44d13554b583,train
e82a7398-1f88-44d5-ae73-22fe68c69e46,train
e834f1f6-8d79-4841-a066-82622fb84c1f,train
e83cc6ad-00e7-4b0c-a73e-236a8589f88e,train
e843d833-3a71-480d-b68c-eb49f3f34fda,train
e847543d-cedb-4a95-91a3-e718b19d519a,train
e84e43a3-ea9e-427b-9f33-7c913fb3a4e0,train
e8613cab-dc0f-481a-b060-6dc564831c0e,train
e86dacb4-6213-4aca-979a-cc0904eea0bb,train
e870b7c5-73cb-478e-9b90-c24c360200f4,train
e8a12e38-c92a-4ed7-a779-1322dbb3038d,train
e8ae5761-c1fb-402f-88f2-114536e1108e,train
e8aeed52-c779-473b-a9e0-831f7c1eff98,train
e8b51d45-2200-4b50-9610-e8d599e11bf0,train
e8b7857c-e67a-4ea6-befb-f4bb4ca4bfdb,train
e8bdffcd-3c7b-46a1-953d-7e4955ca62d0,train
e8cf2b81-e2cd-40dd-9114-117bbec2c132,train
e8dfd362-8ce5-40f0-a132-5c6e1e0bcc10,train
e8e894bb-62f4-43aa-a80e-181b4f39b049,train
e8e9604e-1ef4-44fe-a46b-83eb0d238caf,train
e8eec207-8df6-4240-a77d-4da936b9d858,train
e8fd8c2c-dd4c-4c6f-95f9-78ebf2d7cf48,train
e90658ba-f8e3-4eda-a4ac-0a1867a6ec16,train
e90f8416-10d2-4cc9-a94f-e11e88a0a5a4,train
e9165926-05cd-4c87-9958-e6bed9a96df9,train
e92574ee-f215-449e-ac36-1ea1c66c17d8,train
e94adb41-64d1-48a1-9e5c-2b6c439086db,train
e95aa679-a9a2-4a9e-b28e-f3d45bca8773,train
e9814080-d132-406f-aea8-6b0ce258aae7,train
e9836a2f-6ca4-42d6-ae61-ca8616469c84,train
e9a018e2-a340-45f4-b92a-3dbc34bbc1a7,train
e9a25326-2d92-4dcb-aa1c-fa88c97e0c6b,train
e9a2a8a2-4e3a-40c1-ad96-b4d9f9eea8c1,train
e9ad00ca-b054-4e5a-958a-2c6ce2eab370,train
e9da4b20-e4f9-4d44-8490-106b9c1099fc,train
e9dc2a30-d1e3-4b85-8993-234d0297cb09,train
e9dc3017-af8a-4645-be4b-23434be8666c,train
e9ddbf87-fb50-4ca6-bc19-340db4d6324a,train
e9de6491-c87a-431d-aeb8-bdeaf542f693,train
e9ee1e15-871b-4b7a-9e30-33f1a76aa0fa,train
ea24216f-7ef6-4c91-b9bf-cae0ab2ef954,train
ea4d1138-a573-4abf-98df-2ec876c71ab0,train
ea538fbc-85b3-432f-9435-f6c69c4bc23a,train
ea5ee9b0-a77f-4e77-bbca-82295564129e,train
ea64f63f-a641-4692-88cb-14861e538f69,train
ea71bad6-0d5c-4c5d-a384-b1525bee95d4,train
ea7aabfd-f2b0-4e8a-95d6-28df29210ed5,train
eab9765e-7216-434d-a433-cb7299d94f4a,train
eaca14af-4936-4921-ba6e-0b0b446ea3af,train
ead1200e-64a9-4256-82cc-5e07bf30503c,train
eadbeb9d-10c2-4364-a23e-9108d4cd236c,train
eae26a0c-7037-43fe-96ea-f3dfc650a068,train
eae5952e-62f8-43b9-a3d2-627cbd2b66b7,train
eafb08da-872c-4ddd-aad0-c3e74c175e6a,train
eafbf433-c56a-4307-87e9-76d20ec86b97,train
eafc1513-7086-4f10-afa5-2519350dee47,train
eb0511e0-4aea-495e-bee1-75c843580086,train
eb1b7883-de08-4838-b3f5-bdf2062c3dd4,train
eb1ec868-958c-4e96-b095-90d6024a28df,train
eb2c1a3c-c535-444a-804d-6e618971d268,train
eb2e54aa-f28d-4425-8970-2066ac4537aa,train
eb360388-90c9-41ae-ae1c-febb01b2da5d,train
eb6dfa4a-88e6-4b7c-b82e-ccd8c1c21c4a,train
eb770e58-6438-4a9e-846f-e40343dea8c7,train
eb95b51e-3db8-47cc-81b1-e1d9d73aaf77,train
ebcbff09-cca0-4f90-aeff-cd92267369d4,train
ebddc4f1-e365-48b4-afd1-609f6ac86918,train
ebf455c9-a19e-4298-812b-37d58e36cd3a,train
ebf6c49f-f759-44b6-9368-4bcd8bb3d8d0,train
ec000278-6f93-4a7c-89aa-39f76e308e66,train
ec3c9930-da96-489c-821c-3205e8a17ce0,train
ec6b7191-759e-4f13-9837-2b3ecb73f4cf,train
ec6c8e64-618e-400e-8b9e-845954bfd46e,train
ec773be3-c6c0-4050-9c02-87ad8534133f,train
ec7ea276-771c-4c6b-a22f-0cb66704813c,train
eca610b7-1237-4b79-acaa-f2c604e3fcfb,train
ecc36c5d-30f9-40d4-88fc-dbb63e9b6729,train
eccd5762-3d3f-415e-9aca-c2db7ee30f35,train
ecd29c2d-704e-4370-a31a-0769b31299ab,train
ece14a3b-7e18-49a9-a292-8cc51da57537,train
ece2aa66-a2b0-4801-869d-aae41f4a5f81,train
ecec34ef-d504-40b4-bbe3-6fa5a0e7b419,train
ecfaaec2-bc12-4a65-a413-51ead52abaec,train
ecfe3543-f697-40ad-b57c-9a5468ed3132,train
ed06284f-650f-44e6-8306-c210805dbac6,train
ed07f713-e430-4c17-9904-90b6fb165fd5,train
ed26a984-5cb9-4c94-ab83-72f2308ef118,train
ed2724d4-3bca-4e57-9797-c03f42962bd1,train
ed46e2ed-2e30-4844-b61a-6f72b13f0808,train
ed4e6e77-d910-409f-9169-97850256a272,train
ed5e8cda-8534-45d1-bf15-b400cf926265,train
ed71d3e9-6190-4ca0-9d53-b60b7d631809,train
ed7a86fa-9a84-4426-a1ff-3e9839fcea71,train
ed7d6f9f-8000-4270-a9bc-09101df3915c,train
ed88cad2-da99-4048-9a2a-31fc284ec507,train
eda29d2e-5d30-41d5-ad07-11fa26c3dc98,train
eda75085-8415-491d-8bf6-03cf59dec985,train
edb27407-9c12-4580-ac69-7441a25305a5,train
edc66eb0-fae3-46af-ad41-0c38236dc402,train
ede10ce3-8526-4708-b6ad-5c5ca4d26c0c,train
ede1db13-a2e5-40bd-9c5e-f64a94f6ecde,train
edf4df1c-24d1-4e32-ae8a-1a37e505c158,train
ee071f96-677e-43bb-9dd4-331685c903be,train
ee329538-11ab-4906-8366-324db01ea971,train
ee4f4830-ec77-485d-993c-f4943321b4ed,train
ee582436-81e7-45b4-968f-482c4e061f6f,train
ee60ece7-483c-40ae-8a5e-2139dee446b5,train
ee63d6b2-1b4a-46d0-925e-25930777471c,train
ee6ae87f-1295-48b0-bcd9-8878f4ca772a,train
ee70f780-5851-4942-beee-2241decaedb1,train
ee758f57-bf13-4cc6-b430-89bd32c72939,train
ee8ab851-c771-4691-8701-cd8d1dd9483e,train
ee8feea6-e6b5-4b6c-870d-347c4f427462,train
ee9353e3-2936-456e-9a05-5fe1a069235c,train
ee94c039-2e66-48f0-bcee-bc4bcffdfe06,train
ee978aa5-d791-413c-a463-e5347ac614e3,train
ee97a588-6d8e-4f2b-86d3-2c06cc26ec05,train
eeb181c7-4c52-43b8-81a0-ae5f377f9182,train
eec8b612-f504-43af-8a2b-a3016eadf13e,train
eee096b5-6831-408b-a184-9e3e76a9cabe,train
eee443c7-caf6-47c8-a06b-3f0a5eea8bbd,train
eee9ff04-82b0-422a-ae35-5e8caf86830f,train
eeedd69e-3915-4876-a5ec-99ac5195b038,train
ef03b121-03a9-4f8e-b860-f86f55bc7330,train
ef0c206f-9b6d-457f-890f-b69126eb4f6f,train
ef0d7aef-4820-47a4-af08-938b20591557,train
ef1ae9b7-78f5-442f-b085-03c10b95e056,train
ef1e0b18-12d5-4b4d-99d6-8e6f1807740a,train
ef540897-9945-432d-80d5-536490c0b8c2,train
ef5c0d42-64a9-443b-a656-fbae7328c106,train
ef6175f7-0a42-4c0b-833a-62cdee118097,train
ef6ce470-6e78-4721-a0b6-3d5bbfbe899d,train
ef714e3a-b9a6-4cb4-8305-a31655e8c25f,train
ef75c82e-ba7c-4f37-aab2-0af436a0176e,train
ef7be35a-53d6-4b12-bd16-688ce1d0ecf3,train
ef8d8937-60d5-49ea-9293-c80379028b43,train
ef94c5db-ef87-4643-aaf2-4e5fedb0e2d9,train
ef95475a-b923-4743-8969-353ca39b0753,train
efa7e697-9398-4dae-8423-44beb9768a28,train
efbc5bb3-3fcf-4b3b-b3db-f71fb0cff390,train
efcf9c9c-48ac-436d-9455-eee77aa07570,train
efd52e3f-23e0-439a-97c0-3725ea79cd78,train
f00e8482-a6c2-45e3-93a0-ff40ea8d3719,train
f02b454e-1e61-4c44-a68a-492a7b3579f2,train
f0342470-b754-4117-86fe-4e2c5d853694,train
f03b685a-2b89-437b-a9c0-fd8502aae958,train
f046bc6c-ed29-49bd-924b-900681ab0bf6,train
f06f168b-5794-4148-8185-bf6704cabc82,train
f079849d-0ec8-48b4-a048-47cfd3dd1831,train
f0a4fd1b-96a2-49ab-acf9-a9b46d8826b8,train
f0a7459c-8710-4cce-ab85-65e68ff3d938,train
f0aa0d09-7358-4230-9516-1fdbb1fd2a8a,train
f0acef10-a5c6-455b-af7e-0f0585ffe1d8,train
f0bdd3de-6c16-44fe-bd7a-0ae4f88be499,train
f0d6be10-327d-49ee-bcbb-4a1048f50018,train
f0da3e92-3484-4b08-997a-605fe3e16354,train
f0e2aea3-225f-42e1-b27d-47de86e3150f,train
f0e3c1b4-0fb4-4fde-b974-0afb7facdacd,train
f0ed2ae1-f87c-489a-a509-af974bc165dd,train
f0f1d60f-b177-4568-b654-137124703232,train
f0f9a854-b65b-4530-9e32-467a8c767c56,train
f10fdba6-cafe-4db4-b2cb-1f90fce0c6ae,train
f12ca006-91bb-4d60-8ead-04eed8949e19,train
f139406d-6116-4206-b847-1cfae091a0aa,train
f1411c30-e398-4f6c-a174-7d0f8d262cd3,train
f184e4f4-e768-4d71-842f-de1d9f90aaac,train
f185f6ce-6020-4b5e-9170-59b6edf35302,train
f18b33a6-27d6-4f87-a848-f10c396ac17d,train
f18dd1e7-1f3e-46d0-b0c3-0ed0140737a4,train
f1920578-f1ec-46b9-b3d7-a1985a60a95a,train
f196035a-51a1-4cf7-b5ec-2763929170c6,train
f1960a93-b293-40d6-9975-2999188f3c3a,train
f1abad27-b63c-4e57-9d66-3c051e93e18c,train
f1ada26f-4689-4b60-8e58-ebbed3f77f72,train
f1f1098f-a1d0-49bb-85a0-7622017b33db,train
f1fc31dc-6a13-45bb-a7e4-6fbc59846db1,train
f21209a5-7dc4-4b94-94c0-237262682302,train
f21ac85f-d3f9-43d6-b9ed-b5ff60e46a3a,train
f237c5b7-d81e-40d8-9e9a-f1594ae1c3f6,train
f2547220-e98b-446f-abbb-8790c0cd9884,train
f255756f-df22-4755-844f-698544317486,train
f26f73f8-ede2-4c1c-8b57-e2118186549b,train
f286303d-a88a-4d8b-8022-0ad4bff02b53,train
f296d34c-54c7-4fc0-b5e9-d2476ee6b7a6,train
f2b87fd3-1490-4f2a-84b0-58a8716d3231,train
f2d197d4-60ba-4e0b-911f-0207f34b4271,train
f2f6d4e9-2681-459a-a82b-cc632493daf7,train
f3008830-024b-4803-a391-c1b62e7f3c47,train
f31113f5-de8d-45bf-b759-2fdb4daaf212,train
f337d849-cd12-4d92-82d3-203dfd42a5b9,train
f33a3f0c-87fb-4790-b6ca-c8095929fd6c,train
f34f5bff-2585-410d-bb01-d92b7c32683c,train
f36be81a-b995-47a5-945c-e716b15d46e0,train
f3752733-d13f-4d37-abb4-5be8e248564e,train
f391f8a7-c13c-4818-9d06-0683151a37a3,train
f3b2ee4f-d33a-46dc-80e1-7eb10f3eb981,train
f3bfd9ac-dabc-49ad-81c5-fb7daf035e6b,train
f3c466e5-917c-4332-92d0-e03f865cfda9,train
f3f37141-d9ff-4fca-8b4a-49974cc1c0df,train
f4063e79-1376-42e1-821f-3b9ab46c7259,train
f40c1ed8-b62c-4a10-aeaa-c26d7688bef1,train
f40fd23a-1632-401f-b8b3-9fd254f851f9,train
f410fbfa-a011-4489-8ff9-13aba37c4c84,train
f416af67-34d5-4958-94b7-2b50a7e53ce4,train
f41cbfb2-05c6-4c69-98ff-729b34480d68,train
f43e95f3-d2b1-4644-959d-42bd128c6c9a,train
f44c745d-7326-47a9-bd59-5e5ad3794439,train
f44e41c7-a290-460a-83d4-078bd1eb7e2f,train
f452cff9-ee27-495e-87cd-f259fa4dc9d7,train
f45873ba-448d-48ae-8cb6-ad39b5e86775,train
f4638c82-3808-44cd-81ad-b76d0d9819a8,train
f46516e6-5c9b-4d93-95c0-fa8232adc60d,train
f491c43b-4566-488d-b011-ff7bcc7807aa,train
f4a310e8-731f-4462-997c-8d0a2cad08a7,train
f4b94b5b-3451-40db-90ce-2be3f0f849c4,train
f4de1027-f4e2-4ddc-bd52-ed48e594e03c,train
f4dee7bb-8d43-4ee4-a394-0e4b52e18d35,train
f4ee607f-6414-4f02-87c6-bbf2e6f28146,train
f4faff4a-d335-4e83-8426-58e1a9d1e21d,train
f4fbe67c-4594-4f9f-ad00-4fa65b8df440,train
f51a3214-9964-4c81-8b36-dc6d87d4bf15,train
f524a92e-09d2-4819-a237-2bfe51b4cae1,train
f52df970-02b5-4925-bef4-6513e052df43,train
f54766a2-ff10-4bcf-8e8e-370d138efe7d,train
f54cd279-21e0-4555-85de-509b11959478,train
f54ff605-0af3-4460-b19d-19bd9d8af0ae,train
f558ec38-d0f3-4acd-a7c4-ca3e1b85b964,train
f5667762-058f-411f-b701-c41e276829d7,train
f57bca45-4d15-4911-8a9b-e0d641cffd7d,train
f588275f-0653-4568-87a9-ef7c4b0755a3,train
f5893035-54dd-4409-8d1c-0d902b938b86,train
f5950815-a348-4cf2-806f-e87c084c5605,train
f59c873f-bb5e-46b0-b008-4add4c9fec92,train
f5b68bf2-0a73-4f33-ac93-1a9e24f2e4ba,train
f5bb8609-c823-4785-bd8e-fa0281485ad7,train
f5c092e6-7c48-40d3-b655-0befee792048,train
f5c41e8d-8a91-47fd-91ad-9ec395a2f2b9,train
f5cdc1b2-a13c-42c4-9234-10d261989977,train
f5d82f6e-2dbe-46e9-8e23-cc342241d1ba,train
f5df5291-e685-4101-8fba-5cda871db686,train
f5ebf73d-9a41-4fbf-aff1-cd86a310c94f,train
f5f4ab4d-68bf-405b-8a8c-c9299cfe4caa,train
f5f95bd0-ef94-464a-93b5-275a4af4bb21,train
f607a71e-9530-4fb2-979e-38eec07dd409,train
f624f8c9-e6b1-42a6-8555-23d565f4e2c1,train
f62fb66d-7f62-4fe3-ba62-fb83f0bce177,train
f631640a-1ecf-4137-8c64-44020646d58a,train
f644531a-5194-4231-8e3c-e95db00f7586,train
f6446059-2a3c-4c4c-a66a-4ff2180aef62,train
f66a63ab-4048-4046-bc27-99dca0566cea,train
f6738452-636b-467d-8fe2-8e5fd1f7424c,train
f67a0f4e-ac07-425a-a769-a95d632344a6,train
f68c7231-45fe-4ea5-b137-c11f8f628cc7,train
f6941748-f38c-4e88-b7e9-2ea47195a543,train
f6a5f6e1-eebf-44cb-9823-7b01d44160f5,train
f6b25cbb-8d6f-429b-902a-68869434bd5c,train
f6b32ff7-f2f6-4d01-85d9-9f5288166868,train
f6bf0717-d22d-4fa4-92cc-65fa76ffdff8,train
f6e4afa9-8f2b-4f9d-a4eb-acccbf194814,train
f6e6e8a0-8557-4255-8d7f-d01fa3c46ac6,train
f6eaa3ef-1491-408e-a7b0-ab89084ad8b8,train
f6ee119e-7948-46fb-a561-b92174385d26,train
f6ee2749-d8a3-4ae9-a535-a18571da343b,train
f6f3f317-2847-4940-9cc2-c3169748758b,train
f6f51ccf-9f00-477e-8494-36519289e4f1,train
f6fae1f4-423d-4aa0-b3ee-fff4083b6deb,train
f70daecc-83c0-4635-a9ef-8f34d55bf0cc,train
f7263789-f6f7-4036-baeb-d249194644ce,train
f72642de-ed77-460f-8305-14bdf535fae2,train
f73bccba-55b0-48e1-94e2-0b8a77e4ad55,train
f73f419d-7c9f-4710-91c0-812e323283b6,train
f7559591-92c1-4a85-ba64-c1e19a8a2168,train
f7674ee4-ce2a-497c-ad34-0f9677393726,train
f769d12e-1bc7-4349-b354-08d44d50d694,train
f76b44a2-ff78-43a9-bdf7-e8a17f46909f,train
f7717b57-8a51-4439-b36f-2a909a344417,train
f7a45381-cdb3-48bc-9c5d-25919e1d3247,train
f7ac2669-d932-42e2-9c24-00fcf793548a,train
f7ae7709-e4b8-402c-af1d-769f5b46b7c5,train
f7bec59f-0502-4333-a7d0-52a6def13242,train
f7c18f30-8708-406a-83c6-5bff19f66d84,train
f7ceafba-67ad-4cff-88b8-204878d321ab,train
f7d87d3a-ea8f-4ea3-8b73-ddfa4d3802bf,train
f7dab851-64c9-4bae-9c06-5c3f66a5c4e7,train
f7f16750-fb4f-4df8-a11b-adbb59da832e,train
f7f9d01d-7f68-432a-8d7b-fc0c73155c87,train
f7f9ff17-3b50-43df-8ad1-04b6cd7ef79a,train
f7fcf625-bc34-43b6-9282-93541863138e,train
f7fe5357-3fdb-4fb2-8e57-83da0d7a494a,train
f802eaef-a15a-478c-9994-9933ab0fd952,train
f80f7b00-8844-46f4-b04c-62269d365dd0,train
f8134b2e-c41d-4416-9e16-374f16e9e56e,train
f82083de-9fbd-4e24-8382-6ca091d71bc9,train
f82dd69a-46e6-41c1-a65b-85c34cd563f3,train
f831f26a-f339-4475-a4a1-b28251983ae5,train
f83be56b-4a8f-4f5d-a166-e9c1bd9bb418,train
f8461583-7589-4305-acf4-2282e0b1087e,train
f849fd0e-8e33-42f9-9849-5c2915df3320,train
f84f1007-67ea-47fb-b270-d56e22adae44,train
f86b4b87-e278-46bd-a429-e01ba50d39ae,train
f86f7df6-e84c-4420-82c2-f997f977cc39,train
f87c984f-06af-40cb-ad6a-9ee2ca74ca5d,train
f87e8441-7684-4405-aa15-856bbca86cef,train
f87f4d76-03f2-4745-ae3e-6f7b0f7bbafd,train
f891f28e-7bdd-43b1-b915-de7d95908c5a,train
f8926bed-9358-4722-8dd2-1d0a4cabdba4,train
f899b041-5e2e-4ab1-9cd1-29bfb5a28270,train
f8a7c9d4-f7dd-44bc-8c9b-49056cda57a2,train
f8a87709-43eb-4d9e-9e4c-1951f6ae0613,train
f8adfb36-b765-45e0-b36b-4fe5fdb9c7cf,train
f8af0c03-ea2e-4c34-b18b-32a7cbdb46e0,train
f8d27490-4666-4be4-9209-da7ced0e8b09,train
f8d9c08d-3cff-4647-8656-13194ec6613b,train
f8dbe073-d595-4ae3-8b2c-83e15d37505f,train
f8e17e63-21d3-4ff3-9a20-3b71a3aec906,train
f90fbc3a-49dd-40ff-a1fb-8d27df90c7b5,train
f92535ef-66b5-493f-a348-df5ba7add651,train
f928f4ca-34d7-41ab-8b76-8e816bf050a4,train
f952c6c2-ca60-4558-b5ac-af06842648c0,train
f96666e3-42c3-47f7-98e8-4362abd295d3,train
f9869c86-759b-464f-bb58-6e1519c8d09b,train
f9975130-e8a8-446b-a165-889d2d6e29ac,train
f9a5640c-8827-41ca-a580-13bba16e2fb7,train
f9a759c2-18bf-4ee6-a127-da7257136bba,train
f9ad30f1-0cfc-492e-b805-5d4ab4beabed,train
f9ae55ba-1484-4866-9db4-729462331155,train
f9b2f5c3-e507-410c-819c-299ba50a119f,train
f9dd7fd8-bda7-4fb6-ab3a-d1760f288810,train
f9faea6e-9a85-455f-b8e4-2934f9b3157d,train
fa0a6b2d-4508-4170-87b2-dfdb0a9dd81f,train
fa16de41-ef47-47a6-9864-fa94421c9cd3,train
fa2283db-c6d7-4a95-98e7-dd23ca2c05c2,train
fa228658-9a84-40ae-9f23-db0a09d78834,train
fa2bba7c-3947-4523-bb0e-33dd1cc9afe9,train
fa4fcf9f-97b7-41b8-a716-a4e9e0b14cb8,train
fa58ace2-96dd-4bf7-a3f3-d913b1508bad,train
fa83b228-46e9-4822-aa1a-6c372add36bf,train
faa4fc95-8f0d-4552-92b5-345ccbbdf8d5,train
fac13225-93f8-4da6-b152-90bc433a7974,train
fac84b64-694b-4228-9222-843de73cb875,train
facfd662-c425-47fb-bbc9-7794fb0837f8,train
fadeeabb-bb89-4447-be1b-5107f01c8896,train
fae0885f-87e9-4d81-bb85-2c28f4629999,train
fae20e9b-055a-4908-b80c-d32ad7df6071,train
fae5d552-daa7-4b2a-8448-ff23f6975e5f,train
faeb023d-bdf1-4b0b-b1af-d08ce46001f0,train
faf584fe-d1e1-403e-8bd3-f9fbfaca43a5,train
fafab61e-11a9-4cbc-bca7-b2deb2fca540,train
fb0b63dc-55ce-48d7-8457-56d7356cc21d,train
fb10385c-c5e8-434e-b316-8f1acdd6fbfe,train
fb15d226-71ee-4483-8351-0d6d31dfb92f,train
fb1ed50f-907f-48f1-8d10-ab8a003c28a9,train
fb2c5186-3ccd-4f60-9297-c89d06ea7857,train
fb5ba2d1-fcb1-45df-8f01-469d061f95c5,train
fb5d47c3-5576-47bc-81ec-9a6fc31569d6,train
fb5dffc9-6cd0-41ec-aad5-5851c188bec0,train
fb6d3d56-ca0f-45fb-9ccd-0b9fed8890c6,train
fb8caa4c-abaa-4405-84f6-af2124ae610f,train
fb921586-455c-49eb-97df-bac13f89b71d,train
fb97a937-b4df-499e-bfa8-70ea4cbe2163,train
fb9fe21a-d52a-4918-917c-6b1b5f647a7a,train
fba32ec6-3a9f-4e35-a364-c8c82664080b,train
fba438cc-6a2c-4258-8bab-dde3e02d39a0,train
fba6a72b-37e0-4631-8f3f-db5c254a8059,train
fba8e653-1c9e-4bcb-be6b-a9ed532e5328,train
fbc9496d-5fb3-440b-9efa-bbdeda5576e3,train
fbd3f2f6-ee35-4bac-b779-e8a205ca94fc,train
fbec350f-de99-4c6f-a8ea-924e1241ff7c,train
fbf60084-fe59-4b72-a272-3ee59dfbf629,train
fbf82b95-12a9-471f-96a9-511e71d2d047,train
fc006d45-9e00-4e36-9278-b8b9db566850,train
fc017342-4654-4568-8a3b-036ce82a99df,train
fc0363fe-0ec6-4be2-8a88-146c6dfbca04,train
fc050a98-9776-4c48-9a36-772568d63b27,train
fc0f2c2a-857d-4627-a694-49733605e305,train
fc12690d-63bb-42b9-a887-4c09418f1c80,train
fc192e26-cd3b-464e-bab7-c070f0c58b27,train
fc1c9d3a-40df-4f67-94b0-8a3ec84f6542,train
fc34c816-5f1c-47c0-a8e5-d6753f2693f6,train
fc35e18c-ea8f-46bf-8745-dd675d6d89d3,train
fc421405-669e-4c1d-a6e4-f6d4c4386724,train
fc48d4d4-bd12-4399-89b7-1d615290105b,train
fc4f2333-423c-4310-9a9f-cbd3c28e3274,train
fc506f75-1a1e-4fbe-a3b9-6202f144ab68,train
fc533194-9d3d-4679-9744-d283b41e7100,train
fc5b9e3e-1aa9-43f3-b990-4ff41f0ecc1e,train
fc63314c-8e4c-479f-8636-92d16612c882,train
fc66de7a-a3f5-4e8d-97a6-1f42f4be618b,train
fc69d567-7cfb-4ebe-8b3f-44c4b38f8b78,train
fc6b0e87-d468-4ea7-b123-fa11f3e99282,train
fc723354-b5a6-4a2e-b92e-1b2e7cbb62e0,train
fc76d7a7-721a-449a-82a8-1465ddec727b,train
fc841e28-7266-40c5-a8b6-3d3179bb825f,train
fc906700-6f32-4386-b73e-741d6b6da87a,train
fca3d9dd-aa30-4ba1-8d77-f97a67bc2d32,train
fcbf4cda-c1c8-48d0-87a1-6b242802f18b,train
fcc17d1b-7315-4bb9-9917-cafd951e7f38,train
fcd59d57-8a21-42da-a4ff-c6fd11835ec5,train
fcdcd8e8-a8d3-4cd5-9c5c-a8660c12eba2,train
fce54b51-2e13-4324-9a05-15af27798ee2,train
fcff5736-9740-42ef-bfe1-ba3db4ce7687,train
fd093036-f735-43fb-970c-a5590f0b62b5,train
fd0bb0df-fb45-413e-a4e6-52880f50e586,train
fd0c2722-cff9-4d67-be22-16b3c05f53e9,train
fd2ff980-1762-40a3-b4a7-a64f8685f094,train
fd42a8b9-5655-4139-8d6c-d0b0bd61e817,train
fd5ca0cc-dad4-4185-89fd-aa6388fd2d00,train
fd9e8b3b-f8e6-4c44-9ea3-95f4a1e20182,train
fd9f785c-af82-4f16-9005-9056f94853dd,train
fda48f34-aac3-499b-956f-19d59f7082e4,train
fda5d74d-a52f-4ca4-b9b4-3a02f4d89ac6,train
fda9394a-3471-4d05-a413-b8740c358590,train
fdc6c82e-b661-46d1-bc7c-16135c690071,train
fdec8ab8-44f2-4dee-9566-a0d08e83f84c,train
fdf1f25f-da1d-4489-84b1-c27b59c8c511,train
fdf3b9e6-460d-4cf8-bcf0-2f8b698edefd,train
fdf9c7ad-ec65-4fe8-b5b8-7b23c66e9c1b,train
fe0c0be9-cdce-4ea0-b53e-1a6a4b95d0c5,train
fe19559b-1c10-448f-9e39-cda80172e166,train
fe1d5459-e17a-4db7-aa71-49c1ae7af1f9,train
fe2bf851-d668-413d-826a-c5effb5be9a6,train
fe3934a9-aa9d-4679-ab6e-44d18b7687ee,train
fe3976c7-d26d-4c21-adba-02b59a151167,train
fe44c893-b384-41f6-af8e-ab5f76517b2d,train
fe4ea872-5a72-49e9-ad1e-c639a0f73836,train
fe570bd3-3c40-4ac8-b916-c408712e60e6,train
fe5dbe35-a74d-4860-bdf9-b3142bde083e,train
fe66eac2-d2f7-4d33-8774-5c4689d0e723,train
fe7345ba-be41-4cfd-9af0-8a259cfb6bb2,train
fe92a81d-4111-4d55-830b-2eff62718a74,train
fe9e0671-baad-42bb-b938-b2cb57ac6457,train
fed53a3a-7c4b-42ab-8b8c-2768d4e36922,train
feefba93-91d4-436e-a5b1-79b5677894ff,train
fef57e66-87af-405f-b65a-93fa06255413,train
fef9d8ba-692d-45a3-8574-ffe42fea3cc1,train
fefd918e-989f-4cf9-919c-d96c20a791db,train
feffad6f-c728-4f4a-b38c-23f9713fbc2a,train
ff0d85d5-d529-4a4c-adce-330164d63613,train
ff1e37da-77ca-4ae3-8a57-ba66818b9e70,train
ff26c979-e362-44d6-9621-f84f4d00bf51,train
ff43950d-5e83-4a58-a54e-1a23d3afbed5,train
ff5db22c-0431-4395-956f-eacee767bba0,train
ff5debef-5031-4207-bfe0-82f9d7059f0d,train
ff71ca3e-28d8-480e-b69a-b7e483847a83,train
ffbffbe2-b86c-41e4-a7a2-4a70f7d5ccfc,train
ffc05e5b-f5c7-47b3-b199-08bde7ab961f,train
ffddfed0-2ba7-4a17-b032-b741bbf8ba90,train
ffe07546-f3cd-48d3-8e6e-ed6dc3a89008,train
00345d58-6d89-4bf9-914f-bb797f0130a5,valid
005699bd-d0bf-4088-8b5f-6ce2bfe7f6a8,valid
00619608-5415-4c7c-9deb-d87184ce9055,valid
00799efb-779a-4180-ae4f-bc40adcb5603,valid
008f348f-b403-4373-a917-74962ba8b1d1,valid
00979a9c-fe46-43c3-804c-391f33e0a203,valid
009e4a71-e189-4c9b-be9f-b9b166bb83c6,valid
00ea7d37-dfc7-4fdc-9101-cab0f4cb3c3e,valid
0107b463-bbea-493d-a341-c19331e8b093,valid
014c5348-ff08-4198-8a07-be17679e76d6,valid
01510731-d6e2-4cc1-9b5d-6f144e301a39,valid
015e868f-8459-4cd8-99a3-e4d55a79e581,valid
017cf68e-78b6-4e7f-b5aa-ce2fe93b52b7,valid
01fd4aec-e56b-4930-9794-38acf8e1853a,valid
02a16eb9-8cc1-4973-a0c6-e88eaf2a17f2,valid
02cc1b3d-eb08-43e2-acd3-9de78930c078,valid
0328f5ac-e47e-47a9-b259-74be00da7901,valid
03353393-a2cf-4961-b59c-e61e445360b6,valid
03bd0c50-86e5-48ed-add0-732cd4c1229d,valid
03c2adbd-e19d-4a98-a8d4-a1e98fce504f,valid
047fb465-e1fd-4432-bc36-faf665b6f4dc,valid
04b6dc9b-14ea-43a0-ba3b-8f6565078dcd,valid
04ca4e49-84bd-4e9a-b2ff-250556f80ff6,valid
05419eb2-d8c6-4236-8d58-788991f5c997,valid
05b772dc-6dfa-4f0d-a0f4-bc5baf027a0d,valid
05c2a73d-1d3a-4455-aceb-a0ab7309d7e5,valid
06b0988a-a860-4d72-80b6-3a80b2968aa8,valid
06b6568c-3652-462a-b64c-2c3628cd33e1,valid
0719a9cd-45f7-439f-ac3f-d66294c27d98,valid
072cc0da-35e3-4b64-a625-9c0e54e75c8a,valid
081fa1b7-2ca9-4552-91e8-2c4f3ecf854c,valid
085b24e5-b996-48b7-9718-382690baa916,valid
087189b2-29b8-4393-a79d-be49d359ef2e,valid
088afa0e-3897-4c5f-acfb-1bac0e452955,valid
088cc7ea-6b6b-47e3-9e2b-049c42958c0f,valid
08943580-cae9-4ef7-b1ba-2bd6a371971e,valid
08b42478-feb4-4859-8042-659f28542797,valid
091989d7-44df-4844-b259-6b275f5ff55a,valid
096c5158-572a-4dda-b80c-6c34077d2e33,valid
0977693c-a176-4240-96a7-fb39de741261,valid
09cfd113-37a4-4d76-9b63-a3edf8491eb0,valid
09f6fd4c-21dc-4688-a12f-0f21e894ed48,valid
0a8db7c0-1f87-44f7-bcc4-d2906f44f6e7,valid
0aa819ab-8019-4b65-89fa-638ad59849e0,valid
0ac6c0a1-5309-430d-86d7-21bc310a6d3d,valid
0b06dfbb-4901-4708-b95c-52492b22198b,valid
0b317179-ca07-4259-9476-e291267da6bf,valid
0b3c9dd1-6ba1-4b9d-b681-24d965c4c35c,valid
0b49d33d-abc0-4186-b301-6a997edc14c3,valid
0b4f4ec4-1cea-4df1-9625-c7af2b3ba2f7,valid
0b57aa6e-3c9b-4b32-8065-784db46aa7e0,valid
0b5f28fc-a4a9-4256-b72f-a579d0509cc2,valid
0b79cfd2-3a89-45b7-8f28-a6ba028e8185,valid
0bd82fe8-06ad-43c8-9b84-0d540707941d,valid
0bdade13-e5ba-4966-abbf-3618878e971a,valid
0c6220ed-2481-4ad7-a31d-fbc4e2d826bd,valid
0d1c68b0-0433-4fa5-85e3-2393310d7ae1,valid
0d6374a6-c691-4b8e-bd02-9c92143cc5a9,valid
0db21398-081a-4ccb-8482-7df7628d80fa,valid
0df96589-a4e6-442b-9865-7d80678a7992,valid
0e0867b8-45fd-4e90-aa5b-b79941a82067,valid
0e149efc-8778-416f-80a3-d73e06f0e6b8,valid
0e457748-5d69-4442-ad77-d092abcf9898,valid
0edbf42b-1efb-47a9-9fe6-5ae822507d3d,valid
0f04df6d-d112-48f0-8857-81ec1c5c1aa6,valid
0f22452a-4aef-49f5-9c58-6e2e75ff4014,valid
0f528456-0614-4e51-8ccf-401583e37d7a,valid
10c1b597-4cc5-41a2-aa92-260be6661d2e,valid
10cb8df1-34d8-4b3b-a73c-df52272f9732,valid
10f44790-9d6a-4697-bedc-7ff2f5839dfe,valid
1133c394-d435-4281-94e0-61770fe4002f,valid
11447fc1-4fe5-481e-8561-942567e41892,valid
11929bf2-632c-44a8-9eb7-9b18f95eefaa,valid
11ab104e-84c2-4a7b-a26b-35af97ba8616,valid
131de4d1-975b-44c4-9812-2d5f3fc9e170,valid
1326e9d5-5643-4a19-b6e8-95a93ea37bd5,valid
132f687f-a9f7-4b38-a427-82fd76298f7c,valid
134cdd49-47de-49ff-9571-4c0aa7e301cd,valid
13694863-095c-4635-834a-115f8e78c13e,valid
137fa898-a139-4780-80f4-ed64d1f8c272,valid
14185ddb-b76e-41af-b122-ff7e6520c110,valid
14613198-a5d7-4ba0-8a7b-8338e2c5434b,valid
14ef0de7-2e98-4aeb-8932-5b1793fe7053,valid
14f519ba-e661-4912-8f19-561a978a5a0d,valid
14f602b0-69c1-48a3-99e9-72d333908309,valid
151a16a3-31c9-4b67-9a8a-3ec6822f398a,valid
151c888f-044b-4950-8a6a-e377f52254ed,valid
15406727-abd7-4fd3-93b1-8d458757804b,valid
15406c10-c684-400b-99d0-fb770d1f749e,valid
15d2c58d-c5f8-4e3a-ab7f-a3f1154ba241,valid
15d5ae90-5fc9-4adb-b9a7-f94f47575ec5,valid
15fb9dbb-84ca-4ea5-8ca0-30ee314cbc42,valid
16095b16-9e4e-4f74-80a7-a366fb32239b,valid
163c6aa6-f007-4ea5-86f6-5aac4c7ae067,valid
167b238a-11f3-434d-954e-00d3ccab8eb9,valid
1681e704-9ce2-438e-9645-1d5e56c80f62,valid
16d47443-1a84-4945-a96c-3f44c3fe0a52,valid
170d02ed-8eff-40b3-a214-1de92170b1e4,valid
172cf66f-bdd2-4f9a-822f-8d1158db4d37,valid
17995fed-eb31-4de6-a31d-5049c7f9250e,valid
17e7edf4-5237-4c13-96c4-47a301fb31a8,valid
180e4b30-03fd-430a-af05-6dea1aa32582,valid
189162a3-3dc4-4296-956d-22b85676421a,valid
18a1f13e-9b62-4547-8af5-25f3ce45be0d,valid
18c6f777-3672-41b3-a0fc-84773768bd62,valid
18d7f641-577b-417d-8fac-5186cb77ca31,valid
19002395-36fa-4b47-8405-5125f195864a,valid
1939f741-912b-4800-bc88-e1b9c380d360,valid
198b9f88-d854-4ed1-8096-5d05b2fa38de,valid
19951da5-6df3-43a2-a12a-07c38da756da,valid
1a07d516-13cf-47b5-984b-1a25f0b7f9e3,valid
1a92cac3-0785-4142-92b0-922c5f5a6579,valid
1aaac77e-e714-4fdf-998a-72df45d52b3e,valid
1ab5e4e9-2af6-4bc4-a270-5fd4f075a950,valid
1b033c97-1043-41a9-aaa0-eb3dc72ac8fc,valid
1bdf36b1-41ed-4e33-8eab-8993e3a90146,valid
1c3b0785-0cae-468d-90eb-2610035e9e8f,valid
1c4308e2-a45a-45d3-8f6b-023ed962f1a6,valid
1c90a464-a1b7-4993-880e-4f1cbcb120d5,valid
1c9ff611-a507-4fce-8f3b-e895de9caa99,valid
1cbac652-f57c-4c82-ad5d-c25381c0b13f,valid
1cc5b20f-d631-4672-bed3-11cddae98f26,valid
1d049978-87db-458a-b3fc-d14c74c3c45f,valid
1d2dedfa-59bf-49ac-9e19-72f1649abca2,valid
1d416f8f-334f-45ee-8eb4-ba893610c8a5,valid
1d45bffb-3f00-42ed-8823-ac48dc107c88,valid
1d6d5419-1060-48df-9e35-dd5999c99991,valid
1d830963-3784-4fb7-9e52-81902a294497,valid
1da950aa-c629-423a-9cd8-c3df7c532a22,valid
1e0e4b65-0298-4d1c-b011-f54aef5cb5ac,valid
1e7d1482-c4a8-4c2a-bb0c-4342d3a03819,valid
1e90fb28-feb6-4fb1-9bd4-4e4708822cb5,valid
1ed70aeb-452d-452b-b006-91d7a48b7e30,valid
1ef21337-4329-4e44-a52a-8851eaf6198a,valid
1f1695d2-c025-4d4c-b142-4764296c10d2,valid
1f300d32-c47a-4271-8bea-55486ac12740,valid
1f405ebb-1d92-4c42-9249-d3650184a4db,valid
1f525e31-2f18-43b7-907d-05670b3900bf,valid
1fb48c34-8a3b-4d64-96c4-e358a761dec9,valid
1fca6537-9a9e-447e-ba9b-6622ca316575,valid
1fdeb728-a3d8-4e0a-8b1e-4072410c3939,valid
2014b5c6-6676-46b5-af33-35af8b21da23,valid
2029c4c8-4b78-4059-b094-033c743aa2b3,valid
202f9a92-6755-4106-8eed-b17797ed2a2c,valid
2062b5aa-c042-48ad-917b-62fff0530cb0,valid
206cea43-c366-49b2-86be-2d600efc9da5,valid
21833626-650c-4843-8a86-1c38172bcd10,valid
2191b3c3-a402-42e7-a563-11de1c510604,valid
21ab772f-cd47-4e51-bade-a1a289cd8fcd,valid
21b5a4f0-5d5a-4789-97a7-40ca76f31b81,valid
21ddc8fa-c55d-47e0-a8f5-4924c3fbfeb5,valid
2239abbd-86ef-48a8-8915-a006ccf620f0,valid
22adff07-c120-44c0-a29b-9d0f99292765,valid
22d6add9-5ab4-4ca5-a17f-9429cfa5c800,valid
22f11bea-1fc1-4368-9da3-688d63301f38,valid
22f7343e-9f67-4669-88ae-3a791cbaa624,valid
22fe64da-bc0b-4441-9b7f-f69ad5133b98,valid
22ffec56-3464-4200-aa77-7718d531c45d,valid
237ef20a-f805-4764-a3c6-0ef4fdd8cd58,valid
24010325-1fe9-4e4c-b0ea-62ad09d3039d,valid
242ab773-da5f-407e-b841-b1c2fd1a2beb,valid
245a49d7-dfa4-4330-be14-a6acfa6c5419,valid
24958bdd-2a29-4799-ab9a-e0aa29ee64fc,valid
24a89732-3946-48ae-b681-36b08521b25e,valid
24b85e65-7fde-421d-ac9e-d75d23aa9056,valid
253f3299-e6e7-4dd1-ba58-8b13b4d81ae8,valid
25450421-d04f-485b-b4b2-fe472b743410,valid
258a29a1-a9dc-44d7-9426-227dab81a85c,valid
25900f73-c2d9-4a36-96b7-6585bb6439a1,valid
25929704-513c-40b7-b237-a8fb259187bc,valid
2592b5a6-9420-4df0-9da9-c3c0464c3972,valid
260a3350-bbe7-4f8c-a5b6-f185df50702d,valid
263235d8-66cf-4d5f-9e09-8ff1d97fd70c,valid
263d9994-4cb5-43d2-8622-52e9cb211302,valid
26e7770d-a815-499f-98ca-9716252e8dfe,valid
26ece8e0-eaf2-4faa-b5e6-8486915a3d7e,valid
270cda7d-ded3-42f2-a303-276f1c7d6b40,valid
2722432c-a3ed-4dad-940c-27b10a46376f,valid
27251440-8e51-4c8c-a074-cb371b44b2df,valid
27756295-5601-4d75-9404-4d5a7c084a1e,valid
27e83492-80dc-4064-9d61-cf04f07bff65,valid
27ed2c72-e738-4ec3-9edc-b55e0af4a824,valid
27fbd07b-2d9e-4220-b9ac-5f46872b4c5a,valid
2809a6d3-f0d8-4a48-bc1f-653fbc0b829d,valid
2813414a-8b79-4a06-8d5b-711a7943a1d0,valid
28a62230-a84e-48bf-943f-128df0bd7945,valid
28c109f8-e0fc-47c0-a218-5b4035de2b90,valid
28ed66f9-40f1-476c-a9ac-450cb746981a,valid
290b325f-2733-4aa7-b83d-51d7670112d2,valid
292403dc-78eb-48bb-8b27-be3996c782d8,valid
29ad8085-ccc2-4167-8b2a-5689490f9e52,valid
29e0ed7c-2c09-4e4b-be19-e8de49e71666,valid
29ec84f3-194f-4162-a6ed-ff8865d222ff,valid
2aa97a12-9f9e-4bea-aafe-5e141e2c0bfd,valid
2ad8bb05-9b6f-4b82-819b-b4644460a25c,valid
2ae75eb9-3988-4672-acd6-0face04373cb,valid
2b342c94-62b4-450f-8db2-1f237f63a18a,valid
2bace8a4-7a9a-44eb-a47e-acf1a07d8dc0,valid
2bae0ec6-3796-498b-94f4-d5784e7bbb91,valid
2bc6d578-483d-4a25-97ea-2ddcb2b77db8,valid
2beaad23-382a-46f7-9bb9-8cd6d9465937,valid
2bec18dc-78fe-41d2-9fee-d68aaa07c37d,valid
2c412e50-40d5-4939-aca3-2086109ac4da,valid
2cae54c0-0ebd-40b8-ba19-28f09049e435,valid
2cb263c8-81d9-41d4-a33d-a4a0943f0a93,valid
2cbffe29-e32d-4d5a-b18e-a4df3e4912de,valid
2cd15f8a-6bb9-4043-9cfa-5fb32da33a16,valid
2ce41a6d-f03e-44ac-9000-270ef8f285f6,valid
2daf076a-4d0a-4ede-a9ee-63a710f9c757,valid
2e1134f8-700a-42bb-8d93-c240a201f8c2,valid
2e1f2cc5-68da-447f-a797-9ea60fbe1885,valid
2e51c8bb-e9be-4b31-ae61-d2405f60bd0b,valid
2eae7a68-ba3b-404f-986d-5b2350665dfc,valid
2ebc8a52-0d47-4d5c-be47-f6402c4341d8,valid
2edac53d-ce59-4c76-999f-e13ed695876a,valid
2f14baf4-442e-4fd7-9af8-240e6e42bb49,valid
2f3363a2-3731-4b3b-bf9e-e332b6dde4e8,valid
2f810c0a-b483-4616-9791-3c11b6f6f74c,valid
2fb778bd-0604-45d6-970b-d2c830d09a44,valid
2fce2318-2960-4ce1-ad70-a6de19bfb323,valid
301f7168-a663-4c5c-bb73-76db91a175b9,valid
302e0d74-6d2b-4342-b7d9-3988955cbf79,valid
305d369a-8a77-4b0f-b0fc-8fa74137dc77,valid
30869c5a-f75a-4bc7-8e33-ed68e61123f8,valid
3108e3fd-caf5-4617-8a74-5ad8634fae09,valid
310afbc2-a6d8-4bea-a74f-758562fbac48,valid
311eaf67-52a1-4dfd-90b1-676f1c34f7af,valid
312907ab-5ee7-44ec-a840-7ff65bfd6cd4,valid
31fac3f5-1b25-4e2f-8c2f-07e3ccfd6bdf,valid
322d5047-1b75-4b20-8055-09b0e89e6961,valid
3258ecf1-bc46-43c1-b3d8-b1b537ade1ba,valid
32e3d05e-20cf-4c51-9ab1-8bc409a2cc3e,valid
32f52826-efd8-4a7b-8899-adfc1f210a97,valid
3368bbc0-644c-48d5-85a8-788530425544,valid
3370a7c0-fac5-431e-a05c-e007d21f6191,valid
338e49ef-3218-4e51-8e1a-23839d9e347a,valid
33c4da3c-9ecc-4b94-9148-3bb9e2584b29,valid
33c8c54f-ce83-4726-81ee-2bae51e6b60e,valid
33cb5ecb-d81f-42ad-aaa1-bc1b5ca09cc6,valid
344b0209-cdd4-45d9-9b3d-0b79e81515c8,valid
3450fcc9-fca6-43da-a93f-22be5e4cc4be,valid
34bcdbf5-a9ee-4a40-afc3-cbf76070a10c,valid
34d69899-a50b-4169-8f9e-ad5d96ff3efd,valid
34efec92-5a1c-4bc1-b2e9-5057e9e73bcb,valid
350346e3-52f2-4ef5-b8ef-06426b65d0ed,valid
3528bb36-1afe-4477-a789-b5e56e0c6751,valid
35adc092-270d-4884-8c99-0f9d1c9f724c,valid
35bca649-4e3b-48dd-a39f-16911537eb31,valid
35f9a2ed-456c-4790-84d9-60e16975ed1a,valid
35fac8c9-3447-481e-87b9-dfd04c23f405,valid
3668b947-0f9c-4b43-8c79-e772afeb27f3,valid
36aa0d7f-4757-4b66-b47a-7e94b5c25a55,valid
370e6b57-98df-4217-8bbe-78f5da34706e,valid
3715caad-e012-434f-ba83-ae50a4ec14be,valid
372988df-4f38-413b-82ed-3079bac7822e,valid
37a420c3-332c-4b1a-aa29-35b386b52057,valid
37f15009-7011-4d3a-af02-11aa252c2077,valid
382f195c-83bc-4ca9-ad89-3138da07f4a8,valid
383a752f-fcfc-4ae5-8bb2-b8a604fb27ab,valid
38831bed-03e4-4663-9ab6-9fa94321ec2e,valid
38a0820e-4824-44fa-b57c-59daf7590c6c,valid
38ab2b07-3538-4476-aff0-428bc1d050b4,valid
38b49f4e-f469-4dd4-a273-62c1fc35a94d,valid
38d0e11c-a323-48f1-9372-40e660d6a126,valid
38d311e1-ec38-4944-ad16-a9ae43b522ca,valid
38f7862d-e39a-4afe-ad29-66ef59a30112,valid
394cc7e1-4b72-445a-91a5-cf9bbd099533,valid
398463ca-3acb-4aa1-b235-94132d6e4a35,valid
3993e9e6-5292-4fcc-87fb-9d382c9cc4bb,valid
39a79a78-c12a-4909-be2e-a32a75e06dd3,valid
39c05c1c-c517-4a7d-9920-1a9fdeccef86,valid
39f8eccc-e3d7-42a1-8218-92dfb9505e05,valid
3a3a8019-9cf3-4a3b-b2b5-c87d614a0034,valid
3b281c6f-7d6d-454e-87d1-142bb961eb03,valid
3b8c69c9-7ccd-4fcb-a49c-e184979475ff,valid
3bcce04b-42cc-47bd-b0af-57059a8fbe74,valid
3c057ebc-5d43-450c-9bfe-9a25a3766143,valid
3c4b7f00-0f91-4003-8bd1-9fc3ccd0f5cc,valid
3c6f2425-63a8-4e61-854c-6d6c9c386830,valid
3cb30286-b663-4933-8735-a464f514381c,valid
3d007419-7bd1-4ca8-b593-0e157affdf8a,valid
3d366ca7-5b95-42bc-8c4d-260ca7413c35,valid
3d7045c4-b3f8-4158-92ab-28eaa8cf3fcb,valid
3d7f3c90-4ac2-4890-a255-8b130ae2a24a,valid
3da9f5c3-df8e-45b6-bf72-7a6acdb67942,valid
3dacc27b-3636-46e3-8971-2edabaa8f954,valid
3e4e029a-36cb-45d0-9112-5d0ac62fd4cb,valid
3eb379d8-d372-4864-9e8d-1b24fcc10de6,valid
3ec3e2b1-61e8-4833-bae8-35868e94f448,valid
3f138d26-173a-43a7-8d91-676839844b9b,valid
3f238166-3be9-44c9-b296-53a96dc1da21,valid
3f279cce-2a5c-411a-8521-e3920c0b7be0,valid
3f67be57-fe53-486a-b5c2-b798cf36eca8,valid
3f8cb702-fbcb-4eac-b2e7-85799625b59e,valid
3f932cc4-8f46-453c-afac-40ab530b4659,valid
3faa6624-58e8-467d-ba7a-3ec7bf452494,valid
40900b3e-700a-4fe0-8c42-81c05f537561,valid
409ed52b-5d75-4f91-ac0a-a5d5e79ab11c,valid
41641b1c-c3ff-4526-8fc5-a0e1289fd90e,valid
42103545-a329-4366-bfe4-b2eb237f027d,valid
422eea2b-58dd-499a-a1e5-85423ccbfdea,valid
423addc2-eb30-461f-81c0-5a72406ca062,valid
425a4c4b-a656-45c7-9d83-d3e519c55058,valid
42835d19-ff0c-430c-9ff6-d90324cfb476,valid
43307064-2c3b-4463-af5b-0c982f89bfe1,valid
434a0aa0-7ed2-4fb0-95ad-a8a8eb464941,valid
434d6d89-13d2-4cf4-ab2a-e12377ead97a,valid
441b904a-9284-45c9-9693-694096d0f6a8,valid
442ee312-40fc-4f1e-a7b5-7a0cb5ee9239,valid
447e0eb9-7bc0-4970-9c1b-35f0cfae6aaf,valid
44c2b6c8-dc5c-428c-b02b-2f6bb38d92ed,valid
44d9e791-0183-4b09-ae0e-c524db16936c,valid
44eff351-770b-4347-9114-14805583efa2,valid
452f1d90-2399-4148-9606-0e90d90d6479,valid
454d01bf-f59d-4f21-beac-becf8b876f85,valid
4596aa07-5700-4174-a099-c137fc374df0,valid
45ecc04f-0bac-4f95-b77c-0180f718021c,valid
460df8bd-cf3a-4fb4-95a6-ded66b5faa38,valid
4646532f-beee-4de2-b847-0dfd75e99cbf,valid
465a00c9-ae2d-4655-8d23-860bf968502f,valid
46741d82-4657-468a-bce7-3275cdf712dd,valid
47b0d728-dc1b-4208-99a3-44c193fae952,valid
47d60116-c914-4c4e-ae44-17db95115b95,valid
485086b0-025b-4c94-9854-a73cfaf2c8c6,valid
485676fc-55be-4c21-9113-49d1ee62599d,valid
48577351-985e-43b7-a6b3-467fc17b3cc2,valid
48b1b308-351b-4089-a02a-0e2b6b70d2c9,valid
492ae40e-d450-4fb8-8752-bd19c53802dc,valid
492bef2b-507f-43d5-aa05-8fde076ea877,valid
496c2a65-f438-4285-9bd6-b9ec28725408,valid
497762df-d00b-4b45-9c00-df58f740e52a,valid
49f17ad6-16df-482b-8dcb-4329cc79ce9b,valid
4a15b312-ee01-4ba4-ac8c-a2be9ce7df35,valid
4a2619ad-33d8-46d3-844b-df035f40a57b,valid
4a3158cf-657b-47a7-a394-d3686b2b77a5,valid
4a8b99bd-42af-4d9a-9f40-41b43eda2ca0,valid
4a966ac2-d096-4a75-9121-458d87dddd29,valid
4ac2bd8e-d237-4de7-8617-4918060a8d8b,valid
4b1996c1-2296-4e06-9529-34c075ada450,valid
4b6483c4-67ac-47a4-bf46-58b5134cc2ce,valid
4b7e7dce-2626-448e-a4c2-c33863a3631f,valid
4bd25dd2-aef8-47c8-b1ff-f06ea5dbec1c,valid
4c32115e-b3c4-42b1-bd55-6a5be1197046,valid
4c6ae6e1-bfb4-4046-8dc9-824650507198,valid
4c700737-0c09-4fd0-b455-13b26853bd17,valid
4d179a92-501c-43e9-99d4-14a0f15c996a,valid
4d54d21f-443a-41da-becb-05e9ae2b24bf,valid
4d5742eb-df2c-48b7-8bb5-9d56a96f8a1c,valid
4d66ebda-d3e2-4896-a857-e032d2fef711,valid
4d84eb5c-481e-421c-b75c-fb4889c28c01,valid
4da95fff-0e85-4356-ba07-41fc299d2a9f,valid
4df0f4b5-7bdb-4b3a-b84b-fcdbe86bc9d7,valid
4e233350-3061-445f-adef-12dcdad80891,valid
4e2623e6-f01c-4a6a-97d9-016f6435be0b,valid
4e40dd43-76e6-46e2-8e52-af9ca97e7cc7,valid
4ea6c237-4194-4b2c-b9d1-bf4d04c165e3,valid
4ed03224-6ccf-469e-93a8-59517098a436,valid
4f7c8434-7743-4802-aa22-99dbebc44560,valid
4fbf758a-d85a-4776-993d-96e65e99df34,valid
5069e7ce-f16a-40cb-9529-9a9fd1d58525,valid
5073f7fa-7893-42f4-a7e3-aaceb22cb8ae,valid
507a54a8-1d26-4ae2-9a37-f826f54e0e24,valid
50b8d256-6257-4cd2-b985-2e1f183d1ef5,valid
50f2eae0-85c1-488e-bfe7-eca026d805b1,valid
51045a18-a667-4fe1-8eba-71c7dafbc1db,valid
511c0768-59b8-4bc5-8191-2da363c1c2d5,valid
513608ef-0d35-4954-bd98-64b1fb34cb2e,valid
5183fe57-40e2-49e6-8d01-d6c205841833,valid
523698ac-b342-47e0-a83e-49986688788c,valid
5256466d-bcb2-428a-a09a-15309fe3b8dc,valid
529a778a-90a4-4e53-8a14-cfc332e13d74,valid
52e4daca-b0b4-4ead-98ed-f226802fd7d0,valid
52e50bf5-7c71-4ac8-ad8b-11aadc23aca1,valid
52fe17c5-c9cd-4ee8-a9c6-3d45d3ae6333,valid
544b5f62-e0c6-4eda-ba38-99e4171da424,valid
5459cfbe-a443-4643-a4ed-e4b4dd4fcc67,valid
54b215b9-5749-4b30-9968-98da0b90262e,valid
54b8cf8b-c912-4ca1-8b65-008d2496d860,valid
54f5bf4c-fe51-453f-a38f-84cb8ae9a242,valid
5503e004-898f-418f-bd85-2a47f10259fa,valid
555f8015-6b33-49a4-a7bd-91224df6b87e,valid
556231d5-e751-4547-8a91-6f22da860cbe,valid
55898e6d-8b05-4ab4-92c1-867cb2674d01,valid
55a87670-6265-494f-8b2f-53bedf7e7a51,valid
561d6fdc-be98-47cc-a7ca-447572a34e39,valid
5638f82f-21c1-4dd1-aecd-75516953e247,valid
56760d3e-7521-4f41-9840-34e18e6aead8,valid
5683679e-5fa4-45dd-8467-bed3f9819f43,valid
56dd07c9-195d-4cef-8f75-cc457dadbaad,valid
56ec91f1-0b28-4260-accd-ac072fa1aa3e,valid
56ed0888-5445-442b-a98b-534f8724c9af,valid
56faf01e-111e-4e6c-89ae-1e8e825eab58,valid
571348ff-4a0f-4d82-9001-33a7128aa724,valid
5772f81b-28d9-49cc-89a3-652232a42850,valid
577831dd-0cfc-40d2-9abd-07dd743d2299,valid
578fbfba-ef56-42c3-a924-2ca2f09edd4e,valid
58065f79-be86-46ff-ac14-018f1a426ac7,valid
58398020-2d1a-400c-b242-c3be7c91a50d,valid
587e26b5-ba0a-4350-b530-edf5b75851d6,valid
58a4d612-e74d-4152-87bb-6582f261c5ca,valid
58a76349-54a9-4cbf-b227-1ba45423e19b,valid
58fc93e0-3771-4513-9074-0fd76a2ef975,valid
5935a40e-e85f-4588-9aa7-42460c35d04b,valid
59a802d1-6f37-423a-b240-f4c4e86d5dc0,valid
59ae4bea-733f-4c5f-ad9f-6d9d0175dfca,valid
5a09c10f-a61d-4eb1-af8b-d6ee13fe0094,valid
5a0b5f1f-98a5-4032-abf5-d480ce4d2f66,valid
5a112f5b-2f11-4f00-a810-6d39f5f6e0f2,valid
5a269b85-3fd0-407e-9c83-f63ba9852019,valid
5a3cf328-b12d-4b3e-bb2a-84f15bf19a2b,valid
5a7cbe47-47c3-466c-bac0-9eed5e55c750,valid
5a99cc77-3e04-46aa-b69e-59ddb4a735df,valid
5b316850-95fe-4c37-86d3-c3aab68e0116,valid
5b55d111-8940-4a31-8a03-9af6daf1f8aa,valid
5b6fe84a-4d4b-45b5-b953-198815387d8d,valid
5bc93d53-29a5-4be4-9a87-ce0eb88133d1,valid
5c28a8c5-88d0-4cf5-ac60-97baf8d444ba,valid
5c77f135-11f8-47f1-aa04-7f53c612c219,valid
5c7ec567-4478-402e-8ca5-54ab86b33cec,valid
5cae5262-ec21-4554-8e1a-26524b9e0150,valid
5cd7f0e1-6e74-4b3d-9684-b8dec07def77,valid
5d63ff43-e62e-4a6b-ac18-d0d35cfda3c4,valid
5d67267b-689f-43d2-b8f1-d1c8662d509d,valid
5d9ddbce-483b-40d7-a5ad-ded68569fb73,valid
5e1586d0-1fad-4eaf-8166-82b378a721a4,valid
5e99c938-ffc4-486f-b006-1e4fce1c6399,valid
5ea9a0da-fb6f-44df-adc8-259a931768ac,valid
5ecd4a79-b687-4e08-b24e-b2bc9f131eb4,valid
5eef013c-bdb2-49c7-8038-e0f96d36b25e,valid
5f2fe0b7-f23e-4d34-86f0-182937ea2c4d,valid
5f74fdb0-385e-45f3-96c0-67c98d10e609,valid
5f91c6ac-d6a5-4916-ad2e-e06b9fa89d4f,valid
5f9f6ed5-4fcf-4959-a468-aec3984bf431,valid
5faf0430-46f3-4625-9975-43b47f47ee55,valid
5fb25d82-37d4-440d-862e-06a979d53460,valid
5ff3c3c3-60b2-4440-9db3-392c79d25d7a,valid
604d16fb-4622-4eee-a8c8-3162d7e9c662,valid
6067b41a-ffbc-4fb9-a499-dbe65b93e531,valid
60a9a4f8-25de-4517-b09c-404b202e3f08,valid
60b1ba1e-c91e-4ea2-bdbb-46627959f82a,valid
60e209f9-21fa-4a2e-91b5-a192879573ac,valid
60f51471-57b9-48f6-a33f-874938047c10,valid
61186684-54d6-47cb-a6ea-ba110667bfe1,valid
614d1932-8bf6-4134-a968-0f445a62613b,valid
614ffd97-140a-43c9-a5a4-cf7accd45966,valid
61857ac7-ed01-4940-9f49-6e96f3edd654,valid
61a924fb-f5d4-451d-a075-7789e99465a9,valid
6378ee43-4a4f-4bf9-99b9-6ee642b920bf,valid
6381a0dd-c6eb-4bc6-a81f-e5bfb975fa9c,valid
63d2e837-e886-4bd6-ae2b-5801c0d359c1,valid
6434ac81-1902-4804-98be-ca1fa0d3e738,valid
647db56e-9e82-4472-8dc9-f0d882531cd3,valid
64839257-9479-4e05-9479-417f33d7d182,valid
64af2017-4bcc-4262-8ab3-6f66b7cf286c,valid
64f2dc01-557f-489e-8fc4-b38e81ae4a15,valid
65080ae6-3347-4f63-be16-9cac2723a8dc,valid
6576ef4d-9d34-4fe6-babe-d0f840e53a1e,valid
65cd5bad-1e87-4f9f-88f9-5c06e3b8c4db,valid
65ceca05-75a1-4f3a-8b37-d58deb748786,valid
65d679d4-be08-4e45-bc27-56a019e7887c,valid
65f71e2b-de18-46fd-9a83-9e03fd05ff37,valid
663bf940-f59a-4867-845c-59ca71d51134,valid
6683bf74-c543-4a75-b2c1-75c4bdbde30d,valid
66a701d4-1d4a-40eb-a741-d18122e884f0,valid
66ded9fe-1b10-4fab-9445-cecd65eaf6a9,valid
66ea342d-81e0-42c5-b67f-6ef36c9c2937,valid
66f6ba58-7cb8-4362-9b04-8bc355e013a7,valid
66fff88a-203a-42a3-8fb6-8a5138d004ed,valid
67483a0a-20d3-4a24-a006-ee97ee45a3db,valid
675566bf-c5e4-45c7-a4ab-2e478d4a81fb,valid
675b1d6b-34e6-4626-9620-f73486883bd4,valid
67b340b7-47f3-49a9-9384-5eee010b2fe8,valid
67b85c95-2aa4-4fd9-baa6-0cd65f742452,valid
67bea269-cf48-49e7-bc1f-5ff67750cdc5,valid
67c24043-7f20-4d50-867f-549139313437,valid
67d314a6-cf27-4d20-96d7-953468dcb725,valid
6816bb12-713e-495c-a1c3-096b22fba5f7,valid
68b45d2b-3b54-41e8-b6b4-a118d7c5a919,valid
68b614ba-8149-426f-bb1e-151bbd591220,valid
6936b85a-2223-4da8-9acf-15d638df434a,valid
697d1de6-9136-4318-bfef-5550f536221d,valid
69920842-83fe-44ce-b31b-8217260855ca,valid
69bb95d9-9b3d-40a3-8f3f-b163b9354927,valid
6a1d6097-9ff6-4744-a628-9086755601a3,valid
6abd1e43-b26d-4266-8dad-5e29e0e18ef5,valid
6ae42ff8-0a0a-4dc4-92a4-2846cb5542df,valid
6b2e4492-5270-4d92-93a7-2ee1ae7c107f,valid
6b3e1c9d-e8dd-41ba-a1e6-5d624f4ebe18,valid
6b3f2d37-a2b9-4772-b436-381bf5fc39f5,valid
6b56df2c-0eb7-4c6b-ac92-fb355e09d16a,valid
6bcc2641-1e77-49ae-94d4-5ce75820e96e,valid
6bd28274-83eb-4789-b09e-9ef8c72c9f2c,valid
6bf3dcb2-ff4a-4ea0-9d58-2c5897ba9f09,valid
6c1ac83e-5c1f-4e17-92a1-428d93d66750,valid
6c5521ef-495f-4f9e-a3ec-069d59084186,valid
6c739cce-a0f4-4a2e-be58-50344de1997a,valid
6cd81791-f0e8-4cd6-adf7-d5afbdbd5d94,valid
6cddfc54-7eb4-430b-b30d-042ddf9e0839,valid
6ce2a960-1895-45d4-9178-5ac8c512e28c,valid
6ce3a0c2-cc62-406e-910c-7b4b4a865002,valid
6d14692b-133a-4444-bec7-7c1fc7943506,valid
6d3c4d1f-305d-46ca-8936-be8c931725b9,valid
6d537cb1-7aea-49f9-986e-818ecba1c632,valid
6d7ec027-e89b-4640-a301-0105acae8b34,valid
6df9ddfb-f481-4e0c-ae7e-32051863e3e1,valid
6dff9109-472e-49dd-a429-ca444acf2cb4,valid
6e09d171-30c0-44c9-8f9b-d8d9990dc59d,valid
6e41da2f-3111-4930-8be1-1bf4ca489c6f,valid
6e438a29-2e45-44e2-8824-e8d085b57e4f,valid
6e577f15-c45b-4c42-b087-2efcd099c48c,valid
6eba3a8e-7937-478f-a8bb-9e8c2d2998ac,valid
6ee8d628-41d6-4213-bd7a-d7c4c663d33a,valid
6f252261-93ea-4f88-8286-e9da5e657c0c,valid
6f7317f8-9151-468f-a362-b569b0ab0e5f,valid
6f75ec88-e586-419a-aa4b-037cf16f3829,valid
6f889f5b-51a3-4098-8802-9854a299d39c,valid
6f978634-1534-475b-b3a6-b9e56140b41c,valid
6fa04a0e-6e5d-40ba-bbf6-a61464f7b331,valid
70013111-6961-4095-9016-12fa15025016,valid
702c8915-d2d4-42be-924f-ba56cc266504,valid
7045b630-af3d-4d8c-99f2-38459e92abf6,valid
704b04df-f414-40b5-b551-9b0d25f8b1f2,valid
70994eed-f9ec-4e28-ae72-98a2d19af2c8,valid
7112f396-382f-473a-827a-16791f7e1bb5,valid
7123d328-a5c4-4e59-a795-6519dd68e2ad,valid
71991f01-4093-430d-997a-f54e7b0153cb,valid
71c70c5f-2148-42d4-a5f9-f7740b0e4be1,valid
71c82298-2fb8-492e-8143-18bce7eed11b,valid
71dd25e0-f010-4fa6-b6c5-ac0cb58e0566,valid
7209423c-5fed-478b-80d2-13d4d4dffaf5,valid
72134ca9-c3f0-44cb-a263-36cce72b9f32,valid
721922fc-65a7-4040-8650-e1525580bf27,valid
724107b6-7ed5-4086-9248-b9b98eabe0bf,valid
72616589-bfbf-41ec-94dd-9c4172151c16,valid
72cf56e6-ff27-414e-9fde-57688558668f,valid
72d40e3d-5c4f-4b09-b64f-6dde648453c3,valid
7349fbba-a283-4151-b35c-042931a098ea,valid
73cfe9cb-b0ec-47d8-ad07-750d6c4832ce,valid
741a7d8d-421b-4331-83ef-c67848297050,valid
743abc35-25fd-4fd6-a65d-6612d32e62c4,valid
74ad112f-111a-4101-bc72-78a0720f69e9,valid
75040465-c955-43fb-9005-108e771ed88d,valid
7579179e-0b47-411d-b879-0c650c31c214,valid
769da2ba-58a0-4a88-98cf-b0b8a74f73d4,valid
76b2df9f-6c60-4e70-8a06-07eedb4809b5,valid
76c12ae0-9528-4dea-9f11-d21dba9c3a2b,valid
7717594c-4489-4acc-bfa6-ea6d9582de04,valid
773a3521-4ec8-4cdd-9509-3caf9402d546,valid
774a6e4a-86c9-4f07-95a9-0f3d1309ccb1,valid
775502cf-666a-4b5f-b992-2c298f99e985,valid
7762c423-d0d3-4217-8c91-242ad7c0552c,valid
776d893a-51a2-47a0-96c5-ce825457516c,valid
77844a24-8e67-4493-934d-571a6f906642,valid
77a5f3d6-c614-415e-835a-e17decb4ffbf,valid
77a802f2-5ee4-4cd6-a89c-3936c864be9c,valid
77ee0740-9dc3-4733-96cd-c8576eb5bf2c,valid
77fa885c-2a7b-425e-9809-546c8c67bc04,valid
78350de8-2ea9-4f1d-b081-2ffc03c437fb,valid
78c23dfb-b5e8-4a68-b204-84a0c041eeec,valid
79a17f2f-a3cb-497c-995f-6fe40b0af447,valid
79c1b3cb-82f6-4ad9-8b41-cbe678a06ea0,valid
7a371e27-d37a-40f2-92e7-f92ce838f060,valid
7a5c5ebd-13c4-481b-bb37-927d30be4137,valid
7a6e4ea2-b67d-47da-ad3b-7db8027306a3,valid
7a984582-61fb-433e-980f-97085f2f1fdc,valid
7b8040ca-5c39-4005-a2a4-457fcbd37b57,valid
7bc73395-f0ca-46c0-a807-a2f5d9288ee4,valid
7bcec88f-a858-4bd0-b8a5-f7590e5c5a09,valid
7c340ac6-6f91-4526-a0f0-692c9312a3e4,valid
7cc7d7d5-0a19-4c41-808a-6d22b2e3a6b8,valid
7da489b4-0adf-4a36-8426-65205c2dd620,valid
7dca3149-a5a2-498e-8388-bc009a1b14af,valid
7dcb58ab-88c1-43f7-a3bb-4817730eb307,valid
7ddcf9e6-da61-4763-b77d-5659c7a03e14,valid
7df1725d-0b7b-45a0-adc2-c2d1ef03dbb8,valid
7df3994b-6298-4be0-8eb4-01d00f3c96af,valid
7e46d355-80ab-4705-b4b7-811a85af13f5,valid
7e70c3a4-93ab-4a85-a2b8-26397b469111,valid
7e8f6f44-5730-4b28-ab74-55b4b1d792bd,valid
7e91796c-fe20-48f4-aae7-b2d1f3fa64d7,valid
7eae4ed6-9887-4b53-902a-1388f69b702e,valid
7efcaa15-648d-47d2-a1a1-c52c014a736f,valid
7f3a5b4d-b489-43dc-9d2d-1c5f91195fae,valid
7f3ec7b2-9b18-4244-a2bf-2e8185e82cba,valid
7f46ca93-afaa-4987-93f5-efafa60f4268,valid
7f692bc5-245b-42a0-adf6-45b18c195636,valid
7f6a803e-f860-4ed6-8a09-319e3525b7ba,valid
80108f4f-00ab-41af-9a25-9d069f9b71e0,valid
80120f7a-b719-4449-8e2b-2cfdb49a5dc6,valid
801c827c-4a39-4da6-a1f6-312ffc483c48,valid
80366c23-7dd4-48e4-b25a-26d00bdd84bb,valid
80638362-bad8-4c78-89d4-d5da702e5ddf,valid
80a7f12c-9184-4188-b6c2-e91587342c5c,valid
80aea145-c4ce-4663-94d7-b8a031d250de,valid
80df0dae-a561-4797-948a-257a8c1bb599,valid
810ddc0a-1626-405e-95df-a3081ba50cc6,valid
8165851b-c274-4600-9502-d94dabd798e7,valid
81692383-1d0f-4256-952b-cb5ba762c647,valid
818303d4-80d3-416b-bcdf-1d6f33eedb53,valid
81c375e5-58ac-42eb-98d1-869b41728e2a,valid
81d07672-f742-48d3-99ca-7eec1896e8df,valid
82173d74-fcea-4511-a093-d7c348ef8169,valid
8229259a-01e3-4c1b-b8b8-e989d07aea3c,valid
8252235a-0c86-4494-9dbe-7c4b751b7cde,valid
82526025-a217-4530-af0a-2a2c6ae06700,valid
825f1813-e2e9-4ab0-9ec3-13eacbf4d1df,valid
827c1366-20b0-4eeb-8837-7111399bdf40,valid
828ce865-ad55-4a04-9883-6d9ee52e31ee,valid
82905563-77de-49bb-a407-c26f2cbd0f6b,valid
82af25c6-ab16-4ade-bd3e-965dfd90ab7c,valid
82b7245b-757e-4d6d-b9d4-bd8665fe0181,valid
82f9ca3d-6f82-45b6-a7a4-2ade0e967a26,valid
836ab9c0-7973-4a85-912a-32fd8d45bae2,valid
8377a8a3-87b2-4c7a-a074-be5c99fae5b3,valid
83a57be6-0d2d-4813-8577-d6779f6e3dbc,valid
83b81829-dd2a-492f-9637-2649eb1d90fc,valid
83e279f3-74b6-4804-9d36-fc7b6d845b3b,valid
83e9911b-63f4-4bd8-bdb3-b6f477e39174,valid
83f4edd4-8be6-4c89-9746-d8b2e2709d15,valid
848ef536-e376-4b5f-b8c2-5d8ec751daca,valid
84c73edc-55a3-4cfd-8c35-6fd382476571,valid
84cbe695-6c7b-4fb3-a8a4-bb136f7bdcc2,valid
85107a7c-96f7-40e2-b9f1-4ba77740b63c,valid
85434452-2a5f-411b-b1cd-9bac01cb150e,valid
855db1bb-6417-4817-9708-4c90a2c75dc5,valid
8568130f-6d07-4ee9-82ee-1b7f6ccf4aa8,valid
857b1122-dc3f-4fcb-970e-a092576d81a4,valid
85871de1-8d55-499c-8fde-b43e34ce76f8,valid
85def293-33f1-4ddc-b71b-d9db4d495558,valid
86292227-ce9e-419a-9e20-10a1b434b149,valid
86687819-d2f4-409a-a750-3d8dfa933f5e,valid
866ee1c2-26f3-4cbb-b01e-2d8e886e383d,valid
86ea0224-db2a-4803-b440-2bbab0322577,valid
870431bf-52c3-4846-aa5c-8a83a7147fef,valid
8758a933-7f07-4036-acf1-4c04d4739c1e,valid
877c3da3-ad16-4f29-ba91-37f33772084a,valid
87868ced-6787-435c-bd4c-27b854b6c26e,valid
87e6e075-1d1b-41c4-b372-1ba6794421e6,valid
87e918e3-6b3d-44b9-be00-1099597c8274,valid
87f50c5e-68fc-4b28-afd7-b9eda7700a0f,valid
8807cb8c-763c-4715-9084-503f3be49637,valid
88083399-83e0-47f4-8536-1215f17468a8,valid
881b07d2-179a-4202-990f-2a10cd90227f,valid
882ec0a7-df6d-4ab0-b919-e97faf411150,valid
883ced01-e8c8-42aa-87de-0741b2066285,valid
89120a2e-8ff6-4622-b2ca-daa938fc813c,valid
891355f2-ff47-4b78-9c95-39c04c8590c2,valid
8990f211-2f35-4023-a06a-13c60acf7bc7,valid
89abece2-ed17-4eac-9d6a-9834621aca5b,valid
89c92816-bdf4-45bb-8d76-fc8a2262bfdf,valid
89ce82cc-c0aa-4c55-b0d3-a5dd8e746a55,valid
8a2926de-01ed-4945-b9cf-8bbd106a734e,valid
8a337c14-5240-4498-8c42-2b2a5ca0c260,valid
8a5336c2-5e41-4bc7-a802-b8035787795a,valid
8a5703e6-fb7f-4c1f-9e46-655a0241a361,valid
8ac9b949-ef9a-4bce-b97d-81ec9d890010,valid
8ae74414-c469-48dd-b797-4729fd08ba93,valid
8b0dcece-c99e-40c0-8b1a-71ba941efa57,valid
8b2a97c4-026e-4042-a9d2-2b9f49f0133a,valid
8b535e15-d815-4d2e-9438-91c0a7fff6e4,valid
8b895f4d-dc25-44b7-8017-7c65dceb2161,valid
8bab40e5-9d59-4242-9bd6-78e30ce0186e,valid
8bf87c39-982c-4f36-b1d3-3c0e452118a3,valid
8bf94678-1931-4672-b13c-fa4ed2960be9,valid
8c2d5c8f-910c-4e49-8b3d-a3d3011c75cc,valid
8c595999-3245-4187-a617-d1d75cf72106,valid
8ce335fc-604f-499b-ae6d-e096871a6e58,valid
8d0d8e80-b823-412a-8661-2394dd09a803,valid
8d2f2841-17f5-4a4d-8de7-5e4ebd009746,valid
8d3fc76c-6d59-49a2-a50f-907a80a6ff82,valid
8d6f6a87-30cf-460f-b060-a78061134826,valid
8d71028d-740c-4faf-9426-479e1caa7f4f,valid
8db2a435-b347-44f0-9dc0-9d862d36234d,valid
8e1ac730-4ed5-4e84-8daa-cae9994c5a84,valid
8e2d9441-7292-44bc-96c1-77646298d646,valid
8e305f51-f490-4d63-8390-73636d5b752d,valid
8e513926-ec54-4ad2-9b72-da6e2f7b34bd,valid
8ecdc55e-0f6e-4f9a-8a27-bbacaadc094e,valid
8f2d1a5f-57f7-4bec-afc2-6e85cece8b4d,valid
8f38a8b9-757d-48d1-b057-93f811121088,valid
8f4efae3-5bc3-41b1-8159-052430e6c97a,valid
8f64fad0-09a9-47cb-9caf-618ca7e5d939,valid
8f8c483f-7f9b-4595-a33f-d135845a39a1,valid
8ff04d5a-5459-4c30-8ba6-d794106469c7,valid
9021a5d3-bfc3-4f7f-8502-a0f36ac43cee,valid
90582693-f300-4325-9171-a519b0b0060b,valid
90612044-672b-438e-adcc-9e22fae65de7,valid
90eabcf7-cfda-4231-9437-b2905c8dd4a5,valid
90fb1bdf-7356-4b67-afc8-418df7156df3,valid
912e6968-26cd-4d02-9fbd-69d1d8e3c957,valid
91c4d385-bdf0-4b8e-9a30-54e410b50dbe,valid
91cfb43a-0209-4418-867a-696a58a78a79,valid
9218b11e-db34-47f3-b5ce-969d1cd6b047,valid
922b3625-3c6b-4b17-8f2b-504a40641433,valid
92543a9f-d5e6-4cb6-8723-d239d32e8412,valid
926e480f-df13-4ddf-b3be-ccee5183ef82,valid
927e31ae-e158-4cb5-a1a3-b876d6e3f59f,valid
928057e9-4149-4cdb-af60-430caaefc4e1,valid
92bba095-7321-44bc-83df-7c6c3e90d176,valid
92cfb530-ab8c-4056-bc7f-4c51a76c604e,valid
9324d2be-81e9-48ae-9f99-348e02b6c705,valid
93612117-4c5c-4c73-8914-0df372a103a7,valid
93ccf0b4-04dd-4745-8fa8-d72a6702bc94,valid
93dbec6f-0897-40de-8fbf-01c46fa00887,valid
93e21cbd-930e-4c02-9db3-66a15cb0244d,valid
944fb847-988c-4129-aae4-991b65cef6d6,valid
94af4d71-2c79-48fa-ac3e-74253bde92dd,valid
953a801c-855c-4f49-bb5f-c62eea21866d,valid
95462730-4b40-47ec-af32-9d0b41c92d75,valid
957e6983-b5e4-404b-83f9-3d3c7be4dfab,valid
95b7c82d-c267-4a4e-9441-5685f606d987,valid
95d68c26-c30f-4411-b820-273648628a1d,valid
95dfa3c4-d80d-495e-95b5-28b61551353e,valid
9605ece6-a850-43d7-8e8e-43a176a9cc96,valid
963230fc-f9c4-4824-885d-88ea2f5d3305,valid
96423e41-d98f-4e29-8e09-d2289f7b2922,valid
96587321-a9e0-4f1b-aaea-c1781290840d,valid
9678c3ed-d49a-4fa1-81dc-f875f752342e,valid
967da036-7d70-424e-ba9e-b08dda4c2cf8,valid
96d95186-81fb-4d85-954c-a113afc28846,valid
9787ae16-ad19-449f-842b-d35c50b6ffc9,valid
9799007e-dc21-4ce4-85dc-54effcfda9cd,valid
97abd14b-db36-4101-abdb-0a9ec6822edc,valid
97dcb31c-6827-40c5-8cdc-f024bd36cf79,valid
9836a8b8-1438-409d-9a87-e32fe1544840,valid
9849c2d9-6513-4a1b-b831-c7e0e1d4de94,valid
986ceed7-9c64-434d-a559-29fcdf4c7b55,valid
98cbd9eb-7ddc-4830-9f2b-282c5eb34e6d,valid
98d21ae5-5fe9-4cf8-a4ef-1f5d6898d79c,valid
98dada2f-8f7c-468f-a152-d8b5ef379a0b,valid
98fc91c2-9477-45d7-8185-05b612609550,valid
995d0179-30dc-42bf-bdf0-2e982451f108,valid
997428d5-3ed5-4faf-a69a-3aa086186f78,valid
998940e2-2c93-4d7d-b0c0-b92455a1773d,valid
998d8b57-127f-4ec9-8cf3-3b18061139d4,valid
999b0c84-1b62-4f97-95c4-e53939fd2d23,valid
9a07a1f1-b39f-498f-8704-ecdaff413ed2,valid
9a309f96-a4d0-4da1-a604-4ef4fc3e5886,valid
9a423f15-fda8-42f6-b052-7315c7ae1cef,valid
9a4f520c-562f-41b9-bb43-4f99f738cf3d,valid
9a7749a6-f49b-49ee-a26f-97c1dadfbc2e,valid
9a79f149-5690-44fa-a90e-15c208dd6276,valid
9a87400d-3649-4e3c-a165-d15e507d949b,valid
9b07f618-7b6c-4a43-9db6-f1d583fc10a7,valid
9b55b69a-cde2-4669-bf73-3289c1362229,valid
9b70f916-ca7b-4fde-8f55-af1464e91fb6,valid
9bae47dc-02c9-4434-9aa3-1969f58c8f29,valid
9be93a3f-c086-419a-828d-3f2160727759,valid
9c1f8363-148d-4314-9777-f6bc0b72a70c,valid
9c2217d6-6a6c-4304-bb3a-83a724c162ef,valid
9c2b0f4e-861d-404b-9b82-5541f75e864a,valid
9c58caa3-ddc3-4d80-84a9-9131b03e8cb0,valid
9cb44cfc-e3d4-422c-9205-b691fe3fc9dd,valid
9cef4ad8-472b-46c6-8520-2d2e2bf2f0e1,valid
9d25d79d-c5c1-4594-b9b0-3986e43d9c6a,valid
9d9e4db0-54d9-42e9-a9de-02a9a70c70ad,valid
9dd4648d-86ae-436e-9447-384094f1c198,valid
9e1095fa-dda9-49a0-85f0-b68bc341eed6,valid
9e54331e-383b-49da-afa5-b1e2921b33b6,valid
9e84a2dc-9e64-43ba-8158-77f353793bc8,valid
9eaab019-953f-4c0c-bef3-c87cacc51d52,valid
9ed88ae5-7a0e-4dd6-95e1-d04175f3f411,valid
9ee63aa5-7324-44e6-9efd-e05713cc4ee0,valid
9f125b97-b99a-40cb-b0c8-9897edbf975c,valid
9faaaa33-6687-4ea0-bebc-602387d652b4,valid
9fd83590-38f4-488e-9b00-1580bb6fa0d6,valid
9fedd8fb-5091-4fcb-b59c-2ddebbdb5dbf,valid
a01d4f89-bb87-488a-b5e7-734ba06b99be,valid
a0a05569-c195-49ec-a36c-65dd2c70d9da,valid
a0c851b1-2d83-4f63-9cb6-f7bb8c91376d,valid
a105989b-75ea-49e2-9b23-2fd0baae9a9a,valid
a125b415-5815-4b98-b0cb-1ab8e815066c,valid
a1400d8c-bca5-4796-a44b-e1c1645186e1,valid
a15c40e8-49f9-4ebc-b9ff-951627d60692,valid
a1773a06-2305-48a6-9845-558f6bc02b62,valid
a17801bc-9ad8-4254-b734-6636a0b6986a,valid
a180b763-f7dd-482d-9f00-4b282b1fae5a,valid
a1830c53-0362-4d36-9986-e46b700dbd4c,valid
a19694e7-04ff-4449-9dd5-12829b6ba159,valid
a1ebee53-3a51-47f7-808c-dbb354b0c079,valid
a2132c65-cf34-4beb-826e-cdacd709689e,valid
a23d0585-b8cc-4b61-be43-a32ceccf8798,valid
a24d17a5-41a6-4e51-a7c1-76c6cd13d8a9,valid
a26836dd-e05c-4b00-bd41-3c5b74785ca2,valid
a2b699a3-49ac-4167-b816-9ed2632760bf,valid
a2e7b646-f8ed-49da-8f30-de2c754447b5,valid
a3364e9f-a7b4-47ce-9b55-f005ca5aeb42,valid
a402027c-1172-4a53-8a3b-2cefd37ac033,valid
a4068c25-f3b0-4046-a643-6fa98ded085b,valid
a42e20dd-3842-47c9-961f-2221fd3e1f38,valid
a42fab29-7288-4844-a61b-7f3303f79f45,valid
a44d9787-3aa5-498e-a894-a0879cb1c6af,valid
a4a701c4-9ef1-47a6-a599-7e62c67382db,valid
a4fcc7ea-39f0-45da-ba59-7fa91dd2e2a5,valid
a508e767-8562-41e4-a9e6-862e8abf5a5f,valid
a5194b86-9cb4-4876-b4e2-2edff968a7f9,valid
a54aa486-31be-4683-a690-608ebf9e8595,valid
a55fe9ba-34bb-4b9f-b832-b73cd35a2551,valid
a59b56b2-22f9-45e3-9094-7ce70a825b33,valid
a59bad33-bfa7-401b-911f-b4eb8eb8c893,valid
a5e9ac95-e1e7-4808-ad1b-c0bfe2bf71d2,valid
a5f3fc5c-73fd-4fc0-9f50-38d21105bc12,valid
a61b8ece-0214-4807-bb6c-0b803998f485,valid
a6a88d4a-e300-466a-96d0-1422c749a070,valid
a6cc7be2-268e-4d37-b11f-228297879df7,valid
a6d44316-996c-4165-b64f-deba3d96b453,valid
a6ea69c5-221f-4110-86c1-9c29f37731bf,valid
a748319e-69ef-4b2a-ade2-f95aae7c961c,valid
a74eb7dd-9494-408f-ba2d-62aa9e15441c,valid
a7564af3-0615-42bb-8e22-f51c88219dea,valid
a7d9c279-914a-4ba8-9b16-22945aaa72e1,valid
a82084f9-d0ac-4ec0-9b42-461cd8e591ff,valid
a82ef9ef-46af-47dc-afab-57dd06d4a3b5,valid
a8736ef7-317d-44d6-aff8-a6d9c1b0cb6d,valid
a8dd72d7-1eb3-4c47-b1e4-d46126ce83c9,valid
a8fa361e-ae22-46af-8849-22b9091342b7,valid
a96268c2-7af6-42bb-91b1-790f9279cac8,valid
a96c5215-37e5-4fab-a975-e22f18646ce8,valid
a9f1e1d4-4d66-49e0-9303-f2d268fb15d8,valid
aa15d5f6-d746-40ae-86f9-58849e7448bb,valid
aa47293c-4336-47c5-add4-a376a9cd7970,valid
aa4c3a45-a97d-4577-8e28-7ce1276687a6,valid
aabd2786-0bb7-4458-9336-6acd65654de2,valid
aaddeffe-e496-4c79-9b77-d184dfefbbac,valid
aaea59fc-2685-4cec-b17a-8590236a8570,valid
ab37bfcb-3a44-40d4-a7ea-64e93e3a46c9,valid
ab62e1b3-d3ee-41ab-8129-cf999b114f8a,valid
ab7901ca-d116-44de-953b-eb9eab4fcb8f,valid
ab9e47b8-1d46-4c49-a056-bb5d21738dd0,valid
abbe232f-1845-4816-b8ce-a8871acefcd7,valid
abc95868-6b63-4685-8634-9cd8a6a272f0,valid
ac11a4b3-5829-41a5-8b3e-26d9fe48db7a,valid
ac42e6f3-fedd-42eb-9822-bef7c9f61003,valid
acaaea83-32f6-41c3-8f43-25084a9906f5,valid
acd4e81b-b2a2-4b08-8b94-77a551947ca0,valid
acd5828d-0590-4a4a-add7-00604ec55174,valid
acff4325-a14f-4db6-9bf9-84ca6b309653,valid
ad24855b-5a7f-47c2-9d48-5d5223b19e6d,valid
adc02cd2-4267-43a7-a1c0-8fed567e68b1,valid
adfb7f4b-fc83-4d83-9882-dbf2658c2af9,valid
ae018859-dd0d-4567-afe4-81758a83fea5,valid
ae0aac96-3f30-438b-b546-ed5f061eb7f1,valid
ae2cf86b-bb99-4a90-946e-08cb8816e230,valid
aea81990-0d44-4b13-a765-f5a31cbb0159,valid
aee45f4d-fcf2-465b-80f7-6ffbdcf0be34,valid
aeefdfd5-3e88-4409-935a-98e0c90442b9,valid
af0a04d1-8139-43e5-8a5a-4ec7f75f35e4,valid
af0e99d9-c0a1-456f-971c-52959b125fa2,valid
af148f38-9a21-475a-81a7-90c9fffd016a,valid
af2cbd57-42a6-40a9-8f64-3b65f06407c1,valid
af4bfb09-c5d4-48be-8de8-840f1addff94,valid
af5ca04f-d239-49d1-8fab-5a58da0a1cdc,valid
af6b3a6c-1f68-4be9-ab5f-e62b346f0509,valid
af7009ca-c417-429a-b7bd-7df96e25fbfd,valid
af7868ab-98b5-4e32-8ef9-a5160e7fbb5e,valid
afd59657-a1d2-481a-a5a4-82175a0c3272,valid
b082060d-c824-44ed-89f5-07cbedb6a698,valid
b0dd8f9a-e426-42a5-b7f3-4b8707c7f3dc,valid
b12e407b-a730-4c5b-b90a-2a3d630fcfe8,valid
b1633dcf-212d-452f-a405-ffdc548b4746,valid
b192269d-f4bb-4eb6-bb5d-66b681e57910,valid
b1d69685-dea6-44ea-872e-38013b0b53b2,valid
b1e39e0e-2e61-474a-bea6-2d79de6fa87b,valid
b247d7ec-bc03-4a9a-a546-f27a1352f709,valid
b2e96557-d893-424f-a265-5d6eb19a1afb,valid
b2fd0aaf-0a66-47a4-80ed-d6212b4358b6,valid
b317ff08-9ce5-4da9-bacc-1547242cdb66,valid
b347d70b-cc91-4efe-802c-967f23bdbadd,valid
b3d679e2-d437-4864-8e4d-44c892db3df4,valid
b3ef8e59-0bb0-41d6-8feb-34ba398049b5,valid
b46b7af3-a3f4-43f1-acb2-b98dfb2e81b9,valid
b479a83b-5eef-4251-bfcc-2fdac9b8c2d7,valid
b4d1383b-8c0c-46cf-9ee5-8d04f5f0176d,valid
b4e55f64-abc4-46e5-84e3-d8c6ddd472f0,valid
b4f728b6-bb4f-4069-94b4-a8fd6f871467,valid
b5397727-3cba-4197-83f6-8daacbb3c9d5,valid
b564205b-3e25-4e9b-baa9-e352fc873e99,valid
b64e3b75-f253-4bca-b1c2-51d2277030f5,valid
b6bc9dfb-8d95-4d2a-b28d-77224011a3d9,valid
b7a6497b-4a8f-4524-9726-6ac03f29438c,valid
b7b3a68c-0952-4c8d-8c44-61ae075b64ca,valid
b7f4d719-ba21-4065-8efd-eb5ca9f181aa,valid
b80ce1ae-35d0-49b1-a66f-2311c9eb0968,valid
b86d3c6b-ea8f-4dba-9051-b27c40a6046e,valid
b8b68ebd-eac9-4945-b1ce-005a766899d7,valid
b930259e-8ae3-4253-b9e8-cc53dbe3d7eb,valid
b9652c71-863a-4366-bb87-15c2d783b7b8,valid
b9fef022-1b07-47ea-a915-430d3abd3b80,valid
ba05f939-ffad-459f-acb7-1496b67ab914,valid
ba97c77b-7e31-48e0-9446-2a7b73348567,valid
bad381cb-2030-4be1-afbb-ac40b18f7397,valid
bbb1d1bc-ff21-4b74-95cb-9aca3f452e9b,valid
bbda7aa4-9088-4b0e-9276-3d0e3622f58c,valid
bbf04059-b969-4fb3-9de4-b77510f25952,valid
bc3078ce-b167-49bc-84e0-809d1c57a45a,valid
bc63486f-0af9-407f-bc4c-a2623b2bea08,valid
bc6f5687-6103-48fd-9531-66051c7959ef,valid
bc99c962-6e5d-4e93-a50a-a7e9f3995324,valid
bca2dc82-8fd2-4e4f-b26c-0d6dc4f697fd,valid
bcb1f2bf-a66c-4a7c-9e46-471664fd3067,valid
bce60a39-42cb-44e2-8e6b-6ce8b42b3b27,valid
bd09dc21-4a94-4d8c-a647-11397496f285,valid
bd797c08-eff6-46b7-811e-98332bc498ff,valid
bde649b0-bded-46f8-a726-90b579c00958,valid
be05866c-f6e8-406b-996e-dda5c03de0e3,valid
be207052-72f3-4f23-a082-74e1a30717bf,valid
be64c9b8-3213-4842-8a57-c7e40b92b36b,valid
be780497-4115-4cf4-882a-190b36af78d6,valid
be8d0509-f3c4-4348-a826-f9dbfa9351eb,valid
bebb771f-f811-4361-a802-d857bc5cfb91,valid
bec3d12c-66bf-48d7-8852-509b9ad7a9bd,valid
bece05c0-d157-40cc-b0b1-020165bdec27,valid
bf235583-3bf9-49de-9a96-9391b7a75d2f,valid
bf3ed111-8d85-4c06-93f1-a8b9caea75f3,valid
bf57b540-12ea-423a-b0a8-d7eabf8a6b91,valid
bf59a2dc-1e7c-4675-88c3-49113e648026,valid
bf6ee369-1089-4bb0-aeab-9963bc29f7a0,valid
bf95406b-24b5-41d5-bb0b-eec74f3e4cd0,valid
bfe1d655-1e3b-4d4c-9490-040ee548535c,valid
c03a122b-acb3-4396-a3c2-bf2d00039760,valid
c0e1ad95-c097-4f39-8616-e23fded1653d,valid
c0fa14dd-dc32-4836-80a0-b61aaa5ff824,valid
c17033f5-f194-4bc4-a1cd-5e6a91505ffd,valid
c17fb01f-262d-4a01-8dd1-e6754f63ee67,valid
c1a2d441-6229-4e05-a894-1d70acf8cbcd,valid
c1cd2897-b503-48a4-ab59-6154597dbdf8,valid
c1d4685e-d59a-4085-b3d3-80a33b96d694,valid
c24487ce-f379-4b5a-b16c-fce5d10cdeb1,valid
c2459494-54b3-4e4d-94fa-b673e25407b1,valid
c24c51fa-a3ea-4472-9e43-4985be324acd,valid
c26f7083-1ae1-4e76-8de2-9f28bea6d20d,valid
c2998ebd-25e2-41ed-9064-f952532edb29,valid
c304d97d-4ee7-46ae-9108-9ecc9ba14593,valid
c32d798d-9324-42fc-848d-e96c6be94b7f,valid
c33a22e3-1eed-4c20-bca0-3363a0d38835,valid
c3b0d31d-a573-46b0-917d-06559323c926,valid
c43b1c8c-b81a-4f27-a0c0-69558ddc1f7c,valid
c446615b-dc05-4c28-b586-4bd0d9da2d5d,valid
c44d31c1-1a7e-47c3-934d-3add07ce73d1,valid
c4704c76-69fe-4559-9550-f1ce9f06b426,valid
c55f14e0-9850-4a5c-b3b2-9c812133b34f,valid
c5707d15-063d-4235-bd33-754e740ed456,valid
c5c7ac31-7630-453d-b937-b26bf068f069,valid
c637d382-88fd-471f-914a-2d47598d74c3,valid
c6567191-edaf-4053-a6e4-06458b8bd8a8,valid
c69ef2bb-acd4-4be6-afaf-a45aea59d73d,valid
c6e0e69c-578e-4293-8adb-277fe6ec47b2,valid
c708a71c-79da-4d00-abc3-56e5c87adc6e,valid
c7339eb8-28c7-4736-9474-0f456fce4d65,valid
c791cdd9-e2bf-4741-a998-479f8818a938,valid
c7c03da5-8e39-4cbb-8451-69ee72c9ce68,valid
c7d1f404-0dbc-4a28-ba3e-85d72a710c33,valid
c82f0761-1805-49af-82ce-43d59bbf8604,valid
c84d7d97-2124-4e4e-9e0d-80b3286b5044,valid
c9127108-b84b-4be3-8ad6-7d766caaf210,valid
c9154aad-d1bc-487a-a29f-8802fd02c11e,valid
c9403be6-136a-43cf-818f-c685f61b5af8,valid
c95ccf5e-c358-4668-b862-6beeaccc0f44,valid
c9947470-63cd-4a4c-ac1e-c38e9555de54,valid
c9a75265-069d-438e-af28-578101b66d63,valid
c9b4c97a-3904-4e71-9698-f7ecc6abfdea,valid
ca02ecbb-cfe5-40eb-a7dd-e12efba08768,valid
ca2e056e-16c1-48d0-b487-a48843085c78,valid
ca9a81da-c250-4436-a6cb-19e0571e48ab,valid
cae6538f-c72e-4104-b8c2-0d01d897deb5,valid
caf334a7-31f9-4ab3-9bd0-9041ac19c471,valid
cb466ba0-e42f-48f6-a104-73fb12ba9712,valid
cb551273-8f25-478b-b559-44d2840f3c53,valid
cb6873f8-8344-442c-9b02-4b7e8fe8b998,valid
cb6fd562-593e-4a3e-b5f1-235c36c08fe1,valid
cb7fa548-99fa-4a0f-8eb6-074f997aec00,valid
cbab722b-ca8f-412f-ad9e-437d616259cc,valid
cbc870f0-1090-43fe-bab6-ad30d60e0e90,valid
cbcda2cf-c4ab-47b8-972d-774b100e661c,valid
cc2b6ea5-fa70-4ae9-8e1a-742de6dee440,valid
cc2f7229-72d5-4b74-b5cf-b2d2824cb5b0,valid
cc8ff26c-a1a4-44fc-aade-96a211b60b1c,valid
cca41b43-d777-4777-988e-d230d8ef8908,valid
ccada80e-c442-4f39-a7db-fa1984400d0f,valid
ccd1b8cb-de07-4d2a-a511-7833e5accdc1,valid
cd2ed2dd-e73d-4f45-837a-eb5ae719a91e,valid
cd3aceea-a24f-466c-9d0d-0ef99d9d34ae,valid
cd669f4e-72a9-493a-b005-d6913e1870ce,valid
cd70400c-6cf9-4df2-828d-8e2bac934646,valid
cd8dea85-003d-4120-882d-8670b7d18b13,valid
cd93322a-5eff-4c38-99f3-5f45f2d70d80,valid
cdc45337-a613-4ec3-bc4f-0cc97e4d3f66,valid
cdd28396-b6a5-4553-a939-6bb2034328e8,valid
cdfa0081-f2dd-447c-92cb-41369f453f78,valid
ce5129be-aee2-4cb1-8c8d-0e62c676843f,valid
ce6e5bfa-1b97-46f6-bf17-6bba26441fa2,valid
ce8cb520-cc58-4f6b-847b-67a154f4a3f7,valid
cfb62b9f-0a6d-42d2-b8bf-e5b8ba76d6cb,valid
d0415750-a830-4529-9ca2-0b7c7f8e077e,valid
d080ff7e-155a-4a8e-ace5-33d2782c7b2f,valid
d0ad18b7-2e0c-4b6b-b14a-efbcf37b8ec4,valid
d0aeebac-4f88-46b4-8867-13b3209f5362,valid
d0fb0bbe-0dc6-46ca-a2c8-146118502027,valid
d1642cbf-bc77-4c41-91d3-d45a7460b98e,valid
d1fa2454-7c2a-4425-b4f5-3b8bfa90eddd,valid
d22395c7-dfd7-40d4-8f07-12b5857a5602,valid
d22dd876-5bf8-498b-85df-663fd60103b1,valid
d29faa94-cc82-4870-a69e-777ce9cc66e6,valid
d2a6293a-1684-4131-bfe7-a2af5256c2a4,valid
d2ff311b-89a0-467f-b081-a4cbe57a386c,valid
d359e2e9-e9e8-4549-b200-340406cfb360,valid
d3614d0f-faac-4f53-8f20-97a2729518d3,valid
d3680ef5-8e9c-4eba-b1ea-1175b256c99a,valid
d36f0247-b9dd-4a2f-a3a7-770b310b9653,valid
d3807569-3698-4d38-baa4-787710d3bf16,valid
d3b62405-e596-4207-b6d2-e6a1a7cf7651,valid
d42010cf-2691-4d60-823d-06154d4f1ea0,valid
d4ecfc96-b9e6-4e13-849b-bb2f0834b4af,valid
d5203f68-7ab5-4e57-8dac-3a42faf05750,valid
d58411a1-f2e6-4301-9caa-968e02b6fcaf,valid
d58b3328-d787-4e34-9f9d-a79190949282,valid
d5aa4205-2f7c-4e7a-ad6f-edc402c54fe5,valid
d61e66b0-e725-4799-bdb3-fe77850dfe1c,valid
d704758d-3b21-4a39-8899-5dc7c6eb02b6,valid
d730adce-f342-4516-b594-8b0daa178222,valid
d7bc7e31-2576-4318-8b42-e5187380cb8c,valid
d7e4109c-50f4-426e-af7f-34ddcefe0a71,valid
d7f8570d-46d8-4b58-88b7-46c93ff8c1de,valid
d809938f-d194-4903-9b77-dd466b0c9b73,valid
d8507e7d-192b-4493-96db-313bcda28f5a,valid
d8ca48ce-df60-4c92-9c9f-3fdcffda6d6c,valid
d8cb61a3-a834-44cc-8cdd-242ffaa9125f,valid
d8d4e3e5-712a-4a9a-95fb-2243c2c2b06a,valid
d8de241c-1f66-4ad0-a51b-de8ade445660,valid
d92ac22b-a575-418f-b6ee-14943427cfa7,valid
d9a444a4-73e3-4ad7-9feb-20ccf51b005e,valid
d9b9c2a9-40d4-4d29-91ac-73a21a7b9da4,valid
d9e6eb3c-c0af-494b-aad9-5fab68007692,valid
da00d4b2-a37e-47a7-9c79-8c46480faec8,valid
da957060-4e87-4787-b899-de14e8444ecd,valid
daa738e0-e6c7-48d0-b882-69cf05e58187,valid
dac7f065-9f95-4575-9966-1cd5ab199a4c,valid
db0d00d9-d66f-419e-9df9-20ab24681d77,valid
db8c05f1-c9c3-40a7-b112-5b93894b7de0,valid
db8f8222-83fc-4759-ab2b-29cde979afb9,valid
dbbb4586-442a-4f90-8de4-eda49500d412,valid
dbf8afec-59ec-4a40-a017-e2213fda3bda,valid
dc173034-0e71-4a07-89c2-aa4f13096b47,valid
dc3636d6-e5db-493d-8d8e-9b100f7c06c5,valid
dc4c4d80-571f-45f2-9275-7870ffab08ce,valid
dc727ec6-a29d-4fa8-b177-dcf25738419b,valid
dc850896-bfd6-4f07-9f47-a8b83c61ce83,valid
dcc8772f-b7d0-41e4-8595-55178e6caeb3,valid
dcd86bb7-ba65-43fa-b334-ec8c9001e1f5,valid
dd23945d-777f-49b7-8eea-e071f4c2c15e,valid
dd39fffc-5f0c-4de2-b307-8b6429072656,valid
dd69f602-04ca-43ac-9f97-ba301c8d3d41,valid
dd7177be-af43-4d61-9c04-1223f0792be0,valid
dd7a5ad6-4a01-432a-846a-5103cb42be8f,valid
de38660b-57fb-4f5f-aa32-3fffe66b90c6,valid
de405875-2729-4f06-9246-bbbc10824182,valid
de84e970-0441-4775-b07d-8313daee528f,valid
deb77b3b-a2eb-4d59-9eec-43b13c63131e,valid
dec81513-3552-4fe0-9e63-fad3b0ce8fc9,valid
df354d4a-58eb-4b0a-9065-7e726e1908ce,valid
df599554-4515-483f-b831-e3a3d93d372b,valid
e0145325-6631-4174-87e6-6057fb96ac03,valid
e0464894-3377-4e5a-85c8-6b8646fb5ff9,valid
e0837c07-530b-495d-a6be-5fdea7ee83c5,valid
e0a94063-4261-4134-aade-53b7b0b91252,valid
e0d5832a-7edf-4c59-923d-998c3d9f8695,valid
e10a1ad9-941e-4ed9-a5ee-73addb2e61fc,valid
e10ae03e-2ecd-48c8-a87a-5d9c02456330,valid
e185a3b7-486e-42f9-92d3-531e9a2a4efb,valid
e1e578a9-c0ca-4f18-ac41-0972cca096ed,valid
e200c39a-de91-48ed-87f5-b110c1585b44,valid
e21d8854-4540-4e96-b0eb-758bb54b112e,valid
e253a9d0-b29f-4a50-ab6a-a088aa09d002,valid
e25df206-b5e8-4302-9906-4cea8762a0a7,valid
e2c93dc0-4316-4987-9a8b-f4c6f3ac1234,valid
e34810c2-6224-4761-a240-176ab8536012,valid
e39240f2-27f5-4536-b247-d5d139d49061,valid
e39d018d-08d7-4a3a-9a40-b5c9e4ee143c,valid
e3d1e828-0a41-4b5b-bc36-749ad79f7953,valid
e3e7e6c7-2f60-4bbe-8a18-4629fc7859fe,valid
e4122cae-dc12-466c-b316-05b7744ad607,valid
e43dbfe3-464e-49cf-9818-6c4658b49b68,valid
e4a5ab7f-bd47-42da-a240-a5d0bae8ce59,valid
e4c6664d-0aa9-4483-b685-ea8c5184211e,valid
e4db424f-9a5e-4fa1-ba42-fb6dd0e54306,valid
e50bf110-911e-4cad-a2df-3540ac81882e,valid
e544462a-d045-4691-8a8d-7d67c0890dcb,valid
e563689b-05fb-4ef3-b33a-32d7b17e0de0,valid
e56d7f94-c0af-4e00-8c83-0f3135441ea3,valid
e59e97df-a34c-4a1b-a6fb-c1772fca0db8,valid
e5f74293-5780-401b-b427-757edf28ba47,valid
e675503c-6759-45a2-a0ba-e7c88e43ad43,valid
e6abe2af-5854-4f82-af49-9dcd64117214,valid
e78bea6e-10af-4db5-b47a-140a96168321,valid
e7a91aca-5ad2-4f96-8674-2fd8a63e0439,valid
e7c7241a-63ca-4785-a300-51c071237c30,valid
e7ff41cb-68c4-4c85-b640-fa83b39f4377,valid
e8939e7d-3a6c-4ca1-8366-b0a24bb493ca,valid
e8e5afa5-eaea-474c-a428-86a5cef75f1e,valid
e92a63f4-c7a0-4170-b9f0-d12fc3f296a6,valid
e9706a3d-9406-47f7-8c87-8197e6f0d74a,valid
e9722fa1-fad4-424e-ac56-8606a89e8f84,valid
e97d9c3a-74fe-45bd-9fd3-a89a6c8f0a97,valid
e9f5ce0f-c6af-4941-a909-447d81258c7b,valid
ea04cdcd-ac33-4a99-be88-1fb009938990,valid
ea10e144-a5a4-47ea-98b6-c768c823bc7c,valid
eab0dea5-7a27-4b94-b194-6b35013d1790,valid
eacf5be7-37cc-4d3b-9fcb-37b6af84ed48,valid
eb35bbc1-7a73-4bcf-a570-686b0fa22470,valid
eb3c3d10-69d6-4116-850c-ee5867c6ebd0,valid
eb6535dd-adc6-4a56-aaa7-baa9ac6651f4,valid
ec37ad03-a35d-4b8b-b890-bd109812379f,valid
ec658f2b-f99c-40f0-8aac-3f8c33c0fc7f,valid
ec6c8514-bc2c-49e5-ba50-6da167fa0c49,valid
eccba7cf-d5e5-4921-af54-d053dff63591,valid
ecefbce3-ef59-427b-bb93-2c90830f730b,valid
ecf49345-77f9-42e6-895a-1871218b9277,valid
ed24f0a0-3f0e-434c-b9fe-2c22e65f1fb1,valid
ed917810-62ab-4907-a1c3-103e683bce1f,valid
eda131a2-8c63-456c-8e8c-00e142351875,valid
ee2f5016-d1df-4e70-ad35-756a53013f2e,valid
ee3d1e26-f926-488a-bf32-bb9b6ed9c533,valid
ee425402-399e-436f-a750-737003ab3f8f,valid
ee4b8fae-b2c9-4495-8f16-1d66c5fd53ca,valid
eeb58ffc-0506-4f28-a34f-69cd41d0148e,valid
eef1f20c-ffb9-4186-9c1c-28a75d843744,valid
ef33d265-c9ba-46b5-8213-b168a21c54ff,valid
ef39fb13-61dd-4ea4-86be-a2823afdf1ef,valid
ef66b740-d25d-49bf-ad62-6518c2717b4f,valid
efb250d5-42c4-4def-8829-9669326aaff8,valid
efd2d922-5f43-4aae-a9fc-06885bf476b8,valid
f115deed-eb6d-4b1d-86a6-3c2870d0a973,valid
f1829b72-8fe0-4958-9bdf-f4c907d493fc,valid
f1ad555e-804f-43ea-b283-92799b176f38,valid
f1d03e57-a12a-4569-beaa-57e6c27a19b0,valid
f21d5f25-a6bf-4208-9950-b1f14f19194f,valid
f239ec51-9a02-44c6-b254-db94bc4b08da,valid
f24b8b76-0fae-49c6-bc66-3eca5b0441a0,valid
f2c71ee2-d079-4b26-81f5-71d085ce0d19,valid
f2cb546d-083c-4c30-a4ff-539f358dcea5,valid
f359c3d1-86ec-4a68-97d4-6f0623090667,valid
f3815f7e-a2c5-44b8-a5dd-1ae91ae581b9,valid
f4c14d29-5487-4d80-bbed-1e7a174c73db,valid
f4d1ba75-b263-4440-8e2e-ed529da80f5b,valid
f4e07605-2590-493a-9267-6f18f81b0db1,valid
f4f3dc05-26c2-4cc7-aa95-f37204dabb0a,valid
f5038f5f-66e5-48fb-9315-f4866bf13c88,valid
f575e942-f242-430f-a908-a4f4d8348246,valid
f588f79f-28f5-4ab8-a095-6b6e7f9a6b6d,valid
f58c69c8-49fb-42d6-a62e-49308c6faea9,valid
f5d247a3-07ee-4476-bf18-86ac537d8c3e,valid
f6416006-14b5-40dd-9fbd-0d0f71e3dcf8,valid
f6468302-45de-44a0-bc68-e7857292cf31,valid
f6799387-c0ef-43e7-ba0f-df4dc9b06b6e,valid
f6da8364-f813-48e1-808c-10c9bd49a283,valid
f7278422-26f5-42f0-a70a-6fc5853f0c5c,valid
f74a2482-26fa-4a4b-a2bc-5bf929e8d7c1,valid
f7a2cb6e-c354-4abf-8e15-96177ad65f55,valid
f7aae14b-2c6b-4421-8aac-ad2570e3c22d,valid
f7f07896-8546-4cd9-b443-b3665249ae69,valid
f8306787-30b6-4b49-b6ee-bedba57bcbc2,valid
f86528ed-350d-4c0f-ba03-882fdf3eb0a3,valid
f8bcf945-f670-477c-87ee-1efa54142cd7,valid
f8e3e403-54a9-402a-a5d4-2f59d6ac2852,valid
f94b0553-a3dd-4b61-9bbf-6b804c913cfb,valid
f979b0c6-144a-47fa-9c9d-3a1a7b64977d,valid
f9b7ce18-c87e-4308-bd7e-bebc23995426,valid
f9cbe185-e353-4f64-b70a-63d6907a08b5,valid
f9f8dd64-5fed-40de-b97f-58373946f54c,valid
fa243935-7115-4bb5-8059-e792e5297d22,valid
fabc3ec1-7fd8-428b-8f7c-3901dbb5c8ca,valid
fae72139-5f3f-4d37-8feb-434b7ea73f5c,valid
faf1d656-07c7-4606-b2ca-b437abcda93f,valid
fb37003a-ea1a-4b1e-854d-4b89019ee4a8,valid
fb84c4df-0de3-425d-8d05-df0b6f10a9c2,valid
fbad25f7-cf75-4560-aed4-85a7d98a7104,valid
fbb930dd-08a8-4328-b43d-285c23f94128,valid
fc567f00-6650-411c-9c77-f3ef4d4c9189,valid
fcbefc1e-9582-441e-a520-097a2a2b12a6,valid
fcf1076a-9927-4d7d-b2a7-110f843298c2,valid
fcf8030d-eacd-4118-a66d-8af1a1fbc4db,valid
fd0e0a67-1f66-4401-95b4-119265e0f95e,valid
fd1f3909-2987-422d-8dc3-ded3a6afb29a,valid
fda3ffa7-448f-422b-8746-014d20787a06,valid
fdd55241-10c0-4d9d-a9fd-a246f39b81c1,valid
fe0440bb-5231-4be8-b02a-95f3e4cdd5cc,valid
fe095a90-4168-40fe-bc1d-aac638b72d65,valid
fe206004-d900-4a71-9cfe-498041c960c2,valid
fe5da306-68e0-4e0d-a6ba-a00133470007,valid
fec8a832-7d6a-468d-bed7-096382589715,valid
fedf70ed-ec7d-4d40-9fa5-3152b44ed661,valid
ff6557cd-82b7-45c2-aa81-f2373f593980,valid
ff964d28-6ec2-493a-bb4a-e4004ed8a9b3,valid
ffd230a7-bd64-45e9-ac90-c06a12f81077,valid
fffa25b8-ee90-438d-996d-71a5a9f9166f,valid
