item_id,split,group_id
0001be62-bf9c-4c15-8a09-dce209be9715,train,6e01d81fbdb00848a553e0f8225265739cfcf05c377c213c1a75168af8a93338
000ad3b9-75cf-4b8f-9786-de63f9a8ffa8,train,cf2b51e99c17022cb5841efa6ebe9c0a19537d7279c984cbfc07c8efff5d11d8
0012e069-5caf-44fd-85e4-9a38f6eefd2e,train,6f226ce1d73c5ff451546a54c2fc5b46cec9daf63f0522c57a99ff3049fce3e6
002b097b-4237-4610-952c-6095d48fb7a0,train,7bf3ebd553947c01feb66c1e50805f06fde4f022d52c75e6d382efe8a8be327f
00345d58-6d89-4bf9-914f-bb797f0130a5,train,c2d4a5806aa86632093b1242c24368fc4b2c6409dfffe653991902e26ed1ac5e
003fb77f-53a7-44bd-ac96-25b2cbc47f43,train,f29a235f75e81a1dc054a8dc9d40a0b15b9eac6f8a8946626b04b3b5bc766885
005699bd-d0bf-4088-8b5f-6ce2bfe7f6a8,train,8fb7d641b6135a83166c0d308cb8d256a5d22e6b140781f1a9fd4b2243d02834
00619608-5415-4c7c-9deb-d87184ce9055,train,f7671cad8ce6289cca5339c27e0fa61fac33dd2dc8dfdeba8f70b55ce04fbe2b
0064bdc6-8e3a-4bc8-81e5-d755a4759d63,train,f0915a1f2e53cc3b5916081c6030ce8c7e2b82859b9864c381cd22c49c67014f
0071e389-0a9c-45b1-96a0-acec9d7d584b,train,3a88235450af455b6168c965fb5059276127f0e449e8e7d3b7b9de8886fd19a6
0074bfd6-ccc1-4610-87db-9bffe8a1c0b4,train,46cd61ba092dc68bd9d94fe3110eff5b51846c4d1c044e825d7c92de7570b2fb
00799efb-779a-4180-ae4f-bc40adcb5603,train,c21f2320bdea5618ae1bc9522ac06e72d38b9d25f44d9561d3a0727828a01c09
00811de2-8795-43b1-813d-3f5f458a926b,train,cfd00e1be283cbb6efd7cee45d3a2adebf344ab48af20fc27ca2e9c95fd2507a
0082fb0a-8030-4d6e-93ca-9f94d7b429bf,train,3d8ee166cc3a5955a5dd0e3b4a203418f02507c6547a0b577ef6c11964d39248
008468e2-e677-45fc-ac2f-4cf175ce334a,train,a026a9ce42e3bb7a16b723460d5cbdbe9839b4a1794b100b734e4c28fe3c7aa9
00882625-c1d0-4c07-aa26-0a97076360ee,train,27b5d74e8233587c9be93d50802c03358a9e5d9c8fef8cd315cd248580636692
008f348f-b403-4373-a917-74962ba8b1d1,train,62a492b8e6ebe46e71d849681c242279991c170b358fd126b38c953a5ca45a10
00979a9c-fe46-43c3-804c-391f33e0a203,train,712222b91d6e6cc62da7f43c17ad761aa6f7d25f54fa339ff865ee47382e14fa
009e4a71-e189-4c9b-be9f-b9b166bb83c6,train,e98b7a09202c48a71b13ff5d3d901546162404e2f6d15ca95a17f60a94354750
00b7548a-8c67-450c-80a1-1d91d7c2f939,train,60e21b7f79f1441a0ddb33ad798c214eb74145a4b613347aeef1b50c2dd03591
00bb0c85-b371-4ffd-a98b-012b488eac86,train,fff3df91aee9f2e8d7c32a83e8311567cdddbbc8ba5f1dd6d99a24eb8db60aec
00cad534-0fca-42fe-a24a-4eda8d0e0fc0,train,b146cf7249a1bd9071997aaa58966fcd8174dfb0acb0f56d930bf40b08734803
00d1ed0c-78fc-4104-a984-abfaba5c864f,train,0f565252a61be83b69f787a7747de22711f4e0227e54b720a33bf013653edff3
00d4f18c-90f1-4cec-aef5-5e79e9443e06,train,fcb1a8caa04e14ce145af9000f177f7195473374db5831845a2bf42d1a099bbf
00e23fdc-934a-4319-a6b1-3bd181294a56,train,c8c3e8d09432c07c1bd99f03935f89c0929f884b2d0380b028024d758b8e0dee
00ea7d37-dfc7-4fdc-9101-cab0f4cb3c3e,train,1c2a4fa12e0ba583d35111946f8b6f1e9b56b2f16f15ad699df18dd64205bf01
00ff0d81-5583-4aec-9e22-ccd929e79804,train,ed5a68b55ae5328867cacdb40621410bc73c385bfc9d06435174546ec7070658
0107b463-bbea-493d-a341-c19331e8b093,train,5be0ce71258ed0b65b53f886f195635ceca3e6a483ef51709398da0ddf9e5778
010e233c-c9d9-471c-a6ac-ebc1c5bd78a7,train,6f37ef09962dc5ce38233bd30e5b4a4cdb6a1d3aaeb27c48388971942972a9ca
0116c581-a65b-4165-9e04-5f26ad93c934,train,d66618c2984a71cc40e7d0e4f2b8da1c36f72bcc3ca99cd94fc542f4dbd65f0a
0119d416-3c24-4f1a-a39d-cbbe72a0ecc1,train,f61d8cf83ab3589571af280eda8597d54e3903d0c2bda95e30d3e841346c2a41
011e3c36-e960-4908-964e-6fc8be49381d,train,5dc6bd5c9f43fbd71fb33428ad25eaffccd88f2f7b768a5621ce7ac6f6ba4084
011e51e3-640a-439e-8254-3a1de0cdb925,train,24f8f1c183c5e89ac134debaa32e1d243c26c2dc0d882ca548a1c785c32ef498
012c8594-7ce3-4991-ae02-0e21a10ea83f,train,fb90c001e89d7f8372d46e769ea9e91e22899f93d8a8173d51779fc0f0347512
012e849b-a084-4427-8135-3883263c1a05,train,17fe6b7df4042a13c1326a212accaa211f0aed2ed5fedb9ccf3c81f2f869500f
012fd615-aab8-4e37-81bd-4c6af0f41d18,train,f46396b78c1833ea52d5edcd3e257416fece9aaf682e0a68998dacc93cfe5be0
01353ea3-fa65-4f7b-bb36-f5e595a8ae58,train,8219e66535c05334c28d5b141c67fbe723c78df34759603ea97e2c1b53b639df
013c5c50-529d-4be7-9872-7fea9ab88417,train,0120e5166846bfa8cc71fd3c7f22f6106fd3b4a3a53d3280e672aec6f0664244
014159e8-daee-4fc1-a6ae-a6608b696ed5,train,12e3e3287954ceb3cc318cfb4e381e8ed39ec5dc275fb7caa3b1f639e5ee9b05
014c5348-ff08-4198-8a07-be17679e76d6,train,556b73fd214dbfd9e30a61a8903a7a1a1ccaf85ba9775c0aeb896bedf325a8f6
01510731-d6e2-4cc1-9b5d-6f144e301a39,train,34678e6b5f2aaf47df8bcb0a34e02dd7a63d2f5792c2cc8c8088714a12b09214
015e868f-8459-4cd8-99a3-e4d55a79e581,train,3c5f5c9ae5742c55b7515738c919798778f1cea65ade1fda41b78abc9a7ad68e
01795852-cbdb-48ab-a8b9-1c39fe05c790,train,9fcd5f273c789a80fad0d5c507b4ef7d01f4d5e70d7255697e93028799e742b1
017cf68e-78b6-4e7f-b5aa-ce2fe93b52b7,train,b82acd056f7c3d043e214c9522d2a000b35b86a2528c485ad69717da8dd6726d
017f5f8b-f3b4-4fe1-82e3-f071f1c3789f,train,78afb8268edb5c4ff822499fe04847894350a435fc86bc7dd83b5d733bfeb434
018f14e8-5249-4711-bad8-4f4559d9c0dd,train,4cab4120e3540bc05f830d5114dd6d84d77d0e4090351b95c8c7f1d74212dc72
018fa4b0-1945-4e0c-8539-bd29eca15b55,train,dce3b06d77f5951feeccab689c9a90b13fff39e10fcb430162989d4113fbf047
019ae6f2-a651-4eb2-9c45-a6e1abf8071d,train,9e38800def4d6f75c25bce9c07eeeb2c7fec172a4abe3389ceb636534c8d4130
01a030f9-7d94-42af-939b-d1a3e4171ef9,train,571875a14804e99726b00575f4cba872399df17afa70a27a0cd367e6d8ad8762
01b328f0-d0ef-4d27-b0a8-3e3c98b4b8cc,train,e4cb1d29bd674eec0b9f9de7a5f54ba6d95032ce7d97bef13cc5bc546b1a6dbc
01cd98aa-5e0d-4751-b4ca-d8ba2b364e05,train,906d28d1e380a1d3c7aa6df76feac72bf1ac120e5a586da3e48dabde6f2120a1
01e441c1-7348-4b97-b339-b3c61b2a1c11,train,27697a98f13e18c894e9c0c8584608ac2a3df47a0e51998ba9194439dd9277b2
01ea2dd3-6517-484e-8532-da99239c815e,train,eb5238319ebcfac7c27bce04e5a1b18b99ad85027cc8e8b75c27e2c0d4d5966c
01f258ad-74be-410f-a8c5-7141ed793915,train,139c76f9ad6a3763762b74bd4ffe4ed34b890de8c8ffa6eaa841675cb38afd6f
01fd4aec-e56b-4930-9794-38acf8e1853a,train,a9b63fe06ec916f88103851b5991a71163fb6561223665f8859ae683f5d2a198
02035bb9-689d-4e0c-8661-6917330bd721,train,60f8285a54da41668e8a2b000db53d16ed2b0394802ddf59f89705903557bd64
02115e45-7e16-4a77-91ee-dd8f55a6b749,train,5d32db770edc90157e8b61d94a72803930a6d53cb59cd2de40e7d2f2cde9e486
021d5fae-8d22-4d10-b8cb-9cc5ece3f63a,train,7e2318ff38f947197d5a2e3feddbd9904d05260cc9ee244b05630422467a9cbc
023808be-07f4-4c58-8193-b04ac05b443e,train,762315502a1f48997c4d4c811f0092f58856ea475f960a841c666f372d2f1a4b
023dc1a9-79f8-4228-8240-7e0524355af5,train,ecaf5838a8b1cc7219eb4d5534e7dc9737cb18c64e87ce7be1401e2c3052336c
023dc7e8-59f9-4340-81a2-3cc95bea6e19,train,05c38fcf3d51b6a7bcaaea2d63da14140827b280e107399a5390a8a9d9775405
0241fe97-a971-41b5-8305-563cf9b6adf3,train,143501d29109ecd5ccde257a801ebfc4a4ca83e3a691dcd81828781990c427b3
0252d1ae-e62e-40ec-b0d2-a446724b3071,train,d70fa999a5bf61eb490c79f4c682c2849dfb1a82d8eeb3359ff457e903592076
02552ae8-6610-4a8b-bfe9-714938c59103,train,534f05b8bc94e164d44e8962e6eed8622acdcf160a6cd2538d2b7bf5638f7c34
0258ec2d-407d-42a0-a368-cc83c4f75d5d,train,ed96816cce646a9459089a4bb15f282c8a5c5506a39438b08b4c6e3f1509b1b4
026328ab-2e2a-4688-86da-1c4827fbfcc6,train,ad2322dd3cc358f6f02c908996a1253ce01cfcd40e4d6add2e1b55b30c6a7c73
0270a95a-333d-47f2-b56a-618aec18707d,train,e771ac3e16c05e65af84233d41200841f07acb4ec45fee3d278446fcf7da2d07
027f95e4-c225-4042-b992-c7def20cf6c2,train,beba12dd073d986a625e3e3dabbfc037b009836a1eb7b926f410e67d5bd637fc
02843e58-f55a-4b76-b9e3-794cbc0a1280,train,11c8e746354e3bc12797f705ff68db393b363ab89de7a548a3ec01a136f95b21
028fc10c-947b-4e8e-ad1e-8fe21793c351,train,c769a14cac9382eb685bca5fb01a3a9a1912ab72e259c833e3b30d2c01ca0966
028fc505-558d-4b19-9966-bb492fd0252a,train,8ef3dbc2b1a0f7f990777ae596275e6cc3000d44fb194f07e0303165830504d3
02953967-b031-4aac-8984-b7885377e499,train,78f22546bc22a6869270a7540def96347034114a61b3df18a50972bf42d3f338
02a16eb9-8cc1-4973-a0c6-e88eaf2a17f2,train,7c91cfcce05c36002d483da8a9f18566234b252ae20a5d4fb6d0df422e7876b1
02beca9d-b4be-4ad7-838a-3e6add5050ef,train,bdeac755d2768c6d0c2e953a6f610513a844417c66a0084cdffb813991af052d
02cc1b3d-eb08-43e2-acd3-9de78930c078,train,97b5dce43903f9fb0cbca407cbeae7a93b3a90deaba25630147e97ec34f80d38
02d5d9bc-63b8-4a24-a959-a5a39eb110af,train,e3f85200702f752ef90b8fe4b743e05987861682e068d75b8b87d99d864f6e50
02e25a19-6d18-4e32-a710-2ff1a8724fb1,train,0a12eac4430d8a893ff7af738d4fd067814b3bfd817406c22337bf5c207d664f
02e56c83-1823-4a45-b005-5a08dccb0a6b,train,f3008913a708a1b060801a18a67b3a0f4d2731955244421c492e0ab0d935d690
02eb93af-ea71-4785-bcac-ee1ded3a640a,train,39cce2f0ab22cba16aebbb537776c64b3e9afc8bd9101caa173ca3d368365798
02edc95e-9931-4bd0-bb42-200c7a53f477,train,bdcd0f262a083def21a28985c366ce273eccf8508f31c1cc5964a65d89e2255c
0328f5ac-e47e-47a9-b259-74be00da7901,train,ff062482750621c79f92c27b50ad04a27e2a633cba07de4a809097e986b0fd4e
03353393-a2cf-4961-b59c-e61e445360b6,train,8ea5d963533cd41c8ebd6ea19c8f0217cae46ce56b7178b60ee909357a8d80d7
037063ac-326d-402f-82a2-562670364363,train,9393467f3de9b836c4d6f5c1d361da32fe608c0ef3df899674690022cb40ecbc
03779ef5-df04-49b3-91b4-d4b593ca674a,train,5a20f963d28ecc5b6b860b83521140865f3fba3709f7884897fd06dbf0310816
037aa509-cd32-4f15-95a4-86301ba669cb,train,4e8610167935dc2f793703dc223bd2abadf693ff12ad6dcf31d1a421e7b13acc
037dc047-d569-4469-999b-cea4f90b1df4,train,27105675eb178be2094ef148275eec313eed2b7e9ec6943ea88e948a21c7de49
038adbf3-85ad-4c04-b82f-78847434f8c3,train,90130cc260f16405feec1748d0fe5314aacf5a524916b32e4a7e4d8fa4d6ece5
039c86af-e72d-48fd-b977-dd3f3a1dc744,train,b5afcc78944b79ac8b8b59556064b123cf2c584b3e63ccc6f819e5af6a8aa50c
03a00707-3b1c-4f38-b196-a7f2fabefab6,train,2163449b65d1fdae8980db7de065ba6f6401431b3239ba2f877d6f2b1be29541
03b4f314-6c46-4bf4-ac3d-8d199a79bb71,train,015c8083ed97cb311ccc65360bb2322a9df8895a735df7ee96edf4f6a62876ae
03bd0c50-86e5-48ed-add0-732cd4c1229d,train,6607006adfa34f62d1ccad6507578906b4b7da1914294eb421183076bdb83a81
03c2adbd-e19d-4a98-a8d4-a1e98fce504f,train,e1aee9953c4d69c29916e1fde091a81dd830947fa054ea14de88a4c0ad6c2488
03d04cd4-342b-401c-8abf-c5cb949bb6ce,train,bca6f5886fc819c9c7f62434fe84695b9554a49f1e494baac799cdeb30136736
03d3525f-1f9e-4fd2-83a2-56a086f86e19,train,41340f499abb833b8a74f55446816b5a00c027ea43986a6c0c04284cf8933779
03dc4ed3-b6c8-405a-9223-cee16d8411cf,train,8a480f50aa5225f338518196fa671450aa8ad1ded9186ffe2a8282c694361950
03ed98af-9073-4ca5-a033-78c59df25e0e,train,f333306fa8b949f50aff3cf9e74441732b8436de25e302b77a5147c3c98628e9
041a332f-fa1a-4eec-8881-a0aa0abf4757,train,4c82df7e10a3ba7056e0e8e775d82ecac067c43c0fc9dd90c31f7887fdbb299b
044e4d74-7c63-470a-b6c1-f6932787cd16,train,4513c059335f6fb4a9604a42df2938aa17ec671ac215dc4c9d1241181623484b
0466296e-700c-42f5-be94-b3b1ff0d3cc3,train,75a3da6bfbfa4b14d3f34f166fcd014a49ce8a2103e827d3d4d2b81e5626ce91
047fb465-e1fd-4432-bc36-faf665b6f4dc,train,0ddae0da618b899b66433764b36c674f9fb58f85394dcfa4b33f35936f4ef841
04995455-a4d6-43ac-a942-339902609601,train,90a8f940b0591341a80e683231c080deb198723843579889ca22aff32fb1c01b
049bd00c-3fd7-454a-a23c-a0880b477a0b,train,ebf6ba3a4a281ed40f6cc36c09e61557373ca85b1e11256f1aa67e9316b9d4a4
049d897e-82f3-445a-a45f-97f2b18e2d9f,train,96ef7997b7cce9a91994e3b9f0352755be957467a0def39bba1fde341e5072b5
04b6dc9b-14ea-43a0-ba3b-8f6565078dcd,train,351b566d57fd8131e48728811d98c91a3f08233180e5205807b6699d04a3a043
04ca4e49-84bd-4e9a-b2ff-250556f80ff6,train,724fcc01d6669e3a867d98d0907313e7acd2077ca717bb15b3c82aae73cf5fd3
04d2ef23-6d5a-46de-8974-e7f6a35b4403,train,4f2d4c63aeac7a3226db20755d793b09ea8d66ebdd3ed46474bc4df77f3d522a
04defb74-bdeb-4916-9d3d-af0cebd5db4a,train,59657fb9b0e9e7a6bbfe7a6d2b0248463b6068e94a84b7d629217dcb3264af15
04eaa108-05d8-41bf-bffd-d23c82b93084,train,9a3756afa81233ce17e6ca08adda9dd074b7d9aa41f3f282058c95156014d863
04fd1fd6-f1e9-47fb-a098-5932ab219f0e,train,278196861ecd08fed18b8fec3323c5c5b818064a74b6ba7067affa3107fc5d58
050a33fa-4e7a-4d5e-96d4-237e129b8d30,train,c08b0c92338afd39083a2c30ba6f3b3bc352c0d82e2d31bd701f182415708009
050b3fa4-abc0-4170-ae7f-4882cd9e3f2a,train,89e83f542a3d3ff561581f6542569e07858a87fa7a92c21430fd437a6ccbac81
052fbb1c-99ea-4120-a1c8-c0b2d873e913,train,768b6748af9234302adfea89ca36972ce57c1d5ee802fa8385c47884de696758
0534b50b-a6d4-4f66-86e6-b7897c17755e,train,ff91078fddb7c9566dda43e56429fc34568f6a004bffe21a7645a09e1e0640ec
053e54ea-7c33-46d4-ad24-ee2fb6a8e7bd,train,5578b75650844171c93a8bd67ab0cdaa7c05f3bae1ecc16e7563eec8f6751237
05406c12-5963-497f-90dd-f431177fb0b3,train,a7f34efb47bcde98843858a01bbfdd3a270e7806d988ec5f7dfc88842bb13947
05419eb2-d8c6-4236-8d58-788991f5c997,train,4d3e54dc3d71790fe348dd4982955f89fec796c0b3f41a8d6a950aa53ad3be0f
05433e0a-3082-4489-9c4f-462733e7f405,train,0528e6cb70f80fa5a9f94c5421725c2df5f6283c59bf6827c8af214165a3f6d4
056efee0-4f54-467d-acb7-fc5fc9ef5c2e,train,72810af22078d64e9b0a4384a82eafc7ea264cc25bf355a33cb55f8dc4d48a9a
0571eb22-c1b5-4c9e-90c6-ac42a7a222ba,train,3b4884c8062028081402fde4d1b0d77bf850e4fb968d1cfded434e2086bd7e85
058a0004-65e1-4c36-9051-bcb658ffdf27,train,30323adacfe105fd846f28eb9defa0b8c341b1bbe1c29bb6d730981799ec0737
059c771d-79ad-470f-84d1-4aea22ceea54,train,2144c442b8e9a950847c74ac3faa67eaace249ffe1834e27da4f8a7319214662
05b06276-054e-447f-b88a-0ee7966dbef5,train,12be8ec90969adb837419b988aa5b8b162e4a666e4330040f1f41fd59275238d
05b772dc-6dfa-4f0d-a0f4-bc5baf027a0d,train,20db417bad97cecf302917a83d0691ff88c0f9d4577b962667bf8bbd377a346e
05beb22d-fa5b-49c5-bc15-7fbf01e79b66,train,043031c8cd2ab9f7634774eb7968e9866095d9a67c020e9e29c3e0bb2e8209fa
05c2a73d-1d3a-4455-aceb-a0ab7309d7e5,train,cf114c518081123a0c1fda8b8a250b835689a8ec9dd0ee135e46cb2d1ef13226
05cda9ff-8c97-4b11-97aa-387fcfb1f61b,train,74d4088ad8e79a12b52f0b65fc0ac91eb1c0dcad13aa627925138cb557072d0b
05f8f0b3-4883-414f-a002-2b77d41885e8,train,04b7996b7b7dfd417cf0fe748bca627bd43701296d289d6d8b0eb0d925e72c01
05ff717c-4744-47c5-b46d-1f4ea8f452b5,train,69bb9321f732c33620768bacfa710f50bb4067063bada71004bb826082b001dc
060814ef-21b4-4edd-9f15-a0cb6b0754be,train,4dad27c00dfa8f6dd94c3af0dc846570a7e693f04f2b4d3ebdc75db2c3cfd865
0629512f-57ec-42bf-ab37-b7e6495e337e,train,b019f25e1afdda6b63e9a8a73415eb4dd28101b459a78fc797698c3fe03ae2fc
062ea5e9-2ef9-417a-af25-7fb888da7e65,train,8e05902bf07be68bb1a51fac55720f9919241f798817cea3e16f41e1098f057d
063999ea-6b89-495e-aa3a-fb22116fb22a,train,084d490cb51341e9f7078a95588a5421a5f1fb47d576dbef1a1efd97638454b6
0639f733-378a-489b-9000-575586e9e9ab,train,8ca42a72ec0cedf19b6fd6b42d2728214611b63f54cd397c1f18932d83fb9fe7
06520911-0888-4c2d-ac62-eead59dd5535,train,cc5c0ae595b69cd10c9a33052497aa671cd3e4f7d1c488108a039ef605c4f140
06814f15-d2d7-4859-b708-80239be8cf2f,train,e489bf0c99051ac4830ea08421f0a72e2517ba4970eacda493150f4194020845
0696c57e-cdf0-4af9-9b5d-32a51a148181,train,f5f2a6ff9928fc8ff866825ca77dd77a2141a941206d4528ea938637d92e24ee
06a1f3cf-2270-4106-a35d-864c8c120f00,train,65e633c9d36bd60f959f2905875a59d2621d4b4306a91feafcf8c725852106d1
06adfe53-96dd-47aa-a7c2-7ae0d344ecf6,train,14a0d06859fb89909becbc433ea5cdc058e4dec15a42694cdf348596b590a2e9
06b0988a-a860-4d72-80b6-3a80b2968aa8,train,633288c34a68338e919b711d519ed163898cfdb7ebc044d065908c0458e41362
06b3df63-a0da-4911-aa4a-13e822e2d205,train,c330ef712566ea81a5edf5c69d76739998dd0e49dfbc874b557d39d8c8d36889
06b6568c-3652-462a-b64c-2c3628cd33e1,train,c25bb9b963b8e4c94feaf0e4ca6389735449f994056590084a87cf64971d96ac
06b65a92-656d-4348-84e0-b8c7921c308c,train,bff3f2dc0fcfa093bb8c61bbd5b44728cf535bd5eb79dce6dcbbdb7359b1b766
06b8daed-72bd-465d-aa44-0aa34ed5f351,train,da1b01d8342afd1e5e0624d462ef88ec0d2add57e62d5bfb56720207a1e38584
06e8a61a-713d-4872-9757-149b4c335052,train,b265984221c89e1799118defa76d8fd01f3ad0761bf12ae7e4f7a7acd44feb2c
06f1e5a3-e986-4644-8f80-9ac7933bf5d8,train,3bbeac5e5bc453f6fdb4a02c0adb1836705ffffd482119440e9760e981847448
06f9cd53-93ee-4221-a1f1-4a5b11234d5f,train,8f04989bbec51a046194cce2ce13675e636ad05713a3391a6283a0f7745b2909
07077603-ef3c-47a5-a1df-7b16c4896b1f,train,59f94aafe2956ca761c8af14ec4235c4cc2a815dc223d74e81a149bf8d797292
0719a9cd-45f7-439f-ac3f-d66294c27d98,train,45beb4dc9a83d420e8446ed116a621442e81758bc0cf956b612a233dd9a5b6b0
072cc0da-35e3-4b64-a625-9c0e54e75c8a,train,7819ddb13e908632ccf183991520d1c6c0aeb16f6543524e26bd1fe3d6538645
0731dbf3-5c56-47cc-964f-1af394d7a1b8,train,6d10da6f9dd97d0d51159efdc20048c2da1646c49123f4f6a6d152274f735976
07494198-8dda-4113-ab7f-d8c57cb7d262,train,92f9fd0eeb7498bc2b2623dc5c3fe915b2faa15801d23dd351e8e0f1f0877c2e
0767dd3b-8310-41b3-95e7-10ea9186c1bd,train,2043e28c57fc6852849ad75e5ecc2821f803c1abca207aae495e0d5efc595cd4
07776ffc-7681-4b50-8928-e924bcbdaf2a,train,01d1868e97b86ee734ea99644fc28027eb1b4e063dc50c6a8205215be3af36a2
07866ae4-7a01-4705-b494-0337dc11ff64,train,b6f7cc10476e785f6d23b0b02d3d0128f8d69cffc6d845fc29fb2ba740aaee73
07c36c90-c4cd-404d-b604-d7bf4ee223f1,train,5d8ad9f46ddeb1ed0c9fbfc94bed9f30f2f5451a780a44f8ec0711458060aa9d
07c9a898-0da7-45d0-9ac7-25c325caf937,train,696bf39b1bc6acbb341349a6cb86b9a9510e6e23719a15efd085545b7ab7c375
07d9af46-aba0-49fe-8079-b30de8610758,train,a01aeb2e127dfda9d660d470ef1594f124bafa6196e52165f8497d3c9eb181c5
07e02692-8258-4be6-86c5-8bbc525e0f94,train,abe6db2b0190708f30a47475b623c9b2b4670f3f2201451a5613e185ab1068f0
07e28be5-ccfb-43aa-aa31-73ddfe2b3771,train,86b6dee74c275fb4bcf3d9c2614ea3a81cdedbf6702bb162180d8c75ff52ef86
07f1c6db-5e1b-4ed1-a135-17005736576e,train,24e90a7adef13eab1abd5e378273014dbc151ba93a4df2c37c1a81ce5febf1aa
07fd52c7-695a-4c14-ad9c-fbbde13db795,train,c6de187699a8b52112c6f60367e3f5362ae7b2bf38bc96e7e9c26ed1aa907e44
081fa1b7-2ca9-4552-91e8-2c4f3ecf854c,train,fa4450daec682e4ff5fdcaaec8539108b1a48c07bd9f5c5d314032064f7c268e
083efc4d-b6ed-4afa-a48d-198fa207daf8,train,dc88bf211cda26f5b5256788050c2665da888b268b4db777e3f1c64601563cec
08415b5b-9f66-4124-946e-f25ee3235012,train,cba3c6b79e8a7964946bd3e8d8b76e0b66ab1926f6cbe69ad75a6000cc5bcde9
08579580-6654-4311-ad26-4cb58e714afa,train,33ebd75bddbf64c1943ff3ba06bb31be16508698fb4134b561f69dc8dd2c183a
085b24e5-b996-48b7-9718-382690baa916,train,cff267dceb6337fc4e797a8064a36438fdf2b64ff774d14fd4a5db1f25ec7a8b
085d63ac-7bd5-45a6-b931-7cd33107a5d2,train,0f2aa153c61fdcc62271865c9191196b027304dab7fdcae6be8b59bc0c7fd2cf
085f7dbd-2c2c-4898-9fc9-22f084ea0c4e,train,c5f6fb747af4a804955239786fd191395202afb628b8af9c85601e92e31938b4
0866797e-7279-4322-85cf-a041c43fb63f,train,eded99c1d5f7e0cb82dc73d23830e0ff53ed6818a76d2f701aa66017ab703624
087189b2-29b8-4393-a79d-be49d359ef2e,train,048fbb1afec323c72c69f5ea01550a876dd1b5c873d5bfc788eb730c9238a7c5
088076d9-720e-4451-8cdd-fe6ea0db96ec,train,39ce0fcd9d0ecd813151a1aa670eed42c4f89fffdef86e9e98e399d70085a80d
0887b284-1511-48fb-9780-497eb2e2457e,train,2a1cd4adb4cc9c554e8e97dfac69adde841b6afdedb3088dd7ddf54726872c11
088afa0e-3897-4c5f-acfb-1bac0e452955,train,b7098276ad1826e41c258c764c82f647ccee6c457529ad6714c3a153654d7193
088c01dc-69c4-4b79-9a7c-7c46a28a7601,train,9774f46b19ced76a967445c542fb29dca6cebdf6e657328ac37ef8d4e83df7e8
088cc7ea-6b6b-47e3-9e2b-049c42958c0f,train,b4d1b226a1b65711c34f773671515b85f4c2c0dd312b3977a8dbbb4ee385a761
08943580-cae9-4ef7-b1ba-2bd6a371971e,train,346906db42dd9f4426d5ba2464ebf54961de7842391aa29492d7cc507e82b3cf
089a42de-8482-4154-ad13-fb4338a600ac,train,c77ff00e47323f2ca50f95bfb94dc2adeaf3868beef86c2d529fa3c3a0c34f09
08a1bc1d-9d2c-41d8-8fa2-bff67ddeb6af,train,2e39590114d9c6c8f8b967784221a80a0a3ee91d4541a32e7d1fbed2ea5feaa8
08b42478-feb4-4859-8042-659f28542797,train,f2b40c253205d64ab5ff3e451c4132de78befc2f305ce500afcfb6fab9127ddd
08b58c9d-01e9-4a58-95a7-e06d07dd62f9,train,cf4a47042897b9c779c95b845cfbc0dd69c13fe485190104375d6bb29e171017
08b88799-3868-4ef5-8361-32cae6342eb1,train,c299ac60940c638ae1fe3f600a6f3a9d4ca9bc2ed2fafb1d766c349381c52dd8
08c26ac5-a230-40a6-9cd4-82dc58981474,train,d46f9c2a2d8ed1d058c0a76b1c9d2dd57191b7371b818414f91eb5e5f94d5442
08d5a75c-a100-4da5-9d49-28c43c3d7aab,train,261552003d613cba3bde19b5f6ab8fc3a952787303a9e50de696c9d64f8200c2
08d787f9-3e42-44e8-933d-f346f59e4a93,train,354b2291e4aa05992d73a7e36b32a5aa6076d699bdfc0c7e436e41f86398db08
08e4507b-3421-43fc-a122-ef05875d73d1,train,81f11fe32c2951a27aacd63ce05648d8be8a514b9e9d0856ab2bace1e66cc51c
08e869e0-b8c5-4fbb-93d7-7b0ba8ceee9f,train,9adb7cf2255de03cb73813265e46d7b2eff56f24f34cf8c8f95771130e53b0d3
08ef80e9-e834-4ce2-aecc-7642cc6963e7,train,ca8b4e2c812ec517854698ed1f33bf35048eb51f54abd7e96424bcd75fcb4212
08fe2f59-5568-4d52-b3c9-2ae577cb6283,train,4cc347488b230e02ad086740daa313edd8735cd0726ec3c66576a40e6652189f
09028ac9-f17d-4bf7-bc40-e9239069f553,train,65f333470fe4221ad6cbfb84c82a9493555c43c4ddbe60d0175349b90377c80c
091989d7-44df-4844-b259-6b275f5ff55a,train,5f59b7b7f6891924daa4740e35087f5c0127c9806beb7dbb9c277d08723fe913
0926e001-0e92-4cd2-b7a9-4ee452fc4b7a,train,383a5abe5f8e72326cef555a32ef59ba38063b18a05317a799dc14982f60a8b2
095c828a-1f54-47db-b95a-87f384466ea8,train,78e85fc412fd08ed7673798614abeab421306e1dd4d18b3782b8ecb10504fcca
095e0281-77bd-4c63-b510-fc122560202b,train,52c61ba87e3c6299565c17371ba0dd4da0ed7d7c3921d75c6e59451757a2962b
096ac4a8-f6a0-47fb-8e58-113b2107dbcc,train,4b24eb93fca91749eeba8831fba4906802dc59fc581b381264d79c0506411c29
096c5158-572a-4dda-b80c-6c34077d2e33,train,e1ea11257c46f141e4c0d5ae84d0c83256bd73a70dd2b9e2a3aae1ab03ef5e20
096c909b-f424-489e-9e0f-44a69c367d10,train,ee35c9430b61e2a7e3ea90c7a4e39980e0826b04c1aa823a6a0f96ed7bda9138
0977693c-a176-4240-96a7-fb39de741261,train,26aba5cfe0cbff175198a3a45f7e0e2aecb637f3c385e26990de552f7b52c2fb
098185b7-ee83-4307-9cfb-d4a906fe9a6c,train,a9ec9cfe7aa7702cd8bd0edc309faa0a4118f12012e83e263c4de55a4bae735f
098cb91f-017c-4da3-b384-541412a964e3,train,462441b60397bd44a1aa364c47046a2fc5d922339aee5ae6a73d492ba5b6a659
09a14642-ef42-4e6a-8fae-295574b91c69,train,90f0f4ba6fc36be8d9f755fa982dca042ab75fe5473dba27080a0e4a45a92382
09a544be-c012-4afe-b0b4-a9e740b37002,train,398adf002a1613f83826e645dd21267c2e2945b3f03f5df16951c2c74e32c4c0
09a82b9d-111d-4e2f-b404-126c43b5fb49,train,032d7234be35bb9de8e72e9a03bf5d095bb1dbe9a9b969be11c5122f2a91ebfc
09aa7a07-efa8-453d-b836-b2099b4bd853,train,64e6c64809ae4eeb073fb24959a46e649c208d0f0f8c43df31ac3b9a0822d494
09b64c89-2fae-40dc-a4ac-9f99ad763511,train,af982e9de740dea4fea6db5813c73724cc87be0d123d7f29f6efed80ed250d86
09cbc853-6eb6-416b-8fb5-bb82995a1150,train,b56282b04e0ffed421819bafe457084b0fd87625e1aa620b42f6430058968b9a
09cfd113-37a4-4d76-9b63-a3edf8491eb0,train,676d2a8f34ac5cfe639798435cbd21527f229e58684675ccab3a0614e3e112ee
09d2c359-dcd0-45b7-8357-fa195f05f54f,train,38b21db45c9e0e40785c82f1ffea514839295f89d8bf50651287efedf932d973
09dd5614-6e63-4be5-806f-45a3d3b3146d,train,bd4c687832e84c14115ed499b0b00ac73cd6d787498a5de9795d6d1f8690b063
09f1131e-2f73-4152-b978-4c16941bad69,train,4e33c2291f63bc29b4be5d78baca75f5ef86363a7b4af7084510ac5d523f3239
09f13d31-6d39-48b4-82d5-1dee0b903f94,train,3373223b074da188341637f3d2e7b3be50d1bd4f50c7a134c37924eb4eead95e
09f6fd4c-21dc-4688-a12f-0f21e894ed48,train,98813b46d00047d5ecfcdbb75a39af4f9034b6a98e8876dc3560e203b4b8b2e7
09f81608-50f7-47d3-9add-7428abcb5cef,train,03b90d991cf5a6358b115717a42997f3301f187bd0a9067788f0f6110332c966
09fa338e-df12-4e80-a627-ef989db0b612,train,a5f341874080d3470b551cb53e9e66381213a2d8a638f92407eb368415ec8a07
0a088b7d-3454-4d61-87a2-0f80da115927,train,772b43b80b7feb1e0ce7b2fef94fee3e4c28b578eec6496e23fc47a00c53384b
0a0e4959-b582-4bbb-8946-15762550633d,train,31914d467b52fbf5b32830ed7498bc4050b66dc06844c5754ce5d13080735b9b
0a2cc50d-5308-4664-a4c6-5195c80baada,train,d2a00ba84cf6386c922c944cddd374cad294192cc5ced895198ece0f36c9a030
0a3911d5-cc46-48cd-b448-9f75808e6b19,train,b6e50f109766f9d3c88ab28a464f251d78bf3942c857f60bc6e8059214030c7b
0a49a90e-d54e-4f58-80a5-e456c3683cb3,train,a669aea9ebb1ed4c700b2858174f424746df3477b3ab24aadb8f528220eb78dd
0a4d7662-9491-4ffe-ac46-f15190b1793b,train,1cfa060580849543b9d255428be35d3b3c587974193ee5b9cda137a6c98bfbdf
0a63e0fb-1c55-4929-a715-919fa42bc903,train,10082137b07a5d6bf2f3254dbb6aa9f61ae5c2bfb250915d97fcb9faada16eb6
0a730bee-773a-472d-9246-0be1c24a87dd,train,466040ccc4b405268b257e04b23c7a2780a178fc00fe05ca83ff82f87c153ba1
0a8db7c0-1f87-44f7-bcc4-d2906f44f6e7,train,1555a65d7cdf15912642f53d90c535cd5c9d9ebec92e9caa281a970016b31334
0a943724-e2b8-4a7d-a51c-ee3b90c1b8be,train,6223d821ff99b1e696caa83e7c219f84e18850170daab34321fb29549147dbd5
0aa1c1fd-5804-45c4-9140-2d19f4976863,train,6f04eadb207e5b63edeca551b7d8ff5fe6781d38b78f6e876dc4f067ef2a54af
0aa819ab-8019-4b65-89fa-638ad59849e0,train,ac195dc31cc88ca08f1b3c2048a64643e3b126d53939c554e4fc9ba864fc2ad2
0ab808fa-4766-4780-acea-ab44e77e6c69,train,01d19c96be39e95adb090fc3252e261deec406fbf6089cdc920978830651d198
0abd063b-7124-48ae-a1d1-c7d5f132196c,train,22697552f8ab418cb32a259a3af4e2f63322d29935a9d65619c7d35c55a4446d
0ac6c0a1-5309-430d-86d7-21bc310a6d3d,train,9162273c4c5e0a513df4da6b023979b400bee408ce02ef57154af0823d989460
0acf31c9-67ca-4bfe-8fe2-4dc89ab6ac8d,train,b0066e25b6d06a6c9d5148d286d29403253ce1c65318a126f4b34efddbf107ff
0b04c21f-9580-46d5-b5db-967535276542,train,2116121a9ed6af8aa755fa9a965d9fd79eac584cd7ba6422cd6af7d3cba67bd4
0b0516f9-8595-45b4-810a-35cb020bb0da,train,c27cd632d0bae97f1170b0eed0dc81361751988a1b31dfcd1335b53ce9e8c6e4
0b06dfbb-4901-4708-b95c-52492b22198b,train,40cf53472632f927b2408c2e6c3be160cac85c587a99ee267d253eab58af369a
0b0b03b7-728c-47c3-b44e-9a797bb426ee,train,2ff79e89bcb0672c00e6d10f4282f907f189a44f8d548bcf511e6842e8142fdb
0b0e65bb-c69f-4c23-8c52-ca821fa898d5,train,49557a264240f961a21010a631ef3c4125b64013ab546323f7e4660c9340462e
0b1557b2-7507-4b5a-9ddf-4a2a87b37736,train,4ad5d92e4a74013e75addda2eac83d6e06db672152392a244679022a8cb3a313
0b157ae4-bf13-4b8c-99ca-0dbeb997dd6f,train,f5801e0acb5b7b3b39327e78d083c63c4f1fcea9ec7bb9272a2e00ba79332ff4
0b203784-8531-4842-bfd6-cf0a6afa7dea,train,1834c5a6e86ad89b0eff26a8001a3a8dc62111649cec2e9bbb204d8beca014d8
0b317179-ca07-4259-9476-e291267da6bf,train,5875f343dba8e5db5bd915fa749021151f4dc63a04bc704e8bcca20a5ae44977
0b332a9d-4412-44cd-9883-459ab4986b1c,train,47f29a4d099291a009bb58bc495ba066ecc24a7a86b110eafe2ad8e57343d299
0b3386e1-8836-4f65-b029-67f219310636,train,da80ec1b14073e3f457805bc643c6e3e2965b0322ec478add1e419eb807b0097
0b3c9dd1-6ba1-4b9d-b681-24d965c4c35c,train,2d8c63023552fcf732bcc64fe6a135e86eee750beac7a39bc620806714af7962
0b46c06f-880a-4ed7-b0f4-f4864cad5c1f,train,62a4920df9898d63c48d8a063f6fe4d75913db8cd573d933f48d14d089424e4a
0b49c232-12ba-4a4f-b95c-0be13422963c,train,0fbe86d48ca550d3c67406d48b1f0d5724536c4d9de50c5caea4c34784433f53
0b49d33d-abc0-4186-b301-6a997edc14c3,train,85b2ef47e71c2c3de425af2b04e618fb6bbf15928c75dec05dae8b64e7dea1df
0b4f392d-8856-497a-8f90-b19c846ff562,train,8318cc33c9541534edd58cca9934d2b939f96de7353c9d4f89f1f6f98b830ee4
0b4f4ec4-1cea-4df1-9625-c7af2b3ba2f7,train,44877b09cf5134db249192a397193708907f8fd89b954dbe81d520697d141214
0b57aa6e-3c9b-4b32-8065-784db46aa7e0,train,3bf8ba1a50970ade06b154e93a4366f269317e9c3ef16905dca0531cc9e8074a
0b587b53-b61b-46dc-a953-cd2d1ce80c90,train,fc990acc39c576dddca0b662cbcc396f5f089c0ee6b92a274c3a228d217cc25f
0b5f28fc-a4a9-4256-b72f-a579d0509cc2,train,8b0216e3989ed65349bdf991826ab4e95d4e98f13d1ba6093209192b213843f8
0b609079-e9db-410d-9f57-767e899448f0,train,0cd523e5e19ecdd22ef8b713fccc9444472b2e4d73f126346b4b72a2f3025b44
0b79a1bb-1623-42fa-8189-ffc7a05142c7,train,a18a9438be38a372b827bf13720c0120edc5be43c7bd633ec972893e0df896cd
0b79cfd2-3a89-45b7-8f28-a6ba028e8185,train,0b417953c150a7c765737ad281fcbf2e843a9ea5020f0ce3f1282c1665e952a3
0b810b6e-2dbe-4281-baa3-7b380fb3a207,train,33d15ea9f547038c208bd73c9874e28ff7435fd6a00b2efcabc8a590a3dbf19a
0b861692-478f-4089-853d-202196def1f0,train,338246335de96b92bbe0f32735ef51d69aa67d6c758dc2dc5e0091218989f4c9
0bad3890-5fa6-4351-97ee-94fc9cf082d8,train,d0d5a779e08455771e9a204cb7d8d1b8045cd1599d2dcfac84567f88248c5f96
0bb90217-75bf-4406-807a-51569a6cd3c6,train,4e9e021a83763634a09a24292538f1ef2d44925230fe5ab05de91e2a49863e08
0bbbcdfb-d373-4ac5-9779-f283ed6c04f6,train,0fc4cb32b29d70deea4105a57eba94b461a101b5712763085dd64b3085e15ee9
0bbc23b0-e6d4-4336-9d9f-4da0374473a2,train,418051b6f02e61cf7ead7e52214fa35b413c0208bc18ea7592008ba764b2ac09
0bbcc1e2-a4a5-4d92-9686-419e40cac2da,train,ef6ed8a62f4bbd762b0711c3d661909f6a12ce5ce4b0ca92895406e82fda31c6
0bbdf249-d973-4f30-8312-74b869d7617e,train,d2d87fb6624ab288f0b0d4d7a17fe3f9cdff185cb69e58dd8e9fe6d22859c782
0bc240eb-2c0a-40ca-acf4-b5322a11d698,train,4089083bd358ba307139cb0c2cf447cfc4ec34907afe8282caaf0593bd9286e7
0bc8dec6-3e69-4ef5-891a-030fdd7b39c1,train,bca157cfa81a9877bf12525353afc789f0fed87e12cdac4a4e4e183baadfd617
0bd5a197-1e38-4f54-98a8-d30b14eb67ed,train,f894938d690cafab0a75dcb7c09d87b9ea38be474a2cc45ea41827b8885d5c6f
0bd82fe8-06ad-43c8-9b84-0d540707941d,train,ed8d7d9753e2f83b6daa6655aff29a8960b00a7fb58fc14e40ce87e8aadf869c
0bdade13-e5ba-4966-abbf-3618878e971a,train,be380551b7b5adc96fee58289b0f7ca0c06e13a1237c982bc4392157b8dc0487
0be66ed3-10d3-4817-98df-969395c00608,train,0889dcc23b0c245667d302978329d52a291b4ec0282eb26e2938d8113afcb720
0bf84734-3ffb-4579-92a0-6c10ca81ca99,train,692f16b232c39d8db03539fc9178ecda4be34d8143f0dab83a9ab12f80c7feb0
0c1f3286-85ba-4982-8d4a-4dfced15f0c0,train,b0493c40c1febba26d9be978d6a7f42f3b96e4fb6e5cf46208f25efeeaf63541
0c22fee4-7244-47de-9c2c-33e5d7a5f998,train,d0e42b6d0225bce262a0f0005ecfb8870993de60ef5aefa97aa7140d31a28154
0c286b6a-ac10-4de7-8a5d-9bcdc5cd8eae,train,8680b880218b17713ff2cecc4a4f711eb6a41d689a789dd241a2a5e739934703
0c43ae09-82fe-4f4e-9032-f27e76c6222b,train,5928baa8374049b59e3335434bf838d03ffa9ecaa3da3569762169c721f7da4b
0c604c60-08d8-45fc-a50d-7dde1f9c670d,train,53ecc8212a24301522127dc93c312977e230d75e4f875821e0370f3dcff428b5
0c6220ed-2481-4ad7-a31d-fbc4e2d826bd,train,c333b748e9a7566149ec6a752cd370a6ca9810771dd5899bc36e6a0a00386a2d
0c977634-ec75-464b-98d5-1b5fc99db395,train,65feb1837e2301f31f3a11ef111c3a7548dbc0e739263a966ae97097cc5817c4
0c9a9ada-13f5-42ed-9b43-573dedf09520,train,deac1e57a003d4678372f87874f166c19ac0699e5651c8e169f0767d19b0f05b
0cae68d7-9dbd-4a82-bb1b-0c2ab02d6e93,train,5daf1558bbe2ca3f8f0aa5c6e92cbaba3e83f08f4565dd98c211d1e1e8d70eca
0caebf61-3bd9-430f-9f63-2df9bf3c5b4d,train,074ec3e3c7528a058864cd6b6ca84fa80b77a70eb394c36ced038884df8ce857
0cb02043-e936-417b-9250-27d8bb192ae4,train,b62929e9eb68a02cd1311ed148a9b1921809b9ef8d277eb0e5898ed0e2d8de81
0cb0a1ae-0e35-4b53-9cd8-80338892fa00,train,e52d76c9cd7af10d12898a143c60d1807afa8c1a5639bd43fe3a109278120d72
0cc736fd-af66-4104-9f2e-753dfa50650c,train,3bcc2aea757febb62bf043f4576092ff3040405fd5e9a438ed6cac2d44a9567e
0cd6f79a-0604-4f0b-ac07-1743e688170c,train,cbfd232913d3ffce3fbfb799b6ca6d67d369c18108357df203aaf8504d369bb1
0d1c68b0-0433-4fa5-85e3-2393310d7ae1,train,47207330e80c9ecc362136b38ab7260969c390dea4a96f390be61e520cf9608f
0d51ed30-4c00-4676-94d8-0d9cf6a5dfcf,train,da002bf99dd9115ad5de32279b228a5d6369b9d9a15ec5c1cbe90024a4cfeae0
0d5753db-466c-45e0-83d4-88030d0f14e3,train,fad7622e3db636059946eb265993a7a376eece0aa97ddbd38ec477df71b1602e
0d6374a6-c691-4b8e-bd02-9c92143cc5a9,train,d97968f4f0ed19cb5ac3cb9c3a4a89d3c209cd3645266885e308b870d3cbdc30
0d74a3d7-9b1f-404b-af8c-062a91a7c2ac,train,0cc54760ec5a93a8508dfe9d63e386c2aa254b8cf78a1962754db0a6709d046f
0d8286ae-d882-4419-9692-126de4cbdbda,train,c3e902ee164263538d9009975b2e00533d0f926061121f73da4fbb4105b36c7e
0d932fe2-52ef-4bd7-a363-a46891ea4617,train,c32d415d63f5b65bda8ffe4c8fe24d713d838baa8cff1d3e889df147c9f52d84
0d98e2d4-3891-42db-aab2-5689e564e0cf,train,9a0dfcfbe448df7afdf6e56c0bf05f24de6b99e74b784a9f98b0b6ab20268ef2
0d9b4cce-22f9-4b2d-8f10-7c62eb67c982,train,6b6ba192f31aa2152d85bb8519b2fb6756322400ae3b786fbafbfff7fa3478ed
0d9e8642-4d03-46df-9389-795363d38db7,train,c2571c2604974e92f5d24d4d42cf27fe6c19d0134291967e595780564e42befb
0db21398-081a-4ccb-8482-7df7628d80fa,train,75465a8b638a54fc9895b013c24a03a6f89571336f109ef151283c18c64e898c
0de10959-4c66-496a-9c2d-26d6f1a81a82,train,115bb0d0d24cfbcab4425dfb18e13da82ac29f21697a90e415f997b2f73a972c
0decde4a-7eba-4b18-817a-05102d622d69,train,5811b4066ea36868f8580217fed7427bfbb2f9897416cf1d7d6491f718052c97
0df19f4d-1234-47b1-9896-147950b50e1b,train,2af20ab4e44c87febdc2366c04956185a13d7763f0d60fbbec7d8c25327bf52b
0df96589-a4e6-442b-9865-7d80678a7992,train,fdf32be9f309791071bc21e9de06e580b2095881a5929a6d9229b1d761e2243e
0df9ce76-af34-45ab-a925-510daccfb8b1,train,6d94342089b4a0a67a0c4f2689b9513e0b00d927d7ef55da88a7f67a760059d1
0e0441f0-0199-4351-9084-d40fe108f0be,train,9bccbd5e51aafb9f4b6da28f46422ad247ec7e1f8c9410bbc291969eccf3e07d
0e0867b8-45fd-4e90-aa5b-b79941a82067,train,72907b6a6d83dd679f6d45032089a177b8c63710ef68ee88d467e64a51147720
0e0d9637-8bcd-45d5-a89f-9af3b67424b3,train,6eb93db258866532d342ebe31878621a87b0330581008f68140a6205c1d4241e
0e149efc-8778-416f-80a3-d73e06f0e6b8,train,666bf57c9f89a1d4470ba0361ab197ffdf78a04ce4d2be066518ca524b541b53
0e457748-5d69-4442-ad77-d092abcf9898,train,587263d2dc6417dfe6c9c9d453750d01594353e7bb948c4617fd35840d704174
0e67b9a8-5626-46e3-bc0c-e3892314fd69,train,489125d00d2e92f215636d2733aad8bee8e64269f086d6a0206d4517a7b5acf1
0e6cd23b-f41f-4d8e-97da-8b2d0c09517c,train,4362ea6478090d3b1c8f5e8d0efa465bb6b8d527c4805bc319f0241daa171db8
0ec333e6-caa0-43b8-ac16-99b10d202993,train,bcb08550528f88a609d8ca697c5884e8f3aa18e004c81f737fd03a2e536b8e51
0ed041a1-c34a-4b2f-8078-6a208c062e0c,train,2dfe1a18e49c406c71ed97e75c02962fe3aa8b6fdc527bb86ef4df3e564fc78d
0edbf42b-1efb-47a9-9fe6-5ae822507d3d,train,1da56bf5502ee6c94ce18ddb4465da916ca470c016146332d1c1d7bd136d4e3c
0edf6061-4113-4d98-a344-65b07fd33525,train,b9abac7718ae573b314f609a3e7e1f35954165e8f1dec9dfdf674b6d6b8b4049
0edfd614-063d-483a-ac1b-742f81e69545,train,767de838ae8d4c291834a68576dfbd51ff02b49448f490bfa54e3d770be3cd44
0ee097ee-2ed8-49a3-8024-00088b031493,train,1cd12c4e8c136ae15de57010582e25e21f24f929676fe1b5e77f54c7d562c950
0ef3c515-0e93-4cec-9e6d-54a66c57bc6d,train,09aab4e88c1265bcd222726b9304fe5090c3e91e441a5e3bec8dd97819873564
0ef41808-2032-4c5c-b7fe-ac7f5ef32bb7,train,6aa38685eacd49cc5fbc27ba9217eda0b93c67442d02df33a390c55d1fdfbefa
0f03511c-d7aa-4a94-9414-aa34127b2642,train,5a3fe90e2fdab163907c44e1f349544c25a65f7008ecdd47ddb4fb2873965161
0f046577-d6b3-446b-a26d-8130097a5302,train,9b8e14b265171360c291a59961705470d4cbf8d026c14a522950ed03d180bd67
0f04df6d-d112-48f0-8857-81ec1c5c1aa6,train,11d9141fa4a8f4206c351a436e79aaadb7e1555fa08d7a8277f90c61302aa783
0f056654-4e71-40a2-8a1a-e2339c81eaef,train,81be5bfbc6687795189c4f5dc830da677b0401791b1fc2343deb78014b9d9f6d
0f22452a-4aef-49f5-9c58-6e2e75ff4014,train,cd5963e301cb9aaf6fb4047f849c8f26e9cc302052eef3cecdb26916d7f0261a
0f2fe814-ca30-4960-8517-3ae0e05373cf,train,ada2f06ebdeb8dde6410b988e21777b71223aaf009f2a0e6800726d692435d9d
0f3626bd-4f1e-4a7b-a7f7-b28a739cb1d9,train,0233668f40b8121ba6fc2503d2e0cfe89486b7f57b760138644cf543adfcc48b
0f4c0be0-96bb-4e97-b4ef-03b877957549,train,fecded91bb063cb2741d3b94155bc0341732056c9f489735f3224e78a8763964
0f528456-0614-4e51-8ccf-401583e37d7a,train,62e667cd0468ea5e86e2fafc921db072d94a6576d15455a9f809e54810bd97c5
0f52def9-4d06-47c9-ad41-469f0fa9adb8,train,0248a4fe9557671154c93562e132151fd98e52c122f0753df4277981e79987ba
0f60dffd-ae9c-453b-bc5a-61c09cf16832,train,a42bbf3196489cba4c1f6e4708a5e2e85d04d33a3a631b42b254bfdadb17e88a
0f68f0e0-ae33-40ba-884d-c51f2a55bc72,train,5e1a9b78d3e87b2d0a79cee1ccc79f15661ec54eb735866b57b02b37d82a7474
0f6a8ba3-9d4e-489f-8500-4fbef5f06ec6,train,1162330deba1f25c2d40b4195d66d82c694d3d133856074da8c277b9e15919f6
0f77b776-1b62-4fb1-974f-6e1b04f22035,train,cc6c80f30be312bde7c302ad1c2cc2262aafbd30d5400627c2688fca2f911e68
0f7a9c96-55c2-4dab-a015-c4a3ba4c71e6,train,b6ba2026734dc46eda1841e4781e708676f6ac72b2d6dc6f94d59d267dbc9406
0f7ccd6d-73d7-474b-a7db-f87f1c6be515,train,bcd27a8ca74c86a324c54845ec6cb98270bef04eaf3cdc1b763d57d5baf859c7
0f7e7c4f-8284-4fb7-8545-2a145ce2d15c,train,e27a5b71f44bd50f6c635d3b3c70c5dca0bd9a2e049acea8af4ef67a910c67ff
0f8143b8-9ca0-466c-b62e-12066a82bb11,train,18ee9a3c5a98f507bc8ab065ec3ca8fc32d6410562ab84e63e674c2b86482071
0f87c404-4fa0-4277-b5f2-0693ae33d602,train,9855b8740db3d9152c29148034c33c00d206850af5e86380910466dc7195297c
0f8d1422-c70b-4ade-bdfd-a593a48d56ea,train,9736e8ad9e2ce82d62766f4df270cd3626d0fb831d664b58b1a8931e5713b449
0fabad21-8a40-4863-ae44-c11c5a3399ef,train,578dfa248e6b09b288f5a372b740d77b6d8d8a25b91bf8ecfdefb49f634f40cc
0faed744-e348-4b9d-bcee-ac662b7c3548,train,d1e2395755c19313293e035d880d89d441d00a2bad1ebd729702791fab848147
0fb2b774-aa27-40ac-b687-141b8d458cbd,train,12151f3816a1e89c7f6e663308b156e8ae2a49d22a3aa6012fb486338b1f43c2
0fb54c3f-492b-484e-bee3-ba4cd665e5eb,train,fa4ee95d7ac196210e9a21042a6ea3eeb2548aeb3684aa30884693555d54f5c5
0fce89fe-9472-4b50-b4ef-f81b887e870d,train,05c7b58c6376247cf02a7ccc7fa420743a358c40b8249529cce5b12f7228a203
0fd12ec4-6999-4cd2-8ee6-1832c2d7f606,train,758b2e4d974a60d67b07ce782825c559acbe481a14c20dc3ae8e20d67ee60321
0fd5fcb2-bbee-49af-af89-4e0d81a61b52,train,5dc8160e1db7ff9e8c00d014439a08727d30f9bd5e093f5f88578684e7fac320
0fd7d422-b0d6-437e-ad76-ccba59d77334,train,48cd5fea656fa1fd816248173839b0a6d7a5e5c7ae3c42e1e0ccf84f4078ce18
10132436-8242-4633-b191-f9a7e1d4f381,train,86e7e85d2a0fd30dbac2302ebeab1a6b507e0c9baad9e1314cac55e5283c5a7c
102f8985-8083-49e0-b1fe-721241f184ad,train,df53202d4e2b6c4f9b04d946ddfb8ddf8c900c3858ad1684af5924d22da6f30d
10463043-e76d-4aca-a89d-b3c3a2895717,train,1b997b8a8d2c2784cf124e6e02a543e2b7d583c5ce272ca5f0dbd871f1e8fa4d
1047f918-463f-4609-8081-c92aa75db429,train,03fd4724b38ce9123caf43dc3c28fc3de9ecc85cf1d6673c41fd547bf3bd74c9
105c7243-a8cf-4461-bf97-3bc0bda872b3,train,692070191e0652ec2824020e423de4b5ebbff4f7584a9eab2b0d2d7392a452ec
106476b1-8cf2-4f19-8bd0-7cbd5eb73590,train,e941a43efdddb5bd7b3e71a25e3b808b4a11bd6f6a8b325f0cbe81c049729d7c
10700f8d-2641-40d7-bea1-c2104acd169c,train,d4da9b29d4a21f715d520e194a00e2608cf3f36e9d973cf02a78820adec246f2
1072915a-9505-411d-82b5-2aae7603093a,train,4ffd2e184169ccee0ee4e7b728df219aa277a183e579762c2f96794f0b2a73d1
107f11a6-8dbe-4b41-ae87-ad5314a102fc,train,a05ff6f2efc5b3654107b82e0462f7eab8bac282ec40acc02ae9e67d18c04842
10805cbc-1d88-4480-b385-7fffa0eecf6f,train,f8ce3e5a7f42ce0fc49b2953fe3f2b8e5363607d7e212edcc05af6b155100eac
10970c23-f70e-4731-bdaf-05ba7b3ea909,train,807821c8e58cbe18a70f7b4c68d6b705a16159953bff1d8ecf073c0ad24888b7
10982d6f-6455-459d-a3cd-52e3c0d65869,train,0647cebad07a79ac2d0022292d9a6ba1c882cb8823014def6e3fc9fd070c2408
10a2a262-114a-4327-91e4-4d8690e650c2,train,e3d9b93367c9feb42e34eab069ab60f96c920ba4318eeba4d373d401a0b6ec0b
10a317c8-89c2-43df-849f-c9dd7b15f4eb,train,2bfb5fe97d85b63e82f0134395387d73955e71004d7b4688358f89b1d8e35c08
10bd59c7-c0c3-4cef-9a2e-a12bf2b9ba58,train,c420012d0c8429f60e585eed2bcfad5bc90dcab8ef821705c06f9212b7e1fa4e
10c1b597-4cc5-41a2-aa92-260be6661d2e,train,00814c614c342afa3ad4637d8b05e723985b26821d4e8d745cdc473c813bd94a
10cb8df1-34d8-4b3b-a73c-df52272f9732,train,4c6ce8432fad6a0e33f17b713508b5b68d4a2344034a1404ded045a427ac4530
10cd46dd-24b3-46d1-a19c-a8c8081ec88c,train,6124dc316f6978f4456b0c3894395a6f320efb84b38cd38255200e0cbef69024
10d9e0d9-2041-4e5b-ac05-47587f5b430e,train,242831f8de2971c27cc36cd85669c81e12da8167ccd41650f9014eea16facbc3
10f44790-9d6a-4697-bedc-7ff2f5839dfe,train,a1e172eb345fbec60eeb158d66198a93da0506755b49d6fe80b931c84c404cad
10f53e20-d914-4fda-859c-388cbae14ce5,train,22ed55121ed6283618aacbf2394d60ff65f6f67dc91c0b3c3c479c116fa50367
10f58f16-1dbc-4138-8d16-33ab4bf9234f,train,c8b354409a69599a2c794d723ac2d387d0d01843ac48280b1054ea5ec412f1e3
11064717-eb4a-4b09-807b-481ca2a3a1cf,train,ffbb88ad2504b91cf458b5b97417e492baa21d73f1e179ae820c86c8de2919db
1127661a-0f03-4b59-9c30-acab1f15d609,train,22c60787d86fc4921c01ff6a76fee49502a173cd25b8ae76dcbcaa857d8359bf
1133c394-d435-4281-94e0-61770fe4002f,train,2ecd709e9aee5ccfef849bdf4f4863ac8b86c45b907198a3e7692c79f6d16788
11377787-88d1-4a5d-9bdc-85e613aa2614,train,fa29aca683987c283f8c171b74c08eebccd8651a44374c5d967cddf46e2f28b1
11447fc1-4fe5-481e-8561-942567e41892,train,84a98ff714b38fdfc2d8b50d39910178ed9dc87fd5e970788b3f475eb0ab511b
11594c82-cf8d-4a23-805a-b59ec0a4f3cb,train,67c3785e862fedc9130dc347f08d705de81903057cf65c6f63ac9baf00df7798
11658f87-a713-4788-b06b-6282f250bec0,train,a12195870455da72c2bb206fe6dbb64f04017047761d435477d1141a04440ea2
11659c45-c27c-4114-ab1b-2a8eb7083d4a,train,124f499503388c206e631afd1b4ad17db2ff205ce74e6725e528b88349173adc
11870876-ccd4-4426-bccc-7c5483c1489a,train,c23c5925e7688be3cf5dcc4d252666aac6316d6d90d40f9559553b858cbb10f2
118f33fd-cc78-4ad0-b4fb-619009eab910,train,e1eef3cf75de735f7b8c5dac0e85d2d3f8db582d80b3ceda50295f434ccfd8e4
11929bf2-632c-44a8-9eb7-9b18f95eefaa,train,f7df8499d4f77936ff7edcf27bd5dcfcee2a5feeaa1a97582700d93cc2d75249
119622f3-2861-48ad-a88f-f0d08ca90152,train,9acdd8a4876ef063417898a290a2029b843c984fbd31fc53e35ea5e8c634d67a
1197bb44-72d3-470d-9ff2-4f3be69deedd,train,726b3c70c17e297b776928ab5c38cd78fe4030c996e269938cfceb4112d694ab
11980689-afbe-47d7-8eca-013245d8ce3f,train,90078d5d2641bf5893f6afacded1930a008aed6ef6e349a52d186904fbfc541f
119e0c4e-6464-4789-8d65-59bf72eefb84,train,2ce2768b4a32b289a981214adde142d06859a646dec0c884bb3af6bd3cbe239c
11a2a57c-0950-4125-8793-776a14239e34,train,bc8a8d34be8f44edce4ba9d6440dbcc1ef45bcb99e6c2eeab0a09f0f1ce2dfe4
11ab104e-84c2-4a7b-a26b-35af97ba8616,train,d1ba32522eacbb55c9882b53ffce8f521d63c9975f2637bc03251820b050b74e
11b1c8e0-5f5f-4f9c-bf86-85f5eb17121b,train,65429024b7a5f27bf89bd30fc411be9777afde35f4aa733dcc7bf72f652c876b
11cb754e-4c78-4058-ac41-9326a2bd3fc0,train,6e914d5ffc7df698dedfcb7fc319bccc9381b0f0353dcd653a8c054c13637af1
11d0d359-ff7f-4240-acc0-5b6f0674cca6,train,05af24299b4fc435db539920e0c04e494801acaa68d2e899b09d5458f4e24762
11e665b4-691e-446b-ba2a-0c49f0f2405e,train,90d164b439659a682582cd2538be2d7244dd8b7887abe3d5a106be672a9792a0
11eda34e-f8d3-4e77-8d95-36a966f7b150,train,1b2eef736e60bab8f037c462b8787476023df5937e8e0dc784229044a45a5b13
11f41505-5d67-4098-a1f9-def9c2aec63d,train,9cc775a32be04576e220ba6467a35680e24f586c5632933ed7b42e8927a842bd
12075810-3117-4d99-94dd-e86269b4571e,train,d8595588a01be4ce64520ac9b7d6c8520303223d9902b973bc26c5d45458445c
1207a69e-cf20-4bff-ab42-c19c4e05d8e0,train,74ef420d53769a39747f01d8a86a502f4e08057f73a14897e6c61870bc8ee013
1208cbbb-819c-461f-8c31-59a54996d5e5,train,1eebdbb7170462948e2b80f843bf80c6abf63b28a7273f36a0ac3dd023466ae0
120dde78-8839-4615-9add-64a36a479035,train,f727668faccbbcc3d1ecd5b586e6084391c98ef5c96770dd65b64dbd9cc14350
1222d796-02b1-4330-9ddc-c7ea1dd97330,train,079425f13d64bd0bb1d1816f61c5770407737bfeb2f4ac7e27eb3c06f904666b
12240efa-8a65-4ba2-8d11-5a10202d644f,train,36eac31b7f7d623c8eefed0e1e1fd4167f0aacfcff50338a30c1596e4bea6f87
122d1973-d7b1-4069-ba9b-0e8a50ccbad9,train,1122f3402116e63bc2e91bed45f2350844cfcceb83f829b2c4595dc5cf184178
12543e28-126b-4667-9032-280563bc75e3,train,0ad882f0f75084cd512fdbcc8f1b6605d7fcbc8bcfd59f8e5ff18f353502c186
125bd87d-d657-4c5c-9fd4-4790b3f4cb7c,train,06a8e4aefca490a45e5d5ebf8fe7b6d1920886f578c7d870ee9719377ea93927
125d3f1e-c131-4111-a29b-075ae8bb67b5,train,ef2ab35e596336336286c668f3d7b1ed70a4b8ec658df04df445b6ea964cf2e0
125e07b2-311e-4a9b-975d-6bc6a1a42fcb,train,0591ab4ee46005c9caf51ebd85cf4288578ac66cb58bcd559d1f8e611c47f402
12788728-39ab-494a-b8cf-98323dfa7649,train,900d1bcabaecfcd916066bcbc880f8d80629884dfa33831afb4169c621f7cf8d
128945f0-c65b-4498-bf4b-422a0fb14226,train,0dc0d30df4e7e80d773dfd33223d61b45bb5e8d652f04a386dc55d2bea6d5bfd
1291e4f0-cc95-4428-9aa4-99480c2cf1f8,train,a27ecd7aa8a339054bd8599d87f75c13dd06c40cf29a9c0082bc7af18d4ee944
1297f2e7-73c8-4933-826a-68a1f37490c0,train,4f68707713b67ace95bd355d119e461d42db418e429961898d1cac1b3831cae8
129bc05a-845b-4202-b5da-090f5c80859d,train,dae3768af483d128ddc43491c8a80b3b7981a8fd3202c8985ea06379d2f2b0b9
12c5e724-8988-4f1b-8e54-7b40cced09b9,train,86d1ed9574191793484160a7199a9cc4756b827bf2cd702a99c7d23bbcdd0e59
12ed537d-9b2b-4abc-94eb-ac1c9f9b8cab,train,c00f13d8c3cab67e5c869905928f1f01f7676380bb8af32fb1bc1ae5ec38307c
12ee754e-fc57-4ee2-9a29-cfd080a09d37,train,6b0dc11018f363aa1905b65b49cb349fac99b935449ef83219954860e529ff4d
12fa3334-fd59-4692-af8f-2f70d6729474,train,e14a0b2ae6654e9cce827266a18f694d1729476d6eeab89511b5f0f700e38712
130630d0-25d8-4b2f-ad28-b4bb942c4c83,train,341caac1b530e8f372548d74e29bce3be4cfa9226376faa8adadebb04ee73ea1
13087e06-ea8f-4e24-8225-86b5c3af1b16,train,d0fe7902eec47a17bf7872ec87e5e161f3da6fc49a8b056695f4680d64883c15
131de4d1-975b-44c4-9812-2d5f3fc9e170,train,3cd9d0948efdfb77d452bfbc77686b2dbad1c811fa2a1c74447bead6c130348a
1326e9d5-5643-4a19-b6e8-95a93ea37bd5,train,a59a07de082d04649263c2289a294d4c4bc6e218fa34e54aca9d08038c7999d5
132b92a0-cf34-4a23-8092-9d2db5630db9,train,2bda202830512946cd90923b7dd1104ab4942718550b1676e379ef1d1b42d5c5
132f687f-a9f7-4b38-a427-82fd76298f7c,train,1ceda867c357525e67521bc4c163f8c9b3f93357a1c5993b9b2f540b85f60979
1337611a-1837-44c3-8167-3b78cbec6607,train,b782981566266288954b2ed0e86dad87b779d6ec54e802fa2626c4f87308e070
134cdd49-47de-49ff-9571-4c0aa7e301cd,train,7af16b9075e22bcc68f0ba8f90c017bbfd13f238f03820a556e70ce14a8c7224
135ef82f-8fbd-4806-a430-e91bede88424,train,edc1c1e39894d84363cf3680cf0f778f05186084d650f507dd9f6fa6452f99b1
13683074-529e-4d5c-8c82-c3f7c5eb2dc4,train,f1cf947dc395489581ae11fb0dfe4c2ca162d57418cbc74f6e975d6be5ceb0c4
13694863-095c-4635-834a-115f8e78c13e,train,855618d27a72ac4be6ad49157dbbbd74b4de214a469002113b8ed4a915180eb9
136b5b33-0a78-483d-8d7e-65b60116ab32,train,c2a482506691736f0f8dde3c0a793983f474cc5a7c1c291bb7ad92bd17c1f2a4
136c54c3-026b-4957-9d14-d3907fb1c950,train,3f64aedea3cfddc552ff9e530af616e60c93392bad90700ecedf37aa3d8b894f
136fd653-3445-43f9-b266-d9c4ae6d2fff,train,a25cdc5cb1272488ba61a3132696e930a9bc5cc7a24c37d59284c97a2697450e
137fa898-a139-4780-80f4-ed64d1f8c272,train,26cb0d1e942d9390a63da173c01bfd8a855797ea940f33edfedd793c5d442ec4
13822707-0b9b-4afc-900c-4afe2f09349b,train,228a87203453d99eb85c3e6a5783d727f423d68bf94e4a58b8c50db1a03119f5
1385a3d2-45b9-4b7d-a854-166a558e776a,train,3eb563fe2db8a876d6b4799a6678e8810527ff519f2d99ef9bc5bd8bc48c54e6
1395ee4a-47e1-4a70-9f1d-4c7717481a8e,train,6cfc2c9654ac4ae1c96f332202d0adfddc953b897c38d193319e4327eaeacb46
139bea9b-40a2-4260-b03b-93bbdb003041,train,c81c7cb1bcb2c0f2d5cfb021c241092332d97361a1143eae22737f49bdb2da25
13a394e5-e910-45ac-ace3-c0caed309b18,train,ec94f2c16fd57cc955a6ab2817cfc34302878f211df13645be4334a57830bc6f
13a40edd-ab66-469d-88fa-1349130da618,train,78e23ee5ccbb946c78a5656505e1d30d856923c143497e84eafe4af575074605
13b75df0-8107-47b0-b4b7-cae04766c6f8,train,fca791fc439c002462fe6f239e9fdfd6737fb352909802770812a5d6bfa463b5
13b7bb55-e8b6-4137-afb5-b919d82b96d0,train,905841edf4efeb354eb25cd09325ee9ecfc348022bd73697dfdd7dfca0ca1222
13b9cb78-cdd6-43c4-b0de-d909bc41d9b7,train,48c2e7bde0f64204ef9c65868486bb91ed12ff6ccb65a6481e0d556456deb7cb
13c43d2c-3ecc-4b91-8e4f-bdbe154ab4eb,train,0c321a72f6fabcba585120e18945c85811097c3fe72b90048eced665e25ac8a3
13da4c5a-68d4-4b20-b9a7-a98b5c0bf393,train,e83f9c668a58d7687cf911b46e7c01894d5763a0fde9f60812968f76994d9394
13db33e1-c526-4338-9c65-85f50a2daff2,train,a1f5b80d4ed563ba1d3ffca7faf59fe73577986913a063705fe3cf7dc03ef5b4
13ec7b37-4677-49c7-8e4f-6a215dd0e466,train,415a2462d9ed4b336f6994f136e6814f6a78876396e589f181253653ef9463e6
13fe35d4-a1f5-4816-8eb2-ca41ef98840b,train,bff78dd49e8d3fe03bf2120b558f9821d8802dd9696a3136559b4be5c3694959
140ca96d-6467-40d6-87da-5dddda48520e,train,70e8dd51309df082ac9799a63585abc81e7ac366c3ebb921b0f91f7742a352ce
140df93e-c59d-4a3a-9dca-658d3e5a4aa6,train,49753922b36d6de28e8570283dca8c56f01e38a76131003229a29fd5f9f0c49a
1417c790-4360-4414-b360-dd70cc3ce6eb,train,4c5cb0af9972459b2b3dc7d1de291b6d7f1cecd49bf22423fdb8a19da9a059f7
14185ddb-b76e-41af-b122-ff7e6520c110,train,d6d568335852114e7bb0b34409502ef8607ae0ffd5b5041737c2e14e828b851c
142b81b8-40c6-4b5e-8045-10aa63187ea5,train,d278d80afd1cd96b15a6632252b560d7208ecbc962f1b368a39ad02593b80791
1430d605-43ae-4475-ad09-b484e980ca11,train,6cea629de42d5382c5c805b785a8b6753c3ac7f4b08296a172682dcf346fed69
1460deb6-d81e-4c65-a41b-579ac04fb74d,train,fc2d607a94b29a54b11f4749669ab811e3b00f6c94a3d3d5680cd1109da9c37c
14613198-a5d7-4ba0-8a7b-8338e2c5434b,train,de80cd00bd319ac293e39549ce7802863a1a3e78b54a2e39d27540c795f3f852
146682ae-6aa8-409c-a136-d57d550b1f71,train,d2edb51111143f2d54e69b438513fd198e2ecd36ddeb8061b472c0e9fceb01c5
14699e46-9c40-4fa6-9762-6096bdaf906e,train,f523b18e60fbf4b71c53515c5067b54746d8242ac7c12f6fc44a7ef11ed3d633
146ae262-8698-4fb2-a59e-5908184cca33,train,9be90b7c852cfadc6378027c48b64e74235e45cf518ebb8384bc4ead4307f02a
1483bb04-428e-4825-a503-10e4c043e20c,train,fa778ed764b1bb2662b7ee1fb6d7b2173eb212243388da9eae8a365fd241fa88
14856a99-a928-4d55-8e8e-b6e6669260a9,train,d9aac6bacae45a8bf0866803a1bd1ad11b85a54dd19be2e478f3faf91e41ee29
148a3e2f-8d96-48c5-834e-677534390933,train,f2bb89c46aaa9950a547564727fd7639a5544ddb09edd78bdcbba5fcfb5119c3
149e782e-4e24-41ed-b88d-9a768db170fa,train,bf9528ae4296e8963a64546b4349d5fa3c9d67f165d73b21c97ba0abb33a64d1
14ad54f8-208d-463a-a213-a86331d7757b,train,3401e69e3925988a340f5480fe11adc517b10a843586975aebd2b28e9ceac45e
14bd14b0-6ec2-4e72-9366-3bcf750e5455,train,0fa8e1223da8d73a2f6e717db28e30e911c1e791fc9d568afd3648d5262d9588
14c6750d-2a6f-4841-b0f7-c6efd2a79994,train,5592a32729ac5ea5a143ab28764e2d261cec73206ed191faab2582389c79a0dd
14c6cdbd-19c1-4d73-9cba-d73368a37345,train,f6b412bb292a4f1cbf39e4b64308bc96fef644fe419cb1c473b5e01d4a0e0d5c
14d1ce94-936a-46c4-8c17-bbae1c744805,train,4acdc113a27d097f4b69fe36781e6e85956fed43d6c3cb55c50f0d3440fd2acd
14df46a3-4b67-46dc-8fcc-287322e4ff2c,train,0457f8590235b3daff924ea35214a15d3c8640513ff4d4b89adcc0e533d0ef32
14ef0de7-2e98-4aeb-8932-5b1793fe7053,train,36b95bd8a53d2c1f4d077b455e334d8a5c05c0f70a6d0963d4b572e946fd83a3
14f14f66-8f13-4a5f-9f46-814099e39fbb,train,1aa587dfadbf88b2246b0318d329d92449f4b9e45d5b54589918e3a8680b5362
14f519ba-e661-4912-8f19-561a978a5a0d,train,f7beb1358d88970a542c1b2d101e5b4636b4075a7feed0f473d525eacaaa2976
14f602b0-69c1-48a3-99e9-72d333908309,train,e7c8a9fa6d0b605a72f267935cbb60c7b628108b80f88d0f36cf5c6105531f3b
14fea1b5-54fe-41eb-9617-3ff4e2ae8f29,train,3a0d155cb428d04b25bd7043a7a435975ad6c08f3c9870595f05c26a24d14bdb
15016d21-47d6-4e85-b9c7-f644059fe812,train,39a325c916aeab3eef46ebe6e6e9469afe4d2493dd7499fe2c6a04a4d99b2112
150e7729-e3b0-4615-a971-cc9db373b064,train,6ae973e6c14cb249f5406dc6b05a1fccba1270c4384bc01a72ac4884974c0fac
1514a171-ef47-42b6-8a3c-8425cb8c6366,train,1b981485615d69ea140db7cb8070c9734e686cd19a38e73fbf2671fda6df142c
151a16a3-31c9-4b67-9a8a-3ec6822f398a,train,740d16c5089804b781ba6d003265b3c21e23b53bb5ed8313f6cc503694ae918c
151c888f-044b-4950-8a6a-e377f52254ed,train,1a373eca4564231ef3b9dd683fec7a49341cc054714099b9e3ac0272774b2de6
153978a0-ef68-4174-8c23-07033099ae98,train,5033ebe4f19f115b877d829fc0699a4541aadd02ae735dc6413ab5129906b7dc
153b2461-b0ed-4195-b600-2fc5dbfeaccd,train,566ecc1578cbd466fce20d74083294f963f6fcf6872f4bfe197e265550aad032
15406727-abd7-4fd3-93b1-8d458757804b,train,50b8b238d74b7d5c9369a40db821b050428d711520e1317a99a3558ef29ab6e6
15406c10-c684-400b-99d0-fb770d1f749e,train,2133afe8825e5543e1cb1e14cd50c4b776fb96aed60bf35f01b589b7534642af
154e3c9f-3096-4161-8d92-f3ccbd45c582,train,421e6631270dc981ac232da89669c14d1ca8e4ce729da688fb1768fdac42194d
15547aff-17d4-47b2-97f0-2983a633889c,train,3cb9b18bc08bd93b0bf3d58e2aada4dbb17ea6a437a4343d076ffd6620420138
1573c5fc-57df-4de1-97df-7185e9927738,train,672ec45ef8a71492068278052d51a29250cdf3f618a0049e13b6808dd0ef0ee7
159cdccb-24e2-4711-b3b3-203a424a5e2a,train,b475ed339d6095a78225808818544da96f195b7a32f761694382ef2828d5a6be
15b02b5c-d2be-4a83-ab8c-c62f4ccc7d69,train,e98d0843a77e6b8872720fd1552c248e0d8c1e32907ac89a791211f211a6c7f1
15b5eb4e-f984-4af8-91f1-8e9a0632413e,train,58de1106513c380452988bd9259c304a95d488a2ef6802e26c5be55677eaf532
15b69a40-088e-4c4a-ab2f-f2d582677460,train,7ff42b97b3e13101e4f9881103fc418aed9bf8e74989163383c0c934cf510f9c
15c6ddc7-529b-401b-b596-e2d30c1ab581,train,3073c0da33bc5523b3c0d1c059c6f5887137a7f9ea12abe0b5a5f83ec809cdb7
15c99e8c-b0b6-475d-b311-d2805d10dce0,train,29b423f1e12ba273e296e56f27d241fd504638476d2f6dd13ced7426ba5310e4
15ca9bcf-8984-47eb-9f25-90c4163a82a1,train,50804d70c02a644f367855192a908e1128a44222b81458a945bae86f97fc3855
15d2c58d-c5f8-4e3a-ab7f-a3f1154ba241,train,052c4a5cd1d165737438599316f0f65dd2f75e2421185c77bc2860557f6b4c9d
15d5ae90-5fc9-4adb-b9a7-f94f47575ec5,train,7c109d0d755174cdcfa6e99bece8a9e4deb4c99139d6836145bcb658c6234cdb
15edb98b-c380-4cf1-83cd-45e1844752ac,train,d65639219a31a38e521ae459674cfd09823dd599f52d6cde07f813e5be08905a
15f090b7-38eb-4987-8c78-c6983fce27c0,train,da2b4949fe7d4c424bc31ba98dbb9f20171b11c52a2fd72d3627f3dddb1a90d6
15fb9dbb-84ca-4ea5-8ca0-30ee314cbc42,train,9200a0961e5227170bf7268d15dd421c1c48120befe716ef257caa6a540d6bc0
16059c3a-3ad4-4567-b1aa-62efd02c0096,train,77cf2d56884369a4b7855407706982952696f94965f8bc06c406456eb5afe034
16095b16-9e4e-4f74-80a7-a366fb32239b,train,3a2fe893145e202f4ee9399f59e2f878307a200dc3c8f551a68af85c2de16c50
16114659-8855-497a-87b7-85243c9b9123,train,51451f61b682b57548a09d8862ca70577af8b23890ad8634dd3ba4089420d354
161ffd8a-0468-4ea1-8220-bbaf70741a14,train,d8a01d4b2e770486dd6d25ea582e5247ce14529e9f1c189dabfafe0fd6611fc7
16227ed7-cb67-4756-90ca-31bcac608333,train,66326b67ef2a391964af3fd85cc4944f3c55f463b9f7b4794983569f03935add
1629d078-50a4-433b-800f-28712854ab22,train,a87c0859d8b9491d6eb98e2e204c3ce7030f5cb05fb565e3388ac18779a2e879
162f41bc-c847-42f3-adc3-2246aa2a89a2,train,ee0bcb122337aa74bb4e30448ebc1b1f11d358db358552c4adb0c9fea766d735
163c6aa6-f007-4ea5-86f6-5aac4c7ae067,train,6343ba371ead353b46bfc6ad7c9c9b651bf4b4c4aa827afcb6bb3f1cfd416a35
163efc06-014a-4107-9c5f-c9f44bb4239b,train,9feaf3d35323271b03f6a7c0198fb6492a826925f52cbf8d028153a56c629e19
16664288-f5aa-410f-8a0e-6d3b2134d163,train,9cd43d06063838bfd3c5460a0150688a034a50164b73f34c6ca4a31dbc16ac8f
166bb251-2782-4733-8fd3-c3c28f5f31ff,train,b8fed6adce15b63d5599805d3cc68f221503f42bea77f0c24d76686b21f7b672
167973cf-2404-4081-8512-edded9017abc,train,25db8e01828df95aeda73de5abc53bb0d121d04a4b0dd0112816d35a1d481bb1
167b238a-11f3-434d-954e-00d3ccab8eb9,train,83ab9c66ee00a044662ae5a45eee4eacf7ca02f936c2b1bd522aacc4aab43a65
1681e704-9ce2-438e-9645-1d5e56c80f62,train,14d57ba738ba1f227992133100eafbd2dc76e722def738727941769dd9bbace5
16839f11-5cdb-4179-b3d9-755cc8f5cf98,train,90dfb92340275e8bb5c79e235f6fdfb1bfc9f49ff524c0bbd7ebea1fd94203d3
16ba99df-20b4-45cf-939f-85a772b5e200,train,8e388ae0877f4b6b9ea92eb2c4dfc1f4cdd44496825e9b4959399edb20d4eebb
16c8e65c-392a-4a45-acdf-00a4448157ae,train,2e4e4ee7c567bc1d872af9a803dedec1e651187008e3ba87e82e1dfbe7c8d3f5
16d47443-1a84-4945-a96c-3f44c3fe0a52,train,302e3717cd6c4d8e7aef15f34fef1ce1b73d29907a8fa5cf315e120055925f16
16d4c23f-d53b-42c8-9e15-655a8b475467,train,34930b77d649df9fa244b3b490b82ef6bb98cc373f33e0cd36ba25c6bffc2d9a
16d77cc6-8f59-49a8-a1b4-79b54b8e9ccb,train,cc67400c0bb93ac35f9d80e1e23ad8ba2d8af5d70269b22cb48d2caaf45dd029
16ea5987-3701-4e8e-984d-5d28ccdcd8e6,train,0a6af57db254c487bb432b3405234f9a52b65b644504f10fee36b379625aa2be
16f21aa9-dd18-4f89-9187-c4357c23752d,train,d2f585a4cb357873a6fda3ce53eaa1f2291eee303e350fc35459185609d589f7
170d02ed-8eff-40b3-a214-1de92170b1e4,train,9d723ce12532133239076eb306697b075c3b8bad13773267e85ff53260a34cf1
172cf66f-bdd2-4f9a-822f-8d1158db4d37,train,70e2d66ea483256e767614f544ee64c1d7289692b97d7ce2b63ab9795aea8608
172ea238-770d-461a-940f-61d402a75db8,train,ffcc6618813ec9b6fbb8334142c4c4a000340f5b66014d65e4f9a2b021fa8ef3
174f25a2-20a8-4e5e-9132-cbb6ba14baf1,train,ea95c555d266627190c6f25367cd01353e2ec1c7363b78da9f8113a391974654
1751e836-15fd-4505-a218-21c564ad21fc,train,aae7e6c9ac3463e3e9cd12e2e4889ac3709931f72b0c23465a4a5648735504ac
1757165f-82ca-4ddc-9b00-f1c78787cea9,train,f705d68f5f74045202440e010eead7ffd595a1900f3d8b372ccc4dc871b3c422
176a7069-fe13-4d01-a01f-0aabd178292b,train,e9e6d5d3c4f7c785558b115592941b3ff9006c513da773846f1471c2a0e5b7fc
177199a0-6e6f-4711-9148-f88a49c14932,train,0e1e2a86efb9bf5648a01ed605ce1238c9741e11a248c8042afcdd9566f3a30a
17874bc8-0241-4d89-8f07-445855a8e47c,train,2598a050f38512c2266a3147a49732ec33e86e0c755aa4756f69d3e5003bda92
17995fed-eb31-4de6-a31d-5049c7f9250e,train,fd5e071b04450bfe0b360c625914d48b711c9696b45f3724e01a1da191e4b573
179b6700-972a-4880-9f0d-e12be2069c46,train,612d085da87acae9b75136ad280f7dc74965384ff251871461dac7f24d204901
17a1af9f-a285-44e2-b913-2e9dbce38491,train,f863c8d4ae2f4845ec5de54b7272b5819abd2b39959b9e1814d32920256d44e5
17b1d9fe-4a61-45f5-a2f5-d09a50a4dc69,train,1976a1a8ab9007e3d8faa8d59aea118a9f8ed4f2b106024eef99f00521f3d526
17b3e177-c660-49d6-bd85-4b8f54e51e3a,train,e4264a5aa2742a8a47df0874aaa6e71d621e926a13c5add96be2d3b17420c654
17d8e6f3-e295-4157-844d-4021bd3172b3,train,351cad7f204dd83e6b0825bcfeace05fdb7b5eb69f30f1331fcd3cd4e6f6df49
17e7edf4-5237-4c13-96c4-47a301fb31a8,train,35e47159677d6cc3783a0cf8753c0a9214231ee6324b753ba2d5f589e45d44e7
18078e98-6ddd-430d-856f-e8693f21e51e,train,e5ac24dc87cf4133b9594d91dfb0e8671c099c40b8ead15a1c2dad35795707eb
180e4b30-03fd-430a-af05-6dea1aa32582,train,b5279cd8aa8999f8d95aa203db5ffeab5140b4a630481bf54d7766d9aa42543e
1820227e-b1f5-4823-9ac7-63d6aa98249b,train,522ae15a149f66a8fe2fe6d33013fa000136610068b72ac9ed1e83cb871b7bbf
18273905-f125-4372-8279-9ee8154f7a54,train,3db0a253f2631e70fdafa6f44806c030434e1139fce0c04e25611a0b1f083a83
1854efe5-b895-46cd-a49b-9e0bf6642362,train,c20e3dfa6146a4efffb8303fbdc49c22ad4f3e7ee4d8b7912d767cb7582dd58a
185de0b8-c54a-4217-8dce-fafd83a940b8,train,d54f34b2cbb4bf6bee1d48bcabce7ec18235b8c1535cbce2ea12cb22d2ccc8e7
186e7ccd-545b-4942-8a8e-7e5c722ea989,train,f2bb185e7b8af0cc280a4ce4937da3d04be949be6daae2cdb0632725400eb19a
1872de80-ebcd-422e-92c4-1ecc0f6122a8,train,c3b9ec55f6391af9ee7296f67c0f45079b32dbd74937d16ca69b94d5519ae6a7
1875db1d-28f8-4c1e-aad7-822d28ccb241,train,4bf775d01134eaf0a865e1d365e0172c310d7b42bd788671c4bc92d49e4b129f
1887445d-4621-48a2-8599-c567a086fe1e,train,1cf62473c03f8043f81b0559004f426c3d3ba7bdb6983e13e518161280361d3c
189162a3-3dc4-4296-956d-22b85676421a,train,27af8a5c9a321003d20a9c5de64521e0ef0dad4ee9da7df99b090e5d3be4e983
1896c5a6-bf60-44c3-9ead-f55b71ccb49d,train,5a2105cf4e4ccd15af7b8f6bc692222097ea062249cc2c76d451d1d6b9c9af20
1898d9ef-a6de-4512-a12d-93582448ca4b,train,0d6ed903f186f629167bd6b40d953539974d2b0b5995aef8dcd37daf86ec9454
18a1f13e-9b62-4547-8af5-25f3ce45be0d,train,ec6212ef4e4c7da03bd414f8d30a76c205637584113937b7900704dc787eb8e3
18c6f777-3672-41b3-a0fc-84773768bd62,train,c06fec512c843aa7bbc2d08f55d94c94020839d9d5b5f21a08a77fa44dd24874
18c82e6c-75a3-4d05-baca-8e48cd711bd4,train,3ae43289697e63b5e32a979215bf52bc241dadaeec561ae12e7a34bea8ce1bb6
18cd2ea0-a603-4264-bec9-96a4dbf36da9,train,6917e3ff2b7fcf8b6900da302e084f4059680acab9168579ffded2bd753d0ce2
18d208d2-d03d-4a04-839b-8ceceb392aad,train,98dc41f6692198ba9ba7150aaff8357f3593bfb3294bffeeb1f618b7523b73a8
18d58bb4-f617-41af-9db5-6298e502d784,train,cb1ac390fb744a525116d67f26e1e8dcb4051358a0eb0151a4baa925f52bcf4a
18d70011-3e42-431f-9ecc-b4d48c48e682,train,ebebce712e08c7df58a58c7aefe22b15ea46006b8151ced44b6f9ccb5c899ce7
18d7f641-577b-417d-8fac-5186cb77ca31,train,6400832f349973fe5fbaf9cca097d27fdc46897398f84294feac97d4a2a1caa9
18dc8995-34fd-43c8-a458-be896db0303b,train,009f63054e61a3001d70e30efbbb3eec13b8cda1de7991c3914ba0daf3d9cf01
18e4b55e-917a-4083-b030-7f57141c2e6b,train,dde140cdc65e7aa51ae5855b4b52c1b3c1b804e92454112584856ab1b4efcb9e
18e4d8ad-73df-4dec-a036-1a88397529c2,train,94fe69c0741814cf6c74e19ff4854fe11f07795d7835ef0b402f45b6132defb3
19002395-36fa-4b47-8405-5125f195864a,train,4866a7750c67af0d5c5f3d5751509d7f99f87ab993a13270b4de16bde0f1f186
19268c2f-1036-419c-8018-563e1d15af04,train,cc1bed9bef18c5ad6960395a16fac19846331be7ab381d84a2821dd67a5aff39
192abc66-a763-4d03-a956-abebf35f4be6,train,bc2126717022766c687cb70672fb3ce1a587adc59dc9e30f6500e1f03d26d7dd
1939f741-912b-4800-bc88-e1b9c380d360,train,df01b2d5054a34040cab933678a00550ae9eed7ffe13fd6806e781f7fb50ea37
19494f29-f0fe-48a6-aa59-0754434f508a,train,d3f2f05e1bf72e13725a15221127de3f3588df4fafed166d2db25db000cb9737
1949ec6c-9a00-4786-b25e-cba665b92484,train,e3016fd7b705d1078e4e19b85ddc8d0416ac8339ab53f818be220959e8027e0b
194c1e39-9598-4af7-9824-30ed4bb336fe,train,239b611e431511a3b974288dcd1b94f26531c6ac42692c19d130b321d583f8ea
194c88d5-95b7-4c46-acbd-447f14e61b47,train,091106a745f94e2456adecf7aa8025cbfdb7e2bc6621caf2e76fbca005e430e0
197763d9-eef0-4e34-a34c-080fd97673e5,train,fb93b71fcad153690985e7e81a957ee16fb615065f1cb20adacc959fca885d78
197de472-8cf7-4a28-ba6e-27188c102a83,train,059b0751dc98c9c252a5a1ae6a3c4b3de541820247b3f9b1f51482343a10cce5
198b0fba-c958-4df4-b61d-e4379c762fcf,train,28755d8f47f43e0c80e29e21c4247c16cd1f522e185de54446ac4a6e3ced08da
198b9f88-d854-4ed1-8096-5d05b2fa38de,train,7c2ad9fcc0b677e2d9ec693645aead7ceef928396966e53da299585754f962fb
19951da5-6df3-43a2-a12a-07c38da756da,train,1d6bec8d1e562065c80baa24ef381c8b92f354a5d7f57be9926ed967550174ee
1997d598-64ea-46c7-9dd9-55a28153e0b3,train,85ef649067c79d4d99b21e4f1cc48fe341c73a7596ca41edcdb1f90233419390
19af7958-8494-4f49-826f-8be6cdfaeaa9,train,558ceba7afee8158855cd08994b44ce022efcdceb830eb73d655758c58a9bf7a
19b230f3-1d29-499a-8bc5-772eaa76aeed,train,1a9825d1edbb118e5581ef518f499bbae7f36623141b0b0c48e2f90bb75ef627
19b33d12-31d5-4d23-aab8-5e91b14e73b4,train,2cbf24882922c3b878d0f29f20fb59b43a8d2f8e4be9634aa829d442cd1f48cc
19d290b2-e14d-4a74-9612-c02309c91a8e,train,03e9598e5f2d8df62d87bace391099345c514d7e44bb8ea0e446ca4405bfba69
19dac95b-e069-438b-a6d7-832db487871e,train,363f1ef8c806b2beb186a1df3368237a08bcd109879e0b7990ca44acea41df68
19dddc96-403c-4588-8773-ec2d44060048,train,9278cbb49cde950433cffb82e7fa7671eac1d0769c58cce3d62282b694c04797
19ed44f4-d171-43bf-bf3e-deb2719bc550,train,5d4a8691d52172c4b2771027a5010c0f8c7500905d6912fbf44044ffa213b73e
19fdd0b3-61c7-451b-b738-e1a7528b0871,train,4d6cec64878932b5a99f9e3bd80ef275f0de59ffedd0d31a1953be5c278f09f1
1a07d516-13cf-47b5-984b-1a25f0b7f9e3,train,e1df3374faa133d9b4ce7acb9fd472f545b5335677ac45c0a545352a103c007f
1a0eb5cb-99c2-4290-aaa9-a746f669d706,train,d329f8e6226bc59c4567bab28ba796dc66423482cea1a46f32d0f6ea92818514
1a340eb1-d8a1-46f8-aac1-c50ff7f6793a,train,7f3833d34ebe1ab410fef6c293fc04385f5d766b2a73ea3882e826c49a488812
1a6b3e93-2e7f-46cd-a973-a4d2dab3a449,train,74adc9c641c1d60b22220154495d9aefcec047b198db20ff95fb096aa5031f8c
1a81e521-77ad-48a1-b845-62c0c7be9428,train,8dfaf3af738f1bee7b6ef0b35e5be6835d107549cc0d408ddb10370c55af8c19
1a92cac3-0785-4142-92b0-922c5f5a6579,train,e224ba2d3523bcd2f128fc6b41ba38071debc85723c2be6521befb6171545837
1a9a6d83-f0e5-44ef-955b-f94e3f28e2e6,train,f003ad0e32fd07e7b51df512a071d3b1ca84b0f55a062f13b874876840a2c775
1aa36284-64d3-48f3-b217-fd5f2264a3f0,train,117c3f638874c8f610ae1044fd4fb88cfeebce705bb5f1e18e10e52fb970c41e
1aa637b5-8977-4ecc-83ac-b2c831c1a159,train,d43305c3bf0f37eca097f5a6f591aff883f283fa7602903836a1d3b63e070afe
1aaac77e-e714-4fdf-998a-72df45d52b3e,train,908da8465f6942ea8b66ca4ae339035efb6ac216aef7bf42817f94c66277f034
1ab008bf-a440-4319-b0c5-b0f4af5a61b7,train,4351eade2ebf2d00a4cbd1e61a6f459afa4e3ad18897cbadc771b6815298b30d
1ab5e4e9-2af6-4bc4-a270-5fd4f075a950,train,9fffa4125db2411743415a2b616a3f55244cec944a4198fce03fa2d0eae2a869
1abca9ba-feb5-4f09-b49e-83f9a8213bc3,train,17092f313df2316329b4e924544a13207c09769dc1c0cf50eaa14170854d9692
1abec1e5-7e8c-4ef2-a1ec-67e94007638c,train,3a9d2eda7f03b855dbfc13b959882e6439ff10b644294bc2f1ceaf2eafeca491
1ac07778-a372-4629-940a-c6efa70e6390,train,5bf30ff893e6d00236427cddcb5403be9084bec5bdc872c7214f5e5e6875fdc1
1ac6ce0d-b49a-48f5-bbcc-0aaf442304ac,train,ae85e28a3e9c87a588648e109412b3f3b0a1ae80116c832e1e0c9c0ee1ef2ef5
1adef8d0-f76b-47d4-8243-527a5de3f049,train,1829e0b4b0e95406d321b08de74e598108026ba52dad1feb56a81596ce23dff6
1ae55497-d35c-4aac-a0bc-5a61054c295f,train,ea859f0d31e0295ad805489f2b1a411725bc7827b1ac8d78eb569ebd73a128c4
1af451fd-54a4-4260-b9f1-c52b731ea8ba,train,ad0ac34f64866b5cb451132a4bc84a4b994de57346643aa578898acb330cca96
1af959fd-f817-4f3f-a5d6-717c8a4fe6a1,train,a80fdccaacb5fa973105ae427ca29a6de17af0607bad12f9cf57f50075832d43
1b033c97-1043-41a9-aaa0-eb3dc72ac8fc,train,8115673c642475e65c59cac9e518952953e71baf72a298ff105dd94f3844a7ad
1b0b1f74-9e61-43ea-b4db-68b1c66c6518,train,ce549ef4a5f3b65a351a2226b982bf2f1fa3e1237cc906dea9595fba47189db8
1b14278d-636c-4f42-838a-d9f918e50690,train,68ea1d2d1d1fde058560f070e8da8fb2dda20ba18a430b3516dc521d461396fc
1b1f2c50-39a0-4e3d-845a-c20ad75d7454,train,b28684a111e4b69233bb8bcc123d6ba5257e19b05d6b0f6879d07e28d6f07481
1b202a74-75e0-4e29-a616-e595679affe3,train,26747da0490d7649a3f3f5edb001a1c09f3db169b5230933f62953d5b40b0e53
1b33e7bb-e6b9-4b15-bf77-14217dd67fe0,train,937ea043e995da71dfdbff5aa22e311e8c0927b46aa7413eff25c8aea6441324
1b3b619b-d808-4880-a958-0255f103eff4,train,2a1d01ecf96ee1d65e1787afa64120ecc707878b4236abe946e6612a0268bb7c
1b4f3aea-ca01-4722-818b-e350c30830c7,train,68ff9f15ac8bbc827f79dce2159e71afc824203e3bbbf4a643289e04df7731e0
1b525cad-a53c-4a79-9ba5-09dba9259160,train,d7233d9efcfed63b3d8ddfab3a8bebd03ccca574fe12fdec29a7d451333d6d71
1b5e9b68-a2a8-4acf-ac17-c78b9fe51ea4,train,efed297b65eeff2a54a08ca9b3baebf670ded9e2d88be3b2b39d9c20a7403e96
1b68def0-c711-4253-b491-4ee1b813a3c6,train,7ce8dcdf998c7752255d15857504214720bb5825f289f4f1a80abce7f5770d1f
1b748790-d3b4-4d2f-9ff2-c3f6ce63d504,train,91db9d5c88b0d38dd2149d8082c2726a17c6b25c59e7cdb9c59711d586d9bfcc
1b801be3-fab4-4b2b-b168-fae5fc3b583c,train,a7ee2adf5d3dea8cb443ee2bce27b3cccc4f470014fa7ac1eb3fbd8d01473b95
1b9152d0-de14-420e-8624-c16d6a365854,train,9758cb1fa7bbdf87752bfe914324221edd30bd43eb1cdf36bf143416e4232476
1b9498a9-98d8-457e-8aec-639ee1dae9b9,train,6b759b58c84994bfa96e6eeab79c3589b490e4d87d4687115ea7cf954e8d8a5b
1bdbfe51-5237-45cc-95c4-ae68dcd645c2,train,e1899b253be7d12fe0a09ce4e7a3091fd644a3e5643029fd01bf4fae9aeb82f5
1bdf36b1-41ed-4e33-8eab-8993e3a90146,train,31e95166dc11548a7e8e6ecc54172494de4c82c3bf6688578bacd76e4d7602ac
1c04b2d6-3cf9-4260-8463-9bb18ab59c5a,train,27da13fbfba4fb985b540e0b610b68f7d06ffeeb134341863c0579632ac4e0b9
1c1126e1-9b61-49bd-b65b-8f58bd8cc710,train,8a3da08d5c33f105830eecd2cd7adcf7d5378545d2b16381a8b816e074594427
1c15b1ae-8bdf-4d44-9873-37146f3f7b93,train,8568fe7671e8b5a99927eb32d69e258cd957e0f7690c4f8cab21eae77c7dc7e0
1c1dc6c1-6dba-44c5-a729-87fade7998b7,train,7d8aae6df147f1d94bda047fff91d394cf7b9dd166a16f492827fbb56c4497d0
1c336c8c-29b1-44fd-898a-bdbca917a76c,train,3d5f49a56876e4c76cbd13add55fbb4ebac48b960172ee010f098958496b4c24
1c3b0785-0cae-468d-90eb-2610035e9e8f,train,f71e110c004b388e44229246bea1da236c14a85c9c65f67a02befe72744433ba
1c4308e2-a45a-45d3-8f6b-023ed962f1a6,train,5e042aa7a41b0310fbbaa40836e37fa01369b9d1f6badb31326f14b9b84eca3f
1c70d672-5169-4aff-a762-a115253412c3,train,7a0564b2bbaddbd0408d4968f2053ff11a6a5400c07039d4d2d33393a4daa688
1c73016d-0595-40b8-91ff-a37934c674e8,train,d5c183fcb3f0797d165ee92de60cd2732ac523728e87294bd3904d1a87984876
1c81b2af-d5f8-4887-8b44-4de7fce4f40a,train,59275066d05d1051555a72d8688df5ffc8fc077510ccf52fe78b1e87521b5ae3
1c8609e7-db22-4616-b4b6-1f970ad9f334,train,8602bdb54dbde5328dd234f11c8de3b346e2488436416482afe03ce85d58d3fc
1c8a52b6-be41-4628-8d16-7155cf7ad3a1,train,71c27222cdcff9faa6567b45ff1d3a7fe9a42d8d4aba29d0e4e3156d6d29dd1a
1c8d35f4-22e1-406a-b881-1716b016105f,train,7019944f32bd652d167fe6e03f6d60d32e3fe89dee3eec1e955178facac3cc21
1c907ec9-9d0b-4b3f-a1bf-023ac1499032,train,6683fdbcf7a3ad2a84af99a7cfafef32227dcb7b7116565469186be0cceaf377
1c90a464-a1b7-4993-880e-4f1cbcb120d5,train,af729cff6fdbe757fc0985987d46e53c12b805037a3f6a4bce8f46d0b8df289c
1c99c30e-176c-4959-9dbf-fb8b9fc4f188,train,39db893b0089d14279236584972f5419eba431c051cb32583e6430f90c0ea14d
1c9ff611-a507-4fce-8f3b-e895de9caa99,train,5190859e7cabc8cf80f318fd10a041435d5349cb922ca8a6992996f48b85a233
1ca1dc8d-ae22-4732-ad63-affa93c62314,train,b2ecdd5e5d0ed7692efb7b49252951c6e88a94a3d9c3cd64f540585c24cb3310
1cbac652-f57c-4c82-ad5d-c25381c0b13f,train,4f9caffc00ca743e1dba8086b7c81a3e76c5a5dd525a7d29e0f696395f222f70
1cc15503-622e-479e-8413-f1353be69fd2,train,d8ae71bf8e94a35dfbfa2414c256624393e49c1ce9128d181ea911097b0ab0e0
1cc5b20f-d631-4672-bed3-11cddae98f26,train,772529fe7e6f038a580641967aa3d765e5f06aa80283f29706a97fc7f4f180e5
1cc7dec0-0e9c-4ee9-b56c-5ce0ad321b8e,train,a38371369f73844053ad4ee0130cf5a7f852941f16af8c4935bdf77a3c7f6dec
1ccb18b3-a64b-4161-ae0a-63063747d259,train,59c10f57b6f7d031298dcc79cc7b42da0968511a686553934f4ae8a8b7d6d9b0
1cceb3e9-e5a5-4fcf-84b1-92761f435efb,train,dba01885dadf5fbf61240863f9c850fea7bcfe499916e7f2209e152c94268e47
1cda602f-78d7-4ed7-84f9-391797b3786f,train,76ec83c624f9d4b5fe653d234e506b1c5f4bc0daabb6a036da95ec5f517cd622
1cde90e0-3d4e-4a4d-90cc-aa80d976c66f,train,1692dda04588a0872f75574a40913ebe47bfe16c9cef684c25f43cab93397115
1ce147fd-d18d-41d6-86b6-22794812e95b,train,bf577a7b4613e300fa80bc71e5450a2b6bbdc186c161447d2c7b132be39dab6f
1ce7e2a2-724a-40f9-8054-2c6edb4f55b6,train,f30b4a56c42adb43a417b2973eb2e975828e0ad0dc748058479bf274d11cd1a7
1d022bee-cd3a-497d-afe4-87814951257b,train,b9da73fb7cf91f99295a96418d438831510c447793861ce806b2e50a2e2c3e33
1d049978-87db-458a-b3fc-d14c74c3c45f,train,90415357c9360a67cf456c4321d9a80bf84ef0a14c68b5424b5fd9f29409ebb9
1d1562d6-3519-444d-9b1d-aa02dc1a4332,train,9e5dc52726b26c2934d6be3f061c48d44f8791ea930e5bd4b072612e39931bbd
1d2dedfa-59bf-49ac-9e19-72f1649abca2,train,90fb93f0655af277d380b2f826fc44b521659243947bd562b759ee76be24db35
1d3e565e-9e7e-415c-ae43-b4d1ffc270aa,train,cc9c3278ab81b8ca983013e59d059ac9380abd0c77f546824fb6cb765e2367cb
1d416f8f-334f-45ee-8eb4-ba893610c8a5,train,ca9305d10f2b6e540efdb2e157584d5897663aabd39c6e7819011d2eae23fd7c
1d45bffb-3f00-42ed-8823-ac48dc107c88,train,9e6e805ba51167942387776c57d77970280670c570f724f7b4f415995a8cdbd5
1d4699ef-ea86-4924-8e40-ff1f43df62b0,train,f0576865b6799e4567be7c0557e7dee61cdddb6fe9365ce4143ca2527a0d3c8c
1d537ea7-6468-4aba-8a60-008d2f185389,train,3e849ec23adf8febdc70659be852a844e0c8be67367f9c2d32878aca46de26d2
1d5d0d5c-6ea9-4c11-80ff-df80351cf687,train,23f3d8f5a7a3635f1ccc1b7f2fb92208307cf58f13b496ccb4d84b995565d7da
1d6d5419-1060-48df-9e35-dd5999c99991,train,bc2ae6d6ed727f40c7b9f9388448e563821c7076f237a69d5919f77edbf75a1d
1d710f4c-3a09-40f8-9d12-64e965060aaa,train,73c042fb76f82f8083e2fccd6741094db5d6deffd67d4c0f81d1721534773369
1d754336-b947-434b-ad25-f4e9ec93e8c2,train,7adbc69db447a7b0cc05657aef5ec30c3ec32305b9ecf01dcfa01a5b7bd174f1
1d7c3fff-5ac4-4645-919b-70962f5b1f10,train,1c6bfa77d0b75a83d6bbdd2b75e36dbb14f2fea2dba706c78926dd2f3debd450
1d830963-3784-4fb7-9e52-81902a294497,train,7325ed720c3ddeae31fe53b9ddb9aff7092e9a49cd9d7f9499d672110a5029a3
1d9726b4-5940-4729-a230-e400051025fd,train,a1cc0a9801759cd16b4076c9845bfdc71c2ad562cb4b1339be4184d584026cd0
1d98002c-4600-415a-9a9e-d28b1b0af9e5,train,dbcdbee317e51519d8f5b8d171032d65b42e44f7c6d7dce0bcb8b1a2041af050
1d9f9d14-06dc-4e93-91ad-05f4002435c0,train,9aca3162dbe9117d24f41221b5ddc182598bbb5cb69661f895941c2b299903ee
1da950aa-c629-423a-9cd8-c3df7c532a22,train,28699e170e794cb508955086bea27902be60817f88d714744b4ea598c73e1e3d
1dabf023-924a-4a76-9554-61f5bf450812,train,2c6a1976fd266bb418bae2b88b71233b374efb4e0b16448d12c58b9b8e876314
1db2453c-420d-41f2-a4a2-f3d4c797fb26,train,364c45d84121895bd3b77b659cb07f4e41c095d0032e0a3144787763c33edcba
1dbcf4ef-b782-4f47-9b52-b90cd7ced79c,train,5349430fbfe25edfef32f56c68ef6045bc10d7078ef91dc68a32a1669cd7e54b
1dbf28f3-5009-424a-b79e-a74966311c4e,train,901225151721a51cdad5c543b9f7ff433dfd1989c3f7584ecf3c417dce6f16cd
1dd3b490-9714-4aa9-999e-8fc093520f3f,train,f2ee3514ea995479b7f6e11a77866b8358e497b52a61cb392d27e343d2c7c9ff
1dd94ded-9717-4e1c-997d-49b5d45e95f6,train,7563c9626c5fc9687f590ff9ca6aa6cdc7c590dd8da24ed9dd67f453baaa7ce7
1de1b6ef-4f8c-45b7-9d75-ea292fd3d75b,train,7a473aba0d76b228b35445d0dcdf54b8acc21785f2f27a0c5ea4e741b694207c
1de3c01c-1234-4e81-9982-d2550e643229,train,f3f3f2b94b21e89f032e6cf73188145990cb81f5bc2a0de3ec8761bdc6a255cc
1de7f457-902b-4fc7-acb3-14b1a87144c3,train,426bd417ae631ce9eec0b94ba81eb1718ac01e74d38539775a0d51275eedb0dc
1de9bd4d-9593-46d6-85be-6ab165c27e0c,train,8e7466a89c9c79deb29e9fbf39e632510ada6eed967201f25bf0840dff04d685
1debce67-0336-4479-897b-8a962735d498,train,583c8daca76bfbf60fa23d6e7d2b589128a17b3cc906964b79144c88d178fd4b
1df0c3fb-eb6d-4ead-a007-81aaf284a987,train,806bd051575ad3cee168063a9f72cbe3cad05e74ae25ad2e5a78da424ea9c8a9
1df1c4d9-889b-446c-99e5-c5a03ce6e402,train,1a21642afe4aeb17180d762e980544c6841f579475646fa2d005b165ba39553e
1e0338b1-3f6c-4ebb-a454-196e3f3b8a6c,train,1efd6b6315196e314235b8eaebf961d108d9bd670bce5154025201c087a6ac44
1e0e4b65-0298-4d1c-b011-f54aef5cb5ac,train,9f0f2a456054337e5c26d4f219e4840d015af41294d15e00c171b63e62cb653a
1e4a3d35-9069-42a4-be6e-81f2259f26eb,train,0371724655ec4a39bd3987343abe7c51b810cf9bf5b79e6d74500be63ff59c4d
1e55978b-309c-4b0c-b816-49c5b33f8e32,train,4f98194f94a75dab3a455fdbcce61169e1f9a2d42f326b3364c96296ad375c91
1e72a8f0-bcb2-4b7f-9e12-ae1d6dce40b6,train,97d535926e699e0af47e0c0b596f9006dea9ada133f88260a3785f632edcd31e
1e78c0db-8386-4cb4-b8a4-b89d838e29e1,train,7f4d91608c2c40026cd7f339503fe3a41f244adf2cc768679c8c113a9a0fc960
1e7cb565-59e9-4d80-85ca-d3fcf574ffb6,train,849bf36a6f35452c37c6f8922aab2a672266c4e2101cb24eef9d76065854480d
1e7d1482-c4a8-4c2a-bb0c-4342d3a03819,train,91976e307f5d64d7ff97d31283043c9d592570aeadb4492cd9c834e22e0894f1
1e8239d7-71c9-4417-b626-ae1d50e225fc,train,22de418a2ba733a4486d7d40a402a2aa4270a44e1f8b79d0a3661f416ac205be
1e90fb28-feb6-4fb1-9bd4-4e4708822cb5,train,2fae92d62b652b25d9636fbe5031ec8cf85177fd16f97728b563418982540501
1e92df7a-e87e-4c28-87f0-f0714363b87c,train,597440f20cfb0f7e0e355f886021744f4fa01c31898b8435240788312dd8b0ad
1e9835bf-40ce-4fe0-9595-a7cc945e0fdf,train,1d8bf1e331c71d1b7c32c2c469c46c4000b92ed3b9e4432ff344a6243ee554fc
1e9fa82e-0e57-4509-b02b-a5d7d3181870,train,8a3f2cb6d708dcf2f694580d57fc93f430096625ff5591405f36bd0eb588b561
1eae6cfc-2859-4e3d-9e0b-a8a2d90605ad,train,d94d3f046131798eb99b83c27c04f9a1f2068f762f60068289ce24a4ca5df239
1eb23b21-8537-4441-9557-222b49adb38b,train,fbf043756ce50b439894a33522ddb3a80599f5c069c274a8dbc1c443f517e5a2
1ebf7214-e7bb-4ec0-b9f2-7840d8336b6e,train,2d835d0a6f2a061e792981f8280aef236193fb5b2bcffcb48a84c2c2e1474846
1ed15431-4d30-43f4-b475-568f1b130ec5,train,b4e680e1383bde67ddc6eca033e00e6cf222c3cccdf38391aa292f96f673d3ae
1ed70aeb-452d-452b-b006-91d7a48b7e30,train,cc4add7b324ec6c997878c666e52428a14365ef6ccc3ccb41b1fe860ea03a3bc
1ed84164-d962-4b27-a55d-07dfee1486a0,train,e91702c43709abe7ad56af8a99c301d25f1cb03ef88aa254929c83c4f5adc90e
1ef21337-4329-4e44-a52a-8851eaf6198a,train,9d1b0bc9cbb827cdce26165d1bcd584e318a07cf3f4de3f3e16620cc68384a22
1ef798d8-7763-4800-a6ee-b7393b46c8ee,train,c9e9bcb03f0da9ac98b551b0ebd3dff00fa836427004915220e39962734d939d
1efbf78f-e63a-4f6e-9688-a339c64907d7,train,3d3aa9468e55791383152ddc6b187e86abe54692b6977e85736555d4ca7f1a0f
1f093bc1-34a4-464f-978e-3d3484a166de,train,30f0c2018f12b0dc6ea020cddbe0e1f9c779cc8ae28fc298cca36ce03f99cfd9
1f10b6d7-0819-4563-9686-4e17ee02ca89,train,319f17de8eeb6d7bbcd1bd85be77208741b4c60a75a221ba4b523713cdbc47d4
1f11bd78-8a8d-4c52-9dc3-9374d9eb4df6,train,9fe96e73c8d7e7ec35565b9d390d8485233a7501d8fddcbc159439d7706793ca
1f1695d2-c025-4d4c-b142-4764296c10d2,train,99a58abe9a43634e36c20d3f41bf124f03fa3b4163b106d714e612b249bbd0b9
1f284bc7-0860-44ba-aadc-b795c54ad76e,train,bde3b427d93571469d0f1e827174065668a07e73136391d83abe286599fe1b8d
1f300d32-c47a-4271-8bea-55486ac12740,train,8e0116fed733e4336adac25fbc1d6413442d2502ca3c754396afa7f5d2d93f36
1f312302-ad6a-4e70-b94f-b79e9467dbee,train,6f36f728ffa50f37bab502cdd526818e14071434da90fa1754ddb31506b2514b
1f356b9f-ca80-472d-b8c5-fc21fd973857,train,9520b6e96400415a654241ac419e6a5480c805fb6a4f4789042fda26699cf083
1f3ba809-7b97-4e27-b204-82e645621c85,train,950e7882e8586f3dae1d843c87a2e35c0949add13192919bccec1866ce3d6d10
1f405ebb-1d92-4c42-9249-d3650184a4db,train,aa8c66b571235cf3ee344a4d729231dfb3d89b85bebe71f54be4c35a1bd06cad
1f525e31-2f18-43b7-907d-05670b3900bf,train,3a9446df0f6bff4ab76a615ebba7dd9012b80f0f761ffa897cf1357fbb5ddb27
1f54a1b8-8fb6-4998-9d0e-666d742c2c4b,train,37c3dc2a4aef38bf4ab462650a822ee81019cf14c0772124a6981661229d446c
1f717aaf-d6e6-4007-bc87-49f705284c0c,train,aef86f76f01d196634ad9a1a26a3d991f8f7b8a5b5dbd37d8680457b5ea2cef9
1f74fc6b-6394-4bb1-b887-2e0b9046dd6f,train,493dfe11e85f5249a2ae7c5b3eae24f4240b6d6530127fe6e0ab7b2236f61f65
1f7fa68f-91d1-4e46-b14b-4f36c5882f40,train,0004227744724321a1145dc8a20b2f7e26389cb91f6533c8942c093a7757d0c9
1f851528-cbd9-4cb5-bfb9-aaaffa104c84,train,a367faf2aa6066446d2214fb9fa33e84329153801b139769772af40dda66de58
1f8ac405-e787-46ed-aef5-de2c0767325d,train,e8d35defef32b9e3fa189ca01b72fc5b6142a80ea045788eab07eab21a2065ac
1f8d81ba-4cab-4efb-974d-14fb47137a29,train,f1e4c06bf24e2ee53f5d2fa207249263d5149b0bac47a1363fa8e5e77cfcceb9
1f8f7999-5bb9-4887-aadb-e8cef83db761,train,e9d3dff41a67e559c0f6ca86f847eaf0b232a2758b6a6d89ec8068ff941463db
1fa02a1c-1905-4ba3-9a11-54a310a2d092,train,f24be141fff1fe14bb40fe4add94457798d5b6cbfec53290763633b2098d7401
1fb48c34-8a3b-4d64-96c4-e358a761dec9,train,b9da33cb707a61d2b805c45aad4697ea159ef44dbfdc4e3c03e22c97442d80b1
1fbafa43-0505-4f41-935b-3f8acfe95daf,train,f71f44d7cb76c3086b4f199988a3ba867a0d20307daf53d4d7fdc249d14819cc
1fbffed5-e6d4-43bb-bc46-239825281016,train,2aec63c14f48966ee8b06b044a543d15cf66cb188cd801a1adbcbe7b524d4cca
1fc6214d-aeca-45fa-bd67-2fde702da638,train,806054a8e33ae9020a6843632f238f8af6cc0c0d600675ef7e43b35a34337d54
1fc62ef8-0bc9-42c1-a7d9-8e52cdbe2267,train,1b8b4cc47d3aaf3d0592b4af31ad2e96123fc60b28b096c9bb485763ec0f08de
1fca6537-9a9e-447e-ba9b-6622ca316575,train,2b8b33d5f799bd3bfd7c44d51278b0d19e0e62c15a0384c5549735a06b4163f4
1fdeb728-a3d8-4e0a-8b1e-4072410c3939,train,ebba70007e5ab25f8d415fd3fee19e16e7ef13a4843c31332318e07e53a7d2f5
1fe26a11-9bca-4664-b8ab-dd13afce4792,train,7cc2e112772fd0cbed66dc5ebc8957ac13f3ff76bb987f25bdd51945ee99ce34
1fe46b4d-c63a-486c-98ad-bd6925b1df2d,train,182591c7a6223b960a08d7c46d18c3eb934b54909836004cba395c3205b1100c
1fec6764-94f8-42bc-af8f-b9525a492a1c,train,fa638047a52775182e0dd01101898923c3ae7b084921ac840c7cbc0a48267e27
1fefb91d-83e5-4340-a0bd-8f2f76e1eef9,train,3d049770592226122f42a95298389c281cc4b7ea9eff350d22afe26eb8a55769
1ff2e731-a78b-43e9-84e7-31fb110a75bd,train,abc120862be63ac70356e8a16422db2384e6e63bf1053abe6160120369c445dd
2005470f-8338-49c1-a3a1-e54c58e7650f,train,8d9727609da7af3f16689475a8a93f1b044737a91d724255f5a1b65a92f4585d
2011491d-b262-46c8-b2a0-c0b3b1b3d4da,train,aa78e70a9b1d67e050195e2ed4954e2e0abfa352037118e91eec6d8e5a45676a
2011f768-1b7b-4066-b949-fb34299648e2,train,85ba1afe4362524435fbd5ff5e04b0dd86c1c862ba9ccec1d57b27a278cd090b
2014b5c6-6676-46b5-af33-35af8b21da23,train,1cccc73280480d18d779342aa068993eccc5e8f6b689a572f6e72f36ee182599
2029c4c8-4b78-4059-b094-033c743aa2b3,train,f63c310a0b2539f28bff8db57bc2f50e54ff805e1192959db30a98f36181f356
202f9a92-6755-4106-8eed-b17797ed2a2c,train,359fb6354209f4f6509b1bde0e427249cdde342150fc6a92588b829a6b65e62f
203bf980-e192-4485-9beb-f1d975fd982a,train,f122ef2ff0952dfddc404592ee807b9934b7e71eff3769ecf5c58f7deb4febe0
2042bd86-e010-4cb9-999e-7b1590859124,train,81241eb0742074dfe4289d0853f00b1883b27adef05034065f12c891b33383e6
2055e5d0-1451-468f-ae1b-533c44610d1a,train,9656359fdea448ba4a279deb16ee2c2c090d18a81f7849573338bd5ff6447cb4
205698fe-fbf4-4752-82bc-c3dfe5fd4daf,train,707e341d8dc5405e92239e1f76e4006b5dddf9718f5ae94d61e5148ab93013f6
2061dc9b-f9a1-451e-8b38-30e53c36f818,train,0b061ac0b441ac647ac38ec296553f5d9fd60c1d70e39a1efb523df9fadb0fc0
2062b5aa-c042-48ad-917b-62fff0530cb0,train,84ac7d1bea84265a6a9d24d1500c7dc5834fb0860db59f6c1d9066ebe54d0594
206505f9-029e-4367-8762-d355fe7f4c4c,train,dddab821370937daeac9cd3c64762afa41681eac907ad08dd90ed21e8ff1c593
206cea43-c366-49b2-86be-2d600efc9da5,train,4faa72d6df492ec0f125ccea3f7500998bdb5d3ce29655d15479bc94ca459b7d
20704628-85c0-4d97-9e52-891d4215f830,train,61f50bb7c31c7156b874720a26fffb971fabda62f50808d7d3883815483b9b5a
2072ad56-e8f5-4125-ae9f-975b6f9f5bf2,train,9510c6eaba267cb7020b7a74a7922068f61508b023ce4fb4cd8c01ebafd68ddd
20780f05-331f-482b-9351-f54048a6cda6,train,94c3fc4d7ed0941b5d1eb9373cd81b6b62da3170841301a8bcdc73f959880669
20788e8b-118b-424f-96cb-24f5b29de9ab,train,524d855c2de59daa86eb2489a1aa98808c645eafc41c51094ba2f1782ed1fe06
20854f01-9898-4b22-a75c-fdcec33ed83a,train,0dbc6ca436d4bb30caebc0269bfbd043bf24ceb412ee4a9d2ea317c539e68873
2097f170-0d60-4605-a9d3-00a08acc0c39,train,1677b3e3ec0cb329e5c698eabadb859d809625249242a73cede32d5ec6e69cf5
20a123bf-067e-4751-a798-eb280fa9f549,train,943dad77bff5744455063a7e32007c846ceda9cdbad6462144e22359bac3e6a1
20a83bcb-911c-4e98-9018-9fb4e72991b7,train,82d0f979d821845e021499c7b858cbd0c8288e9e265a81d1946a75b11b0c0354
20b5dcbe-9f8f-4c3a-9626-ce971880c34c,train,8c80260f21294deff020fcd020a97958560b49318020be9de95126f8368ba1d0
20c0f9a4-715a-42ce-969a-cc7651643c91,train,231cb0c159d8cf1a8a1dd53edf657901f0ac6839aa85f3e2f15ed13b1ed94bce
20ca2612-fcb8-4373-b440-d15c55d68e48,train,59e7685367d25259e617b4975c6f9c8eec601f14a04b826749611844ab48c523
20d75c6e-b350-4afa-940f-f5e6990e8c5c,train,99af9d202fe9ba094575a6ead1c49d18e987c82a1f89a3d4e9d36677816f93cc
20dcd72a-ccce-4ad5-a1f4-85753bffd502,train,bf8c2f02b0d0154655e2b3512bee01e9c01352fd8d313b81c44de77b5395a4fc
20e238dc-69ef-43b6-9b1d-3744a76866f2,train,3fecfb947cb84a13635557984dbc54849b52dcc746ec286627607cfc12922c93
20f20012-bf22-4192-bcf9-6297a68a24ad,train,bb5230767d59a68cc584482adf0cd8ee4245f0aa35474d8e134bbb5c88bfaf14
20f59102-f503-4a2e-be02-fa3a23148b57,train,4da9fedc6809ef03e75bc3f86b9d649aee9bbfc76d719c530acd1fd589718851
210007b4-69be-4bed-9707-88a340fad262,train,809281f3ac63f998494c0d3d7182bd10a0c091f51e014179fa6e7ae6a3e11c48
2108dcc5-0d1f-482d-9838-9c0537ff2a86,train,9dd1490f569744dc93cc44691c6eafbfbe42f24a9715ec6db5c878bb8147a9d3
211ed843-5531-408b-b4a9-9c82b4f39eb8,train,3eff5e449c3ae0d381b05c7b2136398601383287a8d2be2a66427c3b380d6c2e
211f3930-c2f2-4116-a701-629afcf0c5b8,train,bfa7f3a71118e3b1776a221aa4487dd38f95390ec1744d729bd6efe8d36fcacd
212397ce-8fcc-4d2e-b289-4f8e536d45bf,train,b94b66f626686d6327ca3eb9399f233ca39876bc36e8778ade0586773a370f60
213174cb-84f0-46da-8557-21cf858a25ca,train,6f8e6bf94c87c0c52b246d79f809e26605a2f1928b2255c266d7c0eab6f7fd2b
2137e4f5-af23-459b-a763-0f5df6be32cc,train,ce437e7c3061be066aea0f1d3b8276dee31c5cdd7d6ad5eb021eb1e3694274c7
213ac732-9b26-4a67-9167-a2007695a948,train,86c1514e27ee369afb3834be3f114389642372316ba359507c6e5dc8ef13473b
21513beb-b90a-4ff7-aa93-ea416e41d89f,train,eff4b21c6fc4854bdfb0c6cbef88c1b3a0d534b4f87d99ab8cc63ede49a61a62
2154e285-2f1b-4c7f-8e0c-8f5d3044d1ff,train,b4c178d4001524e84b96ea7e3f54b76a9b43119e89dba48d1d83f99b4d935897
2159f4ec-5154-4a7d-8c80-2325ab4b1368,train,427ecc8f5a20825ad8fa6e47546611db06888adc835898420ee7ba5ad42c8804
215fa0cb-bc88-479a-8caa-4fcfaaf144ba,train,f2bc4e3d4672522c987d2317ff5fbb4fcc32f28cb3dda190bbdd2026ed501456
216cd1e8-7e1f-4b87-aa4e-aaa2cceebe17,train,ca7e458a49eb63e5139f0ca5c8344cc357e10d4ae8fbe194f72fe00f1f7f7f29
21710573-d700-4a7c-a2d5-0bb35f492e82,train,baca4d3211410a49eb5db179e8164bdbffb34e5cfd65b11cd1e875f04f86e0ff
217f3871-c6d0-49dc-8a2c-b22311bf63fc,train,1d3cbc766b3e7d7bd943dd7027556dd7aebc97def799d5dd8479056dea559e35
217ff243-240c-4c16-b95b-9df8c079ffa5,train,da93da13307f5066d0592dd6a842d8d96661efded672b333813042e975989f6a
21833626-650c-4843-8a86-1c38172bcd10,train,4bcaeaba8e539b58669a529db7aed0374f980dfe0f028b1ac902da3dcb6543d5
2191b3c3-a402-42e7-a563-11de1c510604,train,af4419a8e383bf21db946f271af59af1c49c76883e529767e7bb57f0f7cb5de4
219c364d-0616-45e1-b266-644c1bcacc34,train,b68bfb408a2dbc5a83280108328e1a9abeafd3cceab02226d57eb14d85ba0c47
21a421dd-024a-4d75-8abd-5ecd1aad1a81,train,374c4b8dec686ce29d3986028b06fffd33ab777b87917c0152a3120eea74a883
21ab772f-cd47-4e51-bade-a1a289cd8fcd,train,8c363caa6a076047823384e6685f03430f646dbed1d012a5d556045981da6c7b
21b30d24-5b64-4178-9dc1-281a37f9e6eb,train,8ef7c5e89b61256bbd66e187c10fafd0fb60e1f664a108f35f1533b8672a6c07
21b5a4f0-5d5a-4789-97a7-40ca76f31b81,train,5b9caaf201e8e8072229e45a9dff168993838711297bebd0f4316e5ab8a48243
21ddc8fa-c55d-47e0-a8f5-4924c3fbfeb5,train,330d700244bae218c6b08e71d7dd379fa3f754b1f2b422d1db8ff15fd2858ec7
21ec0a10-562c-43eb-9090-ffe9fa87bac5,train,787c8528aa72219c1b2b7b5f1aa699149b9c8cdbbf007bc56cf37aa2cf2fdd4c
21f4fbf3-6155-42eb-a53a-fc8404265915,train,5b082398a7508b6a2992d6a67f451a7f1992e3f94b8d81223396a6f776bbd328
21f63ef5-1717-409c-87e4-0b7d746cfbc8,train,e9394edd2ec5fda3c66be07b3aa88c008c4379163fcf9bfa5c8f44ab4b3018eb
21fe4a2e-ccad-43af-bd88-4dfd346dfb2a,train,4e5b9c8c8e5b4a7bede431a3892d9762e1bfa4d3f1fc02c05775659592112c7e
22139bd0-e4a4-4906-8ad0-24b7f7df3546,train,af3f2a1d49a3bd7f8734e1e4faf056c4ceae81c20a7dad6f2106286cf7349a7c
2239abbd-86ef-48a8-8915-a006ccf620f0,train,5759822638c3edaa1f8719cde9b1fd78c1cc6afcc85efab035394034b726e400
223da99a-0b9d-42ee-850d-21e9f12d1509,train,ef5c18a6b5da196327b95ad8cedc1f1f1b4651f30020ee8cbb34362017f1bfe4
2246ab44-0920-467a-b057-c8ac96b3a3db,train,50dc417beb10dfbf4204b3baae883b8df3ed55712950410bba6ec69fe6527cf4
225c40cf-c0ad-489a-a074-e8332b2b75fd,train,ca27035e26ad3750cc147bf22cd00bfe8dee27b659a6d25a393ac6cb4c39c138
225ffa7c-d52f-46d7-8a44-f90dbaebd0ed,train,617eb754b6bb3895516648028fe29420981bebd67ae3e9007f6036b4202abe6c
226a3466-0fba-435a-a415-7a77b4ffd764,train,d22e35eddc39b0eef9521d3f4e99e41ce0f051b2ff6c253e1dc7689605501159
228cc4b9-9109-4016-81fb-7d8112fe3c1e,train,4ce9ea157d2252b34a390a9affdb79bc7b56e456adf962e9722f21da52dbaaad
229203dc-8f0d-4b6c-969e-3f5f6df439fe,train,ddfec1aee92323410726f07846f01de5f459bcd40d0919cfa88d02b0f443e353
2296b280-b40e-4189-bca3-4e672323583d,train,5bd8e95e654d945d3b3994f7c9433d55bf6eb99a259621779d51b86d646e634e
229e420f-8bd1-4f61-8dd7-49f5ba4a4ba5,train,ab4617ca96b451c00948686f932ad158be5184d4c1fb9b470bcf26f3a449bb58
22aa4893-621b-4b1e-b80d-5c081f9b0fc4,train,91c0a49a19a762ae22d2a569c67db82a39f14bc92c4e58f0656d1504af92c668
22adff07-c120-44c0-a29b-9d0f99292765,train,f21419da17b1553cf39f561dda68d1f19ebac33b1dc2ddf98653a7c6621b7824
22b08f5a-5205-4f7b-a8d2-29aa8baff640,train,eb9a39637a1d04d7d090cde51a25ae14529b84709afbed4af81d038749ba460a
22b88033-318e-410c-88e3-25f40d58c92b,train,1a44839fc9259d1945b5e703a677fc026f16b00f1385216c8e6a948d1e7abb40
22d01550-2362-4cd1-a7d2-d769e1609c5b,train,1475f6e4ca28f2264110c2adef1370d056119a25c675ecb7991e90d911a89279
22d66c8a-4a9a-424a-9ef7-7cb6bde22ed8,train,ef36642b22dd4bb089b089f8c9ad5fc408410c32bdd463213b13c6b88224c36b
22d6add9-5ab4-4ca5-a17f-9429cfa5c800,train,830644da3525578d6705559980d3487cdc493e5e48b9c443987780c2091a3814
22d8d72a-4eda-4341-b157-cf0810304228,train,36e2caa4c3db78ead1f57638231b1e77192b4273a53ace2a57a3f46f1db700cc
22ee14a5-0811-4e6e-b584-e85baddc623f,train,01d10faf2107ca734e9fcb14468251fc6e0af204f7ebf1b3a3a052a4aaa208af
22f11bea-1fc1-4368-9da3-688d63301f38,train,6b68ab8f24050d07c9dcb1fbcd59fd5bd0b60a649fa95bdf74ab0b52aebe799b
22f7343e-9f67-4669-88ae-3a791cbaa624,train,c98709307aa7ab5a684683466a276c46f8edcbc8fb3298053dce0bcd77723fda
22fe64da-bc0b-4441-9b7f-f69ad5133b98,train,6fa0d9a31568cbf32db1f65d93100be16ffa310d3b504e1c3d0548558b73bd91
22ffec56-3464-4200-aa77-7718d531c45d,train,28b739a8fa4b4399441c1edd3d4c33eddf2b5645f94357359ef6408aacfb656a
2310acdf-d415-40f7-999a-676efd5bf87d,train,886bba6a83e03137072d56091450edf3a0a6dcb47c45f24010a477b370d99b51
23113058-bcc2-49c6-9fa4-f9698f86b7a2,train,c22aaa9d8e83bb5ed39694db581f558ead85bea89ee3db0ad2748f30c16b12ed
23163aeb-24f8-4338-82c8-d7731be6747a,train,4d62415a55c098d3af5736254a4d604b279fcbfe5f38d2009d8c6f58bcf69656
231a4358-f304-4fd6-851c-7011dbe4f94a,train,78c0f6f7f21d07593c893462d043b00cabf4c6156e4218f6079b5d27d695c2cd
23272f2a-49f9-4fd9-ab11-f1d383617da4,train,0bc94a09de5637a398c7f9dee3812082b8246ca2b4f2ec9ff5625bf753f3459c
233dc7c2-2a09-4117-8a85-8e17e28cd0b2,train,0e22f37889813289df5c950917adef61f48b4c6f6c5c83e8bcec6fde1f47de0a
233e026e-410e-428f-a615-93197412fe1b,train,bf37e7001a9772306a9b5748dc745510b0a99d989318ce9fe0a897f0e1eeb880
23466878-3835-40f7-8855-48d0f3d0c89c,train,8fd864b51b4f3b3dd99f3cbcd9c556c8bdddcd0ea9c7ec91fe72d30a95e64fc0
234a02cd-2b00-40e3-903e-19c54938d11f,train,8b65c6e35c99f5887062baa1902d4b2517a84bc6a7f0e071f6341e5a5a995b88
2351d9ce-09d1-449d-8730-d34cc55d361d,train,9fb1f78d8f10dfa56d35fc47da84d82813645e0b717e811f0f6e2f7acceebe9a
235b56e3-7eb9-4406-b715-cd6757cd8f71,train,17ad5cd3e9559e6ae9d5df3a09c49c1cd0e20ced425fe7661ca624ac17d17713
23614f9b-e6b7-444f-9f50-9c9d391b9c71,train,e5558b6b918bbc6ea1f74312fc1c1c9253e208f57d92944cbbc888c9efd2c4b4
23738f2f-d629-48e5-bc88-8ff25eb36b1f,train,69377d85e26c2a73841410af075a2b7e2fdfe01a086b6a9fa4e87b050223021f
237ef20a-f805-4764-a3c6-0ef4fdd8cd58,train,7aac8ff93635251e5ff4b0efa324fb8bb9ffcb3a23cbd45de083f635bd1f5761
238f32f6-20fe-4af4-8f45-22dd821a1272,train,a034ca87d509716aa4f6d4853cc66e19aac5bba18147b73cd233aaf57418fea2
23a1dee6-d27d-4b41-b188-d9831b14d4d3,train,ed2bae03cae53a6411552e3590829b7f5e8cfc222770393b4b0cd3e4017846d2
23a63622-d78d-444c-898a-a700018a58ba,train,4d4dd2a0d4e2a8315b8fa42d8968673748e31662e2c3a9fc0c7d47fcd5664132
23ab5586-5aa5-4d58-a6f4-23ec71a0edad,train,d3eefea63bf613b82e7b44ac43e90e6921e7b30cb11608edb8bae89197859aac
23b517b0-618a-41ca-9864-41e26eaf50b9,train,5b0a63a9ad12bcfd90577cd047b63dcba920e23371c5fdad10561324feec35b8
23d66fd1-13f0-4738-b87c-a2ecb3d0e415,train,106fbd0aafac0821c1744924b5e5967adbb9ab926e473b27c255c44697dddff9
23d832eb-f841-4362-9ad7-405c1037543a,train,bf0bf05f062ae7ca0d6bb8ce07dfee49f0ba1de752457c6b1be7580a9090a256
23dd4833-0674-42c1-93d0-6ddd1c9fb91b,train,0ee5347706205ea7a8034d21ba57f956fc0964407980f26b27374b1ed958e5af
23f0b4a4-a24a-49f3-a159-8c1450db98fc,train,f7f0b390b93e5fd5729ed2671de82ff354646466eaa24f64aa25d562e209fd3d
23f199e0-d0e5-497c-99b7-d4d415c2562e,train,79a313d37a017ab44a5c8ecaa487b4f4c436bd7538f4975a36688443de288bd5
24010325-1fe9-4e4c-b0ea-62ad09d3039d,train,b2b2ed6b37eef2d7c0579eaf0544a20d5f50c2c1e68b0b92841930f54611d41e
24012a3e-fcbe-4804-b86b-75d0958d769f,train,1dcb0192f647039c3215d8af23663c931a203f3be22ef8c8d85fb0bf32f522cb
241c7643-61a8-4c03-bf75-f16ed45106c6,train,6a6aefac58ba7dbe01a200c5d715ae70dd046d10b99c33672ea3ed13e688bb9f
241fc872-8064-448d-acff-ea685608c430,train,c8de0d8884da51bb9fc08bf9ef401bb0322672a57e6f9a620878d4aa923b3240
2421a2c1-0a5f-4492-aed2-673cacfb9b10,train,c27822fdd31c7132c9f2e437551f821ff4759046d0b1da3794e630a6ea5b6d96
24264a80-43a3-429b-afba-9f7aef0df8d2,train,2a5f5d218b9a62b756fe53966e1b0a11a73df89e2d47dc849f78f1939129036a
24275501-a409-465b-8d95-5645d1336a83,train,ff326e7e86edc90d210542371ace2e54076d4a8547283d99384c00cdf108272e
242ab773-da5f-407e-b841-b1c2fd1a2beb,train,c1c0142b5f96a535341115c78528510ca6346ea84e3d4588ba0df7a2e48a2225
24324d65-fdc2-4295-9be7-fe82df09b181,train,35be0980b87b0ccd67a5abec468ed4c8a157a5f746b6ee2e68a57add0597728f
24589c9b-9d0c-4e31-a97b-252c89c5a184,train,6849ecfa8591a6a47770a51e2aebd91f1870eecaaddf5dcbcf0c9152edd94755
245a49d7-dfa4-4330-be14-a6acfa6c5419,train,eb87e1031f27fb0641237250b5e1e69cd80c8ff784f0c4676d14921c10bc96aa
2466a780-5bd7-4166-afba-824787a2928e,train,218378c6f241d1fe1e48ff688ad3e10e694d275b6f8b0bd49100a8d3bc5d8b34
2474b5de-bbd4-4916-bee4-974c9b582215,train,69edeef39e6b62083aeee376c1239ee4850f46b0feff7bc4309c82aa4495f54a
2474e3a2-6a40-4fc1-8e5d-27f30e625305,train,780cadc5a7ef1106f6ea268ad970b47f6665c88d9cf3d4716087616f3ddc7b1d
2478abb1-7c71-4151-97db-d28c7dc79e7e,train,8e73b5b840681454516f25e0ebd6e323fc315a78d3e49785716e17f7f58e0a86
2481a371-6b0d-427f-8943-bf2ea4846165,train,3d19aa1d9a2dfca006f9715af00c1390465a56ead55675ac66238ad091871921
24868867-580b-4adc-a07c-b2112a6a1daf,train,3d3c676134834263f1138642369d113799e6d559eefe2b62697ca4e071dd2151
248b0f44-7e0b-41bb-a0b5-aaa4dd77a4fa,train,6d3dfc875b42f2d28d1bf924e280def82332149a9dd8256e83ebfca4dd0a00eb
2493b9f0-46d1-4fa5-9bed-21a74929fdb7,train,0ae7e6db3006e466e7b030c05b7126abfbeecdd5a76ec1008885ac0faf846dac
24958bdd-2a29-4799-ab9a-e0aa29ee64fc,train,5771dfe5f8b0b859917ca3ff54ac6add209016842bd4ed45fbfe296d46464ff4
2499dc2a-5c20-4bdc-8b8d-0df4062b0e98,train,13826bdedbf8d6094ce207fcb1d8891a2713e470c90ac28eb1a96187e80eae01
24a89732-3946-48ae-b681-36b08521b25e,train,47da7fdc5f5f8ed288eeff4695c2562600b891745fd0b52beee5b11cad21c7f7
24b85e65-7fde-421d-ac9e-d75d23aa9056,train,abbe91b7f5e9da63694f3c53db1590acfa43f61ca2400e0af56d059728d490cf
24bb687d-ac16-478d-9120-29ef01386ba9,train,ad424ab18e9234dcb2df91e44405c646349cff465c842daf9525ad28bf0f79e8
24c2aa0a-bf45-4bbf-bd51-4d80568f0b0a,train,2ec886e7e9789129d974cfc7975128c14037aae9167bbb4f2142438d985fc31d
24c6fc7d-6294-4738-a730-38d9abcd7ff7,train,2ce76ac18a190710f4afd9e0b4e22fcb2bcc2cc9845759302fa9b8b1a45d9471
24d597e2-e795-4e57-95b9-a4edfa017e03,train,065e97fc3ff286fe5c98ce1941800a69fbfad4f98ec826ca14796cc3136e9b08
24d63911-7f0e-46b9-8322-ccf8283b12a8,train,5f4e6758a9a07c710d2eff4ace369eedb796db90cb3a1b99b7efabffb1d76ea8
24d70bad-df07-4442-abd5-18832cf0bb98,train,56296774d7456227ae74688a6692313b89690814a9f1b40a04c25175f00ed26d
24d74df0-05f9-4bc8-a3db-7397e2c1d538,train,323bd26f73124acb1ddddb6037200106cbcd6b1d1f4c58b17917abe2e8dbdd2d
24ef0701-9699-4216-85b6-3213991e5555,train,b06ae4e7e3d0d281c92a4ced7dda4f33943833f79640c8790b4c19b1270a30e3
250f7f9d-97dc-4270-b9a2-1ab1d61eaee9,train,e64fc94210990bce9f626c81f017498d0166322b5388ed51308ceab878bd066e
251739b8-788f-4a79-b02c-04709b678aec,train,8504d8116cbb6dc943f47bae405006fa235c9f36ceeefc42a27f3bf7f1e8bef4
25280d91-3745-4094-a98e-7e3a84ba0f78,train,79312ad29eac36c9ae8a40c6340151b7dcf5b563088e543adf3ee5ac78c87784
252c4542-48df-4946-b543-32ae18f47f15,train,2ef1113ba771e67744c9fc5a8bc6d73773171f222ccd01e9ad803a4fd6abeb44
253f3299-e6e7-4dd1-ba58-8b13b4d81ae8,train,f13391c3e171eefbb0c2669c305702b839635ccc4b6c7eb08c02ddbfff1187af
25450421-d04f-485b-b4b2-fe472b743410,train,8f078ddab63b52baca6e1d25cc7321bc74daf4e66ae24a4bf4872474f25578b3
254a9d36-e9ff-46df-a3f4-e65a4816ab0e,train,77173225dda0294cab1a73ba0fb37932b1a1e0de239a5a94c368d3df270cec61
254f44b7-9269-459c-87a5-4c1cd41ca8fd,train,4794129a87abd7c8f8df2729d75bb7ad54710892873afece22b1e846b833a682
257dc106-7d06-44f5-8c79-c6a76fdc1e56,train,6509ee7d5b4dc7c30bb1da33786ea133d2b14d27ab55962150f7ce0c276c677d
257f58b8-d411-4bd8-88ae-5b14211b3744,train,e19e0866bf05be8a9b5c75e52e4dacd466bb0fe5eb9e07dda8e7004293bb1c08
258a29a1-a9dc-44d7-9426-227dab81a85c,train,6bfe218d8386b03f6fab064e9a661b57445ec53f5b5f87c5e2a2391f3c6b66a3
25900f73-c2d9-4a36-96b7-6585bb6439a1,train,efdc8b2d020ce0ff3b3ecaba0883c6c753dbb6c2338816a7e4bbeac150866150
25929704-513c-40b7-b237-a8fb259187bc,train,68eda43a8ab52c532b1f5b39d02e2e0d7b1706191fbce0cd4f0b813ba1109f95
2592b5a6-9420-4df0-9da9-c3c0464c3972,train,d5cad992b648e827095407fe86af0625e5e9009aec6ee2d8ca6dcdb2d2b37056
259f9395-a1f3-43a5-85e9-675a856a1f37,train,4f38f1766a68a9891447b2354cc32dd3324c47388363e358efdea67534b62045
25a53c4c-e362-4da3-ae54-c2210dff2bb4,train,c93675ee3afc828f8e349a630f9a1df0c88ff58b33c9a03745c30afd4e812d57
25aa2112-e47a-4312-b56a-c613e6e8f823,train,8066f054247a2758851b1aceb8a65ae86c46cc1094ebce665c8ba6fc852c0ac2
25b6babd-bd71-4034-802d-88143dd168f3,train,ea8166ca4cd0e64553bed45f1286773d5935eb1723f7489dc3e8159072de6f25
25ba411a-1d50-49bd-9032-275b4af7236c,train,9fb1178c5f6cd6ea6c1d7cea165d738c4a6e2dbcd77947ee65fb52e27cf08eb7
25e4b0af-901d-4540-beb3-f71dd0e51522,train,98694990f043834e1f03a378955f5286a00574559b039f476961bd2603ce93af
25ecd66b-bf27-4540-bfc8-0642c8b2801e,train,dff6e44fac92974094eb710399a0dc99c8f02d0b3d504dc10569bcc504341330
260a3350-bbe7-4f8c-a5b6-f185df50702d,train,6c3dcadc0c94995947b7e55e1a09267a609c2b5e6bc5514046c5098eccf4673a
2623c063-5014-42c9-aea1-f78646c7095d,train,9c7282f162d45bf1995204967352f8a3cfc5318c53fbd6b301a60b3760815cd6
263235d8-66cf-4d5f-9e09-8ff1d97fd70c,train,fa2c364712ede5e6cc50b179ffc75ccd6fc70630ad5b2ff3f3e8442c416bd263
263d9994-4cb5-43d2-8622-52e9cb211302,train,93d48bab9f8042d68953c6e05da780c556ef92220fd4cf085ca27d79b57fa0b3
26474ac3-6962-42fb-a595-3b7b242913de,train,62360d75e20f4183515970115ac8a7071208685402ff4b0cc35b0a4efda97a8e
26507058-a1b6-4d10-8a62-c5bd24e47d82,train,df5577d6228da7bd6607ef387ff659b8214ffc1f7421a3442c668a2c35ad8706
2658e5cc-1c83-4e29-a086-d5a03bdb0aac,train,720804aea44c4452cd178a9546dd2ca1c240c4624990854807c82233a3773204
267650c8-632d-4767-a1dd-5e1d719250e7,train,6d3c460fd470596488727dcf456a79b19beabe1b36dbf46e08c0132a199ac1b3
2682008b-0ad0-4463-9bc0-6a1af48bc9a7,train,aa5227735c7ab5741245774cc73b96c6c086fb8af760d9a608ca2a971aae8076
268f931b-0a76-4962-9b59-7377f06069ad,train,e38edadaf168495485a9efa7a8e5db0327822bd77cca3273e4ee536e25fcfc43
26ae196f-54f7-4451-af9a-dcac341f45a0,train,d5d04d529997ca89b1b2c19e7f3ce38e6b1059bdf6414bd980ecd0a8adeae090
26c64119-d6d0-4daa-a4ee-97e05f9b4903,train,7d9b35854186a4cc94479508f7485928ec9ea6a8cb416f49e6e926ba31c80959
26e24062-d8cf-4816-83b0-bc45dfe64588,train,feaea53176d380a06dad90a5286ec1d3b796e74ed1426635e3de4b36fe4a036c
26e2bcc6-8a67-466f-b887-3eb3aa500d71,train,0b5a78b440a0808f3420c267ddee1cc441b3104bf8b1a429f8de67facaef4dbf
26e7770d-a815-499f-98ca-9716252e8dfe,train,419cd911627879f7198bd9493f0be9e655a2204257535a60f4a0ddbbf3828e0d
26ebc254-1ab4-4257-bbde-79c47511c4ea,train,0ef09d47bda95aeccc6baca2e3fe8002d9bec2b4d206ca663cdafef9648f313f
26ece8e0-eaf2-4faa-b5e6-8486915a3d7e,train,cf3f495e5fc36d1b45eb46693a19a4fde35c7c7d7c00586ca27a9d19121a0795
26ef4c97-8e19-40ee-9fbe-3141bc929977,train,243ea0a09eeae7429c3cb619a6d25843e59c2fded67e699123c69e3c53c90908
26f800ba-a007-4a7a-81b5-3f8d10f6d145,train,4587757b72f36a7140fb0be3fe0a1eb52623aa6cc234cd7b6dc840a2616f112a
270cda7d-ded3-42f2-a303-276f1c7d6b40,train,0c375aacd595c9121cb5382efb90638b0c7fd6a8df9c739f43dc7bcb12a48316
27132234-84a4-4360-9faa-231d84679037,train,e2640d685a6b6cf1add4cf5c750b9d4f51fdd105034052cf1ac982d22c64a275
2713ad83-67b6-4d52-9e07-8a7b0f2075fd,train,3b2bb2c41c7d5d91b155f68470fa00acfeee57a78800b79248107b0253002a59
271897ca-dd9e-4a13-b76f-d4e638b9bb74,train,1ceb2121d966e6ad4e8a4bd166eeb8cd3acb2fa418dd9476b8eb5864be0610dc
2722432c-a3ed-4dad-940c-27b10a46376f,train,5aaeb0bd067f78937249574dfac13f102197603dd74200b8f7fc86315cda4c03
27251440-8e51-4c8c-a074-cb371b44b2df,train,8e205e8a87961d35047ff24373e09f463096e2f66a32993132cc652112028993
272a6113-eef4-41c5-95dc-7485f26661a7,train,fa3ec86fca406054cea2f2abfa82c1ad8d56b662bb6ffae4f13fc6fbc9f90edf
27378e92-fb4b-42fd-aa35-bca4479c6e0f,train,d1d3e8c5c2d53683113c0ba1f428d53f97f4edce7b9b034d8e2d3bbe587733a8
27518678-2909-4323-87d9-f7807ff17da5,train,4f84921c728c559eb4e6205c95d6254f325c9f4356d2be40ea1f7eedb0041ad7
275a68e3-65c2-4a4f-a1a9-4a825ff9f750,train,580e0b60f4e17aa763cc0b1213ba2121a2b7c3ac7ddc04d67127fd77f60ad39f
275ce9ef-5c43-4cbc-ba8a-f917998f92ab,train,934adb60cf9717a8a34be6dc516518ab59f7f31ee9e03145fa3ee1edd80fd92d
2760b621-e566-4fc7-b255-bd9f5fb8904e,train,9a9d731ae980f3fd8f28c3e89ab5b9de8c32fe2c74a20ade1da4e0b8b0771804
2769d851-4433-472f-beec-0ec2124033f9,train,14828a561c6d627c43981590aec8d60107b19fcf262555ce9ee4b1fcc4e8632f
276ccd2a-ac94-46ea-975f-d0d1e82be6ee,train,b199adc9af89baa723ffe9efb22034403ce86650b1514b2ca6e58ee31613cbb4
27738eb7-4c74-4995-b553-3865c862f428,train,f4774da91b2c3bd38f04da9d577b88cd17699d151d4efc192f6430d2d2bd9bd8
27756295-5601-4d75-9404-4d5a7c084a1e,train,5e836dfdcecd40017a108cf07ad232737b25e9991d78c2aee1ed2f49434130eb
27856764-7d28-4cbe-b092-f9d89ecc4012,train,895e8175b952014a0b2f15893f722c98f28bb0a602c75ede1ad2f966d029309d
27a8aded-9157-4efd-8b9a-3b801b4fe07e,train,078ed17277e521021afc8360715acbd1eda10c942b4a43ade5fdd03f1c9b2d4c
27b6d3b4-ef01-4553-859a-51040c1666e3,train,876e14959bdc536df530d4b5b430d232043ea83d229b7628448b6dc198d28ba8
27ca4dc2-9522-44f6-a7c1-bed47f0d789b,train,f5a84f9067e5dbeb23a565ed1dcd65c03c00463d39941350c9e6afd33b3d5d03
27d2ba97-72ed-4f2c-9214-f61ad077676a,train,05c54ee74304c929672eaacbcbb6b957f8624e8fa0f9291483b517438e048dc6
27e17c54-b310-4325-a32a-e5b14f239b13,train,4c5406e4048a709b1d4514d36892333cbf5b112b38c09b7cbbca9afd43aa1e95
27e83492-80dc-4064-9d61-cf04f07bff65,train,148c00c02f933bdc20e69d95f8309de7c0e0a34f06edc98760f8aeb10779ea94
27ed2c72-e738-4ec3-9edc-b55e0af4a824,train,6c0e648dac6becb000dc50228c91ddd2c78327cf52a9c763ffb60f1210dea784
27fbd07b-2d9e-4220-b9ac-5f46872b4c5a,train,39584a9242541f41a393760b25250c7f6fbaee33b5335f46cd9b10050f77c4d5
2809a6d3-f0d8-4a48-bc1f-653fbc0b829d,train,b056fe34747d74a1d4d96000fd08054710e4ec9d504fdcae72664d8952d45508
280d126c-630d-495e-b790-1c992dacdc69,train,6d7f50fa8d0b19cb5e30fba28802cdac56d33acadf31a3e2e8a9ca3d7a2861df
2813414a-8b79-4a06-8d5b-711a7943a1d0,train,fffd062288223ee4c49b4885be460e133dd8ee6eac95f1bcc226246b663e45b0
282b07bf-4dac-47f8-963e-fa651b06cbdc,train,5e67b492304026c185f8971b599cde0ba17c5cc79c5ace9b979678ef29bad3fa
282c707e-2011-487d-ad66-780b4cee801b,train,dd3aef2a1bdeacd0865849af22d3f8357a8cce23efa060b628622d8c9d57b883
282f0fef-1c99-4211-b5dd-fb7046b48a27,train,5e8557a7abe283ef310a6720fb45545ad3f8e91fb88a517ad91019b43ca06348
282f9b9d-8a88-480b-803d-a21ba8590552,train,b21a32dba48ba81ca85972cfe920fc28a681cc489251e4d3e11a6e900ba686af
2837f103-636e-4eb1-9d24-67200bf99089,train,0ef384b3fdb9b3e470d02cd58d7199be1a0f6e215595e4742aa13fffe1e41201
2847ce01-c226-43e8-9e92-c63807bd21c5,train,09f87ccbfcb08efc1c30dcbbb0da6d5f176d03991f3364b0bbc7b4d6bcbfd342
286046b9-4553-4f55-a49a-ef662f10782c,train,0e2ec5e3f60d811eef0dbf1ce138b8349e85a6c505a49ca0827589537544f30b
286579fd-998b-45fa-bd8a-69d5595ab2bf,train,5ba117bbafd9186c35c9cd4aedba143c2534ffa03dcdf6ce3760ed5c1b573e16
286c95d4-82dd-41c8-b838-8c274288817f,train,2587c9bd468f06651c294354a517e7cf2c7efb741c55fc99b14c0dfbd110bad4
286f53ed-411b-449c-995a-fb1c113ebefb,train,db42701dc36f9b457c91b72f238476c47c5b7ce12d19e24e32e5acaf29d8c85e
28718e7f-56ef-4fbd-ba0b-2edd4b7f5c02,train,0488e452d0cec5918c26765b58be5d1cdbba76e123b6c46eb151867b722aeda5
2875572a-8611-468e-8a47-ca236295b0fb,train,12febaf7f5ceb24baf06ed64a3c655d1f4900773829244d45787eb292aa63ce1
28872c7e-a605-4c69-9f43-4e9ba09b0f44,train,d21c1007a7cf101d5945c9daa61d4f9793886f98e49a0a1449dcc0509c13bb24
28a62230-a84e-48bf-943f-128df0bd7945,train,bb9a25aa321e28cffa0e457464f6e532a34e23caa0bf40b396aedcf5357c4770
28ab7589-2cc2-40e3-8576-8ab8dc087d81,train,dacd8da213282e07fbc051108cebdd1bfb426f79f52e7650418656a621e9a355
28b3eacd-e3ed-4f88-9e62-1a6a4ae70c7d,train,ed54207345032926608270b156b379ba060c7bfabfa06f7e712538449ee3029b
28c03b53-3279-4008-bc2d-46669db3b6af,train,d0f7b1f3c8fbbf66eedab716039829a21c1da1858169e8f3a33abc92d1418cba
28c109f8-e0fc-47c0-a218-5b4035de2b90,train,367aee836958302f09251c96df770017486e53ecd12f2973003e96f1d6960cc8
28c90106-26cb-40cb-a0bf-776245ad10d6,train,24f38fb5bd5dd97db0b152cda1ec50371398f7fed4a94e5c50d6b867d818b741
28cc8a30-10df-4e47-bae6-efcdeb153892,train,e935839f26274f8ff0c9fa75adfb87e47a3d3fa65c189629f57d630787523f68
28d3cc23-1da6-4a50-8bb0-744e7d0c4c08,train,28655c678d29a9b34d6ea9a0fd16804fe5624312927e7ed8a13b819ee322de8a
28ed66f9-40f1-476c-a9ac-450cb746981a,train,17e7c776ae1e8f3ea05a394c1ca32437e155fe62b2afa7e8c89092be111e2e60
28f16bb7-d977-4885-9cc6-56971d7acc00,train,081bd377a36e6c3aff12b1ae9d224c089d148609f20dd6445d2849c3136c1c9f
28f8ee9a-8bb5-495e-9b97-214b42b568ea,train,fdfda824ce63be7bd159d05885729bd03687ba240d991630425a890edaa4e231
290b325f-2733-4aa7-b83d-51d7670112d2,train,b6c0733b1f3586061441a650b219a179ede6ef4d4d0cb85046d342c0ab0a64d5
29111dbf-95f5-4dd9-bfeb-45aceb810aef,train,330acb3beba270adc73c8e0b3659b6c8d38e8db2a1a95eb8f358e65378a9fbda
292403dc-78eb-48bb-8b27-be3996c782d8,train,e4e506976f909aea88ba9f9018602fe2e31b5f3c6175e07f1dce0d951a47bbe0
295c6a84-3c7e-47de-9b4a-3885b949fc8a,train,e51f07e4bbbcc40d4a1a75eb86c4acc479b6cb4c570396fcfb530e8f0a32b318
29617afa-fce3-4286-b948-5e71996b11a6,train,5fc0181ae37b1333661f925fe07035e1dd29614d41fc58eb6d0b503116ce08d9
296c78ba-664b-471e-8a11-4900e24260e2,train,09e7a424149c0724ba9840b0e131d9a97d149bc9bac3ea5c660a0cf43b6e2f2c
29799edc-7f21-499f-be6b-9403c7cb0b9a,train,83d8adaef508c95410f790a486dce86fb7dfdb10bdf248c0cf3fe37418e6ca23
2985e762-3ecf-42f3-8e0d-f0f17dfbc411,train,870dbb82929e29ed7cd2879d16b3bcfaa82504bca62d35047d82f704cf4d22c1
29ab4e12-83ca-4365-8d10-edd3abe6a11d,train,5989c220c9907f902ae1ccfb46c7d06c1cc8e95d5ea89794bc8526ad0c1bd37e
29ad8085-ccc2-4167-8b2a-5689490f9e52,train,d3b1493ddcfa8a3f9489a1eee283472868be1a5a56cdc9cbeee4a93f4e06ffda
29b51b5e-7fc8-490c-aa35-c2b232e58df0,train,bde233889ab489dc38f2a8d5b5d6f917ff28910ba4c0d93dfb422db7f024844f
29cd7751-49f0-430f-bb82-841d6ba0d628,train,b1c9cfae9e6ab71f31bb61ee8e27a07194c9051c2172f69e7f874f8957a316dd
29e01740-b83f-4d65-a822-ac99b26fcfe3,train,b891c842ff96dded205993f5d277fbb63793ffb971757f36ee95628281cc41bc
29e0ed7c-2c09-4e4b-be19-e8de49e71666,train,3fb65aa3ee4edf982b1a84da3edb67027a7a5a5d9d7c8fffbdd12d049e2bfc34
29ec84f3-194f-4162-a6ed-ff8865d222ff,train,af25bb2f36a86a984c7f1878537785991f69ad8659878f2f402049e3ff8cff96
29ef7aa1-f519-4c8b-bed2-f8c715270723,train,d1d725f704d88ead45bcea3d37e44717eb582847cf4a0d38325472c25e49229c
2a080490-b10b-4cb3-b43b-f02596acca0d,train,ae887cc5264253fac7a630ba28f2656869fefa3acdd5ce0200077763d13429c8
2a2cb6ec-b831-4bde-8928-73477cac3005,train,81d9f41303c8b462c00f226d17237a924907c5adc212489b58c7133133758476
2a31a4c5-3fb9-47a3-8588-fdead40bfea3,train,410fb227914001d4e9a891ac0ac3704d66c534c7a39eb24d9409c5407959d5a5
2a4f972f-f444-4688-8160-c80b65ae8981,train,93fdb51b096c435178bdc3b7e9ecd70d4a858fa5e357998aba35b7d8272e7445
2a670377-19b3-4c23-b2be-a50bee5a0222,train,80969a4e032bce3a489ddf68ab95fc2ba0a2738ca7b0880ff4d0f115bc89896c
2a767499-f6ba-46ef-931a-c1cc275605a3,train,6af740b420d1feacd3875d92c174d689b3bd6f385e4d6f1ca0a2b3166775ea44
2a77436f-eac1-4e12-8134-b39e3d50100c,train,6e8cf11d481b747f2a8ee2e2d6d747e4775b0ca3f99be5eb5524dea57a28bad2
2a794baa-ea41-41c8-8605-934a010fa256,train,4f244a1efbaa04a167f177c6aa830fff3ec708d39c7dd480e7499ebd6e6c717c
2aa58a5f-42e3-40d1-9d92-97aa71edcb73,train,aa8dc6350acc83ef52f7e8dbea604bf2bc825c385a6b71bfa8a245318de48468
2aa97a12-9f9e-4bea-aafe-5e141e2c0bfd,train,339396b3fbc86aa2ccc57730af046ab28f518b2d3ef4ebc49b65262248b0fc5a
2ab72f8f-f892-434d-b9f7-115612930511,train,88c9f956ff277f0cfbe7d880d5a3eb7a7a2f97cdd3c8937d8c304f2c3abd0ea8
2abb7f4b-e30e-496c-af55-4ba4f8aa8342,train,3bc758f85386f84808e78520d8c3913c2a7034fc8d41e00496fd1981b5a79190
2ac27fe0-aa49-4825-b9bd-9974dea37e05,train,11127093ad74d8341a37a325380b7c2eba0df00f8e849716a04e5e7a8d534f2f
2ad0b55d-f606-47e0-9ce7-216c0caa3fd1,train,2a9ac601d328b02c283b40d955b5b92f6fb6c7df03e19b5cc410808df5857268
2ad8bb05-9b6f-4b82-819b-b4644460a25c,train,95b5c7223bbf98db2553318fc26e3c9d75627a67f6bd252503ae103815eaa672
2ae75eb9-3988-4672-acd6-0face04373cb,train,eeae6a8c0e6e1a4722631358f96c71bb5b1fe7bdcd24dbcd5d8143518a5df62b
2b0504f0-ced6-4e47-99b6-4d8418915e88,train,8c784a8f68881b95eddedcd3db25a195228afa03aff38313057503ea98007f0b
2b067e1e-514d-4dc6-b4d7-420114cc4523,train,60ae836b8e477050804f1bc1d92a4256ee5d11ee5243eb0b4906c98c4cb122a0
2b11f9b3-948f-418c-9a4e-cddcc5394a67,train,1416c2f4d50f031d60a3e2868d25bc0855bff2db856ff652f7f067daf4eaba6c
2b14ac51-959d-4aa5-ac92-a596158d8312,train,959d01dc15556e173d52e39ba0a1e66b2075a25864b08583d41e3ed3df8c75da
2b21b6a7-13d0-4779-88ab-133253286097,train,2d0e84a936c4303e01d790704b35c30901bad6de5199d8de0f1595f6c2c5b161
2b2ae8ed-253d-4f9a-b65d-d01ba43c767e,train,9745bd156b2f255346664ff7a86c8c8fd9897fa3d87d5012a72a66488b669608
2b342c94-62b4-450f-8db2-1f237f63a18a,train,b64aa1cfc0b7f84f10167452515610f0add638405a634ac27ce8c928198ff7bd
2b514a03-4827-4d96-aa21-afb3b98bd658,train,d30524f40e91c9ddbcaaa067554c06071127f329c3c6ab43eced68c4bf054a97
2b55588a-55b2-408c-8478-fba2a9656b76,train,284993b178817dde771684b7394fd48c60d26b511344b25c3254ba936b8126b1
2b56d07c-7c04-4e98-bb05-0cbbb370401c,train,928c047bc46e4f820b57f89340298e1b8fb49a7b282ea25c77666f9041a9956a
2b585fb5-9986-4b51-a427-d13445be5779,train,10b1649e66bc9e1994f17228dcb7a4e0f434641c220c2808e92cfd659f4c9554
2b6d6234-dc90-40b4-aa23-ed2de4ab5148,train,34d4ec040e5774201e96cf51acdb9982e686af0a349c2520629d4947984d60f3
2b6e6887-3540-497a-86c7-570add8dd925,train,14fe8e9943d41c203e2b55574eb7a811c032588ff258c9f985a81803578a1b6b
2b9bb341-b560-48cc-842e-739450e6fe3d,train,a59a5c91f5381bad52dd20ee2677a742ac48ac9fb91a7d132901224990df9ab9
2bace8a4-7a9a-44eb-a47e-acf1a07d8dc0,train,e0b10afc108dd94eaf37797efeae6ce5096477585eca74eb8fa99325e267cc52
2bae0ec6-3796-498b-94f4-d5784e7bbb91,train,a5588914b60ad41ccfe55b9838dce67b2291e24c071c4cfb9b0ec2bb687b0e10
2bb086be-c77b-4d85-9360-c82c5525e8c9,train,930c4b07568c8c293978c57c41c7f5462ff03e897bbfd7baa0f785e2ce2a00c4
2bc6d578-483d-4a25-97ea-2ddcb2b77db8,train,4375f3c64208dd5df707bfb7f96a333c5bc370dcb241012dd6d715d627552c9d
2bd04a36-efbc-4bb1-995f-dc70817f83e3,train,d1408159c0b4489f86b92b3ee1f2ce9191688778dbcdadcff38ee4150653301c
2bd79588-7b53-4fb6-aa2c-d8691899468f,train,d39affdd3a1c9c46e5ae2b2b032009749b27ef204adf7f8066476495b51a535f
2be1042c-6fad-41a3-ad75-cb78b8e1e052,train,3d6464f3f9fd72f67726fedd3d39c762c9af54ce2bb0d157ec34df4740bea3ce
2be558ed-da04-408f-94fe-8247cbab3dda,train,f909ad4767972ea55a4a8592a50a81a080251ba2c025e62185b49634ec325243
2be577ce-658a-45c1-b183-92ff4427550d,train,40030b844c30e8e09b62f94472a298bf95fe1c937fc2fc7ef3dc2b5f01d8d29e
2be86c9b-0429-457c-948e-199c6aed803b,train,fb123beebc92d3a7cb037776c7e8f1dd1e20228e6c586307d983324d97c00d8f
2beaad23-382a-46f7-9bb9-8cd6d9465937,train,abce493af6d9271a81251bd198ef6befe99454a9fa37dcaa729b354ac2cbbac4
2bec18dc-78fe-41d2-9fee-d68aaa07c37d,train,87dd629ca19cfafd21c22b0c985890df2c57b50265d19e4ed1a90cdd5f5c83df
2bee7663-4ffc-4cee-bc86-847aa2e770f7,train,11442de0279b0921a7e3c3a19dab12b3bab975286d2b9ac73f3a9f021758b77e
2bfc2b9a-a2d7-4690-a8c8-f0e07732c343,train,1367bd2b994757418751130a44939e131a032522b3f130ceeb70ae2fd769b122
2c0bb601-0af0-45c5-ba64-1bd3575be6da,train,abedb2e2e5657f4e7b31040294ae0067436b3bc00bf275c1651401c05182b4f3
2c0da2d4-9589-4f08-8ae3-284e478acd36,train,3248df1fc1122e0481ec576b97089cb9ea696a4fa4f49bc49f2b6bcabe40a248
2c385445-f39c-49df-b41a-11ad8f658c52,train,7cd1a16d578ffc8126bb03922649444e777aaa646392b20d6ca294ca5eb6cb0a
2c412e50-40d5-4939-aca3-2086109ac4da,train,1a6f0b9642687ff4cfdeb4ab27ffc7c7aeaa0fc7310559940b106e7b8fe9ab64
2c44381e-0b96-4f7a-b76f-aefb01820b7e,train,eab3b465dc7551a07c76db1f76d5ba599c8e3a7f7db79a53e45f16ed64dde80c
2c5a6a28-e953-420d-bc02-ed2e780e6efe,train,cd7af706efd5e17d17bea8bbcd9a6cccb390b1e192432d09790565b98eebaeeb
2c5ab6e7-5b9e-4623-bcd6-06b5a7406434,train,236c02d5c2aefd4d4c8aa64b16f4945ddaba9ecd91c31667e044314c9c831d7b
2c5fc71d-bc68-4eb3-9ef9-ae152caf7545,train,c4c7a1d3b3eccd2c69542b6f3a91efd3ce39a48429125e021d3729c2773eafcc
2c6842a9-8b57-474b-8e29-6a8ab2bfce50,train,0357d7820259dc75feed55f09192803c4457ff37c543bd881e72dfd951f02ec0
2c749ede-211b-4e10-abfa-9feb29931a27,train,90e809272ac7bd48b7aab4e86beffa9e50d76e05c923310cc6fe9a1a55320861
2caa4dd0-7ba3-4fce-ae73-506a79a9b290,train,371ee7a371109f593f9b26c09d53850fb995f59904dac781c3930832ee5354cb
2cadaf2c-72c3-4246-b5f6-74b36baf3751,train,efa49bf664d4bc67bf692ae1e3e3f95c93d1a8e948fe8e224fb7dd7ff552cb14
2cae54c0-0ebd-40b8-ba19-28f09049e435,train,8e31415cc0b2edc860f4238a97673eb761a82524eed5f7fd98dc56f40e405912
2cae6e5f-c0ec-4a0a-bdb5-7acb9a211b3e,train,261ce287bd2b21c2cf14b063f57aa9dd4075b4248443f821c03b49e6f511ea4b
2caf6fd4-5383-4a7f-bc47-9dfcaab47df1,train,5a420d5aa84ed911d7dee78074a61d8f1f8ed7532121e31581a35be931b9303d
2cb263c8-81d9-41d4-a33d-a4a0943f0a93,train,fc589667de610a0d97d6acb1a15e3e94cfef4a46372ecc68c3ad548dd9749b08
2cbffe29-e32d-4d5a-b18e-a4df3e4912de,train,e931f3429c7535345ebe8d9c20d23a9363cb8c267d88e7c42bfaf633a13dbd07
2cc360e2-a015-4495-b1c9-129481ebd8a3,train,39cea4e1372730e7f25109bdd6c89b1e4a3b1a38853d91079dc5c59a06e1dd41
2cc50819-84a5-44e1-b17e-42eff92292ac,train,79f59c0afebe62635ade0bbbfb870d6c4333c63a533e1624ba105d27b4a928c2
2ccb4920-c91b-46a5-ba90-9806f1916e5c,train,f969e3e5ab01169c61f9559f6a424b0e7944fb485f899b9dc2534820f5c7c457
2cd15f8a-6bb9-4043-9cfa-5fb32da33a16,train,38a571edd262638f7f722433e7a7b8ffe816aaf9fa48cd5729a191e358afb4df
2cd23923-41b5-4b6a-b9d0-c84e97c0d578,train,4c06c7322ba3390d2e655263405a780df0213763257495371152ee98a5297313
2cde0087-2541-4350-be71-9e6c403f7dc0,train,3e4c04d56b7afc5cdb68f3609b77fab2be0b4e2d53288cd53c526d009e1d2ae5
2ce41a6d-f03e-44ac-9000-270ef8f285f6,train,c157ca18987fbf7ea6e86626b67c85ac5477b6b83923ddbb7cbea04ee02470d4
2cf93238-d207-44b8-b40e-aedfa3727c43,train,cbec2b1e6000d017455a7fc170057182f4dd719477882744f3f33940563c300f
2d19fa6e-403a-43c5-a10c-dbd450302c3f,train,dcb2fed997108cde46c9da885d69b01bc4885ce94ecd8ab774d95e052c78ff79
2d1c229d-9d54-4fab-94b0-2967af9586d0,train,bd8ef08b7bead5a2a1fe000e8954eac2d6e7521095874b8bda11c7b31c40d618
2d267ce7-d789-4404-b254-a8670edd4857,train,777d5cb77aa16e916432d63f5f94d33bd31de12d02b8a951db85baa5a6820a23
2d279a3c-9b95-430f-a632-4ea2a7c52114,train,0e6fdcd733de7e34d6301e7b5559652904fe8fc94e8c818f51179f021f914f34
2d2b325c-7f8c-40f2-bcc2-651ff003496a,train,eee16d16339aa567ce6fd5878b66dfe906493e3de70973b5c4511ac2f3e787b1
2d2de2e5-4f48-429d-97d7-55ff4b8e7477,train,0737133a15c6e7f9c50a8cf8fdd418f202f71565bb9212b5e0422fd72d4e6737
2d3b626d-0f26-45b7-bbf8-4d316ad74718,train,94c2a47a9482a0a456ceac7fd3ac8b582212cb49e47dfffa56fed98490853006
2d4b4b3d-5eb3-4e8b-a957-c12e8c05cd4a,train,a491b2fe27330b54fc03b7cd6c09dace914cfe6ac096147cffa856fe23d099a2
2d5039b4-88ad-4aea-b1f0-193a1b2c45bd,train,30ebeb396712c9a60a1987090373f352c5a9078d311ffe1f8f28e474fcd4a8d2
2d58ee38-f515-42e8-864e-9b5723094d7f,train,6a526f0dea7cb9368309312900594ef3ae95acedd50a567dba93bb9c543b7f2f
2d6aea96-8cb8-4a22-af3d-81ea8a29f1f0,train,c695a3536b44aeb910ffff83b658d33c57e1b97e2953ee99547af71bc3d3fc1d
2d6bf7af-9dfe-4c70-837c-7544baf6e59f,train,ab9199c79059e9fa7685a72420b30d593a3dfe504324120322cf27ca228c0046
2d6c0665-a391-4463-ac5c-2794296d3e51,train,e389117deb4810cfcca2502eecbb24bfce857d296b45df20381c2e7a911bb668
2d6ce9a5-386d-4a0b-8a0f-9327bb304930,train,8d48d419a4d37fdce5a0fa1cee5afc3f5850fcd8d9b8212a38471fbde9894365
2d72f946-7677-47f7-b9c8-392022de3409,train,48f65777c6fa6d5a31c4b4324696b3cb65c897c5eeca0bac256e21cffa3d60aa
2daf076a-4d0a-4ede-a9ee-63a710f9c757,train,293f22b3215f9e71801d8efb9544b148bb0702f9a4b2274830c184a818b7a5a4
2db695ca-55e2-421d-9be0-3c85c10b7de4,train,32dfa7a22eced87bfa5043b8cf26db488629f14f90674a9bfd31788bf7bb61dc
2dbc964d-7b5a-468e-a16e-4b70cd8ae386,train,25b00e967c711f4a405325ec042538d2108e600e2a6aa6b81a03fd30fc381b24
2dc35d53-e8f1-463e-aa0d-c2108306dca4,train,5508c66e1f43ebf41b093c45850daf9cc42149e28ff0f52c6600f1c18c0c05b7
2de991f3-168d-4f67-8b56-3dd458bdb563,train,274c36f76d6707675d9a8d9397213ba13258d5aec8fd2743191b1727f74531f2
2df08464-ee01-4c1a-921c-a3520efd17f4,train,dd91f062af706e3894c05f7e09b07f576c8f11743c3f12d564dcc6ed0a53c138
2df598ce-0dee-4047-924e-f2572474a990,train,79a5d265d614ed646f8119116f4a33301b8bcc307093e43ddd4d0a137622abd4
2e1134f8-700a-42bb-8d93-c240a201f8c2,train,e5bd97efafa4ed9a1ab17feb05bf217c444c15d3664b3d3c89d604bfe4e69953
2e1f2cc5-68da-447f-a797-9ea60fbe1885,train,777a0811444bdb87f0452440709694b72c26762ad7658cda61c3f5c3c4f97ea9
2e211581-d0ed-47b7-8e11-5b13fcb6a984,train,89424f0415adf9d268011431a581ec0695bcae8fdb1ac04a3c16a49fe932682c
2e2c267d-0121-40a0-9d20-ff6aa8d4a914,train,1a3bd2330f19d19d91e44c2886b1e50ed7fc9b7b35ba022369db1c0b96072a3a
2e4077b4-8402-451e-8caf-0892da2586f8,train,92337457f334a73a637c6e83d295a45271e3d1e8d3dc315c9b18064c2f54b31a
2e4422d0-eb8c-4304-83ab-fe483e7032be,train,ca7b750d7c5baf815b91354825bfdc018052ff168d0aab8b02cd711233891d3f
2e51c8bb-e9be-4b31-ae61-d2405f60bd0b,train,651dba22fd2ff47821c33ba6d1e4119757fb6c9709f527a72f240484e46c47bf
2e60f66d-c1a2-4d83-b0d1-e2398fcd9447,train,9a722e4ffc4bc6515df86463cc8609cc57cce188107c4e4eced2fa16f76602de
2e897e1e-ab28-41d2-9d67-c4a5ed7b746a,train,5228302130b6fa7861923b025a0d67cda14db4231bec904e6c648f698730a234
2e90a18d-de1c-4f19-b4ca-ff6817dabf84,train,faaa4132a0431b18ca0e8aa7074f581df74e08e68fdd9f76f9cea90c2eee6645
2e93d9cb-019d-42c5-8b4c-3f5682ba4e08,train,3e8eb368743f6eda02b1c7a6fa018b46c8773d0be4cfbb32ee356dcd83a8cf5c
2e996dc2-1be9-416f-9a6c-2e9e0e8e03f3,train,0d54bf5e013420dcf75c4c8cfc7f7cb4c9bf9f1ee05ee1440cd06ce161bea895
2e9a3ead-4185-4091-be1f-1cdb27dc167d,train,e47e8b71bce41b91da9176e4bd25a301e2e2bff988465ef7b0810c926e4faf89
2ea35e01-7440-4aeb-8c76-ad3825586d85,train,096ccb730e3993484791713076f1cb3c04d8a68d6b1554a81cef16f5463d576d
2eae7a68-ba3b-404f-986d-5b2350665dfc,train,9a7d2494f328edb7d6ffaf6636ec314bf19a3d6c4aae073db8d77183e8e27f02
2ebc8a52-0d47-4d5c-be47-f6402c4341d8,train,6b3e312885b85412a6c4107b05eb6699f41954466ab8d4b6d5c4de06bb2a7302
2ec155bb-77aa-4909-ae7c-983dc9b7220c,train,35ed15df7936499162a1084714c926ba6355c99db9c34f2b103fa5c50a02f758
2ed2e4ac-c870-4824-8c46-5696226a3977,train,403c21a863cd65634ebd99833c8a97155addf8ef8efbe8d86e96823981764724
2ed48369-64ec-4152-afc4-1fe510e68a5a,train,df188bf35ff696333aacb7224ccab60780add4165a7a048f54fea75bfc8fc778
2edac53d-ce59-4c76-999f-e13ed695876a,train,b2ddc8a28f56eedd9f0d053b952260d9d8e1c562ee3d00a99500ae5931e26ca9
2efe54d4-feb0-43a7-9d5b-1ae1a3bfd16b,train,ff8615980cb10add1bd36bb317b2cb2042bcb4c7b871db1c363823f5fd41770a
2f048f9a-ee05-4b78-9d06-99e4183f675f,train,751d2c5b8c181aee1141429aaf27d666079a19d3116a612dd7847249eaa619bb
2f0e0c71-74be-4f0d-a23f-a8a97bf7e2b8,train,aeff45ceba65de5b19e26b2639cfed2eb072be2b1449276cc4dd1ae154e2eaab
2f14baf4-442e-4fd7-9af8-240e6e42bb49,train,8063789430dbeaeecc136a0214a8d1392fe183ada0eec2153ca2545eac40091f
2f1e37c0-dee8-4e48-8c6d-ce2c0e531bbd,train,753fede986cf50428b8c6abdf5c54c2b6c211ac33fb0815b5b78a164c86cd963
2f31c7f6-c627-49a0-a842-76134864e9c9,train,92bc649e0f3720966b78b44471a95803a3c72241ceb3d051bb79fa0080a6ae90
2f3363a2-3731-4b3b-bf9e-e332b6dde4e8,train,c63abe208820a57bbfea756cf31dfd2d05994117693a3232803fc19c9fbc09cf
2f3d98a5-2e64-4bfa-8986-c4f32592c9e3,train,31b956699112e95793e02a9169ef00f6ee47d90778603ad52aefa5c2956ff567
2f4696e8-07a5-494a-818e-f0be203c2735,train,ccd876b4356006f870a182d8675480feade7e989e0cf32b602439221d4203dfe
2f58359a-2398-4725-88c1-806021975483,train,6c7fedc5675630354d3289fc23d63203cd1abda5602d6ee401add97876b39b37
2f61cf93-f304-45e8-8aeb-ac8569aa2c20,train,971cd3596985a4c8c71e6884dd4a0e848a63693ac0fb1aafb8da033430d9f3b4
2f6c6c68-86d3-4aea-95ba-e2e5f2d2b195,train,86d5cd9677c9579b90611247c37107db09e114acef80fcda87fc74276c9a4d8a
2f75e149-191b-497d-acaa-c781ec3b7130,train,384ee44ac7b3a91e99f313cc1c0587eb298ae1edbad2e10d4968355c57c2dc9d
2f810c0a-b483-4616-9791-3c11b6f6f74c,train,6a9fcdf82ac127bdab581b2508f4bf238ca0d580e0ee7336997aa51032135f28
2f8b793c-8cc7-4882-baf3-cc0b2849d200,train,7028fe9ccf14b5966ac553d616852cb021af1fdd4fc0a296eb5a09c65e9e12b7
2f8e0913-c51e-47a9-80b2-8a7997b403a1,train,5d69c2f8822955b57bbf493604e40fb736f2d54595f35973ca8539077a34c835
2f92c3e2-d863-4846-8801-dc8f5795925f,train,211274a8243b4176df6d730ce8f7a28b0697aa21f06b2cb182db8fd9240a8fe6
2f938d23-02d9-4708-a966-e9e3a85a2d2d,train,c231ad6bf1ad53c798d0ea238e2da97c39cd86f3deeea9e658c3ed11bef1c2c9
2fb46296-1009-49b7-bfcb-3f18d1015545,train,9c5e42e1d91d1ab0c3ec0ece070bd4cddf3f0ccf5b0671f47e07c07227667cec
2fb778bd-0604-45d6-970b-d2c830d09a44,train,5c89722c83a8880ab315fafdeaff4a44579c549a9b3be475b9750e375405c37c
2fb86f81-37e4-43d8-8e3a-1d5d8b67c43d,train,7f8276260f02c1706be4b823c79ea53135b606eb1fa3ff7e944cedd4b505f529
2fc954c3-043f-4d51-a059-3d05dabf70b5,train,ba0e9f71eab6d959f5f06caa2307e72607937d6cf96bc7841c36c959f9aa084f
2fce2318-2960-4ce1-ad70-a6de19bfb323,train,369b4dc92727f0b90cf770743f46c15db0d10abc1b8f96eaa61b367aa9e97104
2fd01743-83b5-4675-9a7f-991a9d8a8e05,train,0877d5f6a79523d5d43c7d2b7fc952991fcc9b244d9d409c8ace15935ce1fd3f
2fe90ef0-6c2b-4a91-a245-148a17459438,train,6bb3f2e5d9e243d744a1b6233a3bdc8fce5fa2d2d07225e21d501c6a92ef4eb2
3007dfc1-838e-47da-b860-d17d083c7af4,train,893d46f81bbeb62e5322a99f0fc0ed9183d6a3eca636202fee188f8ddcc2138f
3009b887-b08f-44ce-89fe-31daf787ea08,train,92e3a971321b7001aea4f6aff525ac0d71b76fc85c46f3a3d9610317493bf165
300df5d4-50ad-4721-94b3-1a313618601d,train,5f01dd4ff6685ded277df2bb2c04f90f2d423e6ce1b9575a7bb12b733020603b
3017f292-1e3d-4295-a12d-e650c5df0492,train,35ca2fd5385feb4cb2246f2b0c778b64db7c88c7107114aba431518aeb18b9df
301bce76-fe13-4fbc-85ab-90b00929aa30,train,f506011575c5c15a45f209e0895f636aaac8225288a7ab7fb0ff36cb37bdbe31
301f7168-a663-4c5c-bb73-76db91a175b9,train,b4b0d1ba491df7e9263213c5f6b1f890e85f05e00e1070beff3cd1b7d1472e57
3027c1ab-cf94-4007-86e1-afa009c447d7,train,cdbb826a9ee9aa0da45b6352b9df1a92f408cf2897529b61afd0df6c62fb5ca9
302e0d74-6d2b-4342-b7d9-3988955cbf79,train,58aa8a6ce30f38c70e1c443d48b470b0c097ee2e1049fcf9c736b0ec8a73965c
3031c287-0761-4a61-8d40-4e2fa1c7bd4a,train,b8f8e0b5e96903ea6d910f0d8187291918743ada324fd5c8b8da1576ded93993
3032c9b0-4d90-496c-b14b-017d7fca98bb,train,0b45c3a64f824217ba567494379a20aac4231ffe01f24c35d94d4c7d955fcf89
30354697-3142-4365-8469-7a6f3a6490c7,train,74d099099eedc71025eb178b2ce17c0b817919bfc42b093c1eda00f768f696fb
30474133-7aab-49f1-86ca-a04e0bb76d2c,train,4fed56f2884f047661081af6aefcf0faffc7bce0a4f9d7274b0006f76b2364b1
30488c5c-6c6b-4280-a058-d12e1dbaa5ac,train,3f763be1c77f149cc169f3ecee5dd40e1cf625d8066e1f94a12077bacf397a4d
3056078e-cd94-44e3-ba21-0bd66646c6a3,train,65d252676710644d348855c3427566f53f1e805bd60c2c34528bb25e0da43a2f
305ae073-dd4e-4664-86e2-054acd778016,train,fe8f2e8dcde5f7687078ac9b4322a850e9e91d40d18c0c646953970beafff546
305d369a-8a77-4b0f-b0fc-8fa74137dc77,train,95328183466868d96867e6704898bf9a9592915b17d865ce40f47f4837bd8d4e
30710220-759a-4315-869c-fbbbaf769d32,train,4ee5ead8f73b40e6cfca1c3d320d26bc3b07e91cd9e20fc067d27a11fd4ce42e
307f1af9-769f-4548-b031-e13703264119,train,28462f7ec02ee12c545a306bfed8430c019e796b04a327da272dbbf6f573a8ba
30869c5a-f75a-4bc7-8e33-ed68e61123f8,train,edaa167006aca5296c2167724e54bbb6620e064b3d03ebf4145375e2d7289859
308d5125-77cf-4eb2-a01d-ad8add00409e,train,0b858e0f9718133b3ffc972a89ff97018e2c449815c4defd22ec5dab97614454
308f9d9b-3467-415f-91a8-a6f95c1993d8,train,3ddbf97df85fc4e472ac379c33e6ee1d108dc6e9fcd110e7d3c26c6c55890957
3098a4fe-19ed-4b0e-aca4-a6277d8cb4d2,train,5afc11367ef8af283f49c9aca536a59124c45526628e0bb4e46858322c912adf
309cca42-311e-4583-ad77-999ef150fe9d,train,12c1b4516ef0de319b8a555a5b85a1a8d3df83c5bc9f17609a86009ab57c5e99
309d44f5-8929-4df1-af73-ccec51028c28,train,3445c6caa6411cc35e1c9aee35911bb6a85f9454e9504c99d067f56a66f985a3
30a5cab9-9a32-4270-adff-8c9f82b0686c,train,401d7129884b9cbd328a5403ab6464a21d27ebe0a95f1cb46e5cd2df0bcf96f3
30af3507-8d40-40e3-a300-0ff5d71bde06,train,64aecfc29f58a49107c7b40de213389a47e3326316f0177dfeb0d67a3678aa73
30d6465c-d2fa-417a-a421-af145b37ffbb,train,21acb4377abf947afc3b1e522aee0a6f54cb0ec02e11482fe7af74efef39ea4e
30f17b3e-35c4-4ad4-91a0-ffec01a5b2f1,train,fbb192925bfaa066052fe90325dac7fc94e68fab4560725418dedb576c5c6c0e
30f8ca2c-6f93-4667-829b-03c094f8cbde,train,5f9f84f980200b2df06976f31c8f398d823b192995cdfdc1254094255998035d
30fc9736-5af0-45c8-bfed-e576ae310320,train,5c9a3ca7dd43933608842c361d1d0d062fc84e6a8e5837a85ea2cb8d06b30234
30ff4ee3-402f-4e9e-8cdb-10b4262ff380,train,07945e9afe9b8d10507c11b9fe24afe7527c249b9448fd967fb0b83d39a47fe4
3100c34a-1337-4802-a4d6-974670093a4a,train,3d15d9f9fbfda2d6af318191c34283a2acb668fcf3dd88905128f2c57da56524
3100c4e9-3643-40e0-aa43-f6e7598a4fc2,train,66bb37d19fadb8328b57703b8ab21db1b0157a473c63985fce228e40681addfd
310497ba-b99d-476b-a37f-0e62e4a47926,train,2ad32f0ded65bff68c2476f9a25d33addaa04e5b0d3098370fc55b2dce792e83
3108e3fd-caf5-4617-8a74-5ad8634fae09,train,db4736d70ed240061a1e2bb90b949544feb1e089671acae618d5b18d47465a01
310afbc2-a6d8-4bea-a74f-758562fbac48,train,737421d4306ebe3a124be9461af381efb6328836a6cdb54ea13346ab17cf043e
310f2e15-1652-439a-9a26-5a5d82c97921,train,17ef1cde3a23618e746d7ccccbaa96c440cea69caafe33949619249b84602e7d
311dbb60-5a67-4888-af59-6b5f2b60d6b9,train,ea0ab9e006629218f2adccd5404336ad2e339a9ae86b3081bc505de4645b93cb
311eaf67-52a1-4dfd-90b1-676f1c34f7af,train,102f05d6a6ba9196b50e4093ccbf915ec9a22d55da16c2ff9a1de101254bfd48
31215548-5789-4b1f-bda4-c9398068afc7,train,b9a5e8fa7d87de745a0f00868feb783ee6e112ecb4354a91bad280ab86d8c368
312907ab-5ee7-44ec-a840-7ff65bfd6cd4,train,29375684455001d5ecb8adc10d3881847a76632f2b716daac4b35dea96777197
314fb170-6d6c-4c1f-84ce-3d4b0c677707,train,73c4ed209b9b6b2bb5d0ec389160cd2717f264717639769b15e7c3d623d94a7f
31537caa-b478-456d-ae52-39134b361a5d,train,2968818d61bed8d8dcef21626fe3824693a32ece72e8d8007d65c843b77ba526
316ec231-c2af-4159-865e-78c72eb14879,train,9b0f237520b15c88c68a378198c7b065a0a4fb90c3161599d65fa97d04fbfd4a
318373ce-91f1-4c73-af0a-94132854de28,train,f5d901b1293fce68706e143bba9ddfb935686925040bfc876ea2e553d7b6915a
31a5b895-ab5c-4220-b06b-b55044281c69,train,7ce22ade8b770557273baa511777506f5aa6a5add0c06b58f6e22e9ba8b99b80
31a83d76-e5ab-4e2d-8cfa-300f42461252,train,9ee670d6e6998b3015eb70daba4f46b2a481170be1f95b39a5911cbe3cbdeb62
31b4b270-be3d-4fc3-ad23-4031b7d6c865,train,cfd6311e47adab389fd31d07d0e346b2b05cfbb8d74aac6f1bf3829e8f7d7b5d
31bb90ce-5fe7-4224-8325-254a98c31ffb,train,f5fd5f3e6e220edbc20a444e208fc5939f6611ff351e1213b4c87ebbf12345c2
31c04170-3c88-4667-a7b7-51192ab5d61c,train,feec2f903d452c90839232f454bf5f11767aafdae7ff1326991b48e3818ed036
31c2ce14-34ef-45d4-83ef-ff827752f165,train,22736959175b253f6e1226bf14294bca157722ee6f256a445b73f9e4d17ce85a
31c9a8e4-4979-4893-afc3-93d404df521a,train,d6c7dc2d4b814a8d9ad6f2b056820ace5b3d975370f28cdc7aaafd7e8c1ac47e
31d42156-93f6-4edb-bacb-1e7151b47764,train,5f662394c0abdb4d99df7815f8e56e69ff936d35630eee6993de62d51f5cf73a
31dc7103-bd16-4a3f-a6ea-6b8a38c861c7,train,48bad302a6f438a3babfeff6bcf98c1348f8e7d46a491a23d005b038599bc6a3
31e71685-ebc3-4598-ba35-2e099b896f63,train,7f884d5b058ba1c5eed2bb02ff1bfb9effd6d2909102315f8f912c6016e0bc9e
31f4cc56-e29d-46f3-9e3d-6a8216b0c5ad,train,3ca41e22bd8ca3dc498553962be785c5e1f1ee4b0150026d08a20e1ba44ea19f
31fac3f5-1b25-4e2f-8c2f-07e3ccfd6bdf,train,4d91c21ab8c85f792b4718d9b3fc810a5e6754ab8df3e1395e798f1f5d2df910
31fd0cc2-1c58-4e21-beed-917c1477b660,train,88f16bbacb8d84243c78c0b3286bf07e62575dccd9f6193d9425db1362bdf6a5
32057c02-2df4-4dad-928c-9ab0d9084574,train,ab149ac7f632ad58a4c2d3bf2cd76a84d834d5fb7798672efd8b0b9f00316f25
320d2e09-201a-4e1d-877a-1c0cbf833e82,train,eeced2a5d660afafca5f914f6cf84db6b09e6c63f5d70d8873b9c4654bf62598
322192c7-8132-4223-8b49-944d8d3b521c,train,b3f8ce159986b8b89daf051161c6b4fd3b049fbd60daaba04251520e0bc78827
322d5047-1b75-4b20-8055-09b0e89e6961,train,18f2e6b19b97dedd4257229b3aaa0d011dd7b495fe0b7373a6c3ecae24331c97
322da399-5431-457c-b773-db51ed342799,train,f4f6a295ed903a85f2d791ff78ecd56d1479b882c59fc3fb2126a30e22b7389b
322e4c65-335b-4b8d-a035-ad2458e5c837,train,4d380d7c1e7f836af784927f79eeb8e3269934b83126d943df1e628b85b8f4ea
32356823-6f42-46dc-b020-9f85bf229a08,train,79ba6f83bed0c3f18293c5296bb172e891d47834b44f19cdf971630170996625
323e88af-c7d7-4b95-b32a-271501ac62f0,train,1b1fc5772dedccb49b22682c1e84071d8ad884f99127a3d4e2f1015114b8e41d
3242fe30-6cad-4699-a44f-47279458737c,train,5fc086aa85fb0de3bdc857ba2a0e0fd4e6bad1dc0cb8a2ac7f81d293550c76b6
32543718-764f-414c-ad5c-dd0619632832,train,e45f0f9d7323a2488bbe5802858412880eb2956f3662238e49ce7f121b7f3749
3258ecf1-bc46-43c1-b3d8-b1b537ade1ba,train,696533b06414d06609abd5f8c89d0093c2363016be30827b411a209a0879d3df
3259f1c8-8581-4c18-aebc-6078a3bdae1b,train,f3f9552408883a3054b370fc7b5eed083b7c3478450e4d5041c17aaaf1d007fd
325a0ceb-d87e-4438-a365-a99a3dcd1ec4,train,a98df1bac955e240081152cf1d4f717d9ffe2f90f2413186230b3df3a78e9b00
326cdf33-a1e6-4f00-94ff-74e2b9a54585,train,8097c2426bdbd4c36f4063717e2a2c8aba5cfef10a8a143384a20e4bc57c4f2d
32713530-0919-429d-983a-100592bd7237,train,2be05ce527767207a869cbd166824e42fbafbbd3eca24e7b6536b8894a059640
3272cb27-f22c-472e-9ab0-785e4d1f8a10,train,cb4132b0915c38592d27b6da34cdbe310eccb04632b65c582300a8309afd5e0a
3274120b-0c32-4886-b386-7559ccf4c31c,train,c9bbff2807edba9c15f6796230c6a486c857ac95701d1bec5c4b144f7ab29a3b
32743d0c-e3e2-4708-93b1-5fbd1f43433e,train,31227539a92db67fbaeba5522a3a6d7092fe866299cb52eb8caf862ef4454a26
3274b7c0-4cf7-422b-b5a8-234e6285bd85,train,d4e76c04a435548aebf379a72380cfe575cc3ce73783411d2cf1bba235e3d6fd
327a421b-287e-4163-8e30-58f2ce05031a,train,e95c2fdcc8ce5f89d3af66496fec7dfb9ced72d6ca49748337b5fea667fb4b3e
3287863b-c100-4009-8dff-79be1d89f450,train,adcc33081f0aab78571eb52b528c8b5ab55fa5db1a04b56cfda77e915a045346
328e3785-74e9-4b5c-9973-597537a926cf,train,5147b94491841d03d8a34ee84c176bda67eb5b545cb0ac57b0fed76462c44b01
32983d5a-3bcc-4f34-9df7-c54fccf7e411,train,4d439a2e208f63ab1d3c77944d9494a849851604a5b3197a03154a5c6c432811
32aaffd2-d347-4e75-83ac-d79b7e20a661,train,882c9f27172bb0558bf0013e3a9bc0481e3457d517f3e5fa2179df1d587c1a27
32cd0173-d5aa-4183-8feb-4088c9c6d7d7,train,c76c4c2e4e905764b1ee14766c064f8a79cc8b1d72fe03ce65c676775042d694
32cde595-5b0c-4b43-9da0-5ba416dd715b,train,3a2432a9d6872e1b91a70f061d72fda72ac530c2e389e6b85ead1369c92a981e
32d0716b-989b-4f70-99dc-efb65c1e65ab,train,e0fa72c5b79b74c1f2c0baf9c4e6c757d850b45a7c4bfde5970d45bd356624ab
32db31e4-9cb7-4197-8aa9-18f1e7950e8f,train,0896f2cd81ca80570f2569e70f861798bf41c0341febb89b83108e3893b08602
32dbd3f8-d91d-4a26-89b5-805842ac770f,train,150170be195d17461f8db344681a048c95528dceab1481d996407af4c7c94a50
32e3d05e-20cf-4c51-9ab1-8bc409a2cc3e,train,3d15ae4535ecd10c5ba0c7808494eddda04ded4ca5ab42f12018c2ab77b7653e
32ea9daf-0702-4d25-b3f1-9c179d124ab1,train,e7a24a7ae990e1170a8d080e9a4bdeb6ec3fb9bbd0fdbe87dc8cf2832faa2abd
32f52826-efd8-4a7b-8899-adfc1f210a97,train,16a24a0cb6f63c3ad2ac90324c29e6c2e87c94a139043217caf021ae3c0abc7e
33000ccc-fb92-42e7-b780-c2b748d0ad11,train,902371ffed6a2b9ed2e7e899b0db1758ffade1cfb64ce5cbd050941ccf806887
330b816e-5b5b-4504-a134-652892dd7a22,train,db3b2f2beff1d30ee339f0a8a39571376277a6c595132c83f3d2e1e1f9870656
331179ca-a1b2-43a1-8051-9bbcbf31f753,train,6702ea7daffed23c65add4697812708bf83bb74671a4a300064063453d17b0e4
3326eb2b-368f-4f93-84a7-c978accc8f60,train,3734a38791e39f54063ca192a04dfc8e2f2ff450d392987d91d65c34c003c479
332729ad-2654-418e-8911-c45d60a7fbcd,train,94c9b3174458787f6ef274ad980a9ceaf3685912ad4f808f6464e1a1988f7114
332a5592-c8b5-4c52-807d-a652c25b27f7,train,192502b24d331c4ca3249002bfd65a42d9e0242d732410e3572223fd70404d47
3331fe53-fe69-4209-a541-6439ff9fad27,train,2e45a0344f12c90d102b24b2aed11914738fc428cb152f7f9a706cd6427f6a9b
334cbe8b-d79d-4660-92ac-3048e73d1500,train,acb29f0fde56af5d2121824c66e012a1f020b4e9b0549a7ca1193b53e2b785c9
334d9763-5563-4c95-8d81-d7cde02b650b,train,39b6fc90716eb79c36db931539fbebbad494af2180609048b69ec2dd64be9b68
3352347e-ec5a-4fde-9e16-691366fe8b0a,train,cb00a39040cd68fd8a2b9ee03157de7f6cee76b4168bb75964ddc368b8be2254
335ec812-42a1-4ed7-ad33-dd3833bffa64,train,62746912087752e76f2d0d18668a3e54c17d6e553ea20b4ef6e828739f5a3ce8
33626c11-bfc2-4ded-8f2c-7525f9770729,train,7269be5fef7b54989088fcb83d69012b07632a9c1e94594d6ff93f0519292115
33652074-950f-4b78-8a74-8ad4531b40af,train,0d1b88441f7621a021f07e73f75c143eaae495ba42eb572e843f1e4f46592a5f
3368bbc0-644c-48d5-85a8-788530425544,train,fec5935fd999c67da01aeab607366d3a235400ec0c226454b4f5535ce0eaaa7a
336943c4-4216-495d-8904-d417ec1666b0,train,854e02f685c34061ecca413de0407a6b38d2b03af5de1b2a772b844d50724ad2
3370a7c0-fac5-431e-a05c-e007d21f6191,train,bbc0e78a5c14010223f70a33da7332efb29670d7d301edc00351b0f4b7532fce
338285b2-21c7-4503-89f0-b66276658bd5,train,e4f5047119ecc7ba55f4187f2e1405b083e541e991e06e83aec1082305c89562
338e49ef-3218-4e51-8e1a-23839d9e347a,train,2ec7ed85236dc10e48b23ff631d15cbf91ed5a740a5895b24bc9f0ea32ba48d2
33a37d16-8539-4e01-a710-1433ee94b1a7,train,bde60b0ee36c80c086785aa141bec490abfd7f9e29efd576db339c4896daf7c0
33a617ac-6680-4bd7-888a-91996dfca995,train,a7df5a76d76744576f3c126bba00e6785488d1a6c8c998a91252c76fbb989574
33aa687e-a4ec-4247-95f2-aa3cbabfda65,train,8718c78bbdbc13f74016d72b88d2bb2a6de46e51bb4500107fbc71ab416f5fb0
33c4da3c-9ecc-4b94-9148-3bb9e2584b29,train,cb7e32f6c912178e0446e04f29726467a1041b9aa42240338bc8e898f7238bac
33c8c54f-ce83-4726-81ee-2bae51e6b60e,train,4c9648934f23f1e412ed8bd6101b9693ac68dbe8689ea4d58bbd07ae628ae4e7
33cb5ecb-d81f-42ad-aaa1-bc1b5ca09cc6,train,9dd2125d1ab4293bce55330d894ec3debaf77cce51534c42acf7f5ef046eec2a
33cec7eb-7ba5-4699-ad7b-8a2c57736f5e,train,82cdf9b37ae03e9d9325f9de81e13703856afe30ad93b75f8e48a645fe2e733a
33d9d0d7-bff0-46e4-9929-873c921edf0e,train,60bc0b68b8e98ecdf81031ab03844b41389511236631b6743515d7e9fd14ccd1
33ef04c3-b08e-4e37-a184-3ed9d29d84b2,train,797ce8af8af8c00628a175bb468474618b393af337f8f928413123fc3e3d8ce2
341b9b5b-d0a2-432c-b64a-f568477d618b,train,10ab29e36bbd4d1098bf52028e4ff86a558d9b1d8c39fbd9a87863a3ad74a07c
3420132d-7040-468e-a94f-3bce1f662df3,train,69958f5488710c955821d0c03c60ac530d33596b4dbba3c66d6308841364d39e
342d4cc4-bab8-4162-9960-38cb52cdb9be,train,e8bace9de88aa1aabe4f68bb0fab925d98f1e141f8c131e9c637b4c68a7a763a
343a1568-7f2d-4b95-a92f-7a74fe53fb16,train,6ee630cd31290b11887e21d9a5b15ef16742b2866f0d14c10684bd8e5f9c11be
344b0209-cdd4-45d9-9b3d-0b79e81515c8,train,d5234d267e4c1f861ef9065f27c2c10b73b664a4743e6cb659292e1e60729f8b
344d68cf-185b-4af7-ba7d-8940c4b59733,train,c6b0c2818c634fdf66218da496a2d6667837bdad541950011e84f172da6d3e8a
3450fcc9-fca6-43da-a93f-22be5e4cc4be,train,71c6be73e709b18dc7d84de5036f9fe7347d9557d92396cf98a0e92c73811035
3475562c-a8d9-4a8a-a607-4e44ebfe8e1b,train,46f35339490921be2b636fb7027a64034c1726f8e28fc3f62b54f5473a7bdd31
347c8e04-08e4-4d2c-9f61-ad4d7414cdf9,train,785427be017cc1a600073d0247be1279cb86ec30c70ca66306799438ed7fa3f9
34802a63-a8e1-4145-b3eb-271d76f87608,train,8ee8ae6c3d2d7a68feb2912beed2121bdb7f6df3bd04713fe99d984389407cf7
3481ea0d-666d-4c2a-825b-bbbf2020ec56,train,c865f5a366a85afc26868578647f7e8a6e98d4d0275901325204fdc9786478d2
3496d409-0457-46d2-90c8-2d4daf947053,train,30a5c299724a52146aca349084e0e7e82643a0f3cafaf5014fffe0b216165cf1
349c66d5-e069-49f1-8bd9-53c576e84f69,train,b9bf77ee722c1f39de6de3a855246da1d99065e31aca9101c26f50b56199cd04
34b4c203-9c76-4647-a1bc-048cc772c81e,train,9aa9861e320b94273782d7491ad1ff3dd434212a774ec0f2be840b9346114715
34bcdbf5-a9ee-4a40-afc3-cbf76070a10c,train,ef3232a5271d22a4df3d5af158bd06d28aafe24e8d2c65853f283b6a76cdbbe8
34c375da-0576-43ef-b48d-481e563ab0a5,train,fa0d655250f5428351dad30542b83d904cf2f65b1825c818720cdb79dd373ca2
34cdf903-d01c-402f-9fe2-a104ad377947,train,494b34dade65c4bc3fac961b9db8577d51b7c50066c4a24a91762864e35889c7
34d69899-a50b-4169-8f9e-ad5d96ff3efd,train,50ba1021fc48496dfafb657f866eca1b94a30572b363d2a2ae4cd3c63d32a4a8
34d99a98-ce2f-4676-94d9-f2735f369bc3,train,7a1eec544e11d0186fe01c559c54dabc41e111012b18114ea962ab78dc2535bd
34dda260-572f-446f-9cf0-153ae7ca73ce,train,3666208b3bea37691debfc5ac9f8cbf3cbaa40f850cec967d326d689527799e9
34e194a6-bb62-46ed-9d85-614b5c0e5979,train,721c36e030ae0d8ee40069674a4a643a953591f307fc594f04c5413bf7ac2da9
34ee03c3-22f5-4e89-b73c-cb467f660fbb,train,ed18a4fc1ccdf5354860694edc226023d2a585651c2cbbbd13ff416224f14d0a
34efec92-5a1c-4bc1-b2e9-5057e9e73bcb,train,aef586e1e2f59097609a49725eb0c13e8217af121b10fb1b9069619c24207536
350346e3-52f2-4ef5-b8ef-06426b65d0ed,train,8496b500770cd278ad7ec94a2211c6c95f36bd91603ae28caf9b7cf995fe2368
3515728a-f023-46ec-a635-649174261cf1,train,eddfa662f11228bc758b8a92cec15c7fc7bdf1b22042120f2cd1119be0767544
3521cc2f-bb8d-49e7-ab1c-d31be5304cee,train,ff41c8b659bad63e519dbb14740ef0438f2b928a25547da2094e0e4418fb66a4
35243056-bdb6-4348-af98-26ced19461ae,train,8d71c6a03e85ef29ac72e397d868c847cdf1663dde03f421db82821fbdbce7d6
35248637-5ae5-4368-aec7-a0acfdb023b1,train,4913846f3637cf9ba22cf4195033da35a7432e6208d37abdfbc2978d0bb21e3d
3528bb36-1afe-4477-a789-b5e56e0c6751,train,1df38b03325911d2a1493d67cd4ce63929baa7c92648e056cd0b0d186dec3ec6
352aa99a-c624-4f63-bc04-71f43639f0a7,train,5970479a8280dcf5c7ac03130ee2426c2c3f43152aa58d2d8f8b5c09c1b75c4b
353dcddb-46a0-4a80-a364-2623610354db,train,1d5dd3895a70f90c61b5fbb7fe01326dbfbcd7298b9815b643b61cd9f5adb635
354521b3-7c41-4973-9255-a686d24aed4c,train,7c8f352258683a6a58c42ab485680d03c8b8005343d13af85d44fb9a0ff1af20
355de757-56a5-4fce-a5ea-56a4e42bd544,train,7bc195ee8e9308f282077e0a82c7d2c7826cc72ba9699073b550ed99ad078b0e
355e2607-ec4b-4073-a53d-0376530f3e2a,train,9ccb4a3b25a80821088e7f2f819b2f05820d4460ed1f635d4585a980834685f7
3562a25f-5e87-4ed0-9c79-8ccaa7b5dfca,train,f927223a440db6d0963d0e1a7e079f85da326f41adc0b88c731ef52c15f2fa12
3571462e-5aaa-453d-99a6-bdfcddf38b4e,train,598c4a47d0cdf6e65be3c0012e346fe9ec72500c2299a2fdcf96657ddacb8372
358b00f8-6836-4a78-9f22-591279ef863a,train,af39ddd14e9da5b9c1003880fad23f04cecf6bda7b082c8349c97eef01436ace
358db3a9-a87c-4133-8f78-d522fd718212,train,3952170d14e880a392365d41ad4e26c3f6697f3636d1c16b6b9bfe34054ee48c
358f6bef-752f-428d-994b-f2b5c4d7b99b,train,1b3dfa0756efb97e918154d0f95fcceea37e3673ad5c4c81f8d9d86268aecd1b
35a6c907-58af-46b3-b984-46f560e725e7,train,546c95c014061c90ac06ae240c606e45d7240bcc86790328ab7bbc78d48d13de
35a8d1e9-2a45-4669-a24e-2db3abc72e62,train,e9663c3d2b0d57a1ee72b00ec7c70714077e27af43d95e9c905cba3eea200037
35a9b9a4-48ee-4d71-b73f-9c9723520923,train,b42d6163a7c8811439b600407f19f87877eed0f7fc363e0be799c3241452fc9f
35adc092-270d-4884-8c99-0f9d1c9f724c,train,53db471dab82203f72f5f0c45b9420ad56ca0e61eb90e780b88354bfc07680bf
35aee9ca-40eb-4b8b-ac47-67162b55690f,train,514c5e157c25a32a321c04b1a6d13e6ce6e9d28c8331ed5e229c01c29a0b3e11
35bca649-4e3b-48dd-a39f-16911537eb31,train,7aa8255de78555ba61f34f1c66d3f943c06516bfefba9d7b1882e1fedb8c8ce7
35cb8d2b-5e66-4505-aeb8-f5513ae0698d,train,600a5251e4b79ca0b96e89d95bc10c8f04a312fb12c40fd30ab31e87df0d97fd
35cbdc6b-6dd7-4e43-85fc-1f35bbb7d9f5,train,baaa6f18dfa8b32b282cecf525146991ef38deb1007a833b93ce659bd2139930
35cff652-3735-456c-8639-838352cf7af0,train,50623db7b14a282e961444fb8f798025ba9aef07d067218052dc53ee0199311e
35d2f285-dca3-4688-bb0c-a9e9d746715f,train,f3e2fe4a06db8747a939dde05f54ad2431974fc6cd0f68374b84704f0aea16eb
35d931d9-be3d-4096-ab1e-7581fbe35891,train,407c19579b5fc9df9a1e2040f77e8a917fae048f5a50231b048b61311a69e141
35ed2d33-a6d3-4cbe-8b97-5fd8d6920e9e,train,82a5c2fcd802ab996e1e94be4bc90e1078d8442b077c904620eac609bd05666c
35f1ef30-9e5a-4cf9-b9e1-6d6cd6133792,train,f53e6dff5ba45f345788073c7bbee855dd013f0d7eb2de9dbe7a018d782960cb
35f9a2ed-456c-4790-84d9-60e16975ed1a,train,d371911c128a39f146d285695eed9f4f0fb3b6a5f22d323c73834852f760589c
35fac8c9-3447-481e-87b9-dfd04c23f405,train,664976f7a5e41db19e7990a09c0b1dd5192cba124896fcb6eee32093c9725235
35fdd469-8004-479b-bded-de0975af5a80,train,f287f0519353436edfb502462a4e2b46d5a77c699c1120a7dd8856238413ed6a
3609ed9f-0c9b-4b96-adaa-e2aedaed733e,train,013f2a43b7f5e5da1561e6fd1d620d1436ebc68a8a4ce9b591ed40f8d7f8fb73
36214767-e1d7-43a8-b307-662ede73d010,train,cd5dcf4b89dfacce534152e2b5987aa91780c433e0ec3a0283802499e3dd21a7
366386b3-57a7-4d65-afa2-55d7740d9813,train,e16e884fa833f459d8cfab7c3896bad252004cae0d05e7a976351cead2f384eb
3668b947-0f9c-4b43-8c79-e772afeb27f3,train,b8259159c736956885e017740912b6b49a587cca77c81fda8d3d753886dc79d7
367828e3-1654-420b-9162-952702730277,train,8bce1eebe16f205044e52a237008e80166f5db634881b6faa58c6fa486d613c2
36911092-d576-4b53-8d96-63e4a597b107,train,8c030f49901652e5d521ac5f3f9ead9a1dc3a5bdb0b563383362a3b210dc5535
3696b4a0-bd89-419c-b9d8-9ced5b1fa29a,train,73d12430fc1c4b51170a96643c8d7d92f0db98c38d60d2e20f05929b6c1d29f1
36a1fef8-7b2e-4a96-9df7-dfaf55562dcf,train,1f86a1c5ece251228ef97e6575c897664cc919b50ae9d91d0980d1b4c1884db8
36aa0d7f-4757-4b66-b47a-7e94b5c25a55,train,007fb1d1b257bd6d4c4e7f5bb6974f9993f5797119312f72d4b403a0154d4b16
36bf4094-af38-41b4-930c-e5145c4a5aaf,train,fb784f0799400cd6fc210c13183036284ca2ac49f6877277c69218f738c38e4e
36bfcf54-37a6-47d7-a651-7b5d53d98fa3,train,a7e3de782f862f722c85bceea3f935cd342b5562e08622827ddaf02a8c755bd5
36d786d5-b529-4ceb-ab79-1eb47e155187,train,4c887bc534a1ca5d5bce3f388361dd872ee89d951a0f3a4cf1d88a2ff9b674ed
36e7f5dd-3678-46e6-9614-d5d4deba9e5f,train,810a1658ec1c178517d12525ce033bcae6a0b9eee59d79a1cb4ffe07a03bca12
36e9cbff-cd5f-469f-82bf-cd360f3e5707,train,03391611efd0594f28254552c409c531b750263cbb3985b89cf0ebaaf7b7c064
36f60028-e6c8-4e98-9530-a452dd402a74,train,1d467d5a2fe406fa77e03c768e3a7c8bbdf68df310334ad02745be4cfcb8218b
36fdf497-7069-4fd8-b5b7-066f2dff2bd8,train,8fe3c51f4b6c42d5b61dfd65b30d36ac858f2d7b3e09dd592261560744189bf8
370e6b57-98df-4217-8bbe-78f5da34706e,train,20280eb7863c602093062349d27c2fb210e69cd52479a00278edb6bef5f0d782
3715caad-e012-434f-ba83-ae50a4ec14be,train,0d2953d0419425356f7db8e5560d4befd660c00d73b165fbfd32923ee5f2e9d4
372385e1-1879-4ed7-99a6-f10e91ce10f5,train,ba5faaf45fdb2ca1a8a188c0ddbe9b818e25009da5f2f38539b02a749ea2f041
3726b320-64e6-4ccd-92b8-204d0ce2d4f7,train,6206b393c5cf62a29d05b1ed9e804638c9a246e5d7c817fa8c0fbf40541b9383
372988df-4f38-413b-82ed-3079bac7822e,train,f9698ae2313a6c95f83a36c2106048428e3999cda170d528d00e372ad1795a37
372acd0b-b407-4130-9e57-668e8b9ed64b,train,78a5eaf4fc63bd661cd9d4be18c127bde8cf709fe004a1408ae65eb4b0930308
3737156c-0511-4aa9-b7b5-cfe89507d6c8,train,3ce3f79c855aaf5b36a2f0a3e6013bbcb7cfa9ce577c18138bfef5071cbf4eb5
375a9777-bb66-4789-bd76-59b7c72d05ee,train,2d3df72d03f4378d62142277a6aa08053e86d18999121d3cd147ffcaececcfe6
37692d4c-46cf-44c7-9c7d-b669ab60259f,train,e652856387d4d2e93e9ac755ecb198ce64aec0ea369c39cd07e164eb24a350a3
3770e250-8fd9-4aeb-8b71-2d995e72a809,train,47cfaedae5e5ba2a22aa253bba63cff05f93561c147555bf95bd0a634660539e
3771d63f-134e-4d24-8354-beb69491f389,train,c43d3aed965b8ee0bd1cce2c828e6df2a9ce4169a80c56afb496f00770b19a40
37817674-2806-40e5-a960-179023c3bebf,train,1e37ed35436cbd4fe1ce2ac64e8a07a10a2c532a4654adc66aad852ae619a0e2
3787ea31-518e-4b00-9bcf-43dfb1b1536d,train,1cf0eefa580a6de59786c1edbcbdc63dc5c07b3794da1359a37a961d1cad4b88
379cbabf-8242-4599-ac6f-834e65d53233,train,c6f392f6cdea65d7ed892d9c9742ab8e4f6f29c3bbc9ee8a5200332eef4878a8
37a420c3-332c-4b1a-aa29-35b386b52057,train,3bed57ad0e6fc21d421c8a21557ed2ab39e8f65a5d8a270dbdf1c9e039f718a8
37ad5667-a02b-4f82-9626-b9187e66114b,train,31688f988999008c43f389538d4a09451ff160c71b74401034292fe5cae70efc
37bbdd2a-2fda-4fcc-bc07-4e2a9c80b60a,train,6e25126ae65a6f0a2b2df9dec3b3ec3ef27d0e05b9fc8bd0b0fe8b3d3e267bbe
37ded9f7-4114-444d-a0e2-89b1dace8bea,train,2944b8067f77cf3cd6c7cd087ee5c5cb736a85d9bc14aa88940c926bcf49f39a
37eba960-6ac2-4105-88f9-3e6d64e0f07a,train,587df233b6af867a29911f0ab56861b18b53a0d3a704a9128a192e25cae13200
37f15009-7011-4d3a-af02-11aa252c2077,train,ea0dd945d04214d3f80bd3886ebb1b99f191cf35bd1b16fd9d33b52487c7c130
37f3788f-afe2-4cdc-9c54-680698076a81,train,797bf929437ded18ad8e6512dd41424b0bef4ef9bb538a31971132dfaa70ba4b
37f69cd2-a805-4161-a109-6daa85095c5e,train,a6638cc0497d791a842c4a0c7f7f242c9de022ece9950b1de150f3556ad4fb7b
38048280-1a0f-43ee-bf4d-a98d5f788681,train,2e4c5fc4dc0a07a8739d4b152d4bfa3fbf3ac6bf62389e18bf500b07b7ce19cc
381721a4-6dbd-488c-a462-3aa78dcb4410,train,83dc7e9926958ea47eed222db3522b6ac86bdbcf70a85135229b4e068ded7420
381b9dfa-7693-40b7-98d3-c1239b5e75ad,train,b78bfb1871c750da47010aa2a764bf1cecb525ef436a6e1a1d49304e2d64aa06
3824f6dc-a0b0-4725-8404-cc1d24e3d4fb,train,0361eb32dd5a041e936a2aad4ee3e3e063124a9cd91d03aa703e1ee7f048b570
382f195c-83bc-4ca9-ad89-3138da07f4a8,train,b5b2ac0f273b7985206a546a6a9b513efc604d335b4ff68b7c4d0f7b417cbdf9
382f7242-207c-4002-b47a-8d5d89c35a27,train,cdc5cf04f3fb75a1f259d449389a7f8f8b9b4f49e4b8018f9db9ee317c3aeaf3
383a752f-fcfc-4ae5-8bb2-b8a604fb27ab,train,727471676f118ffc449d246b63c2b12e12f4ac66f6946cfa6771f31b25e240e9
38831bed-03e4-4663-9ab6-9fa94321ec2e,train,5ca2074fcf3267689fcf4e3ed3a4ae0f1b26fae1683d45c8d072e07535beb7f5
3887b446-9228-4be4-9fa6-da5d709345f7,train,8932d72b1d3151d7c7fcbdae96fd43a922a8b98e2fb5927cd1d799075ed19b1f
38927c19-ec92-4265-950d-aa2fa728a2d7,train,9e636dd4ec0773f6f448a4f1f048fc98024bbf915461ed86866657c4d660f034
3898e703-81dc-4f49-a487-867ba2732799,train,5ca6e474b8c6babf1c4d84ae9ec3aa41274c7bff5e705a086e61dc2da25605bb
389e4617-fccc-45a4-bc8b-99bbbc6d81d3,train,ac287bc38494196ddcc18f93ba7d05976ed1c3193fc3911f275805744f7ae62a
38a0820e-4824-44fa-b57c-59daf7590c6c,train,8c4c68dff299b26c5bebce4bf885f77634e2a389999faa551e02df53fdc20137
38ab2b07-3538-4476-aff0-428bc1d050b4,train,ba8e12b1ab8a5192a86f1d159a6793d83b428bb3991d2331ee9c1088595b61e3
38abef6f-25ac-47dc-8825-54017e47e530,train,0b8ea572b79e2e736499f52406404c0ed099d57b38bf47cb40151119a96bea7b
38b49f4e-f469-4dd4-a273-62c1fc35a94d,train,6eb70223823687f1ba733d57cd8e0d47ba45415b7aac5be4f438ce0aff57cf95
38b54f02-3116-48e5-af4f-b4d9ad1f0e09,train,95112432237c937f2ce5475d12674aee0e5dd83dee54acb44d89aab62a515c17
38bb4ae7-a3ca-4d32-b7ce-d5e179f4a812,train,21f8112a28d55ada6fc47101164d109d94625cc5d5881d3b1f473d3c00ad804d
38bf128b-840f-4f65-9ece-28594de346e7,train,0973a20e8a6de6713edbef43e9d57f2a0e9c6d97c90de7c77570aa7ebb2425cf
38d0e11c-a323-48f1-9372-40e660d6a126,train,ba52de06d184deabed2bdc755c08cfe56020e75a332d468178063766b58fef66
38d311e1-ec38-4944-ad16-a9ae43b522ca,train,10d0f456506fdd11021ebfa60ba326b3333a12954b08a87ab02f06f5b29d9a9c
38d82afd-bc5c-43e2-8c75-508d846fdc8e,train,7354649e1e887de1ff1756c52af077b9ebf0e276542a8cfab1e74168a1fa1784
38e8c2c9-86e8-4cd1-8503-bc999dc94a30,train,0f4a1c51d315b963c4dbf777024d97ac0be456d1a44860dd6dcfd00d63e4b7db
38f37e49-ef27-4fae-ade2-cba676a1353a,train,f49e491d4b56aa771a4661dd0aac00f027a84c7fec114796828d37002bbec793
38f69e85-dc12-4c23-9c0c-26af80efe3c3,train,d54b1fcce5cf75eb49f264159e5cd2e85dd20d8574618880e0d38fe12bee9c81
38f7862d-e39a-4afe-ad29-66ef59a30112,train,5c08a587c51343701336e317415274b294e0972fc9f0d4d2fc95a4086d25cc87
38fa62a9-1ef3-4afb-b4aa-aa9c6b10aef8,train,3a58329de77f27bb6e3681c4fa387f72a8c69ed7fb12714523a74a14ce5a9a7b
3910fb81-ff35-4d92-9715-e9e8e6ad0be6,train,88dc51703642b3101be900d804444e98409b66fdb1051cac1cbe061afec7ead8
39218e51-0c88-4ded-af0f-fdbaf49b669a,train,1f41cfca2e5d6cca3a14da153a160247b6d22636647bc96fddaf4675e15c1188
393cd047-dd79-4cfc-a00f-aa64b169d70e,train,43509b2934f4f417dc8299225bcd02ec7283f28160c3b51b27e15fb5171cda45
394cc7e1-4b72-445a-91a5-cf9bbd099533,train,51c57e94d840c75a1643ab2115a8e102efb4d5f9f673ef95315889b54ae1e713
3956652c-b84a-4740-8b22-79e0e3cf0deb,train,7519680ae0ad507a7a6eeeef2421d271a19e031f24273f83c753ac78336d656f
3961ed33-75c5-4f3e-b981-1341e292e203,train,ede95b9ae14137c2037499a2ee2e1484b5f3a08a66db6a04a309be9f63a5b8ec
39704163-919b-4f59-9054-2260f2bf7563,train,95c9bee934c7b269abf2eaf97ae8244ba2a13dddb21add469ebb6a9ad98eb472
397472f8-0eba-4188-91ea-d63248c96201,train,ca801c798a317dc2d3875355e1cdf37cc4b75ed7357c449b565db3e42944064c
398463ca-3acb-4aa1-b235-94132d6e4a35,train,6acea3784dc1f54248af6f20056fbfc8f4864df1e03bd202b4766ed595e10377
398712a1-7a46-4c87-9a2d-6ce92e51db22,train,3ab24200ff2aca97a7780cc8b25f6bbf7eab99fb90b21a4b14e80d9af46c586b
3993e9e6-5292-4fcc-87fb-9d382c9cc4bb,train,bb3a6e46d6e2c3d81eacff487039e5a3d975aaff092a81c493880d28e99c8518
399768d4-060a-4694-9154-540103345485,train,72a05e8af449aa6a37b773068ec0b9a7145fbb3b81dd12cb7ce19bf6b2fa8837
399abdd4-45b6-4e75-920b-bfff1f4640a3,train,e7d1a07b80513c4f312776ecc9d7a0f7480b4fb0936a0575b0e24e2546314ce3
39a79a78-c12a-4909-be2e-a32a75e06dd3,train,0a6af5e76520e8496c9af20cecc5660ac564aa09edde9a1340bba786a1c02dac
39a7f8e0-1f7f-4a86-b2ae-c67e2ef318aa,train,5977fe734b81ebb2003c12f09736d835a8be8e3995738a15bf16701c8502ab0a
39ab4a68-1bfd-4c99-9177-7234935e9fd0,train,831e3a516667f65e1252c77a0fa381d67c97df6baabf313e02761d28695528ad
39b071a1-f3c2-4949-b736-2d15fb3d7919,train,ccd55c9fe07f41541a156235c0d590b3a0129bb9f654f3d6947676b0daed9ebd
39b449e3-b69e-4026-bd05-111a4fcbe17a,train,f8fb9335796485d9851cea5e81c450e0e94dd373d9e80cf3e41d3c4fde365d93
39b72edd-c8d0-4969-a956-9f011b680353,train,7fa3e80b2b51ca1ff85df6317f6630b1d32fc7f0222f661b80858a5f3879e563
39b840e4-455e-4b6b-816c-b5382310af36,train,9b27e93c6465a00bb525fc82c2856d77fae4591efa8765cb14640a3ce7683203
39c05c1c-c517-4a7d-9920-1a9fdeccef86,train,1baf9c4ba163dad3a6a9c0ec5855da3bb43b6b2e2aaef52ede991dfd0b5eab75
39cc36b0-68cb-4c28-b910-2ec685d1c1b6,train,2467acac7abf9bf974f633a30a9c17096ec0d401211b0e5e463d82b943effaad
39d4f78a-2b64-4cf9-b469-8290c6244111,train,e0b037af3ebcb2aaa0c402fbd0a5e62ef398dd81304082b4ec7c6ce5074097bc
39da3940-5943-492e-b683-df8e611d2bb4,train,6e8f60b4df58d635d90608fbeb30537f7ccc15661f0bc89f4ea742dcdfd97249
39f8eccc-e3d7-42a1-8218-92dfb9505e05,train,aac9d159d0a51e2b58cac924ec21fe195155dd0f8f1a72321c74b1839c92692d
3a004d13-b574-44a9-9656-3e2fdd0116e9,train,0aa61b103373b155ef8ec9bbbf7ddd8daecb83b0f0d0945fad250f602ae82377
3a010576-7027-4880-968a-f50f66dbdade,train,0abc3524486a5ded78fa23989223ee71a5a459544287fc54500993699d893b21
3a1832da-e2ad-4482-8695-7c86b95e56f8,train,b816550aa99c6506bbf7e70e4720dbd8ccbd7868ff4eaf4a9ef1ee5263e02f75
3a1aa431-a5e3-466f-89de-6ba0a5661cd2,train,4c384bf7b2599c052ac175be718b88f36b057f38aa751bf64d5a69505068464d
3a216785-85ef-4985-9a96-4d7088169b62,train,4bb4dd1d82a4e28fd509669d732ea5e115530b26f26d0a5b786d70f41897192b
3a303e03-5e66-4f6c-8015-83ca432d21dd,train,9225e7fad798d73505de33c066ede46fab49b982f37dccd8348e80303ce1421e
3a314894-a26d-44bb-aa05-0ce49e2045fe,train,9773d4ef040d94309d4f7db5edb6795d10dcfb036436e53700227220aca0acec
3a348ca0-9daf-449d-bc9b-bb92f80a6ade,train,296353df45a538556cb233acc84fc6105307669e80af6654e724713e8c641920
3a3a8019-9cf3-4a3b-b2b5-c87d614a0034,train,39eeeec963108cfe91f76b7c3b4b190e8ac0362c62458278977034a627b0cf34
3a3b01a9-4fb2-4ceb-aa0e-4c79dc4e0342,train,976258e630779c121d326b463fd62ee29f4b2163d282b07557f6f6396ce6fa38
3a4c5c9d-dd0d-4c7d-9388-147fd57a156b,train,e4169519d53a73613372d469126ea9c020fec07acd75aff1eba0fe462e8b633a
3a5d4c28-65ac-4aeb-be35-bf41ebfbac46,train,f44c168c90bcbe12bfb05faaeb65e7a8d00d921778a391e69cc566325bcced27
3a6262c8-9b8c-4d94-afbb-9b166cf302e9,train,6bff6e741f5fc895ab1bd98fa6e64a3be2fac33a2cefda178a77c991fc4801b0
3a62bb37-ee1e-4eb3-9128-01269bb28657,train,6b58934380caa7be64e19cf61e58ba7dd637125da1fe69ba364dd1e87f09b992
3a79e144-a9e2-45a5-91d6-31c189a6e4e0,train,01d81f7fe4615a0004a7ff140ca24b8f6a9892b0dfa289744d9c27e355859c9e
3a7ecba8-bd3f-467c-a66e-56c5573d00db,train,dae3ef406534a31fdac024cee740a39bad657427f1e2ac47882ff1522aa183df
3a8d1226-6332-4767-84ad-dced7c919474,train,04ff6b5c307b1adfbc90fd401f1cb867541ad36cf18547ddc713d54db97d535b
3aaedc3d-12ad-490d-a2aa-97072266bd87,train,ceedaf371920db24ad2b64426648a5052063806b8b2c3fc8da0f3036970f0c7f
3ab3d1cc-30f8-4027-a6ae-b0406dbba6fa,train,ec06012b5d14a717b71df8758707d9fe85161e0767efdcfdc431d5480dd73a92
3ab6b270-30bc-440f-8550-9e3e9357d262,train,2b6c6611c9be664bf6276beacc8128b96e339e04f48274b17bba64d7f0d54fa6
3ace636b-3a61-4978-b751-fc2ce72853c0,train,d4d619e1ad6de0be25bdc68655f8d5487c7e93b8a72e60afb7f7226133afa5f1
3ae77acb-2c90-4d6d-8e3a-d81c6400fa14,train,e2e4caa63270369b75dd803055bd085aaf603b07b4e1489bbe25772140ad805c
3aea14e4-f38f-4b4d-84ac-a9638b20cb89,train,0604d4f0e6ba9976051a22c791c2b4ad060365bd56079e24b181e24a3231fd8f
3af6399e-ff35-444d-84d7-73499ce6658e,train,84f9cab8b5ae6ccd0abd4b06e7ab2a18aa7132458016adc33e65b63f084796eb
3b1ca249-eb2c-4231-b1e5-51c4b83a3904,train,f440a25208a185012a8799f8fcb3eaef2917b6ec9c43f9001952b1e7599f4075
3b234190-d3f6-41f0-b7b5-b8c165c54ba0,train,7a0cb4d936f22129bd27feb194ca1b62a4db6267b927c2edf80bc85c9dca8042
3b2650df-a839-445c-b57b-08e1d8b19146,train,3bc961166709552a018d7abe43c8b49e41cd9dc00f71a9d5b5b63737f2791aa4
3b27fa30-fa47-43ae-8154-9571fe01a535,train,56315544b35745a8e3453d34a5d19d6c66ce0c85e3fc20a7c287faa71737e48d
3b281c6f-7d6d-454e-87d1-142bb961eb03,train,3f2b91e606e7ef6bd4edd3d46c1267e4eb2a06b931ecd2124560074a490bc3c8
3b425299-891d-458d-9e74-1bd0df100b27,train,e18d18d9cb69d1280fc8f65836162cc46d55c3a00ae727372efcc53cde47ee32
3b454647-89d4-40ea-9596-5d39ab362b1a,train,8d6a5feb50bf5b820fd31e1a63de7c7a92574ed3fa6dae9b0b6a0895005268f2
3b509d05-956c-430c-a3b5-4ea2297f32c4,train,36e04b0f329c11275d519b9b6423124af7f2518dbf9249dd68094dfd72ba3a29
3b5a9e88-3eb4-4970-8d41-ae20f74490dd,train,f75b61a402cac943199777e2745e945452c761991a87dd5165fc84334bf1fbe7
3b8c69c9-7ccd-4fcb-a49c-e184979475ff,train,25544ea7caa102dafc02054644c6ab12ee9bd3a87e8550e3780c56cb11bff181
3b914520-d447-4080-85fa-dd5555de349d,train,3ed4132200cd93a625fa0450c674034a16c5a26cd65b4fdcff8596745ab6ce23
3ba7bb71-f170-41df-9147-b5932510037b,train,2ec1e0ec40520350a7e8add42232e83990a2c78c01b8e26d154fbc557c9c6485
3bb6781c-3ad0-47cf-a4d1-2584e7bd8f74,train,633c988d126c3887a77c03aa0b58d7f6e436cf926f72c2aee783b3666c0fae7a
3bcb9490-2e11-4619-a535-677056eac56a,train,ae4c3a638572fe94603645b88f6098e6804de9865f7fd690104e78ec9e2bfd15
3bcce04b-42cc-47bd-b0af-57059a8fbe74,train,c4ce79ab8d4f34ee3309b097d7bd0343a66568c3fb60a36c1f3532a7e6930767
3c05365d-983d-4ff8-955f-cc194ffeb5a9,train,d3ff93ea17ef924534fb23c59d0e7d6452c5d720afe1dc6ce1c36a54fb3fc6df
3c057ebc-5d43-450c-9bfe-9a25a3766143,train,a471416264e50864bdcefc5187b8dbaa7b1154ca3d322b4f72bf518b3456533b
3c08366e-f3b1-4c59-a91b-e8223cfb52a0,train,4ef2f1cbe76cb2ed52d7c92fdc1c6c454b290641a03b2bafb6cc345e671b0bf3
3c15b1a6-21f7-49a6-bef9-b41558cd18a7,train,316b3b924ab929b8efbf68f9fe86d3263c11a7004b7c72c6c0168c4b3945567c
3c188d16-6c1b-4417-8b31-43e06967eba8,train,c4988cefe3702fbee47f103f83c2e8733b59217ce246975d718d30a4b74ef4a0
3c249561-57d5-470e-8d15-82cdc1276f10,train,65297c6bb2d9a7010d53208bd2c8fcade4bba7321f31a5486492f06eeac8450d
3c2fd2d0-065d-4bfc-acfe-dc64c7ad6246,train,799fa88cdaf454aa6bf5abf39e44a7ba0fafd7445e0d810f5b6ac606f7642678
3c3d2086-1e2a-4ce7-8f7d-d7c5d18ad8bc,train,e31eaec7665d8f67d7ba756988bc9568ae378ffa5a7e622b4d4774a7329b514d
3c4b7f00-0f91-4003-8bd1-9fc3ccd0f5cc,train,205c53b9b891141507d8431169af2ebca5ba9e3f0c7bfcbe36130497882088cc
3c518c58-1030-4d23-ad4d-c0e06175d3fb,train,cab928cf1633b14527172288837824df147e21e6b6f3924ba80f6fcd819b7e64
3c6f2425-63a8-4e61-854c-6d6c9c386830,train,460554bb9209dfe70de8599f3a61288127edf26a693a52c5241d3f2132103f97
3c766753-9de8-489c-8135-d78ede82b2af,train,14c6128f4d9ab4829f5bc36f4d9fa721405608c944d38d08f66471326f477b98
3c768881-4eef-41a9-8e12-e60620d62a06,train,f7716928199e58c965963b546648d6db968aab9f89603b9ee850a4269b960895
3c7d673a-2151-4349-b2ae-df53061058f8,train,6256b762f65908fa14bc6af295cbb187f99e4480ae50e8d32cb039c932d1a823
3c7dd821-38b2-4779-bec4-69cf5f3c1b68,train,e9f9652965837d38f83c7a601af0e6bd562c96fe9f9682cb4be279045b99c598
3c91bacc-82bb-4ade-bc49-5d50421adbc1,train,dda04966c75d47e67697b090ceb8b8540a8834f0d8cf79946596b303b270d0e3
3c9c3622-b669-495d-8d46-034d3a210b1a,train,784587a8687312ef001b4e1d636712f1934a5b93189a36daca2a8a068787cfb5
3c9f2afb-8993-4f39-bbb0-0528f60f9bf7,train,5a9039e6a1f7bd1dcb7eb821e4e139fc8f4ef1a61f366394207e37e6e00d1627
3cb0c381-cd89-41f4-8309-ddef12e3f101,train,78f9b8c109c3b5456b5b2260c8659e815253c4213bbd2dcca021dd911c6561a3
3cb30286-b663-4933-8735-a464f514381c,train,eeac8e92c9ba786a515e8720e5122eb367fd2e60cc3167f44560712b898ae4f8
3cc805b7-f149-4434-bdb9-08dfd55a3ab6,train,ffe8228fcfc7c8569f227fc77a6c02603efe0e329a7e959d36353a3d80ea6011
3cc89b4a-0e98-4ed6-bb34-6019df449879,train,db3ea4c1f0f43a3a82e8db4d64282ad4e6a17e2766e385d2fad217205c1619ce
3cda55b5-f329-48e9-a105-e772e151ed23,train,0d7152f7f248c515aeca3e15138e25a0343be01713cf58da8cb609d7cc35218a
3ce37031-8c74-4970-b72f-223e3ee54696,train,b9448d5ac12456982d75820359f9fee2aaa99b1a2f2d97cebc91da253ea0e057
3cf7a883-061c-497c-a79d-75be96b44354,train,379618626fed38f94d920311c0602b8398c0959b7abfd68f5222e50b537e505f
3cf89379-0fd8-439c-b1c4-fd8e0d7468be,train,968303eee58d03a0591133682d75a25daa78742be43f5bc2c05af7d80a6ed88c
3cf9af1a-c22a-4810-a221-0ad30eb37895,train,c6ff96000c0cd17bb28f42e4bd04c3f5acb5c72805d54c88219868fd8a978fc0
3cfec507-6e80-4270-9dc4-967c28d01841,train,f7d6f08a28dffb707f30a9ab84867b929d934229504da5e8c9cec5f9960e7b4a
3d007419-7bd1-4ca8-b593-0e157affdf8a,train,c4aa2856b2d3eb3f1a29122a4fbddeed94fb041dbf030b240816f16073a7e7e4
3d0a0723-c470-4275-a7d9-af902e0351f3,train,375112334d8c555947507bf03f89b2b459e840e951f9af83f4398c6adf6ab951
3d1a604e-ee7d-40c0-ac87-a5397088fe03,train,94f148a7df02218ee32b8dc9288cbddf0c6467e4140e09fc078c55cf6e68fd23
3d2f2d9a-0556-4c1c-9153-f33883a71bb9,train,6ec95cc802e646bd2dab9a84659010fd71251078bd50bb8c75db1e5f40773f2b
3d366ca7-5b95-42bc-8c4d-260ca7413c35,train,a8938de9916101837c82cf4667f817c30c192ca13541c800a025737f3359ca26
3d3bdd39-81c4-4cc1-8be1-9108e5fa9205,train,5feadafcea87c0339d3f47f18d3678caf1fb4ac491f4b2bfeff3b146ee27d5f8
3d4ad9dc-90f3-4949-bdcc-a6b8e9f652a2,train,1a474110d5ba7a355cfd47162ab59c13fa557d4422beceb0b5a62e7192b8141e
3d7045c4-b3f8-4158-92ab-28eaa8cf3fcb,train,037e9d4a423d9600a8f564052a9373e2fde55ae5365c78b320704f7436930a2b
3d7f3c90-4ac2-4890-a255-8b130ae2a24a,train,ef8a5f65d813d25bf97e552793a8afa34c5c61263af5cb6bdf10d19915105e65
3d911876-9fd6-4050-bcb3-f9a7350099b7,train,fe73f2c0b1cb7b009e706c0b64afaa2e3b4785e5731a7c88edc112af2fda3a46
3d9cc946-facd-4edb-af10-89fd19997519,train,1e82218f4a95e4b864ac4b6ab85aaf652532351b5cddd0382607abd66fbe3792
3da9f5c3-df8e-45b6-bf72-7a6acdb67942,train,8d367091c2d0aae276f0b6328ca8bafcb97d7ded283d0f816c8823f807f69970
3dacc27b-3636-46e3-8971-2edabaa8f954,train,dc8c00dd29022c7524688aacd959facfed201a6f14131b949678b973b21b4df2
3dc1d8a1-ce39-4016-905c-9dc4a59a1b58,train,49b74d6b0dba19a2377781558097cea14a2b1eb0a788d51eafb24e3ec49c1f3c
3dd9ad02-f84e-4195-a380-fa34a1089e38,train,5c272a494a3a5ea90949bebdc51223c4c601f0ff95049e85099a219d3ac073fc
3e11da6a-93b7-4443-a7b1-724696cb958c,train,662f682e238e2f675216fe15a935bea68b47c1b0f040d7fce9bd9fc79bd38fbe
3e2cec40-2133-4947-91c7-d7355715d824,train,51a8bed6476ab13e113b92791f0290a38ac160bd6d5bcb579d86b0947d9e64da
3e4e029a-36cb-45d0-9112-5d0ac62fd4cb,train,66caf5a42a18e0488a780c1292ff1bc3d48aac0707bdb428ad4e36f7891ef27c
3e582feb-7e00-4809-ac7a-c00d64104f0c,train,ba43536ddcd280924e64da0f522b1a55abe700e774eed97c130c9a36bc2f9a7f
3e598f00-fe0b-4cf3-8164-2f4c4b1b5b0d,train,e87e0a75d7fed362cf7c16a1e08f893565cb475470ff9814f64dac80a17fe5b3
3e5af4f9-8ce7-4fbd-ae68-c396f44b19e4,train,825e75cf961de3da1fee18f6fdaa3f0b33115add2a5650c7be98e7869b8637f4
3e6a60af-2d89-431b-9a9b-63a475faba21,train,438acd06ae6f558bad5335db68b89e765706842522af8e368679c6990440b8c3
3e92d954-3a60-44e8-8493-9633a5244481,train,d2d0d12aa04974984c328be4e58a65d21a672863a06823e2fb21edd632b12e6b
3eb379d8-d372-4864-9e8d-1b24fcc10de6,train,8541abf6a4cf2db339a2e859557e1e6464ee65677b02b3427d41c3fc4551d061
3eb44baf-41c4-4abf-8f6e-25ee9c98e65e,train,d48a7140c111c2bd0d4040e5ece7a7d62beac7f3f082c350b1cf7a4e6f81cb20
3ebd0953-95fe-4c82-898e-6cdc62af9161,train,9c78f3a226295b39c30bddbbca133d6c3915ca0bf019f470885dbb55c583d9bc
3ebf3536-046c-4ce8-b3fd-975abdfc8845,train,de2eafb0e255293d53e7d1bad0abd6344061f76b69a00c805dbd0a41795e0086
3ec1216b-6044-4943-8b2e-3d8d14b47d71,train,b3bc35155e0cc04e48613afb8c878c5ad62a3f70532c38b6bfca3cd8b39ab0f9
3ec3e2b1-61e8-4833-bae8-35868e94f448,train,94b21ad8842e958a34e5c5cec91dc444a23e1ab1b1c94756f74bdd8549241df0
3ece7253-f41f-4c16-80e7-486100a57e30,train,35249676803baa9df309fefa1cda3a7bc5e0e889d2e0d6000d5240629859e902
3edfa1e1-6e20-4527-8d9e-21bed2f7a18e,train,a81f33c30965fcaf2e19adef50b1ddd5ee6ac696a0fdd21e9d2f6fb6f010001c
3ef914ab-4657-4a11-b5a3-4d6f0734836e,train,a19d3923dc31bdc9bfe53f17095a6afb57b052c0e1778ca765b343de2102dd67
3f012c2e-069a-41f7-aac6-2c8f34e07a88,train,6522b0a8c6e8f3b9e94fbed10be3604b7a64dc7e91431178ecaa82dadcdef107
3f11d29c-a3c3-4702-aa52-607c841b1e27,train,4636c4f625fe9bbda1e1dada7ee6333f86756bb12f67253ab33a80427fec27f9
3f138d26-173a-43a7-8d91-676839844b9b,train,7142150944f6e76de1bfed9a87b3e9cbbc24f87ff16ee201f011e34f4a9335c4
3f17b6ea-8b0c-47d7-a3c8-8784f305a242,train,023b85331947670cbdc70ca2cb2034ef04a74917424dde591573f14fae82a8ee
3f1a04be-8219-4d39-8028-a97a6b5c3f5e,train,2035841a416e31e7812683a1685a4eefcea3d8a15ec21b284142c343a1ea7b4c
3f1a1dd4-cc17-45fa-ba39-4ecfbc681eb3,train,3c06e06cbc5643b67ccbd892559f7efb40f427a4fc64fac0e32527ee23ae72ce
3f212e71-3d39-4c87-87bd-c43f69b38527,train,894121d9d34bf7130f50b9ca01e3c4fa68ca0e35b7268e2074d8782d33bbe29c
3f238166-3be9-44c9-b296-53a96dc1da21,train,8409446eb30032fa99dc49dfff7dc45d50cdf75965a4a3e68cb7c88d296c2ab2
3f279cce-2a5c-411a-8521-e3920c0b7be0,train,66fad0c5d83d3066d4e8203baaec4def8d25fc305f5c73efc89072b4d7d3b839
3f37e72b-af46-45bb-bbaa-3bdcf91be17a,train,dce8e85413366cc525e5f14e954478b180753bea887f0caab0df99debe797f64
3f492aef-d48b-4f10-abc4-df276a309c3a,train,9a7eff686fe420a9f9d5d04614b966b9b4365f9e7fe1acf0a15f20040223e28c
3f50ecb9-e74c-4e11-9684-3e2fe1aa798f,train,72cec9f5c1e64b2d22bf3eefa7a088caad50a9ea165daf5a2cf3e4f2b324b4e5
3f575c9e-db86-4715-ae2b-c1fb82417149,train,56d3c0ae32cdd6784d6430b49f2d72967dcb222cfb79f5c83f319b04df5b1741
3f67be57-fe53-486a-b5c2-b798cf36eca8,train,0f9fc94761b7efebec65a7c66ca8b185e25847f49e3d25b2ad6109340ef6f733
3f87ab99-21cd-44d0-a29f-ab368b2aa39c,train,0b69abee183d2c1b8f80cb64d231646ce7857e4ec3b40e96bb98d848d33dcf1f
3f8cb702-fbcb-4eac-b2e7-85799625b59e,train,5d8bdda79b0617e90be284bf864d7a26fba35de642d2309ff87c68677044bd1b
3f92404b-1e0c-45a8-a490-0de613371817,train,98dec7305cd2f9775c5cd0aa11e20c01a5725a1d4d74c4498cc0dbc1a95b4b6a
3f932cc4-8f46-453c-afac-40ab530b4659,train,0eb1b066cdc5928d97ee48b5dad26b72add9de5672540fbe4f02139b409f229b
3f94803b-fb90-4d86-932c-97096085c41a,train,c682c2c9ba046dc99a54e37417b33c8398bb29cbf738d2e299416822eb420612
3f9e8709-ba8c-49a8-afc2-1daaa8388ebd,train,c9253381327e230df4800c89e44eca6fcd41f3782b9700a58042ac2b6f7347ba
3faa6624-58e8-467d-ba7a-3ec7bf452494,train,164e14d6749e79f9dd1ae6a8cb161f9648a2de354b06a9245811fe180eef5235
3fac68a2-67b8-4d3f-88d4-322cc5243db3,train,14ac549bb7d8d4a5be67b7e9bd636fc10305b842900c9c99b359743e12af0c39
3faf70f7-f05e-4c6a-b011-aef8b9a91111,train,df2df3838249bd55cb67bf11720f5dc8fac3fa0773e5570143876a6999f3d767
3fc280b8-27a1-4361-81ff-a4c0c8281dde,train,85e7bcc5558514981204300c5b18ec594f3dcea54824b8f13e6e209dd6b2985f
3fc5a535-238c-4613-9ec6-de559ce5880d,train,9692ce5956b410fa5a76325c9493a37eb22a07ad5d49c1c5be03bb85765970fb
3fce569c-3157-4346-b8a9-5cdaa5f540b0,train,02cecde91611ae485d6d86e4ccc1cc187bb9380a7f3e808fbdc7510535ab665b
3fe090cf-9087-41ee-87d6-4e35c317cd32,train,6c9764651cc90027b4e1402598257cd0ce664b88388e7e9680e267e0af9f5377
3ff9f221-38af-4c49-a607-4e0ce2f01ca6,train,dd18ff17624de84590c9609043b768feb405bafff4d2ac92de64e80adea90ba7
400f7d7d-ba90-4c78-b999-8b4d857b328c,train,86b048cbc469bdf8321fe75a5a5d2da905e79de8afbcc94537c0e46fab9b01f4
4019456f-8499-410d-bc60-97b2ac449e73,train,c472c66608b059c7341a2559956eee512fb91a3babde3f2034d16f6bc81d1f74
402cb4da-8881-4657-86f6-2b331c7978e8,train,391806352250c5bd7fdd5a046780864bdd667e1149e45229b95fc59f2b63e8c6
404da518-fcfa-411e-85a8-61ac307e3930,train,d42d42da7d4ed90d7483de47636de53d2c079866962d9f7a28bd324adc6291b6
405c503b-c065-4eb6-96df-317df09575b9,train,946f52213627af7ec08b7fc8ae16dfd19c1cb4a2b1701657d6acd3452e4eb1d0
405f2475-f903-428d-b634-ea25b92cd404,train,ad8eb9ba5686f40bde8b0d0c1ad40e65f13fc5c89805cce87c1ce1c53ac99349
406d7c09-1928-4582-b4b1-aa7104b13b8f,train,99db28b7c0afe1e908fadc8257974a20b6d8d2dbb243b8548adc706f70827288
40896365-72e3-4818-ba51-555bd2665d46,train,0dac44f50991fadcd9c88f0cf9d4538b3f48c89f03970be35400587c3b0e59ea
40900b3e-700a-4fe0-8c42-81c05f537561,train,b9b8b49814c9b797eb4074089fdd213c5f62c34223b15867de12d727bea67c71
409ed52b-5d75-4f91-ac0a-a5d5e79ab11c,train,a0d7099fe578aa6fc224affc65637f0ef9d010f2c069f0756be30fb8ca92ea03
409ff936-9e40-4ab2-82b4-9a05f23d02a8,train,285bff7a07db05f8b42c29ff7249d6f1b2e562e15f4531cb3cb50907bac4bfb7
40aa52cb-9a3e-4e3a-9549-e8d815dbda16,train,d0b118758cac4972eef20c4a90ac6b37dce903318de77a7e60a51b50f5af6026
40abc681-2a5b-4d28-afa2-0cc26d2f1723,train,3a911e77cb8cf48d433bd4a6da858f9daee5c609e582e373ff2697e2e5990caa
40ccd7de-e7ee-441f-aaf8-55ae9e0cac4a,train,6ede128e80bcf2f25cfba715efe497764efd97622c37bd46ebf4833857269e40
40cfdfca-dfc8-42bc-b233-2fb5f37b3be4,train,9c70cbf06794322bf9d2a57991299344120b199ff52435260c39dff32eccbb50
40d57b70-a466-47a6-9d5a-d6fd9d441587,train,334630409c54b80f444752457be1d54653d79f5f84bedd168501bc849a64dd1c
40e6f02f-5cf4-4f53-a9ef-3f2492525803,train,c0d704479b3685095d899f907dcf52f7162f5a2f83ce9c691b5e83223621ca49
4110c88d-02e8-4031-9d09-dc936072685f,train,11d4939020bc36518f2be4e4f603efc619cf6343ecbb8b36b9fdfa17e4f1e2c9
4136d578-1c83-4ee0-9343-2a66005db222,train,5f65a93da2550c5b9de337d890465cd67559862d80a932dc186e2fa7d4160d83
41567762-4426-44ad-89e2-50c75b804afa,train,67fd1c38be7cb3417b93bbc6514ca024b4b4277b26d015a87166f8e35806fcb7
415f5ac2-900c-4804-a209-7fe95f14767b,train,a1f13ba3417a59d5c2e7774f9f82fa35f03e22b6716d6ebe1c71f3f42427611b
41641b1c-c3ff-4526-8fc5-a0e1289fd90e,train,b6129885beb8163c86b1615ef3ed321004681d89d31f1b983e79ffce58a6050d
41761ce9-f4a1-4ca4-bcf3-c72f4b3d2456,train,e3d6095fdb0283fa01b96eee662d0fb37d7133ffc7dd017c9cdb511182d0e7c0
4177e409-305c-496e-8a2a-13c6ab3a034c,train,01bd11f7b63aee4f67c5cb169853dccebe907447fad1ec8bb4957412a6e8cdfc
41836cd4-f6b1-4785-8c6e-6cb250f9f32b,train,8f62e7d5242aa8f2d6bb82601d937899d17b9025609d67d6b023ef03fc2681b6
419029ad-6797-4e26-a8e1-7483c50610e8,train,ae50cb56a42bd311d2c8ad514b23ca81688e423193a88f1fe14b6f2f55b341e9
41a1e990-e1ff-4ceb-8cb5-6f2b055a92cf,train,e6f15f3d22db51eacf0205c67ab0347f3e100687d93821cb57b0b8ef70f4371e
41a9ddf1-a05d-4db7-8485-4e8ed74adb38,train,29093b6231cb03db4c57a777cc6ab350c353269deefbfb458a32bfa4d9626d86
41b31f28-49ff-4715-ad47-9335ae34ba81,train,014e4e8ccdd5bbc99f692d68ab07d94fdb269b6acb48e87ae4030b444c8f9a6a
41cd3396-c164-4b11-8659-d27868d8a4c7,train,d5151615eefc989a5e4b6d09570329791d767bcf24f50eeeb5f4f4b9bcb0b00f
41def75f-35dc-44f9-8811-083fe9089edd,train,f204b8eb1574298428d52690173f6636a09fb49d8315a2a4671da274a5164bd2
41e64d7a-b18e-4556-8dd7-24f97561a6c8,train,7c921bf98c73e5e09fe09fc5e10555122abd4b08de46bed39c2bf11871c51274
41e852ba-30e8-43b3-be2f-b1a9ce543ed8,train,0c514eaa530f42cf9f8bdd8890fb529ef3cb1a30dc7866628ee24fe1cce4a869
41f1f437-69fe-47cb-a82c-1a4645329e4f,train,c6544fcdc2c9a0a89ebf2f871e9903e723d849331e30ee4df30345909d4a95ce
41fc605b-8a4f-4d94-adb5-54eba4a6fc17,train,08c648ec9b5348eb4b0f66f0f43d20b3531c96ffa162d33c67216b2537c4214f
4206bdc8-1469-4622-a7b2-12f145a592a4,train,6c74006e02540f5aeb4e41d2aa3e200d990b754acc32c18d579d63a35b9bd611
420f985e-9bde-46bc-99a2-0070858b9e9d,train,07de28b7746a0c0ac821a904b1e967059221ba8c7a476a5d04ea311fe4333ad3
42103545-a329-4366-bfe4-b2eb237f027d,train,da880d3da886c613ecf21e99594dcb2eba6d48bbfbd7f59366a85d941d603a9e
421f5e31-bfb2-471f-8867-01a1afbc26be,train,7f54c9a416243844047f5d24d43b185f098b6b05c15d5d065732c1f3a9100c18
42230958-4e90-449c-bc32-6eb7eb22d5b2,train,06aa6b3689b7284a83c2042f4eee25b9709540a219ab3e0aeedd9509af0b8812
422eea2b-58dd-499a-a1e5-85423ccbfdea,train,4f98b80c67e4938133f214fd800d77a863abce59db840f004db1ffe53b521f5d
422f31b7-33cb-419c-85f7-2118cb0d2fd1,train,69d3dd6690969127e3ce0ee935c8d33bb17b4c781f16101a2a8a6b5cb07764f3
423addc2-eb30-461f-81c0-5a72406ca062,train,dea79868132e7fb95eff70755cbda1aeb4fbd70653583f48fcf4e470deabbd86
4241ecd2-915d-43d2-9ec5-1aee12802138,train,944d64ccec50f9d1bb62db35fcd12ab5bf9f76f9614e6512037a54f5f4756f13
4242801f-b7c2-4cab-99de-0a61d92c6896,train,a1e1b1a8634ba3a71999f74fda05c072744844a31b12fb27fcb119d2b974b14b
42441973-2885-45ef-a2dc-f3f0cb3aa58d,train,2c4fef28b5d18e055f24debf4abe2db10aa032636ea6f901f4cbd738620bdb2f
4249a29d-93ec-4216-8d18-c2bbc4c48190,train,0e21833de5a21e557c9de8c937610e7d4c45711e2f672eec30a735bc19261a60
424a7c4b-990f-45eb-9971-d25865468d10,train,30c24e133fd60f72022428b8d95d27b1cb10c8bdd25d615d5f645e0f9e3621b0
425a4c4b-a656-45c7-9d83-d3e519c55058,train,2eb9c72b674df92840e4ef65fa13e973dea0b838e70f627cfdcade1a58a24dd1
42633b01-4ff8-4b18-a17c-68b444381fcd,train,9795be2e0c02cfde7c51bb078ec066981c1af8e39991c8039934d8962afd8ebc
42835d19-ff0c-430c-9ff6-d90324cfb476,train,e69fd252ebc7be31c603c898efbdfb2bebe45dd97bac5542c5b127e6ff0c8f0c
42ac3029-6ae6-4fd3-82e6-6215e3156c30,train,49fec2433080e5c9142a37aa1f060d46be692169aba2be1190ab58880e736466
42b86199-d7ab-47f3-9dd7-61fb892afdf3,train,7d0cb9180355304fd2541b2dfa84f1208927b800b991963e2509c07e568451f6
42b8ef29-dc7b-47c3-a262-58fed29e9bc5,train,3621769250fc099d09d925e1260bab1bcd7a1e53e777f5c0f60d47a9dd86484e
42bc9dc0-1eae-4172-b1ae-6191f00b4235,train,a08b36135e4aad45d1f0320fc97e9fd51ece9125f41c2395c16afecf0257aa14
42c5dd31-c49f-4915-8008-aff20d65039d,train,5f6b517aac172e88458c7cd14259f876242adafd40b1fd315db3332d024fe9d4
42d325bb-fea8-453e-89a7-e60d8ef06a76,train,af41bfd20084b1b36486fccf9cc4248846a2c7e2240f522cb1540b18c426d71c
42d7cb38-6a1b-4e94-9708-ea898f28924f,train,7b1dc64a3ba4c5eadbe475663f37e9d04e6c444bc20913369ce56bdbbb3f71de
42da570a-104a-4335-82ee-8c9efce660dd,train,cb9d9a58efb7c450fe5897283c6550a301338eaad030534c76964a45fffc7fe1
42fcd351-5214-4fbd-999c-c60d9170611b,train,d2617bf398921b2ab750eab83e698bb1b444c3d3c2e4e519eda18b18382ac5f8
43046f1f-d782-4a2c-bab6-86666bc9b5ae,train,c513bbcb10de184dbfc50634b748e6501bd5a3f0d4c2de9e6c9bbe0eda5f6faf
430e1033-63d1-4e72-83bc-d6a59126f32d,train,b51716b4a467c695326fd5af0b33de67cead04e069f4e0c6a54755418f7cb6f6
430fcb36-de4d-47ad-ab1f-044b8a2e1374,train,b48046fbc35ace2f99f20f60e20046b5a50ed090a3762a0a321ce1be582fcee1
432a1fe4-d7b3-4706-a864-58e4c29618a3,train,943ac57fad6b757b04c888fa4fd85552b450afb5561ed007e50e1db68c175484
43307064-2c3b-4463-af5b-0c982f89bfe1,train,8d0e13a20c59b14371361924ccb4fe44a16f8a494f10a20db1d4d6a982565b29
43325064-c05d-48d0-83c6-a7d799c93d42,train,d2e47b38e71db25fad664959488528bdb130e34d26ae20210e230b4873ebd916
43416621-d073-419f-8023-a77f68b20036,train,8f47871cb7d98c14bb2e077dc80329bb01b2419936ae27bed41c7eb62c831b9e
4341c18c-4511-447b-87ac-4d23e5bfd217,train,8a812c0f5f5626b65dbb8c45325b597def4c0facf7cb584ac21a62eebdef7f34
434a0aa0-7ed2-4fb0-95ad-a8a8eb464941,train,a85062b53aa10aaa7f6b545a789cf95a93de513bc36a0abf3615d911f63ba902
434d6d89-13d2-4cf4-ab2a-e12377ead97a,train,02638db17f692708d6bdc057f8c0a796956946be9687c1295c88c265dc5d8d45
43760b31-1867-4398-a451-bb0993ce3e7c,train,d1afd0c2ca8a90fea2cfcce2157fd4b2cfffb91c412534417ec2f278eb95e090
4376c3ec-3901-4b91-b14b-101ddf1bb4f5,train,f7e44dd9edc6f714deaf420513abfa22a2969a35e18735b5d3826897b588ee95
437f5584-15e1-4a16-818f-ba3615529d27,train,7cee346de8a29906fcaae9fd4a57901b3818d1f0761fe91f4217082da68f5aed
4380d648-b670-414a-95d4-617c96652b14,train,511c61f1fbe1b1b7550a85243c9061ab98e4bfd8c5f29883da5fbfdf42f7052f
438902d5-8109-4e1e-be53-fae308fc9a57,train,6f81cf332b1ac4d66058f9cce742bd244ad8826b7c466715531732e6affb2317
4389824b-c9e4-4b62-a162-e19f9143d11c,train,948a0dd76fcc10cf29875d1bd357cb82d412df116166bd7ae1f5dbd5fb4f3752
43972e91-d311-40b7-aa53-1879d1a3ba39,train,38ca2c03746be1b2e6b9c7e4a7e96aaac3c4bed19946be4a12623572967e02c9
43bb7ace-addc-49d3-ab07-2ab89bddfd0c,train,90eb7cbfa85c5b4479d47e993fcfd4c196f8b147908c5a6517022b8eebbb5478
43c2122a-b590-4b87-9b68-783f766d33ed,train,7a60bea95acb076ba05b54ef7b8821606c9d69f94c8a4e5a64ffa29b5c0d55db
43cce104-217b-4fff-b161-f03dbeb96c23,train,833c8409e330857731383a95ffa7ceebe45514fc2d206e762e43230dc34a29ef
43d0719f-dcaf-4c7d-9605-e7572d80c47e,train,c582953d6434cd56e47d4deb0079e68b8fd89025acb9a5c77aa79606a4bc0cb8
43e2419b-c3c1-48f3-9c80-4ad1a43b0782,train,7c0ab8a13dd970b09b5875c36c4dc892fdff4c733e8d70a9e762b5f2adc80a82
43f3c912-b422-4ea4-8f8d-d2e253b50174,train,f973dfd5cfa13546ee5df154a4c30c5cdbb17d4c0276cb1977c549c20a0d3e95
4405ce0a-adb9-4f01-bca6-99b6a5f9c297,train,cc8f55950b48ab45c63f7001c4fcaf7ebbf2b8c948352a2345a45276ccc76f35
4406bc4a-2359-483f-afe3-c9129cfac9e9,train,1801ca4288f8e3ed5b52fbda8c3598f3c245a3af96f28439db5d520dc03e258e
440b5abc-0532-400f-ac9e-f5bcb1fa8abd,train,ec73df6e3fd03a0e2bdd3cf8c17ceddd25da8666cd3386d15e20004873bee1a3
440f01f3-fe7a-4981-ad6d-59c6aa9191b4,train,388fa2d67bed3fa89a5b12832fd594222c183684d5a0945a0a152bcb259e34ef
441b904a-9284-45c9-9693-694096d0f6a8,train,a6265d5c80666359dc563c692f9da9a2c7800f28aa20b2e3ce8c0efe424be69f
442ee312-40fc-4f1e-a7b5-7a0cb5ee9239,train,8643e5727c4cb0f4561b9ec0dd433453e0131d7e2406cd0229333a65fc0315da
442fec01-d16c-4553-ada5-124ce94caa68,train,59f4ea50699818a3b8848f870a09140e50ab9111d67b46e1b6e239f22d1bef61
44577457-82f8-45c1-af14-b46f2506bcb9,train,081ba5b0d76c750bac8e87b399a92359ffbfa7f1e83ff3901663fed5a1cc1f6d
4474c7dc-fece-43d4-8b6f-18c0405e96a3,train,6ef842d158503e9f6161aa8cafdb4c780d7911943373df57349525d136dfdf84
447e0eb9-7bc0-4970-9c1b-35f0cfae6aaf,train,f09886bdb7535e3ea7db6d5f4cb8aed1eb8c87b520843355bbb97713963bf86f
44802870-7904-4b0d-ab3f-e474666f8a76,train,cd733eb896237e61e3488a2658de38a6ff6bb61f382c5a15ab96a48f99300a0f
44936ddf-38a3-4139-bd0f-e56e2f7df419,train,ae807005a3f9fedf32d450139975c10791e5f88c5b9e8457dd8980857ecdc6bb
449653ab-9c69-4e07-834b-36b54c07c403,train,451598c8240cc1b188fd728ed22aeee67b95c87851c35b5bb94e7218b87f50db
44a06fdf-e882-49c9-8688-302528072754,train,270cf8b8f649ca462e9feeb607519bbe4a1915d0a6843b1931d4c19a41bb9e91
44aad422-e533-49cc-81da-3926bffffa12,train,30cd30dd530a38726e8d1fae0d3f3a127bddf6ed28bdaa732eabede942a24df9
44c2b6c8-dc5c-428c-b02b-2f6bb38d92ed,train,c6fd0a0932468a506980f6ba924fba7e941dfe212fd82337f8761777d8c84775
44d9e791-0183-4b09-ae0e-c524db16936c,train,573c2b7e6f39dec3bccfdedd999ab184edfe595387ef67ecf0a2d88d85400d9d
44e06400-5925-4e52-8dbc-79672b795947,train,4996cc965ae1045d0654e3e0855082e3ce634561b9b886bb5dc030763744ed93
44e49842-81d5-4808-b38b-33d5525d805f,train,4f729ceac192d29655c3cc0679ef8cdd5b40d3b3f20b4f2ac962487d669f2e6e
44e59787-b52d-4eec-a236-cae107da60d1,train,6cd45ff0ce705b781d5f94f2bea7d7e40d6abafe507b1c6156a8a2d86e7e5006
44e87229-e4cd-43e0-a3df-3f08178bde57,train,bef0422636d8c752c5045c74f299e49b56c05c6334d685a13c8f2717a758355f
44ea2cd5-8132-4ddc-bba1-0cd5d189ba82,train,fd5356e28f885fdc9fbcd91a91459015901ccb53948ac2f65cc4cd9e06646e17
44eff351-770b-4347-9114-14805583efa2,train,7e6a3a88f429c64dba41b7e3b9184cc9aa8c7f35e8b017526d7c20808d634a19
44ff9c57-f925-46a3-b415-deac0c1c527e,train,d9aab4109a161067046e8880523c331065d79497d835dbbe0a703c218c6e5176
4520707c-12df-4808-9a60-c8fc5e21dafa,train,8b9ccab6347c425ee9051a842a2c725395e466ab8a4e685132d71c5a90fa8a5f
452f1d90-2399-4148-9606-0e90d90d6479,train,70cdb08c20acc12ed97251725e18ee6c07cfe01579cdfaa992928b3c5eba6c9a
454d01bf-f59d-4f21-beac-becf8b876f85,train,bdd1b3ca0abb5580baeb7c68b9d8512967030782631917fd836cc56fc28b3d51
45543527-9902-446a-bf43-14d33c4d3300,train,965168cc18c262981bd0d9b5f508c86dc32578930199bb8de2ed1db3f9c9c690
45724e6d-154a-4a1d-bb16-3f7431073545,train,4f41ccaa5e037d0895d78b1b815a382c3f934bf8ed149f4fa0b2347c0ef1ddd0
457611db-7531-45d4-abd8-baf056920279,train,6630fb43060f0ab4d2c0e618e47dd3f2cb9776168bec59a9d13f6ec2568a20b4
45873eda-2a47-44da-a61a-7be79e5901c3,train,70b846c81bf5bbc9d6b71dcb438da8f4c35140166c5b2eaccb738e26a705454f
4588f622-10f3-47d3-a014-28705be94ce0,train,b590a8b21898f9950fae4fe7d00adaa202072671fa7096c54f2fcbd1b8a979a1
4596aa07-5700-4174-a099-c137fc374df0,train,75054eafc3bdb31ebea690600dcf8fde63bd9b5914693f18d123fc697eff3943
45a8f22f-5b17-41b5-8f91-21a535d6d025,train,a5b04597da50af56e677ac2fce46dc79b31c9c41ffcfe922452526a32b90fa5a
45bf094c-3bd7-4b56-972e-4eb5075a7b0d,train,50d15c99b4f804ef404339e1eb2d3b7661e64244f0c92009dc9b9e1c6c14dc41
45c08e5a-abbf-4fe7-8813-fb40120b212a,train,50a3fc97ca9fd49f0435b053b1f7babf0f7c1a2b76051ea3f9429951e771f346
45c776c2-c1c1-4a07-b5cb-1604f6f1c91b,train,4b6bce00715ed67d4100270e8a1686a5f6535b08f347cb8356c2e99d4db9c7ca
45d50a65-381a-49da-857b-214bedb8608c,train,c3e5e1566b91e1b2e7f950ad29f16e91b201ab9020252bb3db2f5f1de5e0ad3b
45e2ca30-6381-4849-9dd3-c303b2fece65,train,b6ea0de0d4d08ab59d10a397724e260e09b7c14a0e9d934549b6a21b81ab4c73
45e8ce06-2bff-4c11-809a-466d8fb63d4e,train,0973d1a5635dbacdc5ba889ec81668f34d7209554df21843789efec26e9f22b4
45ebbb7c-eaff-407d-8b10-95bb580d4c89,train,2fb05726cfc9b57b8b22a2b1d3aea8d4c65998ff894b9daa008f1527146ed214
45ecb89a-fadd-431c-8c0b-db303cb5df5e,train,d0199692703a350fa273ec4145922669cdf702c7164b90dc802e63d7998489bd
45ecc04f-0bac-4f95-b77c-0180f718021c,train,4eb82ee17015edf99faba8ca814af1ad8151a828745b7e6d73c23c1f72376867
45ee9f42-5f38-4788-a0ce-9538f3216f6d,train,137f0ff667bd16a3b795b0517bdb521b82e340c9aa840ad12f814b3601969473
45ffc430-f7db-453b-9a89-f2c80c6eca78,train,747e0591025acffa237b4873f59eeffd1a2e47e7d44c52b8e962ef2a6da6aaff
460df8bd-cf3a-4fb4-95a6-ded66b5faa38,train,a04cb5b544aa9cbbc581ccd7592346dd33e2ff4b5c53845e35c50edd164537ce
4612a821-3170-46f1-90f8-9ba9b6784331,train,afe0c804c1ff9da7568a3f07dd6c902b9f87612b983b6b4aa37f91b2b21b8b07
461fed7c-7ab0-42de-b6c8-070f1c3aeca6,train,2d35e2e1a3c8a6ede1148e240fee540624d0f23e1ac87db5312843cffd35a685
462922b6-e377-4c10-88ef-b5226866ac4e,train,7f2d20d7b10ae622ab38f9dcadac2b2114e99079a96079768626ced1ec9f22fc
4636ed35-5e67-4f66-b498-08822b07041e,train,400ccef6572fabf047d36a220c08c8e91bae136cf0e6e2ab1e80185e384724d2
4646532f-beee-4de2-b847-0dfd75e99cbf,train,6d5a1fc5a9f43fefc061771a59df69169dc3d7c1ec8fec2367b018a0d1b54280
46491ed9-dc0d-4e5c-b056-b48fc9ef2a07,train,83e33abf7052b0459fd93fa8bfa222104609c645da34af0311c01db69638afbd
4649c729-37cc-4b02-9362-86d734e69f8a,train,5dde2bebcf4ab7b2ff0062718ea129b1bdaa7ea687714f7d399d11a6cd4085d3
4655136a-0d5e-4f05-9b16-d4f122cfa30c,train,ced04b97e8b4acde7dfd8ed556350471c3cfff9d51e85aa0d6595e1e1427879c
465a00c9-ae2d-4655-8d23-860bf968502f,train,c916e95cb0f7ac93a17861d31d71ec50965f47706dccca11a3cf463a710a0b71
4664b8da-059a-42bd-a6d5-f3e60ec2ae61,train,b81aa48b1a4738c8a93be1241f3d9c890ac0d0cbc96b33480034d78423079ea2
466f5eba-99cc-4167-93a5-92a6185483ba,train,a24f22291a5d0c227013a0de4c28ded7d75f2701d460bea79fbeb4b235127418
46709ad1-2a86-4b09-a434-af9361885d0e,train,a24e756493621dcf4bc8bc166eb9ea804d58c2a72a500a196f36b2dc30b33f90
467360cb-76df-420c-a602-62b0e6554762,train,0ef4b683866cc13992a25a1f5fe461d84cc8e433b0166760d6db74c5e11be85d
46741d82-4657-468a-bce7-3275cdf712dd,train,e013f1d90a63f1d03f4c2095442ef2a28171d2517c8653b844884ed294af974e
4674d4de-e83a-413b-84d6-fc81ffbcb3b5,train,0e705348e7fb2827ade72104cd254cf886ff7662f62c4968ba1acffe11b4cd2d
467dd9db-c1cf-4ecf-9f52-2044b858e610,train,14e2ec708b5e1bcdcf1b5ba39f9dbc29239a810d988441d380138f36325964ca
468bc3d1-a05c-4c28-bf47-3b127633e83f,train,25bb4f5bf777d35ad01a88cda8f706c783bf6b5d5f5c045c03d1d35f822234c4
46c0cb91-bdf9-42c1-9817-f0c15bc1109e,train,730aa5234244e05b0b7aaaeedfd2e5c6a067b5b67f4786be50e182fdb2f5b43c
46cd4b68-a54b-49b8-8b8a-5b317a5f697e,train,dd7601b73d6d992dc2385576b7acef9bb76f6b474c1811d92559dc0deb9cdedf
46fec5e4-797b-4e74-8300-730c0d4fd38f,train,7ae658ece1397c4b3a2cbbe768958d6668565947005b39ccbe4014fa96604145
4713cd7a-2942-4248-9d2d-4f8ab1a4a9d8,train,c4afe1d8a665f8642eec0c4b52fbca9e3644cd80c97c058b75ae781c44561249
4714a272-8481-4d79-beef-c1776c573dbb,train,b7209f6fd11459ff771bfa68c08edaafc22e9e8a5d8104644c6f41ec1593e03e
471a2bca-cae3-47a8-a7ce-b591696cfa0d,train,88e0bfc8efeea9a60782fec2284e853c04bffbdcff011493415c08c94b5af83a
47209eb5-b0f0-4a11-93af-453da29907f7,train,56e231c141fea5f112ed1258c749f1b7ef3320436b86d0f21add5710af2c84d2
47237e84-b718-4fee-ad07-2bb32bace780,train,914f77287f353ade9012df04ef7de7b40f93ced8c61bb4c679f67a687588004c
47333ef6-3a18-404e-a81a-4dcd84d209a8,train,413bcb71bc99c0f4f3ba33f3e20b5fd4f1f5e09a646af7e3d199c9dbaf002b0b
475669a0-4adf-405c-a4cc-4ef3563d3d0a,train,46ea8f5b6b8ba5538cdae24d61495ae483afb0e16594eeacbd98464cc6119e52
47588e98-caf7-41ac-825a-6751bb3ed979,train,02ada4ef03c7a1ff8dd05e439b4baf727541c2be3e7b450372ec718ba401b2a6
4786ee0d-3ea3-4cf7-a62a-c69839db8021,train,5233ee322fe26b6d41a626622532c27ee83c55699f1d32ffcfa0ebe4b0bbb7f9
4798e6a0-2aa5-4b72-ad97-573e25605bac,train,c18418855d515cd860c8aef4924384abbab1c235508383efe97d1a1e8682e52e
479c6f2e-b46e-4e40-8778-903779a010cb,train,a765721fbfb45db42eb1240cbc71fb6757b68fc6b7ff2039bf71df9edaa6e6a0
47a6d8d1-8686-4afa-8cc0-733ab1d194bb,train,020a2aebd64ca39ffd7f6337e32c8ee0501ef3e5fbcb059587d3eb52ac7aed17
47abace8-9cf1-4544-9778-8e2d49b71cd5,train,6448a5cfcef9787266f20794143e08a7f424cb9277585a282a5ce857b0cab292
47b0d728-dc1b-4208-99a3-44c193fae952,train,1c00759f3edfcd7a81c9bccc58746340e9990e46a47cad8e5492eec00efd8dc2
47b344b2-811e-4cf1-ab08-795c3124b321,train,2dbb9ba6092907b0e85d0714baae20ddf4b2a703f3674ceec8f9224e3a1e926c
47d60116-c914-4c4e-ae44-17db95115b95,train,ffd740af5a934054a1135b4b9039c367f888886d325c893088b6faf817437ddf
47de6215-abd9-418d-b868-84a52d17db19,train,6353dde4f6b45445652973d0906b90577a6224cb9123fb2eb4d95f7d2f341530
47e23407-74d6-47af-adff-2e647204ed2c,train,9ba762fa8266ca0ad97950d1f91a1fc114c4a7284365bb788b60af2bc78287a5
47f9316c-62c0-425b-ae47-f1717e9c80fd,train,45394fc5899acd74ea63686b7c4b5a37b368b11ca2ef5012a2bc3f1b7b0f9721
47fb4965-e92a-48c4-9349-e520f94bf165,train,ec81279acfa048408c30c32a17d2a3b8fb51ec214b8274eff2b8a8c3b2cdbcbb
4805f741-c0a4-4566-9a24-1ad53498fa21,train,e89b252ae87740a1860eb5ccf991908fe003468c9ef0e38fa6bb8a7775266dad
4812bdd0-a646-4263-8302-6ea4d4520503,train,604621bf1348f259442b43aa1d0c80c6f3c744b077179ad49ca88b69d4f26dd3
4832a777-142a-472a-845b-bfe0d87936cb,train,3ed6ea15b6ed48477811f139d826c997a873dbcee66349e24a2d1d431129452d
483fa1de-aaa9-4378-9ddd-9fffc092741a,train,c9fdfb3100e4b0a908f3925bc5ba78e797e1b6840f6d9a87fa0a495e816cb555
485086b0-025b-4c94-9854-a73cfaf2c8c6,train,a9bbe1e899d9f3e82e53dfe22ae24fa5855a368c427782739029a001bbd52a37
485676fc-55be-4c21-9113-49d1ee62599d,train,5ee4bef764f4b9692180c73786ab16e077b9fade90d376b807a6156f0843fda8
48577351-985e-43b7-a6b3-467fc17b3cc2,train,0e2ded9a6ddf214ced41c3ad6ed830128649f86b00ea6fe3a3b8e842e98c3be9
4866efcf-95aa-467b-b2c3-a144c04047ab,train,60d7b1691b20a92accd2ce3a944bbf90b292a8a3a2ad441644ca2f514c57a76e
48a6e29c-956f-4af8-aec0-4080119bbcac,train,c25c09a76920965aaae8f7fcac1c5741738360db673de099d61f6297c174f347
48b1b308-351b-4089-a02a-0e2b6b70d2c9,train,3b3726155648abd5271ba0c4722d9d3e7cab25ae7ab8c312d7304e8144b611cd
48b6cce1-87bf-41f3-99f0-43c3cc30ff9c,train,1edadf6b62c1f6d8d050472859ba5f79d1f069bc24cd20d377da3211b5a3666e
48c202a4-c520-42ee-91b5-8a609f79b229,train,4ed1eea5f451008bc72167ee4cd118619d0561226bca81b6aee660a123538195
48cfc5d3-3bcb-4f46-ad2f-2b5b39091fda,train,e9cd43d4d9725dd97652b513979fcf19d6a782bc452f2e0d69a67cfdae44699c
48d6d461-e5d7-4d3a-a8f9-1af8f1890a56,train,89fc1749b33e30e8c6f0da4b68b501067faea112c0c9dd6b1a0f037ee3247111
48e88d05-1a5e-4a96-aacf-a7cb3ea2f1dc,train,140bc7ba2f15065e5db11f7a3c392f295b195b3d6c63d41036caeb7080ddf33b
48ee6fb6-c7bc-4a8a-bead-b965942cc234,train,47d52ba62f2c52cc8fc36705f341b937d73dde88a33ea5a7358ed78e7ece4962
48fa0161-abd9-4d0d-9e13-d0ac605cc997,train,b576b1f1a94132363d9d1cb81b80b1a5a42f1bd869eb157537351b80c375234e
491562c2-365e-465f-ba4a-7cce45527639,train,088cab1c0317251e4d2da0bfb03c6430b18cf776ba86a1c4a35ace670166ec0d
492ae40e-d450-4fb8-8752-bd19c53802dc,train,c6fe8cb2a3c231c81a4682a4b19d13f16c152ede71369962d51eff0b59facec4
492bef2b-507f-43d5-aa05-8fde076ea877,train,7c17eff1c76b9b9a7239c980e55908f2f9f7939a63d27aa44e783fdfe3934f40
49427c21-d684-4b41-8dfd-6668beed2f5e,train,6b127f957ec1bd77b7518c51c460ca2b8f729ad1a363877c7e83ab33df4685c9
4943b000-89ec-45bf-b342-9ef88b8c311c,train,ef9f8600efdd3f77cac0e4bb355cb8c0232d409eb4c950e407877c4faec97f16
494fabda-46a4-466a-bd5b-a86092704c13,train,ab51e60ff39778881ff9e7f6f4a5b5182d31c7d1c48e39ec5f52e9f330e4e7a5
495d561d-dac9-4c64-8d3a-a341b77a7a39,train,b89e0a49c4733a6672c44344742963d8703b3236e70bbd5471d57d183f17b2b4
496c2a65-f438-4285-9bd6-b9ec28725408,train,7a476eb0652552b1d0bf23db2b583286fe0d39e097a4cbb145c923e94da6c948
496e9e1b-cf28-45a2-8af5-161857922439,train,4189d09f2cda6fd4bddb7831cd2ab2a65449c21352267c640f5c6dbacfb77408
497762df-d00b-4b45-9c00-df58f740e52a,train,5ef125fb337ec9e8a964fba083bffdb49bf5f0af22728cefd2cd4349d6813d2b
497c3aa0-6eb5-4f05-89e4-4135778e0a49,train,f9c308368d28ae447b789d070e4464960b0ca29cb0bc4caab6f2a53a08c15dfb
499b4763-d10f-4f7f-8a5c-8cb2d276c3fe,train,688a049ee8f2d0caeb2ea76f7aca32945de76370af74dbf8401397700e56a577
49a0cc32-b46f-426e-8f51-c2b13b38f5c1,train,9ff4bb9f0f2b7d11fcd0fc4e9a00a21b11451839d3ccf220481f050dd005777c
49c96a31-38bb-4284-b837-df22493782e4,train,cdc6626ba690244af328b3e31411c6baa49c4263006a8c60910160be53bde7c3
49dac580-0672-4c4a-b169-5e926614536e,train,6e4c13d21add3cb5608547767aea236f625368225c9c05639f44a97630a868d3
49eca230-ba2c-4a69-9db3-31e3c91ddeb4,train,4a31df1143686f96ceb74eae820371b61907dcfef0cc55a5774eb4e6770f756b
49f17ad6-16df-482b-8dcb-4329cc79ce9b,train,a8e0bf6f56e82ae7f2e7f164fdd944bc99d93de6afdff490e92b72fd7ace7927
49f1d934-e918-4f7a-9750-dc54581f046e,train,70d7e7314ec4ccae719a0f1cdf50d7f2d4f653d6ee354dee6973ac4906b59dbc
49fb9297-19a7-41a8-812b-ab0aa5344742,train,788b7363494709838a76682b7eb50e0664a8c9bce4db32242c40eaadd24f62af
4a15b312-ee01-4ba4-ac8c-a2be9ce7df35,train,b7073c9758035c7d9bece029f8bc2b30575dd84b25c8b469047913a6438576e5
4a24b683-a3ae-4450-a948-76046a24fdca,train,49f0f371f289b13d9c0775e9b101cfc0c02f65f2ee15019cabf915cfab9acb00
4a2619ad-33d8-46d3-844b-df035f40a57b,train,d67de229b8f64376e9ce71f0b23f6633d77aceaf9180805a41891d801239391f
4a2bdd27-0f46-489d-9101-3d816538e5cc,train,13520112c0e6dae20fd7c06f6622b86c4022a69ff57438a68594b0cd00084dca
4a3158cf-657b-47a7-a394-d3686b2b77a5,train,e18b1acb5186496fd780ed31829c132269e67e19f7eefe24868340068ee848c3
4a3cd0d4-afa8-4d7e-98ef-a466d6198fb6,train,47c99bcf9765d762ae94b690baf8bc277549ab9e2ccb26dfc2486f927fddeb39
4a465aa4-8951-46ee-a849-c12845df3274,train,ea69cb2f03e035e0e1c82f1abd532c93ead647d61e81495bab4f9ddf1c9f8c9b
4a4e5c91-9a31-44ad-8620-9004d8896bd4,train,31b5055b053cffe244126ce9263cc6c9d0e16318af5bde69c60d97dd72b8cb9f
4a547966-ff80-4377-896f-26581a852e83,train,a41505e0fbfdad2d18a6ccaf0b20255d42bcfa0531c28dd03d03e12deb82609c
4a65b502-8de9-413f-a283-81d49ccfca26,train,e302148823b8715a3aa95c22eadba80b6b53f4affa8b631057681383c94901d5
4a68673b-686a-4bfe-8786-3a951f02d8c0,train,b4010961cc07004f4735538af2801aeff254fe4dcc5e2a46ac40ff09cd855237
4a8b99bd-42af-4d9a-9f40-41b43eda2ca0,train,d1e1017f5d687d0f1653879a0475dbcf71ef11be2cfafb9b9819f16def45703f
4a8d9e5d-3617-49f9-96a7-d9719699ea56,train,60d9b61aa00be06219b7a1fb6c65c3a1b9cc14a59d610e3c44466a03a0d67b01
4a966ac2-d096-4a75-9121-458d87dddd29,train,7b54ce3826f1629dc387aa88f04eef265c58c51b3effd935d699e973e753230b
4aa45e8e-192c-4232-8f07-fbdb36c115e0,train,18032be13cb55f7a79268e13897854864350dcd49d39d71aed2f141bce684da3
4aa911cf-6e4d-4505-85c3-31743c15104d,train,8bf70f5e59f15c5c92763df1ee693ae5ac1383919ef8376031779b8c4e4e8e31
4aafcbc2-5f94-4066-b230-fee6986030a9,train,299535a117019498e23cfd54b614bb54f854234731cfabc964b739d170bc08e4
4ab9bd48-4866-45eb-a74c-fb83ba8da83c,train,7bf250da5e6d9ed80b1afea220fc8a4069405a7144ec3a6fbf1a7cb4ec0f3018
4ac2bd8e-d237-4de7-8617-4918060a8d8b,train,a667acbff146b61ae5ea23c9f6b11d4e918e5d5b9dcfb7e84b4008715cee4603
4add2c9c-9454-4959-96e1-9ac804747938,train,270b5844f2d4aae4f5c5c0cfe38092afcb157318c4d55827777935479683b21f
4ae50a12-a3b2-428d-a610-d83a1fb75cb7,train,42c643e984133de54d86b4d4d826342313fb623ea676372b55407f9f29836fb4
4afaf411-9861-42e7-b8be-d68cc76cf3e3,train,8af8e0b9d5df5036a20d3f32f4be5cf738432295244a6bf1ace75d03a0f8426a
4afe54fe-9acc-4625-9fba-ec439827e741,train,2a977a40d68c7a5f7c5d3b40a76189cf9d9b244455829998257a9d083b94f04d
4b047464-471d-47b9-aaeb-8b6d7522c7cb,train,277187a4dd266b10fed406346b67edd8d228548eec676c9f2d3f48fe281c1109
4b1614d5-4151-437c-a790-ac071b538470,train,20d077047dbb4c798b34996bc774fbf26de2371d7223c97cf8d7aa08425520dd
4b1996c1-2296-4e06-9529-34c075ada450,train,57562e35a4a148be77d642e4b1cd855a8f7c99aec443ee8fc05706ca7b49c882
4b2a9946-4d09-49b2-9fdd-4a5f8c1610df,train,eed5d72e89de667f684b27f0e57fc0744a332678275feff4c9b70f3b9a0182f6
4b4be52a-02e3-4cc5-8a0c-20a62b8d4321,train,107d06326b9d5ad162c5516a7bf44078cbf316cead551b46fcbc7d146a704b12
4b4f9f1f-a236-436b-9eee-ee50be8b454e,train,cf8d177e9716f1cfa5bfb6188120d3d0242739deb22c2e513ac84c2ff46f8ba8
4b585c55-cfb1-49b1-8124-3ef7f28768a0,train,5f8956c148a73352e08319c9bf508f75af11045c1713878d9b5b5118f26e89e4
4b6483c4-67ac-47a4-bf46-58b5134cc2ce,train,0fc557930bd63e1a8417efa432c6c7a1da069f5b5d0ab2834910e227dbc9a490
4b7cff3a-a3bf-452b-b2eb-db0b7a034ea1,train,303805409e7f014d893e29fd3122e92c991e3fdeed4004f903976b3d29385b92
4b7dd764-4c99-4e5c-b6af-83a2553a8b66,train,e600d8c868ef3b3b49b327a4ee687c67874bb1c0059bfabb6aad1ad5a40b45a4
4b7e7dce-2626-448e-a4c2-c33863a3631f,train,b942c978d71098df0a63cabddd42b5f4df512b85042c1714b775c44b99c6f2f2
4b819e65-040e-4fff-ba0a-710452b5208e,train,931a22b3a3c7215804e41f7402ba01aa1a60dcc9d227075e839ff373393e8a3d
4b8cf357-bcb5-4a43-8f97-568877147ccc,train,7cde4a3c244e9525b24fd79b164935737c952c7280e7d9d7932167168655379a
4ba164a7-9019-43f5-83be-c0ec4e0c6ec8,train,9a627d5ef8801268ddf57898701194499bbf8ab15684bf002d70366a7ed056bc
4ba6b216-4cf0-449e-8ba9-c542f97746c4,train,196df525bb2a8dc951a657e81cd1cc08968a2f5800bd45b0468280d9cf71fa3b
4ba8c7ff-0951-43b9-b232-45994e9d8708,train,dac6fafb10cb07bee58c85500bd9a14e247d4032197dba0f19f7e1d5d7e32690
4ba98d2d-10e4-4c58-b09d-f17bfafee267,train,784fc529240a78767d71304260ebc060d9ba4dd8de4558673929f121cfc61378
4bd25dd2-aef8-47c8-b1ff-f06ea5dbec1c,train,a0da9122a69dc15cd94546d2cd69b99a3dfef631faa24b1642f2b64fd0f24750
4bdbd9c4-daf8-47ee-a319-b724d723095b,train,9680da910e459083eeabce7ad0125eb48539414944feb27870c10393bd0d3563
4c11f8c7-67c8-464b-ab08-99d6a0308395,train,37ccf372303e37c70b151cc539097c5b93d1b8d08298fe690ba774427a68a000
4c260055-7650-4e0f-b454-2b78284d2ba1,train,2f3b26ce49a123ef50e0d34ebb62ce9a84c94d89c77ca5b82697380fc858d92e
4c32115e-b3c4-42b1-bd55-6a5be1197046,train,6a295ef473bb03b88afdc3c8d2085905b8e9397bc6d0af1d8ed61448e8fa3b48
4c4b8d56-a135-40ad-8f4e-cd57465c54ae,train,4474bea20fd634c865fbbcda72101f22c040b8dc700a715d98c5cc8efd50d6d7
4c604261-4ea5-4776-a03f-54285794f6ea,train,6f81ce9ccce694331c19e775e11ec593b3520f1903f47d14d1b5e20f9a022877
4c62dc1a-81d2-42dd-a7ac-60f7cc5355f9,train,e71c2dc020e25419beb58006367575de6c40fc746db6024782c00699020be20e
4c6ae6e1-bfb4-4046-8dc9-824650507198,train,b562b2df89a194a9e1cd3930243f999fd86fdd659b710e3c8a581002a796ba15
4c700737-0c09-4fd0-b455-13b26853bd17,train,9dbd796099863b3d4a96dbbdde84dc5b66e363500b4ce5c267191eb9bab48439
4c842fdc-6150-4b43-9dbd-97182414df97,train,93a6ff2ce4e6043c9fb3de6330a9cb5bdedbaac75db8064f13cb10dbedba9989
4c901719-6138-43ca-9ed8-7327491f732e,train,988e19e58fb8805227c219b6f7cce427d9869417edb6f3807f1efbcbb3c36d07
4c92f67e-962c-414e-ad16-59474b5047d3,train,00de6882d90ea9d3911742e022194b2b08c67e957e53a641b85d0c9e35dc71ff
4c950c52-5971-442d-87b7-1ddc68e3f2f2,train,0be7e4c88119f740d5dc818f0402c0b002169549f2da8a1077d41d0b60e6b2fe
4c9ae8e0-d685-4c24-8536-ae25a6acce6a,train,b31b1bdfc8cefa0e44e5ebb36a78a27024719b5811fd1a575cfb3a22d8334e85
4ca3f3a2-cb90-4d51-b713-089d4b4fb7e3,train,32c40babc3e6cf2f1d5677b4b3e405f01caab9e29015f5136ebecdf2d145d48f
4cb7d742-3fd0-41f3-8bf4-4b4063908b22,train,93e09550c5309267d62a203c95446d6d60b392fffd4d72a9ac08e930956add98
4cc5790f-2626-4a03-b872-fbac9e3a998a,train,5800ac4a2d2ddfc36494711b88142b402c8807bbfd59e38826bb976baa776594
4ce40dbb-c767-4c4c-bccb-26811b6da76b,train,4e59814580f0317414cc2baea452c7dab70b7aefabed8eb7e3fb9073c603e2a5
4cec36b7-d1a2-4b7e-8fd2-0c594b792f60,train,ea8fd96d965d718a8835303d73b978121014766a23617cc9351e93b7215a066a
4d017a8c-eacf-4556-80bc-cdf41e581ce5,train,93e2c8e818724ac3c557bba76e563b16a439ca04a32b887e5f67f46fc7e3e973
4d0bbf8c-47a0-4cb0-bc97-5951966356b1,train,ee4b811815ebbbbfe719504298fe35b6a114ece7dd86a65c2662f630abd3a26f
4d179a92-501c-43e9-99d4-14a0f15c996a,train,db0a6ef9ad028891e30147001dc5cd28cd5a6b961b020f225780a1b0cd0806ec
4d3fa6ab-6990-4e1d-a634-d9ba186dd3a4,train,e9eda49eba585d3f2217fbeb00fc8e5d8fa6dae24ea893621c147c072f0ef0cc
4d409410-6ce6-48c2-93b8-132f2dca6568,train,96462cf32a0e571174c3fdeff76b15406d4fc4bdc6042b59cf5c611cd352830e
4d5029ad-512a-4a4c-8010-d4a117aa3b23,train,2db6988933ee84a39b347ee14d7cf522d83da81893e3effc441bbe9e666b1853
4d50cd58-c395-4b70-8fb6-de2607ff0ed4,train,b4368cba88337c1555d805f55a8066654aa0a31268c4371bce89bc4e2fbd410f
4d54d21f-443a-41da-becb-05e9ae2b24bf,train,d517446e5bed196692894a4d30cc9aa8e0374f2097bc6e09b4ac36ef73240b65
4d5742eb-df2c-48b7-8bb5-9d56a96f8a1c,train,6b818f04b1ce6291cddbf1b77f9cd1ef9fb18512d6fa2398e0bcb4b5a818980b
4d6342b3-6bef-471d-bca8-af49fb29161e,train,14c3a622e3fd72564b143dee64bc3007afc2957898bc931200c84356c3864780
4d66ebda-d3e2-4896-a857-e032d2fef711,train,304534a605b5d4413d60f0d24f14b51e2922551350d4019daf9f0dae4a1d319a
4d84eb5c-481e-421c-b75c-fb4889c28c01,train,042cd5aa48b2659bc6d375c500cfa4c4b0c87c283cf069966b2bb6ab47a1b3f5
4da95fff-0e85-4356-ba07-41fc299d2a9f,train,82dc032d3ec59c48b364878bcffde8f8e23735704e49faa42e2e928f9e34ef29
4db56e22-3b4f-458e-919a-c7336d43f77d,train,22b8c7ae5440888591dfbc77a76f74db45040730435f3e5ea84df088d9a2bcf1
4dc5a6f6-e4b8-45ba-8861-1f2cb79c75ae,train,572229388fd5310238593aa6e25fb602ab9e34101826a758166260f9d10cf4c9
4dcd3b4e-e327-4f47-80b3-38c9ba53b871,train,14034e25f4942980cf4b47bead44330fe36fbdc265a40d7ec3431c173939e6bb
4de21d9a-9ffa-48f6-8318-bad693a0507a,train,749de8a36d7e56390ef1ea3fe59a6ac04fca52391e7862bb8f761af3f3d95f54
4df0f4b5-7bdb-4b3a-b84b-fcdbe86bc9d7,train,5987b31e5f049fda5e7d008ab297e03349eb0a8129eb79bd9efea45061b397b6
4df4ee33-1ac8-4e94-9b18-63cdfd64558c,train,9d6542f8e25fd981b3dacb460d6debe2c5f4685c6d8baf90673b614093f25d2b
4e150ff4-99a1-44dd-9c5c-3475fe3f11a6,train,775e1190f970ccd182a6d017dca8b4e8b13099f3f657c5ee570adc69e2211efc
4e233350-3061-445f-adef-12dcdad80891,train,a6ae048c42d72b7125fc728c9ffb34921780dd0309783fa1cb2abdd2a4133088
4e2623e6-f01c-4a6a-97d9-016f6435be0b,train,93c40efd683e924eb9e6ccf21426415f01655f11597ad4edf70292c70924ccc8
4e334ca1-54e4-4574-9b2e-26a8b88b9885,train,9f8fb9c8fec93becac57abbd55a1fdc8d0faf42f68b2520c89ef1010b0e69c34
4e3606d9-2a6d-476f-bc2a-a2163bcc6d19,train,be4f9120fe6511ddaca112961a92267f1ab2e9d8322f1a595e021d37b44e068d
4e40dd43-76e6-46e2-8e52-af9ca97e7cc7,train,e9f6e0d054c87fafc84ae1b3568401fc2e1abc4010188a2c93a73f69544d0bf1
4e41e5de-0286-47e5-88f6-71277f116117,train,8cf4403332beadf01f2528e022ab123797443fc4852246a1f28bb5de6a5b6a37
4e4b079f-3a37-408e-abf5-b46a8d69d725,train,26f525adf94f450dfdac42242f31e453af1ca18d17fb9752fc4b84f617a2cd7a
4e5018d1-5e52-40dd-a0e8-5756b12f7748,train,448d3c5c6e2944b3d361b65eb6d2a8e369c0eb8cd6dbbac23a3220127789514b
4e54ee35-148e-4d3d-8ba9-f610b1723678,train,924526807166d73436b56303a2a9268b269f1d832b8922ebd27fe1596fea8cb3
4e625a9d-970f-429b-942c-5d31e031e896,train,0a3f41b904b45b60b76f962cf5d183a8cffff4fe04fbf7c85a9bf83009b53edd
4e62e1ee-62a7-4828-b29f-9a658662a574,train,4d2e6c47feed456ea9e896d6ba222d9f0f8c0427eed6b49da34297a4ee10aba2
4e8435d9-4728-4d78-b0ec-fd435374f0a2,train,09b35aab7f40d40de62fc153331b0c42987e95225ca5a2e31020c13a205d6592
4e8bd359-897f-46f4-bc6d-6988ff5a3176,train,a16acb910265039ea86df1e1a07b86b48cac73ef8582b7179d0db4cc402ce483
4e8f2b57-16dc-438d-b7ec-e08f1d581ad5,train,28d23b63c6aca53bde65d0be4280373830fb73c1bc4eefa5d2c494cd7186cb4c
4e9f251d-431e-43b7-aa03-39400a6fde37,train,fefcdfa292a535b533c6703697ba2fe6fe569da071d08a6af1b3b7bcd329ace5
4ea6c237-4194-4b2c-b9d1-bf4d04c165e3,train,dccef3517141a82075d77fb135507463d204a7d18143110e773701205728b238
4eace218-5740-45cd-8551-55c3037f7401,train,ee497d215eef3ce82be6fb88e850cd21d5e832f54838d5a179558b5bbfb452c1
4eb57232-3134-4ab0-96cf-02dbc917f255,train,92d6aed20ae667c78a7859d2401aadf40b93702bd5cc0461081625f0816c6dd3
4eb7c0b0-75ef-46c5-8958-fa16c2bc0ad8,train,b374653328a333ba13b1aa10c04433c0d9dcc178cc50c0a778675912e6fc8c9d
4ec9297b-e3ee-48e9-8638-4bb7d63fc3e1,train,eee875e39e439f6e64014100c73e8ad8c6aa9452bbb9aa8613c7cd7b0dce46e1
4ed03224-6ccf-469e-93a8-59517098a436,train,2603de6a2e7b0bd02b144d6efff96353ad7e69cf97f876c1c48606c780a74a0f
4ed92166-f3b1-469c-b736-8cffdbb4a64d,train,846807c7f0cc3590d378728504b790effe972851466e3deaba7fe002185349d6
4edf5fc3-79ac-4bfa-8e4d-22ed209c08c6,train,c52790efb81da606f7e2a79fe7f509dd31c47283b8aedd429be0a92ae3c5b68d
4ee1b2d4-3dea-45ef-ac49-0301901a0f60,train,b92977f6d9c7eba60a3a6c665e6162056d852f62ae72306c44a2719e16040759
4ee536a6-8caa-4c2c-b70c-646bc3395017,train,d7fa35f254490f8c7fa89b893e836d0b26bdaa93c65831893f1f4e186b10d362
4ef75e43-d611-404d-b5d1-64a03a14ed39,train,276052e871ddab8f7be9ab98ab368a50725151b9165bbd8808f946e8ff6c3d19
4eff4622-fae7-490c-ad35-e26949c79a89,train,4c98741c4f2e29221641d4f04fa3d825ccf1805acc6c74506cffc76ef2688333
4f012d16-77d9-4a67-b332-13d91ab5edac,train,20102b32d9d10b23e6658b6e5c081589fe9b8d2bdd255fb05e23387dace2da8a
4f03f1c0-e68b-471c-a976-6979b3bdbd31,train,0aec4abd51ed27dc865f304e5cc2d4f9dce24d70872e7c0f793be54d8e2d18a9
4f143d20-463f-4409-ae81-c30efd749dcb,train,0147badff224dc92974b770c903a9022cf7a3bd878b73eb55a21a73b14012615
4f1ed97d-3254-4f50-8d17-8bd0a9fa42ca,train,8468b23f7d417e6833f6a806068462648293f9202c0457aee90ed952a578a292
4f2249e5-e313-40d2-b791-672400eae6b1,train,7e940b6b31a0843e149426709471e29733f35f36b31f76bdfa00611926ad8383
4f2754e3-e7a5-4c7c-99b3-c16358af0f96,train,b23dce3803e6926e6197279811352277d20486f2a3c0b22c82dad00ff676561a
4f37b7d8-14f4-4c6b-9d0d-3a30b2b4c7f0,train,cca9d46be5d084b3d9b3bfdf8b2d1404f946153730cb9ba18412e6ab9c269a9d
4f3c2d99-24b5-4e20-9d07-2ee172f1c72c,train,3a78ef9e4a44cfb25060b3fba93c0572ee3669fdb29ce33f52dd33aaf63bc5f7
4f3cceb8-40a2-4d79-8f5a-48ad4764871f,train,e16d4cd6dd3fa3956cb23f0221bdacded32838e7644a6a31e9963abc391345f4
4f4496e7-102c-49f5-b159-1fb2cc8bcf37,train,515fce244f482d082847459c3c9fdc6bb17c77af406725d64b07257b11c26442
4f495966-b26e-4bff-a87e-94a0abc120d1,train,6574acd4d24deb9f13c43e8abc68459effe1a3ced9f863e5cd4f7af30e896b3a
4f4ac9ed-03a0-4350-86f6-b9adbde40cfb,train,1221908e98215d1f7561127133887d1cf9ac25d951b01aa1f9bf4f0de2b71adb
4f5260eb-aea4-4a9e-9c9e-30039620f8f6,train,89841050184558085c2f0c8829aeb7c58fe21148776e0682d3298203f66eb183
4f550272-d5ef-4a36-951f-49d0ff28d024,train,b450a1d5f4fc51cafdbdfaa79cd4f448154df294c72ede7475296b73d65adea3
4f65f1cb-b5eb-478a-aa02-3e2991049e4f,train,a923b8271397d074eec8775e661eef07dfe1256854b8e64c21d71f40390a24cd
4f6a99d1-8cbb-478d-8cfb-bc70bd36b200,train,d6a8d1a55796820ee4462ed5dc2e88ab1056bf329f154a21a046c951105ecf00
4f764214-700f-4f6e-8520-35f8c0f50c8b,train,1ffde7155e2e11ea1f679f63940c25672d55fd12970f632d46a4197eb2a3c3c0
4f7c8434-7743-4802-aa22-99dbebc44560,train,94d6421b5b3918c251ae4ed50ad71861eba7b13134775385065b0ecaa2537d12
4f837830-0f1b-4da0-873c-f590099c6cda,train,478721427a1f4bc77bef1a595a6dd895484060c00c3424b35759305bd80253c4
4f8dc15a-6409-4de6-bcec-529aae02cdbc,train,4fdf4a718e9bc8f60b7e1f3299a1ea561821e07742f1edeca59064ad3210632e
4f8f36bf-2f07-4c87-9994-7c19d8ec9bc5,train,f329a5dae4aca437ba01e71bd07e6b71379e0ba317ba14645129d1206eb7e708
4f9d9445-b8df-45ee-9509-0708df240a63,train,1eeb9bad474bae0009136d89070acedce64ffc5e6f28f177fe2ffb43305362ca
4fab1d7e-71e5-43e4-9592-82d347ba283a,train,7f6ad830a810ea4b1cb71d622f7a56ba09a1ef4f0de6c1d0e304c49222872784
4fbf758a-d85a-4776-993d-96e65e99df34,train,888fefd3225bb0820235f8f90f2cfbdbcd2c3e3b08fb0a53a4dfd55ea48a5b68
4fcd5bad-99d4-408d-a898-02ed59506ec4,train,813a71effee99b29ee658fe02721fe0cc9368148e99fefa17c6ff48e2c25708f
4fcfde0f-fc8e-4ab6-96af-9e2bf8266a6c,train,7a4f5cf6c7480596eff271b1812942ebf9f8d42d90edf5dc030ace998e79e14e
4fd0807c-075b-4972-a744-4018345f0acf,train,4c47b7e57765a1104a699fc42daed9572f0da9881742977c3f4e0c81360af473
4fd14ee0-e87f-40fa-96be-e5a43c103a3b,train,1d897d494d4c7866d37cf00fbfda55ad44b22b2162f7385c2e6c965ed746d01b
4fd6c32b-4583-49ee-94cf-6d7eda6b8ff4,train,354abc19b0a79c331a048be484b8eb04a253b156a19f253154700606fbe20910
4fd9bb8a-d457-4b99-9b86-0e83195c7a7f,train,144f238825118eec50cfac9ddfd5eced357a96e12f27b7fb6bbb4b345c97e3b7
4fdb0e3e-2427-4f7a-afed-ca59a66122ac,train,9bccf3568cc63fbb3665e854860594ffbe55d2524e84ff7586b261c94d8cf03a
4fe7739d-6226-4e0b-938a-6816bcd1c574,train,8e9a0b0780c59e1e97ec55694e69d6874cf88a178a4ecdf00cb613b2d70048a1
5009e549-5fdd-4d2c-9a52-ce03712df0a5,train,8a6f7ec624a7fef563a2baea15d0138da220de98c355328f4635d51890ad76a7
500a4315-8a3b-4812-ba56-5dd396d5b09b,train,f30d36041aceb18e4d66b3600d937340c3b23d7add1f5242ccca2a19c0678af4
50119c66-5aba-4e73-b755-9d393bde2f57,train,42534476d979644e1bd4531d5c250761e4063abeaeb2a3863f80766c08f08989
501c9a5b-5947-43e9-b753-7e60b74f50c3,train,4c8600c4941e3ec8214d7f5aa6422cd00d53026145aa00eff48b77c255ccb5c6
501f57da-ee50-45dd-a91c-c78d6dc79dc5,train,cbc3b329609676e42793433bd6596aabacb75f2a07ff857c6d92ea6a6c5c695e
502b1c15-05d8-4cb4-bbd0-7ef04a492c7c,train,d18b29c0b8efeee59181646193235fcf81bab15b259db386757377a42873a7b9
503f101d-3233-441e-850c-36b1339df36b,train,e8a0e2581626740cea96c378726bf7227230ec023135166b3005b0ddabc848a5
5040ffbd-e4ce-4ee2-bbc2-6c2bb4e93938,train,f99484b4f5f8d8970f950128648f85e8824c871e4a94c4fb4cfa77e2070caf39
5047ed9d-4ca2-4b90-9f01-8fe19dd229c3,train,cc1769cc59c3e0c1837591b726ef6437d6c8da68575412129453ca216de852bc
504df059-eb0d-4318-adb8-e3dc9bbbfb03,train,605df5290d110de7e311d101b4cca7ade3e2b673f89e6151543ae24326a2b1b4
5054f950-fa3b-4e37-b9c5-13d98dd47f16,train,1470d52731db965a7dbf59ddff94ba561f0dc2f0c9d942a5bdc107a7f468af21
5058ed98-58a6-41e3-a948-654738c0ca31,train,8ed0bc79d3d5ab3ef1a651e14043726c808c4429855f55349e435970ce102262
5059044c-faa5-468d-960b-033c5bb0c54e,train,49a3bfd5b9b8d61f14ce833674062cd17058904548e627c8685a880f9d9f5536
5061d6e7-fac4-4b79-840b-bda5adcbabea,train,4ab205792661c5531130a332c7ae6ce2e39c7463d8e4cba1d28796103c2068e0
50635fd1-a9af-420e-aeb0-148a97e2de63,train,5b604fa599b4216faa9b49f877a6c500a38909b7218457eb1ecbc905f45d6258
5069e7ce-f16a-40cb-9529-9a9fd1d58525,train,660c9c52140488937182b663288da4f6b76aa3917e1607237a472675bcb0e00e
506b2d05-a716-4a2a-8566-597a5b974066,train,a1f41db7f842bd6a5238e1b16c46a34e2bf8b6aaafeb5fca6226f7eac5290306
506f4f53-d8c3-4a7a-955d-b391bb066516,train,4a35458184bbcc322b28e19e9461e854ea0b3de707ff60d058b52e7f446ba763
5073f7fa-7893-42f4-a7e3-aaceb22cb8ae,train,d80893738b3f4b6cd8ccd656baebd315add630e0dfcdf57a9786bf3a025362ac
50765b89-cb03-492c-b3b1-551455921754,train,1da7439d73b26d23c2bc73afd44fc4081195e61401e70e62b322abae8b0c7267
507a54a8-1d26-4ae2-9a37-f826f54e0e24,train,2da983ac3d58455c59ec7d4a2f591713a42692132c02cc11ae38be2d1d406b2d
507e404c-52e6-4ae5-baa8-5a0cdf5731d7,train,6669f4351dd3bef91658632ab3f901bc209eacf743dda072237f12417ddf807d
508f61ea-419f-456d-90a8-5b2810e6b521,train,2c1ffbf9a67ae2e2d0271f15f0819e6c5097e0b0fca949bd1e13725107b0c9aa
5094da46-2e81-4577-a2d2-68e117867649,train,a7d7a6af6c3761c49a9be49ae64dfd3efed950f74d4c186d6f219030ba32952a
50a0c9d4-a613-4586-b764-d82aa4b471e3,train,3fc3f330240de4b07a3a669cff44c79811dae59e12d1902c1dfd559fee58d1ed
50b69e37-8b73-437a-be02-9d8f5ad43187,train,34d63a2654e55a6133dceebd5ededb5a1698f2bf35a40b5ef15e77eed49ab9b2
50b8d256-6257-4cd2-b985-2e1f183d1ef5,train,11372b0a9a126f1cc858ab25c17270c532f6eecb1ead309ed4e8b265ded6ebba
50c97faf-e92c-4a98-8762-28087008e858,train,e368dd87888c2377642b3d1196c41f96097bd8c116e6f8dd1b72a82120f6bfef
50d41714-5385-4c94-a7d9-8061006034b8,train,3f9d5bf726b844104a520a701bab1e3e4d326e5f207dc856356e7a16c0d74232
50e30ea3-ff60-4765-abca-957c60bc35cb,train,e02d06ee34b339ff2ffbb4d04e57d532e48ed5863dff92e9d63ead5900063f08
50f24c53-860e-4f35-9251-e2fda4267826,train,03d5d1b4da559a21070901f339d7ebfd619cab58f108238d1e8e99d4dcbd6b7f
50f2eae0-85c1-488e-bfe7-eca026d805b1,train,8b62a0d7f509a89f5413e19d310349828277cef0a2622361966964f4148b34ef
51042d95-fb2e-4646-841b-7b2435baf213,train,05f45dadb31ba73d700316bcddc73d72d48342388409dd2fe84d1637b6573344
51045a18-a667-4fe1-8eba-71c7dafbc1db,train,e5df81b6c6a0245af5825a5434ac810402b5085421e1a04100082d2c1b503b26
51160ac8-69c0-4fd8-95c4-ccb886311c1f,train,c97dee9f01669f978dc67d6368a07460fb72cd6c11882b5cbd6b842dbb75914e
511c0768-59b8-4bc5-8191-2da363c1c2d5,train,785c74a3b7fb9e2b8adb415607fcca68848fd0a1d2d9e5059cc02b66333f2cda
51256b2c-ac7f-4b03-b486-a0684ba2dfa1,train,a4d382aa4e953aa29eafebb0ab647820e3a49201fcdd97bc088c3d5c5ef67506
5127ca37-eeeb-4e20-ab41-01697b54351a,train,57ba0a26da37568a705a4aa58e39bbe3ba6fae16af4ea41a6a1335a812d955c7
512fa59d-76ae-416f-974a-a7c1925ede5b,train,7793de7edb93c548d041e87f9cc41f3d17ac3d97a23d6bf06f18455be65beffe
513608ef-0d35-4954-bd98-64b1fb34cb2e,train,6efb0b7d0aafc9dcf21d4e1313608604bc6d7ebbdcd37a1d1261494cfb57444e
515cb728-8fd5-47bd-8a95-d6bca50f1fa8,train,8a56b6651d1b996f58ee9de011d377ee0b8b08ba65e87b4e3f1b89d7d5885ea1
515dbbe9-1623-42bd-aa77-73b75b1ed559,train,376f7b5211a6d64b916436a5fc95553b0041f4bdbc59ec3cef62528b1ddea79f
5163d018-b906-4c76-9238-cd871f8f8185,train,cd8b11a0496f9679e0c459cd5db8ec259aa7dda1ddec3c378e7b69645198ffd9
5179722e-4de3-4817-862b-8a7547f33fa5,train,05444d3e0d91c899b729dde0122376286a1f145e4066b2df0bd9dcfcbc8b7c3d
5182f78f-8ad2-4550-a8d0-45b4b1a8823b,train,3aa22c8aba67e13f936bf18c5191a2da5d48976aa09f2ba29aa7a1cc7e949f39
5183fe57-40e2-49e6-8d01-d6c205841833,train,ab2153ab336a047c0823511a72a0c54074ea59b18361dc4838272f1df58f5da6
51876015-4da5-44e0-ba32-6c3e1cc4086a,train,e65271f17169750ed3cc5e873fc236464507b5f34ed4ca2f1baa415217f7070f
51bc25c5-0a19-437f-b708-3d67bc33ebeb,train,3f59886a5e8ff000bcb79143e8a32460ee85c4c19ff8cc8aced7ac52468c665b
51c11995-b6bc-4614-9439-8dc8279ca54e,train,f29221113d3d2530c580e97f2101b105fa2614c4ce248f2b673bb6061e13b52c
51c4669f-897c-460e-8c77-8cbce4b2af41,train,e5ea52fd5ed3ea1ebf1c3bd4c4e76aad176b4edda28c7552f2daba46acc91430
51d92370-0b24-4823-b189-cfcb658d84ae,train,ddd41995034a04410acc29dc07426bd065e15fdcbc356c1f05efe9a889e8ed07
51e5c021-3480-4997-830e-ec0d7453912b,train,5acddf385990b98f71da5656f15d28556d0867ff33433683f2db7720c118b34c
51ed10c9-2d2e-4fab-9515-d83703c365bc,train,398280b4d4721120321c6c92d630bc1365679ef267b9e43e2cfa5bcb6ccbca84
51f55f51-9f74-451b-9069-5f3c36efbbb7,train,3b2902c3ba1481642b397e1ac5d0d3ae4c1709f873614b4d646ca80bf211017d
51f93019-64fa-431e-ac0c-6dc2f5e1fef5,train,7fb03d0211311c2bce9100e5f8707d405a2924e8c0999d90d1395330cfa01257
521f6e0c-d11c-4072-82cf-c10c642b792e,train,7511f1f2fcceae9b31a2ecf7a0dc1ed3e1594d04ca4470091c4e335301ddddf1
5220de8e-2c76-4949-bc69-0eaf0736334f,train,dc74b3094b2dd1e5d24529c44ce93d51c224300643c7216064aa1739e24d636d
5235fdd5-2bc5-4f9f-85d2-c730cc597a03,train,1d3ffbbea5b5d0b2eb838af4d68fd42bb94024428dc05b6c6e9944257a87d034
523690a5-6014-4d87-a120-6ca3ee6aa6c1,train,7f80a5610a6da70daa2fa69cc30e01b12cbd1d43cf3a836bb4bab92e0048daca
523698ac-b342-47e0-a83e-49986688788c,train,962e4757526d8e1da068774aa43d697d31fa205e22b8f6ee65e4e8d57cae5e85
5256466d-bcb2-428a-a09a-15309fe3b8dc,train,c0e03162ff12a5d26c62116a3e8fc777d35dc2707f941fb49fee6f9df06a1bf5
525e4495-3363-4193-b78c-56a534c7618d,train,4adf174356f6c2998b28fc10465ca8d1f366bcd59aac78641a97382d5e4c60ab
526d0383-6d34-4a21-ab9f-3ab7b4355395,train,e2af7fef01a9ecc0f035c3444b3f36353d18463279b83f8678d793b9fb17ea2e
52840b6f-4db3-4486-bbdf-32e9e2d07e41,train,0206d97918019b26dfc2cedc5c56c673b838e67255602ed6b7f267e2b785f661
529a778a-90a4-4e53-8a14-cfc332e13d74,train,afc2b24d52790a4f702d6cd43abf36d9c560a3442abd84c002f9cb860eead397
529cfd30-86b7-4149-816f-bfd1111f3a2b,train,156b9979b73f3567232930f12ff677ad0afb878c060431f450829eada5577b8d
52cdb5b1-22cc-4882-9a14-448705b5125f,train,f3bab2712e1180f2be49133ab679ccfa775f57e177f200577f1bb0d51930cece
52e4daca-b0b4-4ead-98ed-f226802fd7d0,train,e80efaedc5a62c0fc135025292b5b3d2b7afbecbe304baf9e9dd25842b67f738
52e50bf5-7c71-4ac8-ad8b-11aadc23aca1,train,50e2822e4ec8191038c892adba1534899c6d36018b0b5b102dcf2fa68fa6c7c8
52e77a96-8545-44dc-af77-a970ed39ebc7,train,16725e19348813985a7d186d5cfb698e3ea20717aeadf87338f4a28d51d40f73
52ef2fdb-0168-41dd-9515-51e10d70850d,train,da4e67de743fe35b09b1c653b801a92afa9864414812474266aa164e270dddc7
52f8d528-41b1-4e86-9da5-d39c23f02951,train,c74967068f8e828b5d350b32aa73a2478e6a921dc970331ef580632ad2d5888c
52fdd48f-ce1b-42a3-8cef-0f7b46588bff,train,754f8e071e02d1a9eef1c81d2ce86f51b6e80bdb4a165d04434be88d16a2e5d7
52fe17c5-c9cd-4ee8-a9c6-3d45d3ae6333,train,86b7e2faaf954cd7420f569774e1a6059ae1418eb52121fcf54b621a3f71811c
530d20c1-2384-4bf3-a7a0-93b88dc7aa90,train,678076beb2a9bfc5346eb5dc15f81743b574233150953e7fbcfe49a44eb7b5f5
532e62f3-49a7-4a12-9d1f-537ff43e46e8,train,7977cd44dd9df6e118bcb243a0978e2285f5fc0c54c543523ace94de1ccced45
535ad95d-28cf-4128-b235-580226b5dde3,train,5db1b52d6447860bdee39d3f6ee9f2945e8194797a2de088032f7d895f7108fe
5365ec61-1a9a-44e2-8fac-d8a1a8c37275,train,482156cba874af3d4304e16483a347e77ebde0fcf430b4e7f67f82e8882e730f
53680e08-d83d-4135-b241-d7d949a8cde3,train,1b25e1c378fba9ce1375bd0cab9f19b192b8596a215e51e45ce9a21a8f0c8664
538a318a-4d5a-47ab-adfe-4602c9f6eba3,train,d52dc4a87461675acb1a7d3788decb05c4728202bb3f67544e40aaf15806b457
53b467f2-5a1b-4ab3-b561-4f8c17127e90,train,97fbc7ab5afc2b1e7a82b0c1600d8053ff2e4bf9c2a42ed3c854a4e99160ea5b
53b74df7-9f62-4af1-8b45-232acf71cb5c,train,738e17e675059ded0b8027672a29e6b435954861b3e73e3af9794a5d5de6df8f
53d3a521-42fc-4f80-ab65-00170a4c06ad,train,8badeb6b90633bbcce31d354b8e60e3c12e1af37857bec0fe6d466d525871cec
53d71a42-7b0a-4332-97eb-b58dd74d3fc0,train,9d1898cd34ac70934538599fc14d17e59250a4af4a84d54d4bfa15b6f49d22ed
53e59176-5070-4028-9ac5-4a8915fdebfe,train,a5db93cfc5b534f0411c20914d7b2856e96a0782a0dc72cd955c1e98d921739b
53fb1278-6dcc-4e8c-8230-99e226c584a0,train,acf278dd868db37bcce0c0f41a06fb46845c5f791cab05aab94e0f552027935b
54088cff-460e-41ba-86de-d17b277873d0,train,75a309aa3adac09b1e45bef07853d54516dd9e0af4c1251c019a9d677338b165
54259cd2-cc79-45a1-a26e-bce2b999cbcf,train,99eb32fd52d2e61bd7e4b2877a6a3ab44b5e7249a7f13f2559f8e2831273a900
5449b113-475f-468f-b85a-755856230315,train,3ab4d51212f90d97c3794579c35dd67b7104d816c8bdc3bf3b6e4fb25680f369
544b5f62-e0c6-4eda-ba38-99e4171da424,train,5e14f3ec6fa4665ac931b54b329fcc44ce3fa4a6d74573329c249a3fe067c59d
5450fcb8-d79c-4092-a46b-5e4e71082dd8,train,93a3f393f5b7fadf289e0041f4a0c189bbec197acfac41eca45d157182a8436d
54591fe3-023a-47b3-8726-1e0c842d4dbb,train,bebac275c443f5f502ab032271514bbfff40d8bcf6a420b8c944accabd564816
5459cfbe-a443-4643-a4ed-e4b4dd4fcc67,train,72222a18f39c9c039f6931f8db0719d5f02273a4ddab79caa10f7fd5308b3d45
5476292a-3a83-41b4-9a48-67dc3ee14f19,train,fe13f92dc394b775459b84792bd7ae0f5342278ad31175cd66db38782133b47d
54a00cfc-0c91-4e74-9ef2-c1e8ecd7a427,train,168d566a6590742eb3459ab2e400cce3751e423f1b67a07f6da907e987d3a064
54ab7a57-8635-4e8c-84ef-f2ed7cd5de4e,train,e5ef1105beaa8d90e60279c2fb1363ad9877b537a486565530c9cccdd518b345
54b215b9-5749-4b30-9968-98da0b90262e,train,c58d822950a8499183432ae62e08899312fd00f42dcde998eb4e6214bb4910b4
54b884e5-87b1-4e42-998e-82e17351ccfa,train,160315db6fca699d981cc4a47f8741563cb9dad1c62afd6c491519200f7bd367
54b8cf8b-c912-4ca1-8b65-008d2496d860,train,ca3693c0b0143cdd1412a11ad96f39e1c6912e651b11846ad8c6b62b636563be
54d7a7a6-a43c-4194-a852-28ec0ada2c68,train,de0531106edeba09e137f283533fd61275e381031bd5e047c518cf4791b48e4d
54e70e30-0a53-48ee-8150-0b34397cba97,train,5d9f485e70d2e0bf9138bc335698ecfb49cc103ad34a889800aafe81b6ed5dd4
54e8d0b8-dd7b-4236-adcb-f76a6ae8c8f2,train,d62a6671d8c30ab1e99d8d8abbc5a8dff67796d57201b16f0806d3c2bc6c715c
54eb7a73-3a05-4efb-99d2-36be8b59d1b8,train,7772c35fa519452b5925fbe925a2b050bac75224cbfbdfe4d4bb04b8b212a5b2
54f5bf4c-fe51-453f-a38f-84cb8ae9a242,train,e634f3b5ca887d39137a98857f16c7b49544c9cb72937f8baf973f5b199448c5
5503e004-898f-418f-bd85-2a47f10259fa,train,e8c1e8a61c3341bbce5a7918a10e59870b944191279d562d17e80d6eb88670cf
5506af91-b19b-451c-ab19-2742049b84aa,train,8021ba1457bd65ff7677d8b3a2f9da5be9f493fc1473831d91fa00910e00309d
550d3ac4-c3b7-4c52-a423-77e0221e3176,train,4a279f2bc22dc36ca77890e5730d85143164bdb3b4db6e6629fff466f5c54812
5510a08b-cf21-4f68-beee-c9e1d3364ce4,train,ab321854af4f56543c904309ccafaaa1333c2002b9f1f54a200a880655ecf3f6
552ba0d1-c329-44be-acae-b950f0bc6a1d,train,9e40122d7fbbac83bb666df73d6b8cbe6927794a633cee9e1f3baa3ef91588a5
552d01a1-ff18-42d5-a884-15012420344c,train,31f38740c2fafc8116583fa1669d39ccd8faebf7755a0431ac6aca211a796198
552f9f62-a5ef-4001-b61e-788297f1853a,train,fdfa38407a66e907a4d143a80173dea921155b5f3f805965c603b458e918c91e
555600a9-dac9-41c4-887c-2b614df08113,train,fee704d8de9e8e0f67cf6f91d4183c72c85f65b2a5028888cf468dc08fc5dbde
55598f84-2a3e-44b4-b555-3cd6e42cac4d,train,025da4227a3ad240cf964e6a1f00727da42e2d35605c9434bece07e6187cf6ff
555f8015-6b33-49a4-a7bd-91224df6b87e,train,598b6dbfdf5064b4d587570f3ee7e8767c4f4dee51251198c85d70b33accb05d
556231d5-e751-4547-8a91-6f22da860cbe,train,a35e95af3f1b5606eb2277cbbb8a319e6a02440713bc927403d46af279a69727
556356df-3734-44c4-a065-aba47b9cdffc,train,95d92e06309ab723ce3371b5c204f6fec7d1c4c2eb677aa806383873a79f5402
557c31e7-e95c-4777-8384-d9be6012485c,train,50b4a946ce508cffa03230229836b8b925042cf5af1db82f5b790d7c2d21edcf
557c7e40-fb77-4aa5-bc5c-13f9941ae046,train,da10913cd84d2760a967889ba5c044b73fa409e0c49f7b1edf99290fb78b601a
55898e6d-8b05-4ab4-92c1-867cb2674d01,train,f28bc0d0cc508a6c565680c78674f82ea65f70212ad2ce26c256b69d9fbe1d70
558e2ea9-3ed3-400e-b023-6df0663eefbe,train,f2d2473a0bb23a1b4534c0ce5501d3e3edb478244cfd4059a47034345c0b6a5e
5592d6be-d007-4e1e-a2dd-ce8def59e404,train,ec7c275c8ca3623192ce8e888b51b99a472e68dd61e1f87ec5b651d79a3b946a
55958fb9-0539-439b-a34f-050f22a30341,train,032d23f9ea47baa80372e583ec8754064c98b10f67f5c354d5f89976fa68e43f
5596e8dc-d11e-4632-a52d-341c8ddb615f,train,9fbee0bfc94ebd4493bad4cb7892259178cb5d7e220ceb80a460f121fbb3d9d5
5598736b-7817-4c7e-ab68-9581bf1a1ce2,train,ce36c31f4d11ed2d61e6b282eccbbc3010737f39fedc0703e306f6a7cb498f01
55a3b8e3-6a1d-422f-b343-935bd10d7a96,train,e8e1551202f3b4e7c1c269cfc4d04a4f56a480ecc1b103857dce7535db035321
55a562a8-925d-4339-aaa4-d487e74e0a83,train,107ad9349ed790478ff166805645f46c725511525dfb3918a12b633337e593ee
55a87670-6265-494f-8b2f-53bedf7e7a51,train,8670b40fcedb9bbcd30c2a1c3dae77ddf2a7c7d5d027267973aa499aca4fb578
55d17170-2cb6-4bbb-aee5-5369e205fff3,train,1e2c62d255bd9c9084bbf577ed85af747c4596cc93a4ffd3f8fd90dd8520984e
55d7d74b-6894-4386-80c2-d66d76d77ee5,train,cdab972d3e4eabd53aa428e51c1306f3f3b27c5c2832fa15f9803841eea1a683
55dfa13b-f0ab-44d7-8fb1-64d4b9e1d607,train,5e3c1eca88cc261c1f95271301cc1ea81186193123b941a5f754b3332f375f0a
55ef63b2-4d81-4ba0-935f-d250711efe06,train,53202b698bf40a7a70a0d01b192e74f8ce740645bcd7628769948d83ecfa9f8e
55f0293f-eba3-40a4-a517-d7011c36650d,train,436292526b0da56649631a922f09479bff2b84ab5196feef2e261682e213935d
55fe5f4a-cbf7-4546-9d78-8f11e2c2b088,train,8b6ee49684f24951cc287ffe0da359db0ea7809467a0ca365ec156de957fd703
56006949-f0e7-4656-a42a-76b717f4eb23,train,df125726907ed020833eb0735bae600a6992f67bd26b73bcb0dc39d9e39b159e
56077f9f-4a57-48e5-951e-4806a2b4e02e,train,c92d9b3bdfc2ad3fc56b3f3348763af449ca3c3dbb075f5db62419cb5989d859
561d6fdc-be98-47cc-a7ca-447572a34e39,train,2ab2fdbd41c479003edc2d2cd179e365e0cd8ed5fa8303b747fda631ffd01705
561f213f-48a4-43e5-a421-09d15f7eefa0,train,d0a43b9a30db90fd5a97c3f275feeed77edb26ff823a50d20cdb69b3ea43e6bc
562a86e5-da00-4215-90d7-21daa9fbf59c,train,b721dffdd3f0328486232791a5c0dde6592d694c9e1266c57c74c6206ee26fff
5638f82f-21c1-4dd1-aecd-75516953e247,train,f23d1ee0fe841b3c04895a279af93bffea5cfd560f835e9ddb77ee52f1613945
563a59a7-bb7a-4524-8001-61103a97efcd,train,d6acd8aa4ddb6cedd3f90a369b3b0c53cacc68ddb9fdc3ee8568298c124a248e
563c79c3-d5f7-4406-b70e-f2b59605e862,train,6f79fd6ef5a17d60e167c5a102b2a0a278e5894c582fe96516f2cd11e62d8d5c
563fe176-87f3-49e1-886b-8b07aa3e95a9,train,44e5cda1bfe5e5a3637bb1b71d48144ade31d06e26d3dae1d65c4232135ed65d
564108dd-e399-45a3-ba58-fca060381b47,train,5e8dc122ca926ac1ebe663ce6bb57500334dab3c124b295f5c80b6038e1cc787
5642e5fd-0a33-4a99-affe-51d0e4774d73,train,fa45f1efc5686d67abacdaecd5785e068a0a22892d2265c919ba33887c9484dc
5659f235-1b85-49e1-a44b-470eec3de76c,train,46821116cef1574ccf5634d1398d56ee9d2e6c86670b803a03f78959aafc7ee7
565b7925-375a-44df-a118-006edcb7156c,train,63cf26dbaa84d72d267f45e91c03c9f5974bd0b42fd94f9dc9217da678f31770
5675a452-2b91-4a73-a3a8-cadfe6d01079,train,497dc57c094df62b71975ac127bc1df2400bf2c3333bf3c6fceaf75076135108
56760d3e-7521-4f41-9840-34e18e6aead8,train,907cba139664b10144233322978df78870f1b7069eb971bd2070ec872c4e0755
56788fc0-97c8-441d-8f8d-04526c5e1e99,train,f17073134fff648f327041f59669fc1ccf561355e32b9609aa7dd3b8c686c3a4
5683679e-5fa4-45dd-8467-bed3f9819f43,train,58e07ccb4ee2dd35a47a6d2029d554ace8fb29ba733509747c309d2106382bbb
56844253-1f94-49a2-8e10-1435b3e57f39,train,c59ec7e8e3625f50bdd1a8b6f8209413894904149d3cfcf96cc802d5611fae5a
56897bb5-089e-4486-b9f7-c0d14c8cc3e1,train,01d6f91620bc8d61b95dde189b85acfb4d52192a028ed90e0030e9e5d9946830
5689c795-f42e-46c6-99d6-e77b63a56e13,train,b1f94078b2ea4cb4e4b6ba0d853b20a43029c3aa794174890f79534361b41665
568da5e9-cf21-4ab0-8501-135c9247b4a4,train,68a5767eb0c7a7aa651991e8f69058f4d94e9064549ce0c58dee9037208bbcb1
56a05588-b9ec-4586-893d-811a47b72cb7,train,a1420eb847ddc7879150f9aed7a51afa237dcebacf5be2f3d122d2c2ef993d6f
56a390b9-5a66-40e4-9636-8dce317eed89,train,61b6382537444f732a15d5e2d55b7e6125dd099f85b3080cfacbf582d017f8bb
56bb6e5b-45a0-4143-896c-ac54d7f52247,train,8076e16278ece4bd9236b64e79c5ee51435bd5a67bfe9d065a937ee967be049f
56cadd40-42a1-4032-b166-58d398cd0e10,train,6dc10bec220eb4781ecf0c64d999d428fa187dbf5dbe321e2bf20653d551635a
56d1ac75-030f-4a4e-9b8d-26cc17ce5342,train,88fce730e2a9ac3dfcca75911e03d83d543a9794f5c52abec29f555a42a55aae
56d99409-0814-4808-afa5-4325dcfa8225,train,e5a24c0508580d2632653909f2a8d45706758932bb0ac8cb925af1d842b0b729
56dd07c9-195d-4cef-8f75-cc457dadbaad,train,cc219ccbadbd3f1a117ed4d6d5da148982a960d10b44cd894ef72a9872877e11
56ebff1f-c1c5-4590-974b-30f4a9f79eb1,train,962ef155ccb7c21664badbf0bbb2b4ad0d9f8f3f2a2906f1020f6e00c334a34c
56ec91f1-0b28-4260-accd-ac072fa1aa3e,train,2b4ee4abfdd32a0f98b10bb6d7d64d878ed7022273f112828ced61d0494d436d
56ed0888-5445-442b-a98b-534f8724c9af,train,a32d2285cb00bbf0e8562f16cdb923a77f98e96c3295498fa45831537e290972
56f965c7-1920-42ea-ac6b-7b4d05e4e19b,train,ffebb7ad9d1f60d9929e8d51f7328fdb7773d0d4f506d339d8c8dafdfac373de
56faf01e-111e-4e6c-89ae-1e8e825eab58,train,dacb4172b7ccff08369cf1babe81ad072682d82ef530a039eacded3ceb70ac3e
571348ff-4a0f-4d82-9001-33a7128aa724,train,e6e523ee017ed83485db8aaf3a5e55f9af3cb2c5075605b56b5cfe9d3ee5365c
57200632-5c09-413a-983b-be84b48cdccc,train,8ae34777357dd0c100d26c0254651450ba5b395dd589723a8113dabdf8d3ece2
57234a8f-431a-43f8-9f4c-f72b0a49dd82,train,e1a3f85888ae24e37ee350c670f74fff2723dfa4c855a77f39176eb5a4411ce3
573a2d8b-ee22-4e72-a884-023c6513da88,train,4b032b6555f2451c0a21a162b8900527fe27964f1b2d0d2b6d4189b76c051c90
574ef660-6ccd-47a8-9fdb-b11833060e07,train,ea869eab77ffb86bbd4a32a50db88fe4ecb37eca20a06c10cf208ccfc86e8838
5752cd60-8b09-49f4-b9ba-97fc5ed4a858,train,9b08f8f11379620ba4dadf6f77f8485e52b9eb0a157f70ee64206361e1e7eb15
57578cf1-6ed1-4f4b-89c8-c623f5b68397,train,c7a40e86580b2449dadb6eb833d582d88cebf3b28ad02738a1abdcf7f739f19a
5771df3c-e0b7-4e04-a121-88b1387bb93d,train,f40f97c897b5744251c910e0ad0732eeceec2cd0c0ce374815caaacb9e05b49f
5772f81b-28d9-49cc-89a3-652232a42850,train,def8a024e3c5edd99c80ed6bcfb02af3e7eed6429a1d6a2c60c75b652657d8f7
577581cb-5bd3-49a7-a036-d1b705c35e82,train,d6764e938cdfe5c188efbae4dbeff1645bbd0099a95c583e4e5761625e822658
577653a7-7838-4dc8-90a9-49e5022ef9ab,train,ae47402435c832d0cda012b119cfb864f22c6dbb667b834cdc6f426424575d06
57770a0a-08bd-47da-aa80-9eb5b8fd1186,train,91e27d072794276cbd68755fc4f35100557fc6bb3876a4f00088caf51a7257cb
577831dd-0cfc-40d2-9abd-07dd743d2299,train,bafb3a8c63ec7bc49ef3630e2c9ea168c78c70a94ce0a6e7eeb860715410f2ab
5787d8a1-e915-4473-ad6d-d1d6bd248f6a,train,3a07905b6a1338e96f0957116d704633c2c10942b5d297c0beb9fb36faca6376
578fbfba-ef56-42c3-a924-2ca2f09edd4e,train,50c28eb24b69c3f0b04b8448e98cf97ed4fc689bb6a1902b15025d078e1f94f6
579ebe59-5afb-428e-9c5c-647f3834d7e4,train,7c94111378b8c5a46735063c324441af3222ee2749f98b1fd0a9e14875a4c5da
57b27b2f-bd10-47c5-8d3a-a3be4e0d8ce4,train,4a40a74a35fbaa817e75b4da363dd91c33772f9714c6b5e1e797de601494971b
57bd77af-ed5a-4a50-9c0f-826106d4ddb2,train,bfc74ab332f111c525639a19075560b01b0f777f922e5fe56f18130bc887786a
57bd7832-3786-4432-933b-62517bf555bc,train,7d04c80f9450214b0ba3c3cd7c2744271e06e628fb9612eba90a1e4d87d08746
57bf2c95-7bbe-47ca-b6a6-071c7bbef14f,train,a1663ea9df2cef40a618dc2d60ed26b66c655fb00a312bec2dd586fa015fa1f8
57c4583f-c80c-49bb-bb4f-02b36253657c,train,a63134e2f6de452dafb504b46e8eeb92e273ac656b2ed08fd808a078d0e643ce
57d5d816-21a8-447b-8b2c-5d9ce77b2da7,train,432880a2e3d64ff24b7a59876cb2cdd57fad3af1c59ff70f4f3157aa351adf14
57da0350-7b1c-47f5-8403-94b77c7c8682,train,a8d930cbffa0ca73180eeff4e1eff07abb07c80a471ae320108b9b14e55e8124
57e4dfd8-17e4-4f32-a3b3-d147b84533fd,train,8b8d76980b3ff0ca49a03e7337c53c8a6f8e748fa29010f3fa40d7473b006c08
57e98af5-2764-4e82-aa39-76864317d34b,train,eb23b1d8c40b112a2266538006f6a79fb4afa3cdc097482f93e6326c8f5cdc95
57fffacd-2fa7-4c06-ab05-5067761aac35,train,2708f288d2abf34db90fe73bd995a05f594e8d20cff4680a5df26b92c81ea3b2
58057a2e-693e-42ed-b5a3-4f6b94266a1f,train,4724db92baa8c389d24ff74e10d02e4490c0ee6265b54929d25725d96fa7868c
58065f79-be86-46ff-ac14-018f1a426ac7,train,09d7805fc05ed758b76ce00df6be78b4652341bafedc0947a71f701326f94762
581c559c-972b-42e0-951e-75ae8875c01a,train,61ab147c02a26c3d5001c05b5f21b9dec8f4c782e9250bc613eb005a5d406380
5828c551-934b-4a6b-a1d1-b0fc89bb117a,train,6c9b2a19f6445c4da5fee86c115ed0cbe485e5f8a2592420247c8f34bd8a6fb0
58342e9e-fc73-4dd8-8704-ca0081c34652,train,3a64a1021b4c85f35c3f4c1b9c9199825ff0ccd94ce57ac7140d32a7f09a89fa
58395767-07db-440c-8e35-5c1e312cd713,train,b2c01dbdffb801811343c389e6b0bb23bf74b8e343826047785e2cf0f9d3d7fa
58398020-2d1a-400c-b242-c3be7c91a50d,train,0d8408b1f7b230f7ceb78eb424893bff95b3f979c8c434148fbd154c3541216c
5845dc1d-1b32-4290-b065-cdc1daf6d919,train,571ff2eef497b69d111804ed975630de9e42faac62176d80b5473bf61d81e4ef
584639a7-23fb-43a1-9cf6-10d1605bd81b,train,fa4f5e4f5501de4cb9d041bdee910849995f246af0c0ec467f43d397a4d0b27d
58532604-fcea-4b43-ae44-37095bbfbf2e,train,79f16c71a28dfcf5e1a257e0bb4a2ce632a955d0cb0bbd7a7c1efa78fd094a82
5861873a-229e-42d5-9626-26dc3f352c37,train,551c26412a3da5a68521323a88ddc8118c8485607f8d9a07e007cda73e0dee1f
5869df66-8c5b-4b47-9152-9a99ecbd797b,train,11f909e3587e69836966e7e2155796789f8f809757828ddd8e52a48edf6945f8
587e26b5-ba0a-4350-b530-edf5b75851d6,train,492d105b8ccef3a15b3603e8bf45713eb2c761aaa3a91b97543a71b3c3ea6643
587e8f3b-3dc9-4f93-979c-fe344584f0df,train,b9dffe04f94655f560d82797115ff55e365bb090176852c51747e8a13abc9605
587eb32e-fbab-486c-b3c1-7a4b845600cc,train,3b107fa1ba76cd43efffec532c267c1ecda2e8f3ca8c76ed53cbfeae1c271e95
589e0289-0fff-4e2a-ae54-d0e5f48076de,train,eaca44979bd5374707cb0286d1bc77a3f07e20c65a04f8d1209d49900f432d1b
589fbfbf-f1fb-45b6-91b7-f4a3c6a83b1a,train,7c28fad3be6e5c539ae162f374f826ba69848067bf05963d9c69c2877b38cf5d
58a4d612-e74d-4152-87bb-6582f261c5ca,train,630ce91eb81a4b294429538ce0d6b4a204227e2eda529c126bc19f27fc33e649
58a76349-54a9-4cbf-b227-1ba45423e19b,train,d5def756b695c5c63b16627c084b65727fdb189459f06b69c883e541b34f3a65
58ae91cb-682c-44e7-971d-4bff942ae198,train,aa1ab1529beffcaabd79e40e3bf8d684e32c5a9913ee66ded4e8d842886b5437
58fc93e0-3771-4513-9074-0fd76a2ef975,train,3728140aa359f4d3046fd6a602387a256c1d1905d02322c4ebb19eafaa9be309
592ec572-c865-4c46-91ea-64ced8e08c70,train,56f8d2ac4bc614ea1e7aa27db4239991354a84dc12322c89162d5acf9c4c78e1
5935a40e-e85f-4588-9aa7-42460c35d04b,train,43a7040a022c40350bb6b11ed34cab1fbbaf7ebccfd3aecec2bd0fb978e6b450
5935a7f6-eaba-4460-8a3a-8a94a1ff4e10,train,20147a8c3ffd3758ba9577dcc217b29eb9b3033f23a24353bb09c4a1b17bfb3f
5945f11d-bc24-4c88-bf26-389f49aa07d7,train,97389bd271d619939ad749e8bd8db9736c7c507b35d43553dc48ef4b31948ad4
594f4a24-39ef-453b-b478-23eb766d2d81,train,403624a38dab258ef0623cf6ffe8d61442db750c806a924d95fa7caccb31f7d9
5951fdbf-edb3-4ed1-a45c-e61f8fa78a46,train,ffbefb34d0065aad022c9bc0be1fecdb5a213b3757f13e6b3aecb626a306a807
59525958-02c3-441b-8cb3-976bd4a0424f,train,ca9bd213500e35e68c340da2a62bb190c701633509d5f5ed35fc51820662924a
595c9e7f-545e-4e0d-a639-9bd0db3a7408,train,b7763dd0c38de5b9543bbb861a98b826e457b38100ad799414106dd48c0e8462
59612a85-e9a5-4e84-b01a-d0d6507b6fda,train,75a17a4047cb860288b3794c408df080c3fe72d171c97acc0f1b5e58e72ed01a
59620dfd-2a5c-4960-ade8-3597e43c8e05,train,7cd1d1b4189face55bbaa80a39dd9823d5614d42b0b0b3fe93c43ac1e2b99a34
5964c6f1-b637-497c-a92a-4449f47cd7b8,train,d34990b831bcd1a41a69fcf3dc03b30088ca3b93e7895991f8c5b27f9c0a115e
598d69a0-efaf-47a8-86e6-75d7654b158f,train,0f6320be3ebce5ad12e4c3a6edf7371931991bb9ebbbd9fd4c81e8bf3d33993e
5990a231-3ea5-43b3-b1cc-6ceb9b2b2fe0,train,6759dc8b5af19e3f49d2e70d9dd5f48ed4997eb94086f4846d400e39d20db09a
59935467-e25f-4c67-a264-6b10ac770be3,train,fa96acd9792d69cc9f936262db298cab4a0c8436562301be7c5c8f460664a06b
599358a8-9ef9-4428-adcb-f58cb362ed6c,train,79916b539a7324e0c620c797fd8494723479c3cc40bc47c7dfe794c0c751787f
59a802d1-6f37-423a-b240-f4c4e86d5dc0,train,40e33088c917f000b182a8bc008a65fa02bc0b7a454e52fe5cb1df247f341cdc
59ae4bea-733f-4c5f-ad9f-6d9d0175dfca,train,327c10d75cd01231886f3375fd72fc5628948412ee1760d9146974b89f89e51f
59b76f8c-1efe-4631-ab5d-a201c425c93d,train,29e07cb9c2c94703ab363c30529df42fe5326005c38947ebf04d5565298f6816
59bbeb6d-e4d3-43d4-853c-befcc1bc3ae7,train,149376abba056215c2e2ff4802daa8e6654f7a3ad1e7420d862c3b29c67a0861
59bf0996-dd65-4c5a-9698-41acbea07633,train,f4388ee1c91d4f725aed9eef292ab2e276a4bdc26e8aee67a6f3cbf635f6b6cd
59c5113d-1262-4b01-9237-134722b8a3e8,train,19df9eabfa3af8f8df6add7582d52975b54eaf20d841339b61f7dbbcbbe621d7
59f860d8-6c17-4815-816c-8a167d3ecc46,train,1e724da6c1a7ae8362853ca6053a0d2ad34ff49f37cae0ca9234591816850d22
59fdf468-13ed-4e5b-ab67-ba42761e48c0,train,e79265fc6c9752c855d7f3d24f88700014f833143693a0dc4727298b7c98a751
5a024958-73da-41de-9938-aa188b3d346f,train,61f26bb8bccf72eeb205c7731ae6dd14b9ea9f8f6e57abadf350b23a1414b0e9
5a09c10f-a61d-4eb1-af8b-d6ee13fe0094,train,c346c1c050c1a36fad9e6c5ff8bfdf1524eebef1aa15c77060876340bd89845d
5a0b5f1f-98a5-4032-abf5-d480ce4d2f66,train,f606bf3dfba6905e4279668198ecd7adc158c90a58b6b7c31b258813d58fbd2a
5a112f5b-2f11-4f00-a810-6d39f5f6e0f2,train,cc899158f7dcb27b54e0a52666f5067fc5adce2919a68f6e2478ac66c40fa31e
5a1c5a70-d5c2-4d79-bc61-7f43bc2e5708,train,09f2cbe108d9264910e22402c6e4a90e3f427a62d13c82698e8c8602ecce7a13
5a269b85-3fd0-407e-9c83-f63ba9852019,train,593e0673fff28e19ba3a7a9d42ac83b7c732a2f04e1f665148ab82f6d613a17b
5a294aed-897a-4614-ac73-360134ab193c,train,20c63893459700c90c7c63a731bf322e70690a7d99aff502483c10ea542f65c9
5a34530f-2dfd-4d1b-ba20-23987f925401,train,14b00a8b58a4d6eae270917b36edaed8af555ff2b52c0a4d0098b9dfca21cd11
5a35a52d-291d-4793-95ed-bdf554862499,train,34396a046bf725c0f2023d3906c21be09e251e26579dfb62306cc754e791b593
5a3cf328-b12d-4b3e-bb2a-84f15bf19a2b,train,6bae85b6e03e74feefc494f1d8b712f81fb8917beb5e705d21444d88f5da7fc1
5a43cdf3-5289-410b-b3c9-ed8909b08cfd,train,4fcce4fc9310a76383e5fe0d8a4d8db2863e445cb4d3b15b9fe88c3f9084c50c
5a48018b-da15-4e6b-8845-0ea2ef52c0a4,train,4c5d991c96012d4ff20164e1901d84657469740a4f1152a006f33391dbc4c1d7
5a4b71b8-ceaa-43d1-bd76-12e436213838,train,54f88cc4800447956d9ea0353ec25949321066a076af383b010fc18692cb8cc9
5a4c34ae-1ffe-4eee-a88f-ff410e230c8d,train,ee49ece4a38a51b7ad9b7120cd32fbba96de1b852bfbd752ba733dd021050899
5a4d0a2d-f6f5-4c27-9b3a-fde24912ed54,train,35b7257b423ecfd0471592b410d5729ba904948bdf694b69faf7d2adeb9c87db
5a4f8ba7-db8f-4e4f-9231-14b56e074020,train,32822ae98512dba36daf35039b019ccc6bc1b228ebcbcd67531438645d7345fd
5a54751e-7566-4664-bc40-b5cd66078907,train,c7f691637694818f53aa46660e906d1a79461bdf3bb1ad7b2973d2a1d36d6ede
5a6917b1-c32d-43c6-90e6-ac878725afe0,train,0977f2bccf973ed6465f8d4b94f76deaa4d4ddd58c53cef1a3bed2e4fb94738d
5a780c58-e4ad-4e51-8f3c-0998aec654c3,train,802f137b39bb54b76f7449f7b19ba7abd7503ed29668b1207f38ead7470c3312
5a7cbe47-47c3-466c-bac0-9eed5e55c750,train,a95f381187fe0b89bb36a5671faf7f7e207a9c2288dd20d765678ab34a19258a
5a99cc77-3e04-46aa-b69e-59ddb4a735df,train,fe1c69c226a104878221b3cf7516bdc59538856bb988c88fb4c7721ae75a223e
5a9b0432-6c9e-4d00-9787-f9bc7ea5537c,train,70d8dfa10cbf434e6cf387cfc400afedd5f2d9e4add8fa27ec7c155df8ea0544
5abfb21f-c84b-4b3e-a943-4bf67bfa6b8c,train,5e691256764aa0cac079db90fbda28b89ab218cf8143037916d120151c6ef7c0
5acd6fb8-57f0-4217-aaa2-21c91a12b994,train,12d5efadbd2dda0b33b1190bd14c2ecf75c3c7967af9a2689c90c037b9dc9eea
5ad3d461-d17d-47d9-831a-93be5b86b750,train,30316a7a29735a0bb089932df2e1a32f9c2f24c567bb48e41f7d7ae2416e193c
5ad89ceb-a38d-4f22-a5fb-7d2d5aa502a8,train,3c17ef2493b4d89c6bafc87d8c466409eb979f2d5425c656f299e97301d3f387
5ae2538f-28e7-44e9-ac33-9afd35b48bd7,train,e01c1e90107448da9a73ba0bb436f777b2eef13dee6bad2ae5ed8cd644aec087
5aff1f12-fa89-4f01-beb3-ecee38679c55,train,0960f59c0bd9714fc4da4133504e4ac25cb9c56efbe0d903b8ae5f2c31976987
5b0133dd-b5b8-4c78-9bb5-3f990a270501,train,347448809599a3c064f01b9da1e055166dc36c900ecf459eb51dbd1f82ec402f
5b15efe2-5a18-446f-82b1-0387f5e3746d,train,9012e8ecf18bfcaa8d7bc9c712088207fef5a4ccb42c8497f511983d6dbba88e
5b1eec3d-8dfb-469e-a931-3ec3e5974e1b,train,20aa93a39caced9b41c6f4ddce7a596d5bbe3e928351a5d4249b2f480d73ea56
5b200565-fcf0-44a4-9528-551cd91af73e,train,8648679490512f71e4640fc7a53c8763fb012635c4cc9f56029fb5300235a5e7
5b2961bd-af2c-4f8f-bbf8-ca7b146450ee,train,8825fbfdae5fd01d4cdaeddff85aa503cc91bf3211d3ec20ab93bb38a19143f1
5b316850-95fe-4c37-86d3-c3aab68e0116,train,590749a46240d64f828f904fb72867545609d04527fe893319c28bd59651a8f6
5b55d111-8940-4a31-8a03-9af6daf1f8aa,train,8981bc7f983c205a5240c4c519e68cefea6d0041652e98f8bc2e08efd1f2025d
5b6fe84a-4d4b-45b5-b953-198815387d8d,train,883f4052afbb1fd309ade1965c0cef27c64da6327477a486bd91d48d572397c6
5b717603-ac3b-43ce-98bd-7d86a55c3751,train,4a9c9fc8983ab840edfd4663c729db40aa3bab06aa15ce6bc88b8afe998553bc
5b81a189-13a2-4ef0-904f-61bd71a658c8,train,2be1469feea67c4f75054c7491d2eec2699422700ef66d54ec3d494073a3b1e2
5b954939-e01b-4156-b4ae-4707b977dffd,train,2cc01d3f7fede2906e19f2a2c3fe820f66dec16ba100f0c2414b0a402996835c
5ba864d1-ea7e-4993-844a-85bac7537b13,train,a880aa6a5f2b5f4bff31388c50243aa4a94946c3b1e190c1ad3ef61d69487f80
5bb5809e-22f9-491f-9dbf-6d5bba5a4e6f,train,825b377ebb06b4baddf48d0228e987d7c0c54998352994a1c3e1982b1316e39d
5bb74b1b-82c8-4ede-a100-fa2e9709ae6c,train,e65d392d1655e8f476dc246e84024e00ab353879e3f52bd926117089f1ed2193
5bc93d53-29a5-4be4-9a87-ce0eb88133d1,train,d85fc2222b1ed289a236bbfe664a8377b9fc5b885a2ecfdd402ddaa981a1b5de
5bcc8834-762a-45b1-b676-367c68401722,train,512e367b25fac064899f55dabd8b869856fcdb9450f03712e31289a6aea385d0
5bd3d472-e1c5-4847-947f-e9c0b7a46a81,train,c87c67d1a23391dd71100a5a24f76c25f4e9fec4a41b2582391e7e748cb4692a
5bd79b65-66b8-4f4d-876e-0f7a2b79196c,train,3ec7a2b63c3efa4a779af9f83fc37a9180b024df724134c582b8e613a001b279
5bd96ee0-4f06-46df-83a8-022fef82faeb,train,f2b98675845dd94046cad132e1752d20586717a8358e8768abe50ea81c0f261a
5bdcbc74-1c04-48e5-af8c-a1dc1f1c5225,train,a8dac6c52a90c0abf3452aeed27ffa43820765766adbe2c8890e54d7af5b59b9
5be5b907-476c-434f-8b2f-56c732b11c3a,train,deecffac6df16f2559a72523b97d0a96fb8ac6e9088b9044c6c05be6c7021fdf
5c28a8c5-88d0-4cf5-ac60-97baf8d444ba,train,e6875c668110f9ebb4e96380354a602e71300fca982095f615e32f6e062c9bed
5c363240-8c34-42e7-a946-15d424827284,train,3f3911f7ddfe984ee0a40965e1d04a666281b769cce11fc95e34cd61288ebcaf
5c3846ab-37cb-48ec-94e1-91d31017e153,train,e85d85fe2f1ef8d5bcda36bd62aed429f09a693b3984b2bcd2d8dbc903c8558e
5c403334-aac0-45aa-bee8-8eefacc491b3,train,3de8015645719e2ba6068303094e3a5b4f622e0dd34a38835e7f9909a12c673e
5c457de6-0db5-4296-b12f-5e295a3f1fcd,train,6476cff775cd04574dc07880bab842bbd3e193f187d993e0144203d886bf11c7
5c597748-32d8-4c34-94df-97c3a6c7ee11,train,1877e152d9619eceaa89e6bb53dacf92ef579ae4d9605b2f8ec9313840bbe0c2
5c5d1ed2-2ab0-45aa-8361-27e18b605027,train,cd8d2f8b1a6271e8c170ad018fc7ccc917a04b659341c9385ad3d7c86e1177a5
5c6e83bb-6371-4788-82a4-09c410417c32,train,99445a37a282dc6b4d9b8c7b69f58cac9c3b6b0777207823cf03fa17f215bd57
5c77f135-11f8-47f1-aa04-7f53c612c219,train,28eb92d373b768852300b689edd2077dd596fb9e673dc3c4b0a1efc3f9ccb529
5c7ec567-4478-402e-8ca5-54ab86b33cec,train,7372be4a94172d8f2d40c537fa50a0d3f2e4a2530460007897b1b9b57f0d1f4e
5c84dac5-4a78-4ab5-9480-9a5218b0bcc8,train,a9841c3b975eed87a3035ab1da8988baab120b5fda9f8a21594921e41e0f6f03
5c8b50f3-c2b8-4587-86a9-a2d18363719a,train,fd9499701551be49cc706517a68e65c9a068ad3a199525f0abb738f219ccb3c9
5c8eebbe-4eaa-4b3b-a84c-9b1d602790ba,train,5bfcb40b05b43ea04f4dcaf0ef83fbe9451963b6541cb9b44a614e636c03f255
5c8f6556-e323-4971-bcfa-4edf4a7e3b87,train,08fa86dbc6dfa8e6545fcc1b987e7da003db496590f262b036a2a73d4bec20ed
5cae5262-ec21-4554-8e1a-26524b9e0150,train,1589943e6014ff1ae2c51d6076e87dc3b471c64f4323a48e11f4b403fc769680
5cce6525-d5c2-4942-9677-6ebd791b3ae0,train,f53a98f6b6e27853469aa32c4c9fe742812a0c03a3cfcf15d47db564195634a9
5cd7f0e1-6e74-4b3d-9684-b8dec07def77,train,bf99f0654f7d13d67424b136b366d52e9ac3e28f62d7295346cab4799d8e9b77
5cdd217d-8a42-404a-90ae-e396485bd088,train,411df2bcd88f38a55d1f6f971d1d53cf4704ec869812e75790fcd48a7df61aac
5cdde399-8d01-4286-8e25-355e8603a740,train,2b9ac153f6fc0b161f06508c43e2343c1a1cbe198d221354fe40ceff3d7c2043
5cf8f21c-5319-49d2-8401-108494735e9d,train,f16806b694c651039ee074b465cf1fda9feb0d1fad5b292b59a1a714c94389e1
5d030fe0-60cf-4468-be04-ff3798dbcdc4,train,de2932346512419d7bbb7e9f88941f06b248cd54431a8eb9b4bbd6209dbf1db9
5d28ece5-2ce6-45e3-8e52-1a7fe756a3d1,train,628181dd3b773b33368d742bd79c941b5989fb3732479fbfe9cd219b97c8bd2f
5d2a10aa-3ff3-4262-bdd0-9d6845f677ba,train,ee5f4f8887abe23dc2077b058f73bc4d227b04750168887977b906a0a82d692e
5d32e6d6-9a6d-4258-9c1e-ad88bbe462ab,train,bb6f1c1058b90741fb5a71830d8c04270dda497d54ed266a2e1d089f39f85594
5d34e2f5-749f-4cc2-87cd-62d47ca5be5a,train,a42b0a932eec88d8aefa22d041ed36a1cf92a45258b1939c465961693a3090bb
5d368a47-bfa8-4f4d-a2e2-36d7fa0290c1,train,f4f21cbcbfc8610fd1c63a50c501994fc503f38b791c64d8aa952d0329b640a6
5d43990e-c7eb-487e-a40e-c703f2238e9c,train,57763dd668c266711f6745a6e1b572b4f6e8ddebd6aae0b64a755ecdd99821ab
5d63ff43-e62e-4a6b-ac18-d0d35cfda3c4,train,704af1983583005df0363371ffdb576761f2bfd3327a228365e5e3d440cfb639
5d67267b-689f-43d2-b8f1-d1c8662d509d,train,567f0403217d7a40b9f93d55544d30ef83f84b1ce7b24e3182c92efc4f1c55a9
5d6e13e1-9dcc-4889-ab3b-fb24e5ee0e66,train,05fc00655576846442e3cbbdf8849bcd98af40f260e19075b769f124bedfedc4
5d6ead77-b2cd-48ec-8c7b-78cd904fc435,train,1a056927fb2148d69e8dba67775b1c3faf6e683b67244c226f06bdbd1c83c9b4
5d7134b7-559b-4c46-a22f-770fbf4d383f,train,50cace76a66c8aee55116d1d62da8033e2fecda186bc1997eb4386dce36bf887
5d7eceb7-0c53-44f3-b0f9-102410be5fed,train,aaf3448917af15e8ca32d74a72a7a484d279033503d5bf6a9015cb536c3d8479
5d8edc1e-1065-4bc1-a697-121274964053,train,e4bd0ace26306226f787c2ef1b291d6d77d13ae46fedfb3b2f670a6b7fa02b2e
5d90c9cb-275b-4298-ac26-f987494cfaf0,train,62a65ab22cdd9459361161d1aa1eab37ad8fd9c86b821a8c955eb985364f08cf
5d9ddbce-483b-40d7-a5ad-ded68569fb73,train,eae88764b9564dccb105629d5990ad467ced745ca6f47895b6ad3604fcd755b0
5dae7a07-29eb-445f-b6d0-abc4f6dc7c1f,train,93510d67f73eca584289827953609e6224c38f1657d963c308101ce70359b5e2
5dbf45fe-c592-453b-b207-dcc23619c4e7,train,3b3e4dec8f10739ba62f1468a884ac09ed043a66e1f45ff6467e31432ff48af0
5dc6fc60-40e2-4f42-b316-045788e19582,train,1675b3c4beb100e2a7b26b880b023aacfc3a1974ea5c9fe5728427e61b41559b
5dcd3173-9bb0-4635-a5d0-885758ce63b6,train,574d9969ff1bcf013b958109d234d68ad4f31cb780eaa4c3cad01b5747818cdc
5debfc26-3746-4cdf-83a5-8179d8129b7e,train,01f6712a335f9dd4aeba5cb2920c45e2f031f937c334d44dccde863b89e3e3e5
5defdc1e-5c88-4c8a-a715-6b844f87719d,train,634a58c53f2ef8f242ba76d0389c2019d768a374a1ec07889f254c5c214ff033
5e0764d9-29ef-472f-b6f6-0a0b78505b6f,train,dcbf51dd4f3750f01c775336af38e51fd4d7f16e5210a4d67f72c27f74904497
5e0b6c01-7035-44d4-a213-ca2e5baecb88,train,fa3c050c88e5fd245e197103f258e0371ed03d6f16802fcf1da6eedbaeeeb269
5e0f6a7c-5d91-40ef-a00f-0df8f67c8bd1,train,16e27173484ea9d7c155ec034fbca0e07d82eae5f9bada97a7a9ba789f432421
5e150bff-dcd0-4809-b67f-0c3b8513fe64,train,bdddb906a05e9317e4a4c976ceed0faa936b98e720d013fca4f0281f9ca37464
5e1586d0-1fad-4eaf-8166-82b378a721a4,train,b3b8fa62e2bd2e4b7b2327d9acf3c2c7c41796707352be967ec8f82c0be58c91
5e22fb96-3a98-499d-8dcf-0f1d8c9ce4d7,train,490b91358ac3f205b545e46fe83169cb7f3db4452ee1c77273cc7258d311e58a
5e38f811-0f7b-43c5-b45a-f43ffc09b8d7,train,c43b81505ab7aaa4a9b8d985175067bb3ac128776258b08d00596fbde122d816
5e435bbd-bfd2-4689-846d-b7b0700ba014,train,6ff64a478703473f28f732e4a8c5b8b37fdaf6bccab6014d44e4cd3e25791b45
5e43ee2f-986b-4cb4-8430-f9272629b724,train,5f31d6149875e5528c6f40aeca902e3a16067adca7eb04f01456db4bfbe4c33d
5e4a0b50-4f51-4d46-b4da-4378eae6d758,train,2e021ba3d64a4fc24c8e4db1e11c24336054325e6c161d069dc98d235b5520c3
5e4e3747-826f-4e40-a31c-c56ca8d33ac7,train,617fad823bfb158cc56e01251f23800394cd7b7b611ae793a07d2590245e0ce0
5e551bec-d284-4c41-986b-7728b7975ad4,train,5a256b28f678a04e71bf0766a11dd2140cc40424f3cc1b1965671a467469ace2
5e5839d0-f991-4679-b4a5-7e1479c43e45,train,4138034b47822b31d0371561b325a6c6ed17082c950202659227025b4d0666a7
5e58cd9b-aef9-4ce4-bca8-8935bcc10d61,train,6e1d423a9354683a9d376dcbe8331624f5e380bef1916268598cdc4cb9d23c7d
5e6478b0-9b72-4453-ae0c-b5d782943dc5,train,89e5b38cb524a47f93e365cce23c85185b0f69cedb2db08bba5395f8bb1f7d4e
5e6e1123-b0ed-495d-b901-5ec216689aab,train,17e129a86da995770e88da79a75fb7181f9171d19f57979f9870da94b4201356
5e99c938-ffc4-486f-b006-1e4fce1c6399,train,55533069ab9e15822a16f78b8c115c20556a86d57f3611f3facab0c15ecb4a97
5e9f692f-99b6-4a3f-b16a-67a50776c5e5,train,8d3d25bd131dd9839333b5a17876a2b3900411b0090d661c6a606d947a966f67
5e9fb32d-1174-44f6-bde0-d3f026b666a9,train,786755a33d7ae1c69f10c3d1693d4b857b97ff0c3df814ab40d335e54e2cbfca
5ea9a0da-fb6f-44df-adc8-259a931768ac,train,09d1e75c6a32f1a5dfaee6acbb835c69b6ede81aaac07f62d5affa3f92a85ac3
5ecc4d57-0397-48fa-b278-7c1ded6119fa,train,befd0fc36403d9bf10a6eb694b8e744c9ffab354855d323cbada75eda86aab64
5ecd4a79-b687-4e08-b24e-b2bc9f131eb4,train,ea78a33b6767238a84888773e18034f368fac12ac50327f6f4023ee0b4ea33d0
5ee82734-1edc-40ce-95cf-141df3769fde,train,e8213bbebd1ae838ca0c74beb0afd3622845191382f7c52d6be991d4eb110750
5eef013c-bdb2-49c7-8038-e0f96d36b25e,train,abdb5429ede51230dd948860ddb1fbd5fe3ee99ac30e41070a96d072d61c1260
5eefa6dd-37ce-4378-9fa6-7289176cda9f,train,0ff5d46f6588309313ea3c72a41c8b524e9accae10f9189368c059b88f5e438d
5ef041cb-d2a4-415c-982b-8e4cdb54aaf8,train,882f9e06140bed8a8863ce8b2335db3755a2b4391d5ba16f260880d0d0ae2d56
5f081d96-bba3-43c2-99fe-6fa7560b87c3,train,fe3438f426baf7598b6001c9ba490f55759e91113720b5400c7c080e73be2cc8
5f1dce01-ccde-42d5-bf3b-a5e52126a01b,train,a15a6e93a0676d87251574072cdff1c17ccedb57b1a57a7df534100419fe0c2d
5f242519-3232-4003-955c-4d37bf1db85a,train,0ba0c3b38d92708fa91bfedd79536013f5886166280a06399d02f1810812ad59
5f2fe0b7-f23e-4d34-86f0-182937ea2c4d,train,c2f944472743f56ced2f31ae0e5db6d86b1d0b5875606be79f0669e5bd308e8d
5f3621cf-59a3-424d-b3a2-ef268ed2f592,train,29b2349c3886ab08b1b33aa1ca2ca70180db58de5152d62fea3694d2c3b705b8
5f74fdb0-385e-45f3-96c0-67c98d10e609,train,e6329071fef21358b902a5927d784d5253f0180887bf907c9f657624c0a18fbd
5f7a78f5-9e09-4999-89ac-b9db00fa53c0,train,7cf8da5d4e676f53d37199595aa8c6d0dc8167e62c40d2da7d473c5e1eb15347
5f7cb5fc-f96b-4629-8be9-0d3359e5d836,train,6315064138d20c6ae2659d85c6b86e4b42c04184840ee32147836da3f9fb0938
5f846b55-0373-4639-b48d-567760928342,train,5ddd0293ee6b6567a0485de6488c5b522ef6fe3f5593faf36ba055946e9a63c0
5f91c6ac-d6a5-4916-ad2e-e06b9fa89d4f,train,231202c54f3f7479d956e3ce20a5cc3a01fba5c8c59f01259aa2981e2dbc1716
5f96f6d9-65d3-4f38-837c-9490ae9001b2,train,0221b2389175a60e0c61104dd5ad9c60b68fee3a7a8fcca063a4deec9f1cd198
5f9f6ed5-4fcf-4959-a468-aec3984bf431,train,6613aea7d1c78fc062ce09dcf2bd42a34c07029c6a53216e183fc0ce20bbc6be
5fa0a82b-9cde-422d-9e7a-c9efce7caa5c,train,3aff7d46c2f388e9975801c391dd793efd7e8ffe79e018ddbd606d9b26efb9d7
5faf0430-46f3-4625-9975-43b47f47ee55,train,c8b46650ac5846a9326e436a71de19e9623a804f696ebc085af71ceee0b7f326
5fb25d82-37d4-440d-862e-06a979d53460,train,c27fb2bda98b5996449a3ea193364da20207473885acce12ea66f8e7a96d7b43
5fbe5555-28c5-48c1-8da3-7865561b8fd7,train,cc9f4c1dae1d3a6be99e835d25cfa115b5132444eb6cac3145ed071842e30f4f
5fcb21a3-6223-4ed4-bd39-1ee7c5ad6ea8,train,1ef0099f2af8c7f5237306f362dfdea4de464160e0071fd80e181bf61ce7b542
5fd3ccaa-c222-4780-b0c0-cebd6e90b830,train,d29a80759774346a2f9d42ced1a90a78ebbbb3483354dff73bb3c6dd3cf6381d
5fd942b9-cb9d-4c66-a786-532ff8752df7,train,cfc42b3847b80ed495775c5088edad980a7123ebf62f0b1cb06639606079b60a
5fdd8759-76b2-4d68-897b-74fb229e2c7c,train,f7d605620ffac2c89aefce4ea3c782495b28f9c9a764fb080497f62b23a5168e
5fe78d3d-a2d6-4b5a-b010-74cf46dfbb33,train,c66a2847063b86a19df409e8200499867549e21f536f93501602e823251e6f92
5fec7f76-345c-4a1c-8aad-e989af4044b8,train,970f981cb17ce12a045f1aea5b405914e2491bc7f27b0197b6acb6e81b1977a2
5ff3c3c3-60b2-4440-9db3-392c79d25d7a,train,1779cb1fb7a252870b8fe1c97e7ef82a8c384d783316c01746b99211ad1ac25a
5ff8f295-abcf-4680-84a8-bde8a2254736,train,c128eb8699062b8a43c7d9e906a9325b2d8e7eb35028a690aed9e12fab92832b
5ffa73e6-1b6b-45dd-8bc3-ce9bc14e9f3f,train,69dcc254c6e340459e0d3cc8acaf53fbac8d1d117bc986e0044158db3011eb8e
60029b12-a6a6-44a0-8910-5eb03f722eb4,train,f069250789029097f86e73931cdab0dffcfb528b8d045b45542c54b592419593
600775e2-82af-4c7b-b1d1-05359fef7de0,train,5e7015be252f59f02f293fec0e452c4e111f29199b0512e1b1f701e06cc9f9ec
600d5869-b7a8-4741-b148-0c7f29ba04a5,train,c66cd53588e7fb2ee7b5820dd02c0c79e75717e468dde884bd69db8738c1eb33
600d921f-f99c-41fc-9756-56d6965bbc5e,train,caf3bfc94dc2ceefef9819dc765b0b4eb5661ecbaf0f298b89dafacc68de1776
60121a1f-7f04-4973-bb63-9430096ff87b,train,7bf673fc49df81a531f15426f32b4eae3963508bbb27a50d3b8bbc6e45972576
601f5dc0-71ed-4d43-9d77-c0da82a360ba,train,e365d60d4f428f83526f52b7c181e463e5d0d1804109aafbfee30c877e3058c6
602e9735-864c-4628-ac36-2078a8be2300,train,1759548a33d9b14c07a40432ffbb8869e4779eb7ac2d6a0bf29892fc809b3fe4
60412440-e6a7-47cf-9985-a53b7b502397,train,20e0d73dc492629f1c7dc3ab178d2a673e21245be191f4ee129d6442c909eac3
604d16fb-4622-4eee-a8c8-3162d7e9c662,train,8e6e34aa048716541503093e2e6857ed532d9a296636ba2617a62ada72a57d34
60518421-82f2-490c-84d9-29071953ea3a,train,9a2b26ec66fb82fba215172c9aab785cd243b66cc7309e1470d952cfd5a36124
6067b41a-ffbc-4fb9-a499-dbe65b93e531,train,fdf810f0faa76b07cfdc5e225fc9a5ea34c0fcc43ba2d9d16949663f49f4c771
60699232-09ed-4ae3-94e7-1327275cb94c,train,a34b16ba4b494a5efeb75fc7cb272779c16fea5bbefda006c8595854904583fa
607357c7-a1fb-4368-95d8-ce28162476f3,train,620302bc88a64b06756bcd03fe08983b10ba9e3297dc9fdcace62e9adb4888c8
60772eda-a7f0-4a0e-b12d-cbf5927823ec,train,f1f196738f77fca7fbe0392e2492e8e657a3fb328f1c5377c43aff632053dfe0
607cf7ee-c585-472a-b1fd-57860c1abaf1,train,02bcfa49f952e41a5132f45c20176f153cff5f965b2924e335aa019fa48dc06c
60a9a4f8-25de-4517-b09c-404b202e3f08,train,af949ba36936a065da3108ed79001174c084018208f40a7d9370abe7450cf1cb
60ae5452-5b96-4726-8ecd-ace8e2208246,train,eb4638df54b35e1914d3d29a51d5272e5e37d3f2143f1902e56b5e7146b14069
60b1ba1e-c91e-4ea2-bdbb-46627959f82a,train,dce9fc65e9337715fd04fc893db55fc06134cd07d634e6110128b0362050ade6
60c00b2d-2090-4f90-b060-77c14c66cfd9,train,7f0020a7501b2a93ca98a65cda6766931b12dd2146f3ee29bd38414260823b5c
60db3f9e-b06f-4eee-a31e-5845f42a0f5f,train,a5097286a3a00dedf7904f37bf6eac0ca6896166a1dd40eb89adff55cfeaea16
60e209f9-21fa-4a2e-91b5-a192879573ac,train,d1d0ee88f8e82016516e967ae315b6596dc922b22f58d134aa4afa5c7bc0fe4a
60f51471-57b9-48f6-a33f-874938047c10,train,0209832dfebee3f7fd19bee64aa647dd1581a5ec67c821ab595bcdd963b35832
60fbfcc8-1957-4181-961d-b5110bd6fb46,train,34b6ee4aae111b257eb7b1f892c1ef3b169f9ea2b16d207ee8a2197b18433017
610b5d64-f3a7-4226-a59d-64ca72c47058,train,fcc1ac1be7fc98f3b0c098d6d690d6a54f6f87e67efa48d865269179d84627a5
6112d633-15fb-4406-af66-17e8daaa8603,train,7103ec22ff567f85d427245efdafe68762595aa48975faf67456665e01760e22
61186684-54d6-47cb-a6ea-ba110667bfe1,train,3b362dff58aebec4e9e7fe6f468944fda61b61c844833993f1706f152e02988f
612111b9-9bca-4d56-9d94-bbad3dadf549,train,d1bbafae6a548f9fbe3f3a0c6a54af6ba958d925ff65fb7e6c3aa626f6694aa8
613729f6-26f0-4836-a956-67f35b4417a2,train,f188581cb7b5358ec9a8cce0f354330f934a4f82898f9aa12afab435ee51256a
61442b2f-78c8-4c35-99fd-a698c90a4238,train,51f50e574a214287276e587ce663c6a191cec0e69454a8a06a81dc078eaafd0c
61482494-60f9-4590-89f9-f54981a51097,train,6c958ccc2dbb53ee97dfe5c92945ae6bb15ea3cabc1c362057416caafb798fcb
614d1932-8bf6-4134-a968-0f445a62613b,train,d57d0580c2cb6f10102d1b465c64350881501ddf771502e8a5e7329aea00898f
614ffd97-140a-43c9-a5a4-cf7accd45966,train,9f484b771176e3c1cfaa7b3df9b3b6b09d164e07438fa42095572c75d1a2f178
6153787e-dd97-45b9-aeb8-30e66190de34,train,4b804f2e0c3f375ab70ee4f0f2d8b32026fa86ed87c4047b0cb077d42e946d26
61559b20-7ee0-4ea0-81df-d2433edb8558,train,a967f71f931ac14b51232160cd4dd0fc85ff5324123ec52509e6bc5987dd9b40
6170074c-7506-4c9a-92cb-a8bf66fd0b8f,train,cee92801d0859acd2f50c1b254f9ed89cd0f711fe8c79a8c3cac6134608e3273
6179882c-3dad-4eb2-aea5-8acf42f0b1ec,train,febc19a57e052b8cb04067d502c614852c5d6c8d92c5e6ae9489c59fd36c9a82
6181a14b-d212-4913-afa4-e2a8ff3c3cce,train,12d1564adaa1922da13274d4b54b1c42bba2fb5eb4f63dcf689e4255ef5dcf55
61857ac7-ed01-4940-9f49-6e96f3edd654,train,2447bd63fb7ba68216f606d8ee5b338b2cac04f149c8b405b17ce9f35895e374
61a924fb-f5d4-451d-a075-7789e99465a9,train,0189c49b398a71720743dce3bfcec9ffe9902f27a4594f2be189140b5dc1e0e0
61cb0868-6ea7-429f-9aef-8f6ed00de6d1,train,3e3026ff41359a995541fd00fbf6fb0d7561a3872fe7ae5904b502a4571ebd2e
61cb663b-ec9c-4098-9ba4-6d5824995f84,train,2b8d22222abe42940778c6298e6b926c8d575f328cfdead36265419188c2942e
61fb4c5d-7861-4633-86e3-52f41050d8c9,train,01aa7236238d8d629b1b64ad260363712e63fdcb3cd9bbe6195e4e8a7c17a952
6205ad7d-5055-4fbb-9a28-9cdab095ad44,train,d593015d698d65f6d36812d9fb57c8980c4cbd506203147fb02791ca60cb1853
6209de21-4447-4330-9213-e2a9886d238c,train,46e68f6bcf9efcb88446b308797fe8d34cfae53d612460bfefd11f0cc23f3911
6221e469-0713-4bf1-86a2-bdc5acba672c,train,ce35bf7ef66a07f4d2ef4dfa6b1beb30716480fd8e7ebc88c59942d0989ec6c4
6256889b-b71a-43cd-905e-d641cb453525,train,d8f9b84e3d28d1005d8b7034031e2ca54f6b7e11e4e06991c69e0f038c215878
625d449c-d8d2-4a72-b5a0-407a0dd23d9d,train,1ea22bc4588fd4b9a25cef9b20a7ebbd2e783af4f1a6f4bae64119f5e41a93ef
625f4350-8fda-41e1-bdab-9b7074bce5f1,train,e5f335bb7735ed6f4d5d077952bf4a9c3365a2d8d5ad74d7ac3d3fdabe3c2816
6269d859-684b-415d-9a08-e9bdfc6fc1e6,train,13e49f00292a3c1fc33c3b3a45bdb0d10b7dfe43c5eeb121f390a0d2a25a725e
62701f3c-588d-4c20-b4eb-c5df409c564b,train,29efa0ddf06676c44ac65c3a7e02e2998f90bad4c0f9a3fcfbc63cf699e721ba
62902c68-5d05-48e9-9179-d30cfe564429,train,5ef55cec6eaaf0117737ca737bf78ba13b05b20ee6934a5d9e03e777ac077181
62c9ac55-9910-4acd-8c08-dd952c0215cc,train,b8f92b80180b39dfe421def066eedb5ea3b5987b3b85691041f6af804152e41a
62e02554-52fa-4f6c-b79c-9aa10fe290fd,train,636750022f3c27cec0145c3ac85e38d02ec6059c7310f667efff650ce1743ab8
62e58fe2-04a6-4cd7-93f0-5cbb8e5f20b2,train,4a5a33986d0c9adc1ddf5ed6d7174883dbe69ec8d463ee383b038f7bc99873b4
62f8f64d-2dc7-4baf-bff0-8fdc848f517c,train,c4d935201540d13f7c1652e060ed6832214d427a66c19fc6b849918e37aaa3fb
630a41a5-f0d1-4e41-a37b-9a884b6ef623,train,72191ce783855152deb57b6dda69b17dfb0b3830959288f475c5bd88ef264e5e
631cad48-f554-4f2d-b2b0-2b36288ab286,train,1ab59bfd6dcc7c2438ea39184beff493622ffcc68f6fc5a4318808984ecf43a8
6322c459-5c59-4131-8c57-c7410552136d,train,073642ded151995616f59ae8a20e0214ffd5005b9680814deebe87cb2189ee8f
632a3023-2041-4d86-8fa6-9b1e2093155b,train,2165b7b18630683e38fa4337a43cac34a7e0b59860c9f6e0539de6aa722a8780
6340d743-2f52-4851-af3f-3d948f1b3079,train,45101f630208218520ad8a18b43537dca0a017697fe1636e5b925933bd25952a
6351d06f-a748-4f42-a32c-3ffc0965cb43,train,2bbfd838e26b09d0dfe1c98d48432ad9a7ac03e0b8b0fdd580d62c6a9063b0b5
6355202b-9728-46a8-96e1-82e492d8230b,train,a5f908e2522576af44a1ea6f1281a1e2ec06ebd99bfd75846572ee9831cd1d0c
6378ee43-4a4f-4bf9-99b9-6ee642b920bf,train,cc7c3d7abda8fc1f47806fc0b58db3f39495ae436c33130405965252f8b1cdfc
637d4c89-d4cf-4c11-b8d1-0084f7ec9509,train,4fb5c7444cafb70fa54022313e4344450c5f295eb1c61a71e292e74ccc90b81f
6381a0dd-c6eb-4bc6-a81f-e5bfb975fa9c,train,208c7eaeab285e2d21ce1d0fecd1d50cb82a50b623adb69f5b2be8fc2f68bb00
6394a524-5ce7-43d2-9ae3-4b42b08855c8,train,9cbf33cec27e5c3c42232f8163c8b45c3c7aa583fecf322767842e13660374fa
63c0f8b5-3eba-4977-b25a-6b15e73816ab,train,79d0fbc66abfa4d1e634c0f367e846b5d86627027ee963c381659e77205b601c
63c14f61-887a-452d-8942-607a9c834eac,train,b55a030a52e9096bd51f2080107f3125dff8bca1d7c49daa6fb88ea3b83b19be
63c2ddef-1906-4c48-9a26-ca9f33744cd6,train,51e801b9c2cda4a11d4a07e9c32452f7f28397ef798254ba0ec7d4a6cec571b8
63ce1d6f-eba3-4b4f-9a78-838594164091,train,c96ba943825c55a1ab11703faba65dd7051aaa7def2a473e8f547781094c6d91
63d2e837-e886-4bd6-ae2b-5801c0d359c1,train,267def7c3d1776f7f880ec2c7c55d17a6485466f0d3eacfdea2c0ec9129c02bd
63d984ce-dfbf-48fe-a21c-5f1005af5af1,train,0d51be984e8221c1fa2354bfe79e4df44612878c2c42fb71bda72741e74d80e9
63e67003-ea2e-4971-87a0-479461318865,train,48ba78f7a15041af99cb02e3f67ec1b57754594378e7494ff297aa467057a5c6
63f1c1d5-4cf6-49ec-b66a-577096accda6,train,eada3ed5388587b976c51475979cb65f258dae7eb4be9adc684524e8ca1cc359
63fa27a5-1d1c-4892-89b8-8a48f2ae598a,train,f8df224e4ba2b69efa0de2edabf79532a949f82b313b8478417e78cae7399f6e
63ff4f8f-5a31-440f-a4a3-97b7e2f5fe36,train,f43650cd07f13c4ccd8076336d2025440e92727f6216f85389aae0c9a49afd1e
6401b2d4-562f-4447-9286-bb4665f3f6a7,train,dc02a02062d763304e8427578ba924d9074e8ce01dd5356c23747eb3ce016e1d
6405a587-6de9-45f9-8c74-8cf3b94b7f84,train,f411bf7eea6a4a275ed95314149e0daa2c3fa0a3fc62859c1da256f41311df27
641a058d-ed75-410b-a0f4-427dfdc8353c,train,a911fb5201ab83729d51525d308353f84d9a9fdc335c97924bd09f42410b616c
641f4388-ce37-47f0-8bdd-d9c938257620,train,dd1d3fd556cdcd917a97e7dd31548eb00163a290fe1a1726a2cbf3d9c06f299d
642984c5-3a66-466e-bc33-6d62df37cc6f,train,06371e38b0a832cb2b9cc2879e3adcd39ac615a0c291829e908f0e3d9b21a644
64344147-8bf0-4f96-9af4-69245bb1d569,train,5b62cae13c0c2e466d729b4c674fa4b79c019b8d6a58db6fbdeb967d91b5572a
6434ac81-1902-4804-98be-ca1fa0d3e738,train,5777e7f326be90d95d88cc3f5b66b2a8c51fc3649a11c282d3ff69c4090195c3
64353e00-296c-47e0-9391-37a281b2c84e,train,2ffa3ad26033e4da4ece5c8db4ee1c472ef5cdb305ea9baa9403bc90ee4b7a42
644913ef-9399-4ef3-8e19-d44fb8d14767,train,608354f3205f35e45d50b2735aded5958194fdd77d47e894f461518a9f351c78
644ae2a3-ec38-490a-8494-ae011acee5b1,train,b27714360f4dbbc70b16454f647a7f0c33444ff00341046fc5c31978f4cde3f2
644af6e4-17d6-406a-8671-3a2cae5e93f1,train,adfde9fe4cf9bb15398b26d7fff420c4d268d6f7c5784ae35e9180d64731fd64
64562682-bcfd-4ff3-addf-17f0d101e62b,train,b7838160c6c497857450a14674581da7d830ab5bf0ac514031d1ec65a0f47ab3
6458be2a-58cd-4120-9b08-273182c7574f,train,f23737294b19ceceee1d033f47a343b3cd0417caba3fca8b0a4c00564d885767
646ba1c9-6ca0-4368-8329-73631d153847,train,a379fe4cc8a39d04631a8d9021ea242d7027de615d2c1421d4a529880d0c1305
64735d74-2714-486d-9832-9ca361ffd851,train,e3db79c1f2637924919cd8f9f749bb9c752574a175cf3bbeb9cd95425e2ab3a1
64738b0e-4c82-4561-9b1f-a9f472131d2e,train,9335843d436d26faddca50e81ae74aa34153e134365f2ba1560dec79997c8e44
6478b2be-6063-484a-abb2-ba602bad784c,train,7fbdcf5662100784ae8f6b50ffda03704908abda756ea0f4bc27c978668ae2d9
647937d2-ab35-45c9-9660-f9e81cafc557,train,8831d03848b6f7a97380dc854edb6656dd7ef23f0de50e6c84abd0a6bdafea79
6479fa1c-a179-4fe7-8381-a9a4ebd408e4,train,7513b36d5c44a3327587bd86b59bf153a05cb0f50584c670059c4d1ebac905c1
647db56e-9e82-4472-8dc9-f0d882531cd3,train,76c55012c64fa33dd9ee63b476248e5ace024c440a09a14a6fb48f1185857554
648174d5-8e64-41af-bfcc-09250f71e2d5,train,f99b8ad065bd0bde1d02d9cd9257a246d9380829265d57b222b7d91d27861ef9
64839257-9479-4e05-9479-417f33d7d182,train,924f35e98be27ff50209c25306241a3c7c3deda9c0d3f2c9fd039c651e28cbf1
6491d66b-c520-4b9f-96c2-b778446f4cbc,train,a19ec5252bad2737c7b6d57b4901ec3f35e9e52a2a7bea77ed06fa4a8d4c831c
64947f44-9a21-4780-90ab-4c42c9acfe7a,train,24dca494dfb027d567add7b2985c32befdf8b61299782bf046dc7661f3e044a9
64ab1f57-c72e-4919-9ded-3e9a383dcbee,train,6c1215bddc0f5a1e32f213a86b4f9fac34fd6189209b7b11f7bda2add3b5ed2d
64af2017-4bcc-4262-8ab3-6f66b7cf286c,train,2be83f87c7de338df4765a082b1fa52907bb2387986077fa4ffa6881915d8571
64b07398-dbb6-44a4-9b27-f2799ba13f7c,train,10d5cd525b7cfea4cb6bf369ae0433c0d23f3a0921b78c759a1b73efbdcaa99f
64cbfe2f-32f8-4f0b-a70f-0756917c63f6,train,e606dca02eb048ff307ab824fb9e0e7c26f379612a686910883c7adabb2ccda6
64d2fd76-d64d-4661-8748-bb457dfb17fb,train,f9647195cc5e33694dcf1c360fe87c925e992b3fb5f046a0ccaf7a0b14019640
64d579ef-bb45-4f66-bddd-5785cf5a939e,train,c4a1c52fe1f44b02aebc0ea8ad3bb0259f78abaa098123430e75a5c8ee9d134c
64d877e9-36fc-4726-9937-429c7266fcee,train,94293d240e5446b0f5a3127843df5235c579ea2f47f0c30f19b8264a763aad27
64d991c2-1a85-4af6-aa6c-be1767e790ec,train,d00394c035a15eae6cbfe432bf13ef30a6d8375289b35f35ad0a697af69906f6
64e12ddc-c9fb-4716-92eb-037574a8fce1,train,80fe96f4cf22cac173e0843d9e6326a84b5115824efb6184b67596e9d8dff0ea
64ea4df6-ad42-4949-aeda-202c76cd6e16,train,450cab8588668b2ae06851221cc8079caaa5b60dc5497f0bf88891a6d64b64bc
64f2dc01-557f-489e-8fc4-b38e81ae4a15,train,3254aef3668694b9159eaaf4c6b0d771516879b8347b7550a2ae502d608cd161
64f47780-086d-46f4-a59d-49c8ecdd839f,train,11122059a9ae624db4321b1de70a61800ef418a3c498a5ef6f34c107d3403194
64ffb077-b5e1-4981-b420-b6bee5a1abdc,train,155af155324a22ccced3f170595a8afd7589ad54c0805aedf71516f9bbf0a9d4
65080ae6-3347-4f63-be16-9cac2723a8dc,train,3d38300bf4ac477cd069e80b3b2db46e9a8ec76be40573cb519971068d09104f
650afd34-66d2-4d44-84d3-36a8b84bb730,train,81f797c74d2df3868b83894bd5d3139073267f20e71708b8543837ee116751b9
652ac3c3-96df-429f-b69a-a29d76582abc,train,96d5b69a937ec5a2ee2579aec51a00fe05f60df156934a28edd12b143dc7933c
652b995c-0de3-4ffc-8c38-e535b21e42a2,train,0a3669902f6b1ab399f2da9ceb835bc08fec98f44cfaa223e01cfe2b0788fa5c
65498006-93d3-43a1-b93a-e9ed4f269d14,train,c0c79cc8d08ad95f364df96a22bcfc3968e6ffd1a9407162685b8ebdb184a006
6576ef4d-9d34-4fe6-babe-d0f840e53a1e,train,3bc5ac3fce0d255036db0d17049f0a9999a18d02735afa35a8b8ea264c8d35e6
657afb56-2716-4760-85d1-6d0e52755efc,train,bef393bd1948a3908dd454e6cc34b3b050e1fc53d522ad67356a86f080465636
658a5e11-b1ed-472a-98a4-13e2ce197ad8,train,110ec3cf60d355556140f7e1d9fb453b5a5c19d2e241147ef2a81ab0d9d7310b
658ce81e-e033-4f8f-91ff-63d0e6fee51c,train,3c2b5abce54eeb6e0045d4d80df5c2d1c54abfedde64f5a8039d4728696f8a00
6594c2ee-cd45-4523-8d3d-c3c56d531fdd,train,42ee38b1c18d975cbe94355a356ef3714d875b6c6f638281740d9297e65dac24
659e0f3c-df67-4da7-875d-3c1dde685cdb,train,bed8fc0fe3abbdc8e80eecb7b25a71e5d7e10d9ded255c0ec59829a27417dfeb
65a14303-45a3-403a-ae69-14f5cffef5b7,train,d71119b547af5426cebf6a68398a88c749a3e4ae67ea418dce223b1c1ac4fa0a
65a6ae38-14e0-45ca-8eeb-43c00c87e1e2,train,5e729e3b137e3f934d08dfc2db9fda60a92181528e50de2d36e9c784f3bec410
65afe20c-3b50-414a-81a4-7d4bfc7f8d86,train,9e238d004a0381e6cc765f41f376e3f4a0e4091da14e528979aaf4a33eeec556
65b9a40f-5549-4074-9ba4-ae4167c4ae9a,train,652bea7c8c558d53ca7f1227784bd4a71397372153c21126db6741368088d6d1
65cb9947-fc50-4beb-8cb6-776adf846a88,train,0538c277b9557d9a750401e644f7fb1fe996b78c64c1250ad3bcde6e5271e175
65cd5bad-1e87-4f9f-88f9-5c06e3b8c4db,train,fa86e58737c054bba2487dc4f976a4edf855d1464edae4a4107e58d4c210b8bf
65ceca05-75a1-4f3a-8b37-d58deb748786,train,918c8c868ef8e992c0bc7f8cb5a23fc8a7677c4b3018be8b482d715658c9088a
65ceef4c-027e-4566-8b34-68ad5e902291,train,7fd0b9d0cd3bff426156c176facdf81881e5c7704e77ad3ce99cf84d5c2c312e
65d679d4-be08-4e45-bc27-56a019e7887c,train,ca199e0a9c1c0914709364b9b2434b772417575f4c96836a71d47b916d82ac58
65e792df-8c1b-446a-94f2-abfd6f064d92,train,42e89346543dd831229ad412b7f94cdcf94bf95f6f10b59f14c89d01003f1b6b
65f71e2b-de18-46fd-9a83-9e03fd05ff37,train,ab2cb993b3ceaeaf611c1955001b3e4cfcc2a51aa51808698dc718eac04858b3
66007f7f-143b-4f27-bf48-fddf5cd766dd,train,66d31beb03c165727d884bbdd06a9c410b47fadb0b71080fa9ed514eb29724ef
6615c49f-4c96-4f3d-8684-b0cbe5d3cbeb,train,dbeaaa982ecc2a2d0d8bd5c129835459c0ab0b87e0aea0788ced36df2ea6cf0d
66297928-9729-40c3-b32c-9b50a42ea659,train,ce0c44e6db999e9a74a36223db45e1f4161618a7ea81ab0748a04cc1671d5476
663bf940-f59a-4867-845c-59ca71d51134,train,b27506b228f71e8596ad075a53fee797c04c3898b9509ee92343a89bdbbcba1e
66483555-c820-405f-9665-aea86ee879ba,train,83a8589f76e88444ac454bff854761458d245c425400b1c16fe561f51a57dfad
66488d9d-4e77-4669-bc86-8ef0d1790fd3,train,b2b019ca15d9905fb97632fb6c262ebee864a7117b2db3bdb0fa709baea4ee68
664cfb3e-e5ee-49a7-b174-9e7e0ac47c51,train,00d646a5bb2bf4ed78c78179b72271e1293cc9909c62c1b7983ed604da4e36ce
6657258f-db4d-4825-b119-0c34b41fd9e9,train,2ce6f6d280200796eebfc36bb6e46a46990939cc44e3dd035f3420171875a1fe
6657ad2a-7d91-41b1-8361-f638d270bd7e,train,c624094b0f819c953fca53d64c42be355d8612b5ee938b8dd4145740fb93d8db
665be6a9-1e6d-414a-8633-290918b29089,train,0d7f084559f68aadc62378e90f920887b6c9f6841ccc138d90a8e3a277a6b8c8
66689a6d-7d33-4509-ad3e-087e7d20c38f,train,4ceaa597cc3f792087c928d3663cdaede4ccc2d1b06bd71e82cd5e4f575acf7d
6683bf74-c543-4a75-b2c1-75c4bdbde30d,train,0d2f2129e4d82299035f4121ec8288862fa7d730d5725a8de6e85a0729f8cb4b
66859c0b-3497-44aa-ae1f-f37fc37e5165,train,073298111e4660d57f740b80af4a96580c05f63cf52f78ef685e9f8d4c4b62e6
66885d63-700f-4795-8bdf-0f0b879ac3bd,train,4a9aac81dfe5e0da27a04f3e004b3837095f696ef8f297bafc16bf640458f6c2
6690a4a0-e2c5-448f-bd1b-d6624ca88893,train,3dbda1472be5d7363d08b780a089b8bd545736b7b382e6b80bb65f4a8b28edff
66a526c6-a038-4d02-863f-427b24587f54,train,e5e303f79642b4430a801e8f0859ae77387829f39027beef0fba703c74d323ca
66a701d4-1d4a-40eb-a741-d18122e884f0,train,3a2b8bcf053e0ac7e482b6a70c66d255837c040cd2bab9910419835b8a4698fb
66aa4f0f-01d7-4e98-afcb-b8ab6b21de42,train,73f4728d835eb30d7a36abf668f78ac8e26ccd7cee3205a596eb1b9a9a589321
66ba6f24-f6ff-4dbc-96d7-5f7eab077602,train,8a3d01ee7ca90100ad98a8bfa4408231a7d3dab33a143099b45650ac280daa15
66d39832-b499-4684-93c4-bb6eac7ffd1d,train,558d3e16e97551d0845d60a0f2f1a842979d88473fd977924be1b6d0e6f5cb8a
66d68047-96d3-42be-9c1b-80a9f9e4f8a2,train,93283c2a0badf6a3fcf30865bc1d5d1bb794cd64945618f361670e22ce2cd21b
66ded9fe-1b10-4fab-9445-cecd65eaf6a9,train,7e7fa2218563d0c2819c24a401624cb34cf2e320893c339a3274a4a44528a3e6
66e2e4e1-5e92-47b7-b7a8-a578fbb01e17,train,d2cd7bcb26e7bcc62e4bc95d3ab0debc3006cd98e1575354e5599519a25c23f4
66e6bd1f-2fdc-4100-8921-c1b1612ec7eb,train,887e04c83e34d8158ffac81100b27d98dd0715be9d60f35dfee0dd2a2ec5159d
66ea342d-81e0-42c5-b67f-6ef36c9c2937,train,dd769a4b6158d4f670845fa44ef5fd6c96b16f3f29657491b26c49efeb9590b2
66edbd7e-7873-44e5-82ee-0c18be639534,train,096f7c30609b082c2777fe6c8a011774070d305930c3af019554be6abf10c1f2
66f6ba58-7cb8-4362-9b04-8bc355e013a7,train,6f64a420031b223dbb8c241be9f661e39a5a9bc31377f1c402c02d2b52421354
66fff88a-203a-42a3-8fb6-8a5138d004ed,train,fde3e62ece8522077a9b12337b79d71db10c29ee7368e8b3608d863c20ae4dbe
670df08a-a7d8-41ea-8fa9-7b4fa7c9faab,train,2013830aa7f1443a86a532587cfda62b04982cfa15e909c503e0f752dade36b0
6710863b-262d-46d6-836d-dcbc66d17a4e,train,5616567ef7733249c51dacb56bb7417213c2433130e5af3283a1dd2d47e61b00
672fa259-86df-4b14-ae61-b8e09b648fc6,train,a6870f5cdf41860c45821cfd84549e60df8407ba85402fdee8e7c497658379c4
67312be0-7150-4862-bf3a-443f441a883f,train,7094c780686badebc125274454675d5115d863552ddbafc2199dd33c59451f7a
6734be31-e0bc-47dc-a507-3bbf55caab37,train,78b20487c0aa82bf8bd22146d9035e990cd85c729c0472a5a18d080015345341
67359a12-69e3-4dd4-adf2-0e7ee7598d6d,train,01e27f786acc89e0e8cb72b045075a6188524fe18c936d4ed4e53c6549693ddd
673988c3-49d4-430d-9c21-9bae238a6d70,train,55357f5108644f6bb44939adfa9f125086b5376c23ace80a942481b60b8bfc77
67483a0a-20d3-4a24-a006-ee97ee45a3db,train,c4f03f64db01a001863297bf859d964dab16a9ea9c15cd5db3bcb00373ed867d
6749a2ab-7e4e-46ec-8959-0b3ce63f5853,train,14e029d5085f5f1026a1849d1f31fd3de50af5356305a385ab85c9b05eae8d7c
674c402c-208b-487e-a842-5bdbfa9b464d,train,57553d57d844e991759d34d6cb5dbe001840c170d735c6e13dfcc471660db14b
6754438a-ab2e-45bc-aeb6-1f1be25f1763,train,c18280f96149bdbc3127ca75813d9cec55fd8e4b1d614551f68e8229b0c7a50d
675566bf-c5e4-45c7-a4ab-2e478d4a81fb,train,e628f5ab09b9517cb9eabcef3d49dd8b1d72efa5045dd57dd3ae1af874d44a57
675b1d6b-34e6-4626-9620-f73486883bd4,train,cba7630d2e4f9127828130046994d4d3bc18a9c77e49f7e1bdf17919c857e450
67603e72-0b7a-4025-8589-8951aa2d5819,train,5dfa68225ae8563cdbd7fe4bbb04cd0c31ae60d7555a17e160ccc61374fdcece
676fe895-107c-410f-b9a6-097587853743,train,12dad0659e13685a96f2e1379bf7594ba5a2fd57bb36d6f1fce72e0c7df9c745
6779709f-b823-49f3-96b3-003d04e80928,train,e613bf68dfcc9327108c70343add490e650984e63d6a34759a317200c34e1c2f
677fd8a4-4059-4641-aa7d-43f7991c86cf,train,8e44d946afb47dfcdc6e1a956c948838660ffa6d1ee2e7201e7163d1848a1538
67837bb7-f969-42bc-b352-8f9b66bb01a0,train,fb22ef3bc57d075a917056686936b76cde319a9b32e59acacab1726b4f284b1f
67972841-61eb-429b-a1b9-b55b7a431a3a,train,51acc02596c334cf8dc111756239f26a05414584372763985f6266f0cc3259bc
679b6998-1c3e-4e0e-a499-3610023ce09c,train,fa6b2aeadd489e3a6897f6147527a8eded0238a52ea60ce136edc4fc058ca4f3
67b340b7-47f3-49a9-9384-5eee010b2fe8,train,4b7541a6a2c72b32a5e663c3c230690126363305bd86fb2ba797e08a13692dca
67b85c95-2aa4-4fd9-baa6-0cd65f742452,train,728be1f38c3411abbd7d2c8c6f317095bcdd09f30c773917c6cd74ef99f4b14b
67be52a7-5551-4d8a-b18c-da8dabf7efdc,train,232c50a3a3e50b9b5f4abf123b24dd78bfd25b7df1bd8e3986bbea00b5426577
67bea269-cf48-49e7-bc1f-5ff67750cdc5,train,a3cc302f7d942b83f22d51cb7d524e542d36bde320eaa86534a67e4ac051f6b1
67c24043-7f20-4d50-867f-549139313437,train,0eb62103084cee570fcaa927233b3284f120d2b39262b0c4ab890f5bf1a117ad
67cb63f8-14c5-4833-8da4-776f537d988d,train,c3d2b5323991ff471f12f179da371889ae1fdcf7b0ac3d08aaddfdd260b017a1
67cd7309-fd9c-42fb-b30b-0ddae7b59d16,train,38ed98254b6a4e987885e00655e5f7d2dfa27153754080c4695a847ab95cc43b
67d314a6-cf27-4d20-96d7-953468dcb725,train,c3fb61201f6f61b5a4a5663c2fc3f3090222430a2ce0481bf3fb102685479ae4
67d4de44-fed0-4403-997a-89a5162e4471,train,768487624f9c73a6473ebc6aa97f4e7746a3d5e1d9bbd9a9128e227a7c35f1f7
67d9c0a9-0fab-4fcf-96a0-ee92efb5996b,train,4b264d16cb37fbb8b4a21e93eb8e064ce3ea1c67cd94c9eff69b83deec4ee128
67e8095c-914b-49e7-bbb5-9f6203f83a1c,train,05d57f19f9c1186ed645137dbfb393049a7fbf6f23118f8722f826c9ecdc34d8
67edb11a-6fb5-438b-920f-f888f7a71c45,train,0d1d72b554a994539e2268ff3b010c41ae166c6a961d6a64cc70dda42e2c78e9
67f545be-1fc7-4313-a6c6-a3af7836c298,train,5c1108604626f704bfe217e4207ae1b7a7b2e29029857aa863ce222a2dd88138
67f79ae4-7f9f-436e-ad9f-df8537309bf5,train,44d6770828557bd6c923bec8a546fd5a95c2ead64109cd36b3d00130b60731ee
67fb9db5-2a0e-43ab-b215-471275c22ef9,train,8b0c249f8eb466d1b5350a4e0000e94d30251121b83e99a031cc6d257c01f14a
67fe35d8-2fed-4aeb-a4c6-d1a6ca1f34b0,train,916db5bc022225d7a7a8ced2ac4ce072afc536b702a7c102e4a7e1cd6e995b41
680cc8da-934e-4b79-9047-4f9acce43a68,train,212b566a8d26515f01d97054dbc785e9dde84b13376caf5c0feec76aeab9ee01
6816bb12-713e-495c-a1c3-096b22fba5f7,train,53914ca666056b090a018c648a4a4738108a5dc65fc82a04eb84d1eb95f4a210
683e3917-2796-4e90-889c-c7774d29e7f4,train,deb9fbb5283a3b0a3f32edebfa9217d39eab51a9473b8584804bcc07be949844
6845935c-82ec-4122-a54f-5f8189abd9ca,train,3e3f36b252f718f73d00c568276eea838f7dc75aefa0018af59ce79f93b6dea5
685ed84a-2929-4705-b8ab-2e3a4213372b,train,8769a89906e15019a45a94832b463d5aba08a419a6c9a243ef33addbdd4ea4bd
6860700e-ccc0-4974-9c27-bed32bee08ce,train,87666c90211ff67c751ef6d39b58ff277c4c0705227303543209eb193de84e50
686de056-d771-4cff-9bf8-f2853269e8ae,train,e96b1ba26c04103ea44d754c4ee2a2910fed1d51da40d163b10f0e7d8dcb12c0
68808f73-17d9-4fc6-b714-4990458b3104,train,592ca3f8b8807470e2a722a4b56866d8368065fdb67f43fdd1c5d7975984618c
688d3a6e-0303-4a05-b31c-117be42493cf,train,6c9b938e6e6fb6089474f2722289234f2816dcd25a18c635fa26b76f525674ae
68a0a98c-99b7-4e72-ab86-a7fc0858801e,train,c55e39bb8d22deb94eef89b97c940a6205623c3b5c11fce3ee83717490ff1998
68a94f38-c59f-4400-8fc1-7113ee3248aa,train,7411468ec6f7924f01cb042564adccae4f21aa97c8d091979da88e4010c5d3d6
68aab881-fe9e-43de-9774-85888f587c30,train,384ffedef3a99fa381792b3c579bc154d0120af8d9637839bcd42bd27369d4e4
68af649b-a413-4c5b-92ef-4d10f9115134,train,8a1d004c8cae685265f05608d8a3989b04aaa6fc103e9e84c29daf95d26c7d52
68b45d2b-3b54-41e8-b6b4-a118d7c5a919,train,3c80d6faecca12d3fb976bc35ec5afadd25112a5d5447212f8e5ae41c8c57489
68b4b228-fd61-4c9f-a9de-96e851e75834,train,91943af6962d2af2fe2f27f62e8ab9e5489166d2bc8a510792ab018567cb9b65
68b614ba-8149-426f-bb1e-151bbd591220,train,3b9cf1023fa47415e89777e66277d5a8188e2125fb8a3e6f17bef51e388e5e48
68cff206-5638-4e84-a4ac-b948493e2eb3,train,e4eee385cb32d5b3be695f8dda7a310cd452e76aba3aa2aea83e64cac57b0b88
68d1a7b2-a2d1-4c86-861b-830c3dfd2ffa,train,56749a87bb27a604a172db91e80b640e2cbee1ad203622f81b451e0308c40f0b
68dc434a-d62d-4a21-807e-477cf0c3fd49,train,ed6136981c42a4b400f29f21cd81da70456dee193b5f90d67472ba01ef323125
68e06678-d042-49a5-8dc6-418707286111,train,90d88aff91f1ae8b406264bb2decd66203213d4f23f7930dc1eb3ffe855c0717
68e3cb36-10d3-4798-938a-71798c25631c,train,bd36c678d4595dfb82c3f5931ee2cb25f112d4feeb2c60e8e9e80b0691f26bdd
68f5cdc2-2602-4cc2-a474-9cc361a0ba3b,train,c89c463776de63e8b795dfe202120f39fce17858d565ed91ce24d58570b64fa7
68fd2112-db7b-4f59-88a6-c9cab4a1cd1f,train,01c6f7e50094ff51c8fa70fdd76f9c74a180cdd54b5a1e85487dca79dc7e6505
6936b85a-2223-4da8-9acf-15d638df434a,train,21bba60d03f9886d4bd7efba30adf36ebff9b23a9ee3a19663d7f155a48e2a05
69660d5c-eade-4a67-9d54-31a0aa43ac84,train,8f1536823c6fa2d311933217531636d2d3d8d9ce111cea0610f61844f3950d56
696e1946-87f7-42aa-ae4a-159a293b947b,train,ce729e35711b14f9d96f83dbd8cbe4df3e433ca042818c2559bce8285ba08119
696f7ac7-2999-4ef5-b02d-93c3b0dc8bed,train,a5679de27badb14f5c9d284b4b79a01a1f984c6920de3e04e557dd70a13e4ee9
6974b1e6-b345-4a2c-a59f-92c1c351ef4c,train,1d39c13e2158cad16de5b64395bcaf1d11a7b8e346b863716eaaee13f34ae82f
697d1de6-9136-4318-bfef-5550f536221d,train,4536c38bc4d0484dd392c1e886171981bf470c06a74809e250e7eba3e23f2503
69854a24-147f-4afa-b3ad-b60c304463f0,train,9106ccc43806f770167152f62b6a3c6ca010ae2dd29c99485ae688985cac24db
698cc167-ed5f-4596-aacd-219715e4c648,train,050544e20e40b31bc177d8a998e7a57a06aa93a3b0fd6aa66641798b43ed44fd
69915422-b2c3-48c1-aa0b-4768e0155b14,train,d489c001adbfb9fdbcf7a9b91e3ae6f6fb71d567520e7a653da42e868cae5466
69920842-83fe-44ce-b31b-8217260855ca,train,8228cc890addd5da5594f1cb9e89659aef1952b54d2f09f3e688480e9aece672
6995fd35-0a56-4659-8752-efd7554a8242,train,eab4552cda0482327b04741cccaa46a7993121ea1276f3ba36d6566929d008ba
6997e43b-13b2-4584-ba8b-42e7e9396325,train,e46e88e32289774751b6957c4aec0a10f4c7b7d82da99f15bb688c6b0cdf849c
69a3359c-00ea-46eb-83cb-87737964baac,train,a08a42ec472995607b1ffb78cee848e0c5741dbe1a1e6cf65fb818c99c564242
69b19719-0ae2-4325-9bd7-86d574841a71,train,4335ef259b39b4fbec9fa231756bbe2cd2910c1943aa024389f2b0cbf876fe09
69bb8187-4b97-42c3-83e8-5b6924151445,train,637bf7b4acac1820bf01722df1cc0c57b17ed4a79f76978a468c601b0862dc97
69bb95d9-9b3d-40a3-8f3f-b163b9354927,train,773ff97776d38c23c7bcc84f23efbb482ace2f8cd898b4770b3992b59ee3d6bb
69c1c42e-a81f-44cb-966e-7ce5d7d2a272,train,0182fc9df0a901a1c89e6fa3c41cbb216519939b1f89e3139342bb2b7c0a0d97
69d5a95f-9550-48e9-bc18-6e7351ce885f,train,6e40298b0bc6fef2e1ae0da8420c63e339a71d0da22f374002032b2be3e69164
69f286f2-2cdc-4a6c-9a61-83cb92482c12,train,2774eec5ec1db0a860f4b2722e64af951c239a13ae977a421dfe76ef611753b7
6a04defe-72b7-41e4-9e16-cc9c66372440,train,dae4e44c6e9db9fe4d4df2ae1cb00d4c3ca90e1b9c5a32b39c397540b26fdd7b
6a187f33-746b-4c78-b778-1ef9592ee0bb,train,f2f2fbb16e0f0674b48000c5fcde0360032b8c322158d3f1f6127b14f75fb9fa
6a191af9-e5c6-4802-adac-65c84f9d8b58,train,4c51eab4fad0a2b2a71d93f373f0917e64a644e3ca284d0227bf4e392ffe3dad
6a1d6097-9ff6-4744-a628-9086755601a3,train,8b6b2948b3ed8758a68f6378238b7e0699afbe76d8791df7089aaa704d7f0032
6a21cdea-aa34-4dbc-aa8b-643efdedcc22,train,0b65f686fa70d258e2923697ebec05e2352f60f30894bd7e92bb5e21ff292a22
6a22b6bc-e221-4017-a8a7-ba85436d8c98,train,1ddc4f6d374b7b904f3659feea0e6e382f9535f926c98afa235833aa8c9c310b
6a288432-e9b0-4019-8051-4293b41f3a8d,train,e5ff9d0c5e6465e8499cbdbac0d3931544a7e9a783627fdc623c376114bfc26a
6a32faee-9ca8-43a6-b56b-1d4b4030de1a,train,a7145834f22d1ad5fb6b3148cd4cefcee67308ea15d04a7f52350ec23fec6f7b
6a436d3b-a972-4cfb-9f93-4b9c1569baf0,train,630aa72ac1cad09b3ddf08e69591c0738caf5cd1c012147aec32eb0ae0918e6a
6a49bdd9-109c-4d93-afb5-fc9719782ebd,train,9f7cc82a0063de0607f64ed50d1bab66490df665fb4c09d51036f11fdf7dfe16
6a51b6e8-7170-4df1-b0c8-8ecb8203e095,train,f2b74e1bcd066fb5b6e081a2134c9095cf634967595a67bd99cdc41f1ce53e5f
6a6dffe8-9f7c-41ce-9aa0-ff1b89a3e692,train,81d054ecf773624852e688c3a49e7c277c7b9864bc58a8eb9cee1776495cb09e
6a8f8297-f7c4-47ee-86db-7e0ee433340f,train,754aaf8b045b7f9e710ea97f1295414be4641be18ff643c14ac75a73a9937a1c
6aa1d1a3-da9b-4c0a-b5b1-fef06e065481,train,4aa887a1bd74ae6cc59e8425a21285845a37e9809c778f64a024b961cd90b793
6aadb842-af14-4bc0-a31b-5335b8a75a5b,train,5f972713bfa3d7c5b8dbe33dd7204ef1755b70101ad454e482274d2cd26e0ed7
6ab08891-94f6-48b9-a87f-8b830c147fd2,train,62c3f344026c8c2aa43542ce6a1ce4bc37afeb5520facad7e56693c6894574ab
6abd1e43-b26d-4266-8dad-5e29e0e18ef5,train,0260e8f5cbdf49041e41b2db59858e0c5cb2c4e0d725ba70f5d9adb4fc523f21
6acd269d-0528-4a48-bfb9-8ae36592c6ad,train,a00d95efed03d3f6dc80d52d9a1f34d65b806ffb48fe9426ee3eb27965bbce32
6ad089d3-7a79-459c-ac38-19f60ce29d62,train,f511303681cf228a96c657d2baa78dae05625480c7e24606905cb1ef096ac4d1
6ae42ff8-0a0a-4dc4-92a4-2846cb5542df,train,47bacf4f531d1b36aae508a388107900d0cdd489783e2ac0ab2cf38621e60c92
6ae7a1d1-3abc-4d97-a3fb-cb3354249a5f,train,4a355e5c5031de5dfe00a02eaa39a43a5e1a5c1fc6be416f71fcc7936ce5e885
6af0181d-6523-452a-817f-ca090e88c3bb,train,87157f5cd05422eda1cef3fd9f01c8be1f32830c404e181d8dc1632193281476
6af712ec-3302-43c2-adcd-047330235334,train,00d0dbdaa00c56d9ef9fc6f516a3ce5d3836b7b1984878623b5e71fafcfed1ac
6b0a6b21-d4ef-4fb3-ad9b-39612b529199,train,65e6cb619607039d2eaef327192f4e1c5d5cc2ddb67f0abf17854dbd218d4d41
6b2e4492-5270-4d92-93a7-2ee1ae7c107f,train,6e9b4694158bfc4fa52bf860ed7a9cae3dac3a6a0c71bcc9d61e2829e5929e52
6b31a181-5285-40cb-8b02-cbe3c9ed1822,train,1253d90be62fa512dde6b9dec55ee10afe806fa8c4ac1ee5d03909cfec372c20
6b3e1c9d-e8dd-41ba-a1e6-5d624f4ebe18,train,11a933ac547e34eb57b2b5b9c41297ad1e8dad8511f588d8ed673af0fe3bdd4c
6b3f2d37-a2b9-4772-b436-381bf5fc39f5,train,ac993eadb5b677b2ea813e65ea5d1ff5539fd86bc02e911a7425835afc1fe595
6b56df2c-0eb7-4c6b-ac92-fb355e09d16a,train,d2b2361f4ea5fd97b7060f8baa3b9cb021e1360f20389a395cd3ab55c8728d0e
6b5c7974-7504-49c0-890c-4363772499ae,train,31516a2bbfc8f2a15a24702ac30eab43af97b30dbfb86420cfe967ca7a857cf8
6b7bdc69-63c4-4d6e-94a1-8be53ae76e94,train,bbe0431615972d4e166d6bc8a7917cfdc0915d8b2923956efcdf8f9580501ad7
6b8114d7-a60f-4b21-a804-044dc2cc0f4a,train,dfed119e8e44311224334684114ac0779dbb6b3c41defd394ae01d61e53257db
6b85ea4f-428e-460a-9d1f-4effde017784,train,d58a7fa242a7fa8e485ee8bbfd2cf7eb0b3a3e4833f4539429e026bf7c7facd1
6b87e0ac-fb33-4589-a86b-7d22e15001a7,train,daba459415627c264d45a924eb74dbf066053b052f1d31a13dfd0ee0244f9cf8
6b943144-e642-4fbf-986c-a21f0f892141,train,ac73ddb048723391668090078c11bda50af8fd79900bcab3e17a610e07f94d18
6bad689c-582f-4426-84c2-f4e4bfa989af,train,7aa286640e4aae215659bc7c1b5d62804efb4282830ee744f27da079486c9573
6bb5e9c8-bc63-4103-b353-b4f762c37e88,train,15aa2672e2319cff4a096e9406ed4473461d41f77e7abeb9d33b053ff6fd0d32
6bcc2641-1e77-49ae-94d4-5ce75820e96e,train,c1e0dc25b93e03abf22a6402f2a202217b705ea683c789e8bb1370e7d0197450
6bd20584-1bab-4de6-9ea0-3869acb63079,train,3eb14d447f1d01c0de5b2ed2280304762fed249117ba88bd015a53a9e513c8c7
6bd28274-83eb-4789-b09e-9ef8c72c9f2c,train,68d4e9f46d8bab04381d58783816167f88f352dc45af36f98812a8c1168c3ca3
6bd2e3fc-2aac-4daf-b403-347cc9a166f7,train,efbc584a2551b4e3178f3c8d540a42461ed5c75d6a406dc9c5ba81b5f5335e0b
6bd5f34b-8235-468a-a665-bb27c43d2dfa,train,190ef18afa0376416ce1520748fdada018655357384a9d4397397a1d6ae0f703
6bf1d760-4c3d-4f4b-965d-823adf27dc8c,train,ade64fdb3892ab244930b1bca9b44e249ffaca5dfd789d380cdbd53ad51e6e7d
6bf3dcb2-ff4a-4ea0-9d58-2c5897ba9f09,train,d11f517abba0fb7b476b6c3d3b58e07757fea58eb3d8bf547a6cac4d76853f1b
6bfa4228-62cd-434b-b97c-53ec6292fb6f,train,ce0d8c55d0accb35f7b09d7b6336f400acc64053ce53522df7d4bee8261d0a75
6bfe7ba0-8794-4689-8690-3f74e37331eb,train,33b3e2f8bfa12c80b51ca9ba31308a8e19a4b75ab7abe6d5ddf02e3c89c6790f
6c026ae7-e411-4198-8080-593a51b42ac0,train,b8f02cb0fea275333d566a1d6e0b0abde1ac467fd13e3536f38b93014b748a25
6c0cd25d-3512-40c2-9962-2768f744b1d1,train,507ae6d641e03dc105bbaee0cb2f9d19333a87ff6308442f4e3c70202f8bdd7a
6c1ac83e-5c1f-4e17-92a1-428d93d66750,train,46a3616388ea60c05d044fbe0632f2c6d8dd4a456cc5c2ab6a5c90d17b94ebc7
6c1df906-28a3-4be4-8a56-b44e4fe13fbd,train,87e7aef66f416c19588db1a3baf7e4a4cc952c9e91b0d4d4f356207188e99579
6c23123f-e730-4fc8-acbe-4279b6eccbd4,train,d1e3e4914b125729cfacfacee881f0b54c3c5cb1a7774ecad87fc2f7d1338f86
6c2d775b-b41c-4f18-9c1f-f61cd13065d7,train,b09449db881965226d5f4b30fd835d5eca722848e444146756c02d4e22124699
6c2ff5d6-94d4-4402-bb5b-bd68146082a0,train,d79a45b24ec6c59310a74a01e26db87236f0ab89c94edd326e9dd5d0904d0c21
6c338c03-1e18-4b00-8ddf-4d4adcd71481,train,8d254418a51eb55463a802ac31812370cb2a0ca63786c0084982f695c76c9e87
6c3a43e9-9260-4d75-9c1a-102100ddd31a,train,75ae398bb8ff0700fef4688c133c6356a948bb7ca264745f4b95765f8fc53112
6c43fc31-1e49-4a5f-b3c0-8694d47b027a,train,573c88792b9e72e8be660ebabe94737c424e65d26ae2b50856446602f4a5263c
6c5521ef-495f-4f9e-a3ec-069d59084186,train,f776bc336cb7e2256ee6ef53084a94479ca0afd1be6c62aa74c198ec6e802fa0
6c6e415b-8f23-499e-9cca-41b86d85d98a,train,9cb661d087a2db7e6bc88b1710becd880637ecffdc94a563c6c3d78a69583a0f
6c739cce-a0f4-4a2e-be58-50344de1997a,train,40ed10a4cd5307bc3f28e7f69975cadb11bc4d6fa9ad0a8b24d36917c13da73c
6c8761ab-64cd-4cd9-a1cc-fdbd9f0b3beb,train,f1a1ce9ebc79f723a3a87b782a30961a3f1308376a289e48142f519bce4b789e
6c886bf2-881e-4a6b-9e79-bc9606bc6633,train,86bc7f8b120d67b510da0b17754f155a3c78d12529cce91710fdc3657bae70a1
6c88f3c9-8bb0-468f-89d3-7efa68a4078d,train,37e8a9d9dd837ac72c134c9fbfbe79a6fa82e9f47e0ab20d438986eb98bd3f02
6c90c9f1-d30b-48a1-ba06-d489fa6c9797,train,5e14680f57c135072d63d33c6adba222afdd687ce2e4373a635141aff9d454eb
6c9bd462-964a-4e2a-ab9b-604d1873c7cc,train,5c1d2a671cfff7e5048c288b202118fdd53f3ba46d1bd679ace5fdfb8e73bf75
6c9c0eb4-3def-4a11-abe5-ff99b57e27d0,train,d8b2160c702eeb980be0479a22d509893c0662d04e14d98435f500645fa1c53d
6cabc680-57d3-4f84-992c-622e02d0087c,train,382849b721c2a4be19cd4552d6a243d59fbdb50998436600c7042f9eebac9c85
6cc56659-648c-4c2f-9059-bb96a422de66,train,5dad46a0eb3ff00341b1d5132d23c9869f2c8c26cc46e1abe19dc98e02edeefc
6cc9487b-de93-4866-8df5-b86c0dbabbc5,train,0f1eec6d0c2a11f8acb48fa5f44e1084de7cae80df16ef21d4363b3b87813566
6cce290f-f8e1-4e5d-9598-7c1c484cfd13,train,a888bf86e1ab6c5a55712da9b82027773969c3c5c065526c543937e53f2cec05
6cd5861e-1ae7-444f-9e07-bbf5bac67c90,train,c3447b72595891f51ff186b0e452dac38141bffad40bd1d7888173792d7186b3
6cd81791-f0e8-4cd6-adf7-d5afbdbd5d94,train,89a29a0e4d9eea518903c95aab633c0dbcbfdca96910d94003a5506ff00551c9
6cdb920f-ed80-4989-bff2-4b23084e280c,train,2c0238eac6cef2fd9d6353a9329e71ab7df0089ce3421d48f2db4515b547e527
6cddfc54-7eb4-430b-b30d-042ddf9e0839,train,547dd460a106fbfbda0e67ce5b9ec09802e22bc620b32821f7bcf0311bd1b17c
6cde7b14-39ee-42be-86f5-8bda8158f377,train,b6b97c7a58199e3a8e9a0cd89c5f0d5a02cce58dc135d48782558d3cd5b395de
6ce2a960-1895-45d4-9178-5ac8c512e28c,train,6a09afe3cb0b909c5274c5a3742cb4064451fa874e4bfbf4579de07e608ec812
6ce3a0c2-cc62-406e-910c-7b4b4a865002,train,4e658346b4bde39b8e1013ec73c0ae342ed180d504408328b16c851ce8a3ab0a
6ceb5669-3501-48c6-bdb1-4d3213dd5b3e,train,4cfbe9d583df0964120b457d599250be1c0e1fcb8b1f914223339db15bddc89e
6cf976f6-d8a4-4906-a140-9f2322681fd3,train,7dc0adf4ec0c5c96700eb02c60d7a8ec86574f076dae6f0f61f4bde37de464af
6d065f97-2214-46e4-81f9-11b4143a067d,train,b4017a362b1e26969283b3d917ef496904fa51c538ee5d7ae837630f631ea157
6d14692b-133a-4444-bec7-7c1fc7943506,train,ca8af0f2067f59f4e9b849035d69f347967ef4fcfbdcd2aad2551d7ac33856f9
6d21f597-0428-4ee8-9f45-d0d7e53195c3,train,004a75aff3fd87043059665a59332c0dfd9a6825a1e39c9dabfcfe4d0be5cf40
6d2de181-34dd-45c9-a320-2543c84c16e0,train,6fcba4deb4b3ab5af7f4b6e86f23776c6b9f0738906d56c2453c00ab28178a21
6d3c0cf0-3b05-4186-9cda-1c8fff7e01c9,train,16d2f303e2ad39fc390bde885424d210dbc1b84650b31d6a057dd2bf02b6209c
6d3c4d1f-305d-46ca-8936-be8c931725b9,train,3e2a4ed6eeabe24a4e4c66543f19c2afb9ac94b477d7fa61dceab9248b3d6e78
6d4bc619-5ca0-45aa-a47f-95529acb3620,train,b06061e41f7ca811ae2a89dcb8bd3008244f180d2abbc2ba9908e57e289b7480
6d528ac6-8389-43c7-8dad-1da12c8c7969,train,344b6763054aaca00ba80725cc8ff877916122f6d4c04d963cf87384b9494dca
6d537cb1-7aea-49f9-986e-818ecba1c632,train,2c262a9ea7e59416328f1f2ffb8475173ce985b8141b0aee25f2ae7d7c739a49
6d5936c9-0133-494c-ba1d-46232fc68446,train,4d504694177baf7e8950b24bdc448fcdffae1161ab0b3cb661b6c2f7cf6c5676
6d5c2e77-8fef-4ddd-93de-b3233ad3d19a,train,a3884c12ffc3daf54396aa373e789767deaa69140ab3cec979ea9f0de2985a09
6d626cf8-06ba-4472-97a4-f2707094f0ba,train,f40bc1d5677875c5787cef7ffcbe04c957f3faa991200307df5797877f6ae79f
6d7864f9-d96c-4718-b87b-e23e552fbf44,train,fbe3a8a2629fe4ff249ac6acd689f253a3af175cec8c6cfa2b42f98119c86b33
6d798fd4-cb59-40b4-9b22-04eca469f8e1,train,4ba7ed35a25658120152c063ee475f6e4c7b93227e623257e07e75a07d7fc6ff
6d7ec027-e89b-4640-a301-0105acae8b34,train,6be2848020ab518c476f7139477f2de5d9f2c7b6e12210199dc0a859071d04b2
6d8381b6-55f7-4b3f-b855-a1295f0d66f2,train,05b0e3b263859401a609334e5ebc56e5831a23edf8b959fd0db921871d45c539
6d8ea228-2de9-4765-9c48-781e80319a80,train,dfebb465deb967f59c2476e47daa657f87da7cb6e0a68323cf99ec3db195e447
6d9edcd3-4223-4093-b927-b5864ec8f30d,train,b8045abfa8f32a79f6a15d6cc5b25c7676eacdd3776d0962d24916e2d6b72971
6da5df97-227c-4a22-84fc-ad2479139b01,train,a3d8629f32683c9762c24b257021bbfe966cbb45400335edb0837d92810e56a9
6db09ec0-47a4-41cd-b2d3-7afc909b5f16,train,962130905ad2acbeb105cb02909daeba47f16604e932ec58c1ba0a0b7ba54a7c
6dbb480d-cd0d-4703-9560-8d75da242899,train,a1ab9f5a2374330f851884d8345499be4394e4d930519f56f1a3c2268d0d9ffe
6dbbae32-3b66-438e-b06f-89e150a27f4e,train,56b896340da37d42d798dad4c19e1c67eb7f8268becbe66ffc49ffcd0d88dcd4
6dcc490d-c138-420c-8fc2-2e507843edd7,train,ff7e54d3789f9aa2e0932b6a73387718bff054b477a1f2d88917fb2589335d2e
6de5e3bd-88ff-4982-af13-4788942187ec,train,cda5a1098ec01114dfef36f1b9a802cdbd35031fa42cb81a22e93c21761782d9
6dee2728-9ee1-4dc8-b463-054ed8d7dae4,train,aa6f461d1e6c4f8e09ee6137f8532d7ef88dcc1602144ade3a77d3fb8c3c50b3
6df9ddfb-f481-4e0c-ae7e-32051863e3e1,train,b82527dfd1974a20f43471f9dba012383fc7cf97b4208ae5efcf5e8aa6cb7d2f
6dfb2761-6595-4f50-9113-289b14f669f3,train,4537d30fe9310f20f4d6f034217f01568b579ec0c83db756ec0f22f7c55da8cb
6dfe4d19-30d4-4f22-875b-fc1358d75b8e,train,9352e34bda0e35813876dea35dbefc39aee0638888deb9bb6dcb10d3e6fed27a
6dff9109-472e-49dd-a429-ca444acf2cb4,train,5bf61a61e3f4fa6c26ce875e894013bd6129fc450df600262cee2a1ef85e6f01
6e057bca-673e-45a1-8262-26a21ad0e5c1,train,c335587e17167fffc81137d89315aa52e95f674a548452e590e4bacf764435ab
6e071079-1e23-4cb5-90ff-5a95eb99c258,train,55737c7ecdad641bef8302cbeae0870d47fc039abc5eaa5d0c5e1c4e8992a479
6e09d171-30c0-44c9-8f9b-d8d9990dc59d,train,fee7352d45b121a01e8faf56cf6065c7c5b85b808138e063bfcbcd6b416dda29
6e150bab-ea8d-4fa8-8d24-37359bfb8b6b,train,9ab001d09164f96c917fbc84c9188013372ae4439eb4ee3df556aa38384275de
6e2010ab-6540-439b-a39c-78e552eaca3e,train,0dd2e739a5142b8cf46370bb5dcb3d65ade025c9206d9034a0988d98b039463d
6e2259a0-0c14-401e-82b7-73af4e0f1e77,train,568de78d192d36d430326cdfc3d2be9a22daa688c20756d529c2ebe3af7d4026
6e2aa6a4-12ea-4b42-9074-131cf7745db6,train,d284a7f8180c808a2511cd2e71098863a5d933cb103fc084c62653f6946a98bc
6e41da2f-3111-4930-8be1-1bf4ca489c6f,train,fe610dbf89705106b93a74a5f6caf2c07005e371433b899280f5cddb03539e0d
6e438a29-2e45-44e2-8824-e8d085b57e4f,train,d704cde8c019023cb20b0db64e77798514f0f423095c3ec25a107ef818bc36ba
6e4c7c0b-1f34-496c-9258-3d065db3a495,train,1f2b447612cc373c4b91b35dcc3fd17e6ea0c0f731c86edf59c5a22c4f9a6217
6e576b84-ebd3-457a-bd9d-bdd62a004260,train,8be74edad50c87a9aac82d90779ac8cb93d4d38170202c9b6ce37515597a9b1a
6e577f15-c45b-4c42-b087-2efcd099c48c,train,b61bc0e94cc519e7bc2f4291dbe120d0fda0a860c74ded5beedca74e767bd0e6
6e7f436f-201b-40f2-b920-ac74b19779ad,train,9d58a641054efffea0b3184dae5006c664d8508dd90ca3b7ce64c5bc205fe64c
6e8853ab-f1a3-4900-8bb7-80a6c4d29210,train,506c8b27bf14765bfc6fd099b8f64cf6e7ec6f5b633d82368836c16dc527a361
6eba3a8e-7937-478f-a8bb-9e8c2d2998ac,train,8326f677f68723e13fd79b5886c54a87e9bd7e940fd8cc2fbce27384d51ded15
6ec2f6b9-8464-4660-8514-2e6806977953,train,77b8df40e013229a8460575403bf31f598a1c180529f6ee09957a6cf74debb14
6ec3bb47-90ba-465f-8f82-622e9e756c1e,train,12888531cfadb7a975969549cc0dc1e1f0ff935ba0617a2994d0357e6df54950
6ec7dfc7-f3a4-458b-a596-158d74004382,train,911f5c9f7eba20865735140088b9e86a6e60d3070b71ab497a1fafe3c9e42e3d
6ed4ce67-120c-4e65-aeb2-3a7090ae8a50,train,17053ebd3463c228f0c9b2fcd2218e08c36c9f10d3d6b95b1527445eece51ac6
6ed5a620-a847-43e0-a570-25fcf94a58b2,train,e012445c2d14017aa2a76b8d14a6bf580e5b6d40d37b99b7364962e6465ada5a
6ed8d844-4e62-48c5-b826-08638783df32,train,3141fc24f48a117d0744304c1b58da28033e359f836d09fc4f17a00e89fb2d1c
6ee8d628-41d6-4213-bd7a-d7c4c663d33a,train,b3146c420d18e69aa9e5ee49501ac41e4b7d6dc4bc2473b30338f1b2c84ada73
6ee9491f-941f-4f22-a8c8-df6c0e51d73e,train,af0cdc9cca410ce1fc4eaef777e8c7cf5541b0bc8010865ccf656c09fbe286b3
6eec53eb-e22f-43f9-a977-8ed83cf4bf57,train,b24404540ec39289f0fe6e76181d7d95eabc490ad4d876e0cbe693f529366835
6f084255-a406-4834-8369-494b406eef98,train,bf69c12f3d5c57a27fa4236def3d7289949bcb90813d7f772bc159433910a62d
6f252261-93ea-4f88-8286-e9da5e657c0c,train,e4d6c820246540a8501eb413154e715ee4a8c31fd085d509b377027e6c7bf497
6f2a604e-a187-474c-8edf-c8afb542381f,train,c6833ffee44de0c26a5a6bf3214c708715ee4f4c5a0dc2a5b2eefcf834cbbd74
6f37b6c1-ede7-426a-9284-e364c4f46ec3,train,07765e8c36b2cbc203f0714935c42b67c0cf7f59be6cf60a5d0f6ff2144acade
6f3c6009-395e-4ad4-ab49-eaac72ce3580,train,d5c8aa4f84b4b2374fcade99976acf9f02a8daf7082141c364dfbd695372729e
6f449120-4b74-4a7d-905e-1921345a6650,train,ecda451e03e6dd5955655aa968d83ccf09498836aba507952914aaa5452f85f2
6f44df6c-ed8c-459d-94d2-673872dd2e6a,train,662894867a0ac4c70177f42ed9d0c24bd6d4fc91107fb5e19dd1fab3a84703d4
6f45df9e-76a4-42bc-a036-fce5a3101f9b,train,f699eb340ccbaf348a08b62db5e918f117a6d52001ecaf546f85c76239c25040
6f7317f8-9151-468f-a362-b569b0ab0e5f,train,bb3d17da6bc0f617623442996eb8aee0a2c71a853369ae52a3446ca47218cb5f
6f75ec88-e586-419a-aa4b-037cf16f3829,train,79e041d4b1865c5088fc37de8b0a7a747332f305e9d5d46ea401b91b698fc280
6f889f5b-51a3-4098-8802-9854a299d39c,train,83fc7f2afc5ac2e471845b8801f446dcc4ae815aa9df6d32dca8b533328be18c
6f978634-1534-475b-b3a6-b9e56140b41c,train,efc93f220461c40983008523388dd839e4141883f02b7b82cfcb450698a25eaa
6f9a0850-2dcc-47c5-8559-e661ef0e2125,train,52a725220c7a08334a1a7847b3324ebd58239a76da1f0eea36f593c132c37304
6f9d1796-ed57-408f-a833-f136d42827c0,train,c930bd2f67e3487a9c47b2fe1f4bcf617bb4e07705f55fc42c10fafdf0198c20
6fa04a0e-6e5d-40ba-bbf6-a61464f7b331,train,a200de26f4bb5e1ecef0d8a650cce3da7060ff46402607f51ece56f2b78b093e
6fb0ac33-e5cb-4992-9753-38fa71877d74,train,b760f4255ffc812caa7e6fdf850a6151341a04489cbce2a1969718e6f0849b52
6fb1f848-8a0d-4608-a327-fd1016cf7b7a,train,c82254d488a55fb219133cd2c566f0a158c5b7c49852990592dc09c654236aab
6fb87d9a-a79e-473b-837f-92b7fee3ad76,train,1f00098fb42f67249027b48557d0a85cade4554b1085b11b8aa39ab929809176
6fce2a55-1c18-49d6-ae7c-6538209b3d08,train,91c9d7d0159ebca7c56f53ad77f9b157220be9d2463f9fce4e1eca537bb6159f
6fe26a5a-149f-47ac-9c7e-014de3b84a75,train,ee2a0e589f6fa979f99d12d5093ccf8e5d3590179b0ade53849a63e4080070e0
7001086c-a061-4825-ad14-2725329edc98,train,8ae9ce47b5cb02bbe57a71193a654aafcfa5d6d2402f32140c42fbc758e18ba0
70013111-6961-4095-9016-12fa15025016,train,04738204a19d26eb023505b8e2e13c5cd5ab4878732b1404908a431236f92c20
70078d24-bd61-4f16-b201-b68f3e95cbb7,train,ecd1ba0b57454acada2de36cd1eb51afa3c56c9ac4a1f27ca2d8fb755c500f29
701862fd-c7b7-47b9-b3d7-c5c5c2e7fbe7,train,da43ca4e9a8d65c2586607ea6ae4a7ca9762b6a63cc1c8c52e10747ea33966c3
702c8915-d2d4-42be-924f-ba56cc266504,train,6ed588135a885047fc53ae38afddadbc48bdd86fe6234373793647270ae428b7
704198da-e2d9-4c49-a16f-2e00bc502720,train,a05f364b5c4023cfc6d1bdc5c40261bcaa762f94beffce37b1f33fcb4a132027
7045b630-af3d-4d8c-99f2-38459e92abf6,train,db6e0c5727744a85d1afba1b798b4aaad5ebda3ec7d52e4278c83bbca66495f2
704b04df-f414-40b5-b551-9b0d25f8b1f2,train,f64ce495570b216e5a1167140c20d82e65e5ab6f2d22bd8c707f5c68b7dd94b5
705096e7-e202-4dd5-9689-7a86ec08e3ee,train,e4575e07383a5197f2235116e2a5ae0c21903b348c069e657ae0e5ad60260ba6
705703c4-7b3f-496a-b3fb-6f005d879e5b,train,ed45a1f164fc0495a55679a9abed35c138760984aaefc5e0b1d0421ad32e8d0b
705e5b5c-705a-4f14-93f4-6f7e0632b8aa,train,c28bae0f86d4371b8467880fb4f26c9fa452ec41d85749c2f0f80a73a1588d4d
706568ad-f3eb-403b-a01d-42c5dea5de6d,train,311f65af479d0e053f755b3f03c5272b34783cf30232c669b8f3166e7f8b9fab
7072c6ca-25c4-433f-a946-d1b3710467cc,train,ebf9d93480048669fe1b9aa6c51f6232efc8daad59c2cc8698061afff796af5e
708426d9-948c-470a-a1be-64aa4cb218b3,train,761943c5db67232086b203b326295a6b532782a17091dee5209ba56e0746311d
708a282d-b1c1-4ded-a6bd-60970653ef11,train,c0f396fe291b75d3f29033ab9eb23241d3738297962f71f146135a050c00b23b
708e384d-39a6-47f2-9608-0f0dd33d8db4,train,ca12e829b35e7d5de2976de4a6b25f0b2cd6280c55d463c19194cd8fb81fc2b9
70994eed-f9ec-4e28-ae72-98a2d19af2c8,train,99f588b2c81e03de189e58de10440c46acb4686834353a85fff092c474ece77f
70a7cff3-8a2d-4fa9-a55b-f0e72a3aa6e6,train,567f55b09d991d8c15f0aa4df51bc2019a3b0425ea4d94d6c4d3cb6ddf75756a
70bd8f95-e462-418f-b69f-2bef311c6e81,train,fde517d85797522dd8491a2bc8b60a4e02b85c092f280780f9b004c1a57cc3da
70d0bf27-3494-4553-99f7-6ec996844ef6,train,fdc662d33f2e46d06e2c74c3b8c3fc12a6b4488477018ae806c7fe3b2b157610
70d1387c-65b2-46c5-9334-98688f2b6be0,train,8c5e2739aacfbd087205ae7ccf73a7f918eebfb30364a7307047623ba43469d4
70eb660f-7ce7-4c9c-96b9-23a5b48af384,train,2261638472992137fdfded306ac708cda2459572092e7cdf1099e54288f78b13
70f964cd-7038-4a49-95dd-93b734475e4f,train,476088524df82df8bca567744681ca3100f54195ef5a712f24aa5873c545682b
70fceb92-5800-4954-a0e2-158d8f3115d7,train,55ce51e91d65d76e167f2ae340bb7e894564098199ef72b817571dacce6f2af5
7112f396-382f-473a-827a-16791f7e1bb5,train,ac2f51071db340d738ab8967d427ecd62af004ef24efbff0e0d49515d2480dab
7123d328-a5c4-4e59-a795-6519dd68e2ad,train,e52557e0127350ca9b3c2a8b6ccd4a904ab710f8d5559a2b1d39a6ddc6f24ecd
71252a82-9c69-4ff1-9d8e-a1bd990b440a,train,c603df50ad884d028433442f366366ef5fdb0e9cbe90b9d1731e53b78e52365f
712b8fa6-2649-4826-9d45-d8a6951e43f1,train,bb6d46126c77128fc4eaf42981c8b66af113a3827b4da07853772c31e335d7f0
713b28f4-cc1c-413a-83a4-644eabcf7c20,train,97f88367c60cc45ad2d0736ab34cc006073f8a835f8fe337ba4e49d082229bc1
7145ee9f-d2d0-4fee-b01e-0732155a8a35,train,1b823e1879025e3a20b87940f0112893d4d995f284d1e8625b7c4a03b9da2bab
714b00f3-b681-4f62-b50f-3c1f0b5e2fdc,train,310af31987c90b6c5904e1c28f3197d6ea715d2d313ba24ba03f3162e8c9421b
714fe9fc-8c10-4fe5-a862-1af439399d9b,train,9b5a2c7c075879cde1d815e33410536c58fa4120d059ec8c4dc75c2639c0724b
715154be-d3bd-4263-a108-96af4e62499b,train,efe6fd8b3aaff2ee4ef61422e7b82ecf13f303cc1ff61c6a25ac132358405d77
7155e66d-3352-480a-8bcf-900c805b9a50,train,04f616585343aa135d0281170ee41f30eae12189f487265e609f28eaf75a9caa
715e83f4-6b7b-4794-a2e3-ca7db3486d40,train,2238f0b766f9524632c95a09292a45a8b99ee2ef7ff6cf59ad200a1fbcc9eb65
7160e46c-318b-4e3e-ac25-32095cb6f2ab,train,59df564e964eb5038684b023e7d4b3298b9e2dccdb6960323efd3550bdf53966
71658c0d-1987-47cc-9d96-c4f654f2a673,train,713e8087b83e6324c829a9e45bbac29ea2d30279b41a571cbda1b2685736bef2
7171dbe5-1665-4e93-bfe8-2552c6f196ce,train,a97b169cdfcade023e02470c2f59f7fdaa3526c85d417ec2b455032ef6ceb474
71790f6f-517d-4bf4-beb1-6bb2aa8cb1ac,train,3fe44a7286317fe58df173b97f9c43349986225d2668e467019d503ad37c6048
717c2555-3175-4331-b192-8b7760f3fc64,train,bfd111b1067b5c8a552b8a0b210bee712c749d50de5c697b77078529998a2da7
717f09d5-6009-48a3-a782-41f2e32107ff,train,2fa8846972252ac5e7ad3e5285eacaf6f0d8e6c89a350c3934fc1fece7afe1c1
71802c56-5969-4b0b-a344-fed0dd6e59b8,train,0844535ae0c0cb2e22764a418c9d0f3fbef73f5c51a33f1c4b60ee132ce19eec
71815e82-35fa-4cb2-a795-5ff956793066,train,49b8963749dc9c536cfba77e609e68baebb937067b6afead47e9f2b9a33170dd
719896d2-8197-48df-b94e-1fefbb7b5d4b,train,27b32892ff13eb46837daf417539a384989f9d0d9b3511e0d65a91fc4936fb37
71991f01-4093-430d-997a-f54e7b0153cb,train,3ce0c3894515b3860027a407483b1086709281c122cd780a8bcefb40683c2f80
71b316d2-ae32-4186-a619-77ddaf1f368f,train,410cacbfee76151eebd41c95109fb3ffb5800790e309016113f8738105e62bcd
71c70c5f-2148-42d4-a5f9-f7740b0e4be1,train,546a8f122054b7da3306b9a1b3424a65b3c02aae3cc71e266a89eae30a398ddd
71c7923b-9466-49b1-a925-7fda37706726,train,cd1278320b01ee04febbfcf5b7a2aa3a6e3cf7ab7a7f0702f93adf0fba5281f7
71c82298-2fb8-492e-8143-18bce7eed11b,train,f13ba0a8862a2f54b0a4615423860b41713dbcf0bab44adfba170f791245d897
71c99381-cf36-4be7-811a-797935f0de6b,train,e46e2352681667955831e1c262157daed7f91756a0c3b86ce1f7f91776551f4d
71cee10d-3048-4aa1-8b5c-375ebc843e17,train,7d74be884bbb45cc460f728af12102e5270d8500324584e196ffd7f23ac0f386
71dd25e0-f010-4fa6-b6c5-ac0cb58e0566,train,2b9f4cbdd4b9e5e444f539ca397a456b896f07fbfce98c4795bfa6187c92499e
71ec40f0-3139-4aec-b3a6-dcce9a987e27,train,1b972c995d46293556e29f573a8ffdd175796ce8afd573c94c05c7e9b8ce13f3
7209423c-5fed-478b-80d2-13d4d4dffaf5,train,4f682f1cf7a028be8ad24dc103f5f902d1ebacdc50bf4b188e8c0f6b46a41dcb
720fefa4-ec0c-4b01-932f-2c094539ae55,train,85b74dcdd1e5a4a894a6d0143fff3ef7d68e3a75914b20398b35ed4859795c71
72134ca9-c3f0-44cb-a263-36cce72b9f32,train,6d9204777f3b8074c43a2cc0a37e27f0cf5487d033ea0d147abbcca02b8e764c
721769f4-6531-47b4-bfd6-72272dbb44e5,train,e2cae7c34d2ff37bc7d99a3e68f172aee71206300a10a8aa19198dea97d07d33
721922fc-65a7-4040-8650-e1525580bf27,train,0c83a3bc089385e5407cceed02eb74f6f5c11061297dfa34ddd1bb857b6747b4
7226dfa2-b01a-4ee0-b884-d14fbd40656d,train,e6565f7e12a2992a34267a58bb5610d61910d7e1269aa475726f0d298a6d5072
723a5698-9241-45d7-abeb-a3237de09981,train,9fc1aa5b38cc9050d0d264b923baccaf18f34d4635c76484f1c6e149287e81da
723eea5c-0906-4703-8e84-a77d46622413,train,fb4226b221781b6f0793850e6c9357090237eb317606307505ae1f7f9f37a4b4
72407d86-4ae8-4dd4-904f-dc876cab4df7,train,12245631ce5d646cb40dbea9e190bed34665718b35dd4574eb16a7c74f73da4f
724107b6-7ed5-4086-9248-b9b98eabe0bf,train,04c552f9528668d54094db728a7a8d2be845016c4411aa53e8ec21f5fd507cac
72414d2f-b9cc-4b68-8a71-9a2eab17d3ed,train,19c8aef957fc2322a025325077443d8bb237c6357ab34770f1bc369e026d0223
72469855-a9db-40d6-947a-d9b169b35600,train,e17e149cb43108b441c12de6f2a465c3a85732eb7eef9da6bfd7518f0c690c00
724d1e86-a022-4520-aa81-22f8754e7d1d,train,31f54917d21c79cd6de46259fad76b0b73b3894bef42630e6e10b878b019558e
724ea801-0655-4e82-919d-82197dafee8d,train,5b4257bfb7a7bc7962484a44c07fea23fa9789f89223a7a999c8a828a7e0ecb9
725ea94f-58f4-40e0-ac76-4534e3883a2b,train,5988072ea37bab087813d52fd28401f30d179b48089d3f898a37369f480bbbb9
72608b10-6259-4b4d-93eb-62e7292cf2ca,train,6b914407e15e936eba2c1001419a6356bb2b60fc4b79422d1b0d8eff1f922aa7
72616589-bfbf-41ec-94dd-9c4172151c16,train,9680942a2db8919d2626e2a0091fa51611395fd45cb622e3092bd421645927de
727f7971-f179-4533-9f01-b87ab05ed968,train,0968d53f5739b80ac094ce885320731fd6ec37907f614f213a3d088e3c3c1c43
728981b9-1bec-455e-8cb7-8fa25668c767,train,0ac8e97a050e37b8f0bd0dd8de6f9af956aa1ec57c8f36d1f64f7d593b8f2dc9
728b6925-46ca-4ba7-b688-2dceeeee8182,train,1ed51f2d33b9bb86cbd5b988bae2089aa152fccd5a31229dcbb675582ec529e6
728fd09a-70b9-4a85-acbd-4e6ec808711b,train,573819c113323ff3fcfca405e7e97e73df1e26b0a52642d0f1d47771d248e46e
7292c2a9-3696-429c-8056-3b40dea3ad0d,train,c29ead28442f06cd5c2e6859ded487e0a8a750650ac241760ab10107a38ba3fd
72ba11ef-f120-440b-9242-e57febbec3c4,train,e0105655a09d07b0168cbc843bbe11a04f91cdef64f8e7a99d61abcf6b12008c
72c72eed-1b8e-4a47-8879-3685a00af1f8,train,ac425b99738610e330a0dcfff4f4f6e59c9063ee5682998f87d5df4f7527ae75
72cf56e6-ff27-414e-9fde-57688558668f,train,6a8498c501379f4a64fed39e9bbf5fa5003ec11455cb5eec9a1f810a9edec368
72d40e3d-5c4f-4b09-b64f-6dde648453c3,train,60863bdd5f724bf72521595e738b3600e441668bd2ff46922a101557936b1afe
72dc2d0f-34a6-4f07-88d7-db85c644ec68,train,50ceacef368307bbca03adebba083b94b799a1c19f34d43d4f116db6c1020d05
72df519e-aa69-43fb-a9ca-6d9eb6fb51c0,train,815cb407cc738ed62e335551d753e1ba662716204ac4f36ecab48439de2ed032
72f85508-d5c3-4740-87e1-4087e5b5b285,train,6d2e95c787c680ce2e1ebe91fbe97d6716821e900594dbcda154841146b39690
730631aa-c9c3-4663-825b-82f1519b6c32,train,cfff01d44720e4cf4fd13ec4dcdd97e66c9c3f1fda58bb3b2ff3236dc9eb3f24
7333c32b-211d-489f-b40a-9afa2e19d9b1,train,5075c0f9f636ba7aa601575207237fac6fbfcb20fa52c488a082849c3e8cadb4
733c86c3-dff7-4d08-9989-bba407448ca0,train,5f3273bb58ec23a383650a0512b9262dbecdc2523b88f79e8b6f6940a2024004
7349fbba-a283-4151-b35c-042931a098ea,train,992d90741ac74640049d32f3bf6668a30da013437e949ad5a7a9d224e1384384
7365a5e1-6a1a-4231-b55c-8f8922e86717,train,52a458374891e5611f78e72ee4a44cd51b61335364df4ef8440edf4b9c31cf81
73684fd8-e43d-4777-9aad-cfbbe3722c9e,train,44efa77a5eee34bccaf03c80b2b817aa7b4a2a0bed0c341e76f1d8eab3c6ed55
73771bec-5ce4-4bb5-93cc-5561b002dd27,train,7469464f2b00f989303defc069bc2c7173b40071ccb69bdfe92b91ef57a48530
7384f177-bf08-42b2-9c5b-8c0d31ae3a42,train,f93ebf6fe778a8017fdeb3f315f428d66dbb1b54a1ab24f4b0b9227856a6fb67
73890d17-db0d-4275-b879-f34369252cef,train,6b0732a03f2c573133f4db08b278739391be72cb5351f2f87fd738e2ce3668b7
73b8cd78-a29b-4a6d-90f4-a2a3770e25b6,train,7bb05bb67ac0aa4dcd82c13c4847934c1a66fa6672f5a4849734ae8ba2c62095
73c2d6fc-fba1-4543-9462-9b48d8c8baad,train,432fb51b23914f77fd9cc459a8543977cfbb2b445976dd0f9b8dbfbd85ea617e
73cb62b8-9aac-4444-9a7d-608b51908d6b,train,7dcdc1f4030aa2d1accea744e2ab673f8f33475244005ea90f179fc40fbd50e9
73ccdce9-450e-403b-9c83-7d4b329909f6,train,2334c61bb80e19b42849849e74ad910b7e5f721f7cd54a59cbbfa7d739b42065
73cfe9cb-b0ec-47d8-ad07-750d6c4832ce,train,facd4c7500e94d3db0c2e382efc3a70aa7044f1db36180f03b9235b96cf2c999
73d41b79-1464-4152-9eeb-1b71de7371dc,train,908f9521f2836c121d88c32f83a2dc3d29b14b53f9148156f8f0b1218e2bc5f4
73e9873d-67d4-417c-a5bc-629b09d52746,train,fb23019ddaf4917d8ab9a8f1e93bc7ed0a43d89ace1b609b3a1d1f06d662710b
73f0fb63-8be5-4dc8-ba4f-9d236b0f54d0,train,dcdbcb884d73d9a20aba29f83c6bfd82b067c15620d30da086c1d3f9d0769a5c
73f2fce5-680a-4053-888a-390c941edb0d,train,e5c9fe97b33526a5c6bcfd87d12b9d2e6e73fd9fa5865363a04ca64d2841050b
740bb9f8-2a20-49b6-865c-b48f91d7b78d,train,357f423822677581926ffa47679c4ddb091d8d47acdba2de5973a241678c5839
74114c73-2c39-4273-be5d-a7ef013b4ce3,train,bc689233493a74c76cf51bfdd9b82766090831f4317072ef33dfdca62fcdd534
741a7d8d-421b-4331-83ef-c67848297050,train,0eeda6e9eee5cc6239a73f072e706efaf29a800ad56f63ffc8e9e10d8be0448d
7420fb2f-c51c-4a44-b565-1b9728db3565,train,bcfb3a3fb37117ba7b7c5e2a403f93dc3805b30a7e913ef714443221b724e8f6
7426dc48-8c1a-467d-9d1b-1ba21ef03f41,train,f2d96f8e95fdaa822afcce4e25d4433d8764f678071644845208abd39ab61884
74291c43-6a1c-4a5d-baf5-ad3299eeda82,train,e174a84d5abfa8d01aa7a7d6559d7b78de46429fa0883c738ff455922f1b0708
743abc35-25fd-4fd6-a65d-6612d32e62c4,train,8dd08ef7c1d5f45af8fc157e2904128f2d00601dee97c634409d1f82402e2240
7446ac89-4ad5-400d-b0e7-aecde2e0535b,train,ac508e06cff40bf2d92673cdb3fca18c35b4e0a641e56ca30c113ffce1ec757c
7450d0e1-2f4e-4973-b09b-6139553aa0be,train,414c293b938ae79f5773f2ef503dbd186e86947cb68adbf94932be8812605e59
7456be6f-cc26-4836-9d64-43fc0efbe288,train,873e665821305fa6fba609a1acce51a09294799229b2dd3a7cb3aa7a8dacc13b
746515c1-e543-40f4-afe8-08fd51e4ed1b,train,0d8d1d03f374de0548e9e820979e0da0f5f43f4a4e39c9bb7c1eae3e7789dfd7
7468e48b-fdef-4aa6-a4d3-2a62d6c030aa,train,7597bdc1f2c311e89cd01661ab2192f406de83aa46b2bf3661d5ac71a20317df
746f1f22-2801-467c-ba9b-08724c5bf347,train,68480ec60e663b51dc6e3f7ad3989046cc29708be70d0c49070e709a86070a3f
74839ed4-26da-429c-8bec-b8fa536ec268,train,48363a347c9a0f20dfd8b96ae99b5ef446b185d599ae630619a5ff147af8db53
74967963-90a7-4dbf-8184-5b1d8649ea45,train,300d865f5a6fd0def47c35790a70cd529102842336403d3766ad428b28f45a78
749b4639-8c9f-4e74-ab62-c4799b1eb2a5,train,190c102132ef7277964c7517e7f228c73cf477ebbbf811f2613d2ad73bcca8fe
74a1b532-6f34-4a0d-94f8-604c73457bb8,train,942f8b5249f8df2f2d88ac3fc17d8f0310c2f55b0ab36f0d25acadcaabc8b353
74ad112f-111a-4101-bc72-78a0720f69e9,train,1082e16334f2c72ca2be70d788ae9618dcb4d9c9feb9aa6e8d6022840eaacacb
74b6248c-b517-4820-a327-b57ae8637709,train,272f500e0e72ecf596e3a76548d3144551b2f3259f234761012c0f7845f83313
74d98ab4-80b2-4a2e-88cf-7d689cb5481e,train,9a5ee2f05ee02874b3bb915712de56079b94f082911cd7313903f250923e88b7
74ea5096-6135-46fa-a747-dbdb28b51273,train,97ade12d3c992daa7e580d85b67fea3330b21ead950617b86141ffab0ab10ba5
75040465-c955-43fb-9005-108e771ed88d,train,fc98b591b8c8ffd0f869e2aaa78342b62aa9b02844c3043dd5c05c4368ca1a67
7509476b-de8d-4c2e-8bda-ee0f57520d32,train,e25cfe12bccb9a87a36592a72a7d2face2301380b7f376de5ef2beb63036c397
753e0a32-baef-429e-a8af-599c71957a85,train,dd1bc7150174757ec4b6de3742694aaa6fa18ac74dd7f597383b8a0c2371fdd6
756f3137-29fc-4268-b003-40e61e22f07d,train,762f357777c2d7d4edc5e6e5b69cecf9b87d422016eb44dff672b7997ea86a72
75752a5b-aaa3-4927-85f7-06dd0b7c1108,train,b97d39b8f1bbc59be08c72120633f2747957ff85ec45560726166a325b2b2b66
7579179e-0b47-411d-b879-0c650c31c214,train,0651266876ebf74f0b91e2b63994eefd76bfb4e36181b9e4f577ebea14cb686a
757aa8a3-8141-4190-8778-bfc8b137fab0,train,9ee6e49416a3b76f32a600c4d5b57499e232b1bd58b15c9032cbc13340f2955c
758c9e40-dbc4-4e68-9a12-13abf6255d5c,train,66fa675bc0c2cab753f1e4eaf9d474087152a6e0c8c3843dd597e5dfde186cd9
75a2fcef-5a3b-4ab1-9af9-91f25f142d5f,train,c9d68a4d0526ddccad2edc6e8afa6b6aa5fc753d138333848ec51730b5567cb4
75ab3fed-cb3c-4498-b779-5f5e1a91f8e9,train,f3ec41c32e4d2e557d6f8e3ca070ecbbb26f440a90cc20560cd1c283e42ea278
75ac738c-f928-41ae-b21d-c432fb7b51ef,train,b76eab7fdee3b5603086d933d3b0c5b072877016580c73c4a13ddd987aad38c4
75b108c8-6c04-42fc-8182-b7922d219639,train,ea5365de1bf3ce576e522aeadf70e82a8208d8b021b8714c6b768428e30d725f
75ca7fee-3359-4c68-8d18-ede704e8aab3,train,2a8a12458c059a111221fb8ff2720e4b2c4749a1ffb60edd51b7fd474d22d29c
75cff92b-1be7-4cba-9583-3525217f0e61,train,19dfb2da68515eb26647449818a90a9e3d63958e49a4bc43368e63fe14c2ad47
75d1e06e-8e36-492b-b371-1fc271a4f96c,train,522da89ef197f608b602d1196518bda1556134347a59ac594f7b672d8b929eec
76214f82-255b-4f26-9298-fec958a4bd96,train,02c29715858ce04b31cb152afa415f3ed7be45eca13c0b84cfbe01b8a68879d6
7631b04d-c534-41cc-b10b-04ff9ee12e21,train,c653496efabb700aff078010a1f1a6227b203fc23690b6342703bfa86cd104ec
7650a06d-4b4b-4a79-925c-55f07c73045b,train,449d47567032a5407604b9cf130dd3af4884e6b22a04bed7955f148f6ceadda9
7686c46b-36c7-4ae9-b548-81d01cabb157,train,62103fc164ef227d753dfbfdc6acf8251acae46d6723f8f1b213638b254a0614
76875589-78d7-4450-a1ba-8003ea2b6eb3,train,f42f27d56b83c129c4e1ef92ce51e4c1ca2c951086ea31a2e0f0cb2eac0d7b88
769da2ba-58a0-4a88-98cf-b0b8a74f73d4,train,16504dc7d385f51bf88f53a8cea83cc851c741a6b4ef43a83aa2f5dda6b59918
76acd290-79e5-48af-9d30-713aaa795f83,train,5737af9fd986fb80fbd4a15e0d0dd99e09b7b0ef934419eede566b23a06ccc46
76b2df9f-6c60-4e70-8a06-07eedb4809b5,train,99bad3731b314e612a7d69327097a6ea47db7b68fe559f0a5f2e80b7c5283f01
76c12ae0-9528-4dea-9f11-d21dba9c3a2b,train,c9be5af9e2df0185c8569b9b659f519f15ed7df3d28f529ea7d8148bbccabe59
770ff954-4eb7-4baa-82de-cd043c1b2e8a,train,75ec4717640777fb613792a6288f2627f38377f51f7aa91133aacf53a6f10669
77104f7d-7390-424a-bec9-bef83aeebc27,train,1a4d6cba8cba7a6f582d45887e14911ca301af647b0b78baad35d636d00b711d
7711eee6-8854-4e6d-b18a-3b08b0abe6a3,train,45960ceb1a9ecf6ee85d3e9cb0156b26a2a2e4fd6f36402f8fb451ad21205e3c
77136eff-4ef9-4e4e-a905-43bb718ca16e,train,78288c86ad02d3af30b8ee070896ab18d2a5d43405cfee53bfacfed45bd9dd90
7717594c-4489-4acc-bfa6-ea6d9582de04,train,34b5d265d5dd6832ea90c47e63c7a19896f9437bbf151cef62c6171e06b7d792
771792fd-0c9d-47aa-b87a-b652a7808074,train,2e404964e48729085c19a1247a50e849a7259855fdfdd467ee3a152f3b161fa3
771dbc30-3ecf-4422-a51c-76ac169ec25d,train,4792e058eb1f5100c10829ad03c7cccc225322b91c88077b3e7ce22572e47d85
7730e51a-82f9-4f67-a43e-16712b5cc87b,train,29da1c5af65191299421440fcc5f8f8f06efb866d946b684c078f5ac61647da4
773a3521-4ec8-4cdd-9509-3caf9402d546,train,c1b52d1ca0cb50f77506cda87241888b46d4a403afddeee2e00f4cc9356cfbd5
774a6e4a-86c9-4f07-95a9-0f3d1309ccb1,train,aadb03f79f74ec4a8cdf184d5407b28315b5ecb433f8031ac6595834e82fcf32
774ba8db-54fd-42fd-bcae-2d9decd62aeb,train,aad59ac19bab3aeec342ccbceb9b5a3ff48e2e57d4db9a1b1c272d0e0f22c6bf
775502cf-666a-4b5f-b992-2c298f99e985,train,6962642a3dd9d20263bb4fd3c6e1b99aa5bbaa5ef8c1225ebf33dd64664cd5b9
7762c423-d0d3-4217-8c91-242ad7c0552c,train,e227797669fb484db022f7fcf63d0c803c4dbd890c77a49c0d29cf8b5ae2e4cc
776d893a-51a2-47a0-96c5-ce825457516c,train,a163d9678c0f3a0b2901a691d104a3612ce4b166325125f86fefe6a6db23ae8a
77844a24-8e67-4493-934d-571a6f906642,train,f267370e21f3660c776dffd56c495261384d8851f36b989d42b3edaacd7beb99
77865b64-516f-4f90-a3a0-d0715b104533,train,067fc72837c813637129e83f445f698da5a14116dc7b2f1bb039731d5db13d77
779b6902-035b-4f0f-9450-cdaee8d4ae3a,train,39908df99e21ddf3bc1696a1f952bc8c23ba24127e67c0607fb47292150a518c
77a5f3d6-c614-415e-835a-e17decb4ffbf,train,0601b17815e7d688737dae78b19ced874fb44b91b6bac37c3eb0bb08ea0d4492
77a6e103-7d3e-45ed-b841-3bf7f603957b,train,576fa1ec39d071b4deb47a15ac62923ad3bbabfa9494f761a65575f2e48c5800
77a802f2-5ee4-4cd6-a89c-3936c864be9c,train,68150cd3e173f29a2cd87f8f31e5299504bbe4fb8c38ce4b4be51a347bb994f1
77bf578d-831f-4e6a-800a-6d7edafd6adc,train,9135e9de44d7509b3755386b763234899632511e5d44cee637c5462b3a965c4b
77c1daa7-edce-446c-9e2a-9e833aeebf25,train,22b5f81346dac9e14fece8485aebd11eacbc376d1d70c371d2425db55e3274f7
77d8ba87-003d-4700-8ef6-19728b495bfa,train,f67bb1867a1326732a552732962c3a5a96ebb21065e565b49b007daff24d91c1
77eaac9c-21f2-4fe8-885d-9b5284205b01,train,652d5f7e36d1927d96d3d7c2ea047e271c114a0a956ec624b9f5d0ceeae8bab8
77ee0740-9dc3-4733-96cd-c8576eb5bf2c,train,d643c37f535c11e571da9f9f0a76af66d5637494b732414563e048794f584bf2
77f73ff3-e529-46e2-8719-c120efc1f482,train,2ec431c8bb72541a41b6ab709be0034585d5623c524dc12d05f0639648e6be16
77f83287-6f7c-4821-94e3-525d530134c9,train,83372b7c8a8494bebf15a8b5a7661104f94d64d5959249e588c4a60eaa691e1b
77fa885c-2a7b-425e-9809-546c8c67bc04,train,24caaaecba65edf8fec68e8961d03ff033eb70b5c540386d971d298a28738cfe
7807e614-b1cc-4818-82f4-9af18b658d24,train,2ccaffb9c824ff0650a8b17cc1e47c9321647098046a5201991118f4fa0a146b
78085f30-da80-4205-9c43-ba348497a4cc,train,70c2f5b3e68fdee65c11d778ee5d5c17d60e2c709659402e164a981e34258606
7809a38f-8de8-40fb-bc1f-2db63b495607,train,e2a2e4e2ec51024843fcd539fef32b5180697267a9a6c42a567a8f88823bf0be
78115292-d250-4d6a-ae6f-b3510848eb77,train,da93d6af16c24a12903cd9dd01fd00a7b34bc9b5383a261ada4716d24c604f0c
78139f3b-1117-4a54-8e5c-bac14fc50c79,train,578d792949325745d46f0e6f86d236b56a2ee1f44c85495b33082fef84a8889a
7816fcf5-65fb-4a61-b6a3-53c592c73312,train,95efe7e6f94ecdaaa2b7bb362ff35f9ead1560b97c00ba0e7ecbaca53ba296da
7817d2e2-b809-4500-9880-9e6e10336ce4,train,0b1544efa2ef9753b3eb84aa2377593d0bba806de94f09f708384355ef52a757
78350de8-2ea9-4f1d-b081-2ffc03c437fb,train,32ad1bd4793379c173b689e812f07941cbc0ad09c96781b5f70cc7e1a61c32fd
7860a8c4-f5aa-4e6c-9b5b-f33b69606c80,train,2ef79aaf62d7ea0dcd976389c2ed43fd99692229dc7079e9aabb0bbfae1078dc
786499cf-f58a-4968-9037-dff3ac2eaeed,train,1e755f8d7d7b71087609de3418572295b6ade9bda63d3d319ee855ba6a3aa518
78703d04-b6cb-4f6a-ac7f-d26fcd12511c,train,bb1da11341849e6769dfadd5c35623604a19dc097e6b8302aaab191f2d2c7eb8
7882c376-f518-417a-8379-c3b345db65de,train,f5f22ae17f0f4add5d708861b7f90287abf667f31b758863c30857b4be7ae07f
78854d0a-0cdf-4766-8918-2adf64bec32b,train,259c61493799ab490b3bb6cbcc5732d5085d29ec1636a86663234fc62ad3fc1a
7891b5f5-a133-4bd3-9187-de1bedf4941d,train,9b1ea88c175d0f68cfbac3bf8b282a2ded84abf64e61e52ee168f7722c81cd3d
789c6ced-fe19-470a-ae03-354f793f1f5c,train,9f6de75567fb8f26d61cea944caedf3c689b383e2b3001b298a4024675c1f072
78a8eb92-6293-4eb4-ac99-c9e7ae8921ce,train,67b7e57b6f63d730e6d70354f330a3b54f7640778a7163bc1a64dac7cbd2e3ed
78aa4df5-1c03-4616-9b6c-0f29232ba83b,train,72055cd98aef1f54133879eb488b827e76313f272c79919eff7ad6aba7b238d0
78adcb3c-a166-4ff0-925d-87faf7cf1f35,train,d8dc610626fe9ee6f12220925272f57e860b109b139df0c71a3564463abd621d
78ba2bdf-d560-42ba-9690-8c39cd307a77,train,0a9046a8b6eb7737522998289b88a6df11c220652650c54cc5f026bd14b09898
78c23dfb-b5e8-4a68-b204-84a0c041eeec,train,614f2496e313d1c99a9fbd160c24e250394d11d4edbb26f92a9356755d1be189
78d15098-13ca-462a-8212-f90e5a1472e4,train,e181ebe1bc9e7a1a6568531c13527dfac94c165c227e5779eac97321f84d3b59
78e05270-c345-4bd9-b049-0b07eeea9a60,train,c6a84cf1400d3dd7d90e5a03a951c615b34463b6b1fddc956a6f7b66164e6f7a
78e981e6-292d-4d86-9d44-12ae0acb26f8,train,0a104890212b1044ac443dbdbaf044a70b06415e8df95d3a6e402339848f9912
78eb97d4-35d0-47e7-a3a0-35e5abebf7d7,train,c5390ad605b0673996687e8312daaa873f24027170ca26e9858ae63a18448948
78f07043-1369-4175-8280-7659c17d018b,train,38d17a0b45bbddf017cc9fd83556e8f64b2f9a20c6fde94b8d9f94a9db6c8cbe
78f344f6-2444-42fa-9120-a166cf741eda,train,d8fe2f15208786b9260db22e175b3185998ed3d1ae17140f70961c3941f35ada
78fdc906-62b9-4864-8b23-662090629d76,train,9e3716b4ea5a65972147bded9ad5c68c51e75fe2cce7d8db11e8593d4ccbfc8b
7915fd8c-92a5-409d-9b9c-21d440fd0f5c,train,ea049c6e7585a4b71380b2059ad856547c8ac50cc9ad58b3936b717048ce1d12
79178480-7f97-4ff2-b959-ecff9cadf875,train,ff69ff0c842b9ced94d59f49c7ae76b0f2d9d78ba609bfe065ff9dc07ebb4aa7
7921bb5d-33d7-41f1-963b-1390b056e73d,train,b84e4ff74f878c98705ffcec53c4372033320371e1a73836b78d24f1e526d3da
79411cb8-5c8b-4f01-8192-cdaac6ea5e9a,train,690b7643e98bf8e60c8993522c1465bed0957f4c6880362af04f0638ebb8d57c
79421703-f4c9-456e-9ccf-d9b3645a96d7,train,5d79ac5598e20560c92d4f3cb0d053473aa71191c89b399f4eb1e033a68a5d14
795a58e4-43a5-4986-b02c-1b25423359d6,train,539be273c15220ae4ba3136dcdb5cc7c702e6f23deff3f625f3ad1c6cde4db31
7961d54e-3045-400b-b5a4-32c93a1563d2,train,8e438526aa6fcefa577b6c8db5c53f198bf185fe31647d4ccd3868d0c8db26af
7969c2d3-7b6e-4a90-9fe2-a1e2ecd95432,train,1d26faa1b533fba45b16f7d337e6ff767c4a44d83b4b0f16dd204a21592f6927
79a17f2f-a3cb-497c-995f-6fe40b0af447,train,631abb2dfb84f4388da34bf6b4cbaeb3df4970dc18e7e0de9469f278e815f1fd
79ab658b-1af8-44e9-9e04-24e78fca1071,train,08fe26e2b1f24e62151b1f57ca57705b77b1bdba33102857a11cb9ee231ef9ee
79af2291-2f64-4b8d-a889-e36a38b4bf0b,train,92ec880d1f85bc2b61268fefc7648ce2b4d94da367371d0a89eb582f79385999
79b2f365-c774-423a-befd-770ca181bad3,train,d07072e6554f69f0d2cccfad140952f1998530ba019b6c8682fdebc6d283acbb
79c1b3cb-82f6-4ad9-8b41-cbe678a06ea0,train,ac4f0452bfa02c622b989ab32c2406b137f92fb4387cb0b14796a61e456fe5de
79e2a51d-a779-4f60-a22b-32c8112fcd36,train,58be823fe86f60f73ff382a9a466f98b9c3cc1858dee975ad0bc550837726478
79e31398-f477-4955-8fc7-f654b6817af8,train,3c0b1ecdeadd9ad5c44b30ca1ec5d555ec5bbe61807409764af5d85e77de59c8
79f3f7ad-a292-418c-9f4f-1db0e6305f93,train,fb613b9e9d01e83da768e51ab931fdb6993e2489c013fcbdb03ea6ac282de79d
79f8c96d-9d2d-443b-96fb-2d9fa3aea3a5,train,56e5b615eb40121cd540fb452f54c959fc8f54b23680289ed8bc23589ea1c6cc
7a00047b-5cad-4082-9c64-a3b33d370d9f,train,e152e1e8550f7e334ea3e3e009389f4e910e5ceff7869ac36742bb9a31f18d60
7a2629e0-b647-4c3d-a573-72fa3f255e68,train,fc90a6c6420c030581b1e3c5b11db4cb023a10434d82e6ee151bfa218f871777
7a2cc13e-60af-4218-b89f-8a0414d7fc66,train,d99c060cd0988314df01fbde1083fd8329101cbc9487cf1d24d82da067c6736d
7a371e27-d37a-40f2-92e7-f92ce838f060,train,44857f1fc4457edc2b3b802a82d8462d1c0dfef28329abd9df72911caa658710
7a38ece8-797b-459e-8952-72300e266723,train,52aa88e5e0c89b4242be3a341b58d48fc11576f76b61f722a471b63efdd78de1
7a50735a-5931-4bc8-8fa3-049a3a1cc3b7,train,939de071fa84edb4351fff889a1dfe1f734674401894a3eca22f4570f11dd567
7a59090b-fedc-4bd7-90ec-6b5212aa43f5,train,3cba2e7e3e84a76ab4b85481a31cfba9afa1279a4a6dc9eeeb9e77ce742d111d
7a5c5ebd-13c4-481b-bb37-927d30be4137,train,cca9e68bde82fb1ae19d18b384071a922d66d88e5587100e99a64ba2b1d5e442
7a6390c3-6a4e-4d1b-9fc6-62930665b289,train,e854c6febea51c6a9f908ae5a7d113cf8212f3c2419a57cfad6157e9d5f7f869
7a6e4ea2-b67d-47da-ad3b-7db8027306a3,train,98f8d0a2acdeae03db802eb77aeccb4315c8d5ecdf35681b397a56cb29ef5588
7a783470-cbfa-438a-b390-11a479178286,train,60fe10884381d32c2393ec0c8efbae21963422e35e3d18e9f675ce5fb12fb712
7a984582-61fb-433e-980f-97085f2f1fdc,train,dca7d4517d48db9aad493e097e27f16a26dfb80f46bdcc7916508db63ba10502
7a990296-977d-418d-8c21-c1e7e2fc846d,train,2fba69649986626780e749f582554a24eedf103d9ee888f76202af6bc75512b4
7ab163e2-2a5c-4c97-9df6-e54096f4920d,train,77011e156bbf73a175d8b0c4db27351f3d57cf1423e71f950449f996c34eb76d
7abb18cb-645e-4602-95dc-484bd9a4bf91,train,86d804ba77cdbe827e7c21f45d015b3b8952bb193f4448bd80e989c22e0115ee
7accfe1e-a715-4686-8f64-221b4f91156b,train,8d2a5c29642c9e9a6d265fc02febfe93835112c6ac390d0936912beea2f5d4b5
7ad0aebd-a7e7-4183-b967-c17c16ebfebe,train,1c5cae4f0f9863a3b95ba1465c04ee7899b2d689c4c9733362d02935710b4b25
7ae62456-e008-40a8-aafd-4322c9875a41,train,00646b4c2c15844f7d2d0465f36a7cfe5981fac0fb4245b78e7ce7ab607e1cdd
7ae72646-70bc-4191-834f-e82a28228a3b,train,319b76e692fa94102f6a8dc75b1fce58156a8aae9cf475839078189b195e37af
7ae9aa0e-a694-494d-b5a2-dd4ac1dd773f,train,12d634f9d9e5ef601634a3ffab035903de1ffddaaab023ad66f0e6038f2b1348
7aeba75b-2733-4366-ac5a-3eeb76884c82,train,6cd32692f4676bd6acab941fb3bf644442f8005c015d917267ecd152e8dfc4ed
7b0a0471-1fb7-460b-b334-5d64d1275245,train,bdd87dbbc009121ad600814ecad1aea73426885d4f983fe95ab694a72f19187f
7b0d5101-88e5-4e04-ab21-327ba5931ff9,train,bc7cbb021d23da459e28b3457d2181af063afda4e1d3c1f388932c633540ab7e
7b103819-3ea1-463a-a42d-1bd2fe5439e4,train,9d21c82111dcc6926939852e26ace8a6fa111c8219b39c075564935c12ade633
7b137c48-c647-46c4-a09c-702fd52c84fb,train,58e8bce83a994be1f76006afcb788bd1851a98dcd9a017e28d7e00ec5546e5a7
7b1c3a55-577f-4703-b659-91fd8c5bbcbd,train,d5c4aec2cdb09e257576082fc00c8a8a89579265ad78039a54228dfda1cb720d
7b31da89-243e-468e-b263-4600670afc2f,train,cb1fa97cbbd13157e122dc471a6d76155b4e86388269114c0a3ebd4bf86eada8
7b354a31-675b-4690-a6a9-35bed6e83b33,train,4712db237a68aadaeec2d29aec989860f7a6d22aec44ccd61ad8d894393a7319
7b3b460e-f7d3-4cfe-8903-f800599d2e98,train,b1fdf79bb376ba14aae92c2425f4984859061bd6a8abb3ba1d15770b0e204c32
7b435329-2e70-4292-9bbd-995a3802430f,train,b0239349efbb873fa0b908ced4106a3396caf4f77a1ff68a1f2e304354109f68
7b506080-002d-4d6e-8a8d-44ef090bdb43,train,f2414dd9329a56fa5b85f86b0030a4f7d121063bb4517117c89f2b9cbb337e30
7b6a16e8-00d3-484e-96cf-8c01003ddb40,train,daf7671e5881444fb69215b33c107b1041e8339c0cc6b54383798ab00be6159a
7b713d49-7564-4885-b41f-3049b5e9f0e8,train,39d63896a45f95c3547dfbaade195967259a788365cd8a7f1b915a7b17932fe0
7b7ed351-ed17-47b3-97a8-770b10648aa3,train,9b080b2845a470ed23fd72965f13c9579e202f2df207e178bac870cc3464f7e1
7b8040ca-5c39-4005-a2a4-457fcbd37b57,train,3701591c0fc5b92f45be8205a49fcf2678a1ba7b5d073cedff6079b0fa34d4fa
7b90a612-9819-49f4-800e-42010c1a527f,train,f058aca304f2d84c587c13fa8ce7ecf4e8fb39ba0383ebc3909752b34336320f
7b95210c-a9c8-44bc-934b-beeabde21c53,train,f5d596ad8f06983a0ba2bf29e64d7cf095d6c1d8edae96c1c79d5bfc20df7d30
7b96a8d4-3606-4df0-a11b-b785c4811ec0,train,801d71b47ae112ca7b009f8900dee11b87563ede27ae86a762cab0bc1e713ff8
7bc73395-f0ca-46c0-a807-a2f5d9288ee4,train,b1e0b6006546316ac867c01be1eb949ae7594c46c053cf3233be369c4c79f681
7bcc4aba-b1d8-477f-b410-15330f78c622,train,a3c4bb1ffcac168a7cfb5da241daa03e0cdc38eb2be23bae7b75bc97f25ea518
7bcec88f-a858-4bd0-b8a5-f7590e5c5a09,train,e0786942328deb5703e51de04022a6effff4613b614ab88008f12b56f9c24c5a
7bd1111c-b6bb-423d-acb2-f132c83e2617,train,48a1d16fcc77ce8bdd9fe0f2bfe4a6a2c19c56e0ee280fcc3524c81000926e76
7bd4eb96-7f30-40be-8dde-4c64d7058167,train,3f9b2d9ccaa7a2b02e4f8ea6055bfa03d932e072906d2ea3e00829f34a73f762
7bdae549-69b7-4644-8e95-1403f9ac3dc1,train,0768c63dff8912b332442a4612beb34a4ba2c280537aab9b648f20f7bfa2d5b1
7bfa4854-f9ad-4015-90ad-83e9a89ddd7d,train,35de891be36fd183299d1ed5584da024345ad87a4ed2d24bfe099dd824706ac7
7c076a3e-f0a0-4f98-9400-2b66241a5ba4,train,2cfb464a22f4efbd434050d3b9490349142af0b7259f4039538fb5dc3076d9ef
7c13861b-b7a0-423a-ab7d-622245383015,train,b109c4f02ffea95d991f4e996ea3cfa55452759322b77bcadcd6368f6506d168
7c198860-20eb-4f74-9e33-9add5056b4d0,train,9af9be00681e1c27bc7c0534b7d3d5f8a827b351ba8ec5e0044251a2f7f65c27
7c210df6-2a6a-4148-9fc5-ff3cf0a9bc13,train,4e7dde42f066a1b97f0159f3291621944567a65ed7673ee0bb94780da7a418b0
7c289eff-64fb-422d-848e-7acad3c717ec,train,3d6dc447ba8542654499510f806002932734a5baf161766ec814aa7c33b91483
7c2d3d6f-aa96-4d1a-a020-20db470e8f6f,train,b83bf10878bcf5310638eb46eece1d202e209661dcdfeb6c298a2a493e35d9f6
7c337edb-8f7e-4db0-8e0c-abbe94a61e8b,train,dd03eafaa87c10bda641b5d04da2983add1a54f66e209adee3943d4b8456073d
7c340ac6-6f91-4526-a0f0-692c9312a3e4,train,3fcb2166defc139f94fd7c20f155c9ecf51b41d5631dd09a9c60b8bbfbe37aec
7c5c9319-e18c-4b5e-b5e9-59787231b4a0,train,f838e7bfc7bbd9b3670f5e3d9a500b1376546e0fcabcdc980de1297cc5b841eb
7c61f6a2-8f5b-4b2b-a9a2-131fc9d38ac3,train,f68e007b1ef591582f8bafbb6b88ab84c011a23d1f7bc3f06fd6306d9a98f2b3
7c671d78-c2a9-408a-b817-38f38bc0586a,train,6d66db619049b62f4e4d7728b17e921978d61b19de70b5915a490ff8d4d17db1
7ca5c0d0-96d4-4e54-8376-54911e7f78d0,train,05544bc6ca80e680d4e2a3d6c3d18cda67fb7ec7d5f817bad98be5de5d6b1890
7ca6f282-8bbf-4c41-a399-10290d13458b,train,2e92b5a90aa5c394e5cd39bb071f7a07d0918df0216a09a712519813be976706
7caf5e22-e3c8-4ebc-a4c2-4b898b4670a2,train,cb53d7ea1fe04f05aa77f8e145773d44e4f8c6cdb064586ff9ac78c59f231f89
7cb751bc-f458-4d09-866b-8b94d7726530,train,7bef7fb6eaa8bffb1be97b1e57d000aa4b9efd3c801ac3f31516cb96af324962
7cbd23c7-2a84-4e7c-b472-2b69c4653b35,train,801c03ada96b30e2745596c33036fcb4a4367597faa19d3028270b070d47a745
7cc7d7d5-0a19-4c41-808a-6d22b2e3a6b8,train,2e2a13630202e7d18f2a78421d05036a654f059f432ba0769e6f8384a02a45e8
7ccafcd7-eece-4e08-847f-8bb9d3ec77cd,train,1822ccbb3e2996ec560f9cc40c1678174450394e1996cbf1279d00f62000cf41
7ccca46b-0eff-43a0-ab78-8bbbe7edbb97,train,adfd2ee89eb8f2652a713696fa4986cf3eb705fc2cb9e2691e6bace51c4727e4
7ceb7842-7ada-4024-bc13-5528421fd742,train,ef59974075a4a7e99145f0d082ff383ef0025ec3b75a30be61aa50e9c92b9d82
7cef03eb-9e5e-4665-9f2a-560309fff0fa,train,b4cee0cab87a28e9417aa75158b6028b8d401c41f8141dde91dfed697c313017
7d13ff26-ab17-4f76-8573-ceedef1f5c39,train,ca00a78076dcb5cd03ee8d01c555b0df2851088f9f32f0f3473b6340e48d1dc3
7d15688a-407a-47f2-aa89-0af20d2d3bd3,train,0c532a15f6208af6c2c997f35a11c221cb42a2b36a52cef6410ffd3c67dcc1fc
7d359d9f-018d-4bff-9180-1faedb21d0c2,train,020a5ec817e7578b16013a2cc11fb392653f95646ae98aaa8397c31c38e34a1e
7d48d56e-79d2-418e-882e-1dd4cc909dc8,train,72469cf56fb7aaa98f6869941384b4940f8e0539a1375818d309b2052261818d
7d53fb4f-96a0-4cd8-afc0-e3b4f2d1e6e2,train,03ce1cd3675e11905ef773079b9f1d200e70ca627ed6ab704059f5bebe61f76b
7d5ad416-7aaf-47ff-8fb0-f40c92b7f288,train,0633f995c30ad139546d91e333a67c341197c88189554a36b55b85b8dc9d0cd8
7d73d7a8-1dad-467d-a580-da09d4713a69,train,ab1994059b7eee33f471fe470a7ae6ba5bd8f09d97e0bf7219ae88fa7760a311
7d793136-4277-447c-8483-20fcc77ca666,train,05f22f68e77c4a185c694670dbcc6eb1670844a459d501e52662fc1002e528ef
7d7a9b60-068c-494e-9061-99e612d235b7,train,8dda73fbb2328f2a5bde3329d79db9d772eef26a5dc383ad442ae647ec956fe4
7d8103d9-e3bb-4db1-9bd0-a2cb94f25ad8,train,d9cdf10205b82127852949a30893946347d344835d2dfc9243ba8a5877644912
7d8382c6-e917-4cc4-b2dc-34ec900a9557,train,c85db79389fbd5d940e071eec8c58b5ec38b48e3e70850e5e1c98aa0c1ae2392
7d889c2a-4357-467c-86e4-96ec6d8ee91e,train,93acb56c63155968c0fe6b902c8e9695edc71b4d3bb97d620b4750d08489c2aa
7d8ab51e-24dd-40bf-b2d9-d664d0b1aa0f,train,7128fdcbcfac5d09ef1cc24452e975c9f612008afb2e7d138f11c17e559c50e8
7d8efedf-6cc8-45b6-88e2-e0fe30fddfb0,train,947ac07d6f8f5a21e875ac2f8e90554eed3de6bbe808a2aa54da3c0f2bd4df7e
7d98df4a-19ea-4c40-994c-f3fb6206dd0d,train,f5b14c00ffd03eefab8cd35d37058d8f1b509a864e90f0902893cf23253b703f
7d9f5f42-20ee-44b9-b70e-30b176bc10b3,train,12a470ca54bd2653b44e7767b9bb5fcf7c67fe5697a8d4a04b08c4def54c50d5
7da489b4-0adf-4a36-8426-65205c2dd620,train,ccd045d37dd0cad02465c39feee89369531cf75afc5e7939d8505c551f949214
7da56251-f2da-4bfa-8ccc-f0e6db91ee48,train,b8f4f2b2aa45c6c7b872644fb2cd0505b78235a3448ec8224a57363275bfe4e7
7da58e5d-3f92-4439-85ac-79bb8aac5488,train,49e8cfab76600d00d597d0aef220409aba35f8ec966e9f9fb802aa9a22817627
7da86ed2-6817-410d-9d8b-2c2b19eaaf03,train,59905caba4222bd6c91ce61c1786911c92e2a7baaf6f9a29791bb5ca9075c01a
7dad494d-dee8-42f6-b694-1b981f31b169,train,ee99d6d4cec2215e7cb53cd2701d167891351758c48d44b6111aa432bb98fa0a
7db2c4a6-d3c2-4aaa-94b1-41a9738d9d0a,train,ce6c234a5f48c1c537bf32a898a6d7577e417516bed7cc1b671293e180c50ade
7dca3149-a5a2-498e-8388-bc009a1b14af,train,a60fc86769c969988202b40e00796197898b531ed4a9da257271dc097da13a71
7dcb58ab-88c1-43f7-a3bb-4817730eb307,train,89f8a37159d8e4ce5ee1ef60d07629d8e2b7e166d782d7e563ba66ebfca24e23
7dcbd152-0419-456a-8f41-0baaeeed82ef,train,a474197c6a2cc44a61e8e1b760a6695d98a19f59811c0a550754d78b3f1959cc
7ddcf9e6-da61-4763-b77d-5659c7a03e14,train,d94b88bffe12c913644fbcd339c8de32d53cdff42e4f53440de32669bc15b1e7
7de69faf-7cac-4caf-8dd7-f397e4e5de13,train,c180a1ae7376507abd2619859e84e6129a7d419ddff2dbb7faba0ac14ccf2763
7df1725d-0b7b-45a0-adc2-c2d1ef03dbb8,train,973830b34645344583995db6559d9cb887f2de141d2243a22c9ef7c57b1a5f59
7df3994b-6298-4be0-8eb4-01d00f3c96af,train,c5cd749b0c24a989198b3b2e2573aad4abc9b3928e126d7bbfc44fc08ff12bab
7df51195-6d98-45ef-b818-db85dbc5604c,train,b103ee5e99c0f8b74056426d41a4e05736f9c7f675991937bf40ae1f395abcca
7df771d5-79a3-474d-94d6-32dbc032b332,train,89b3687d9efdefab89ee937b6d64f99f802facb6b3d18a385e0804d0c465df13
7e0d3cda-5678-49af-81fb-3e7e5e7ba15b,train,392c5f7cca382933ca7a77742f41f2d711c9822d2128c00ee78f908fc430fed7
7e20fd64-145c-4225-b213-4a9f77159f9e,train,66cbbef7b433492c78ed86267756ae30d6b932533bd47b31e3dc84a9c67fa398
7e280d7f-36cc-43d5-8520-6a854bdbc13e,train,b3cf63fa64f17413c2ea3097557b17a776ece97fa17185cca9da8ef0105fa080
7e46d355-80ab-4705-b4b7-811a85af13f5,train,bb3a9655389488156a0aea0d8eeacbc9f016954d0fddc5583e48bb9f9fbe55eb
7e4a4435-e5ed-41b3-bed8-ac391a57d27d,train,71a67c878a0aa28926633889e59ef7f837c6857c41a96226cc5fa9ef1ff159b2
7e5bfd73-add5-4aa7-aa69-563881abe9ab,train,8b14abf26a4b5aaefd088cb7f6ec60c553221ed2103ea389467c72d6acc105b5
7e5e9b96-7468-4135-91fa-f2fcd22d7473,train,bdcd1155029f3fba45cc93d45f77cf16a8aad202b10a11e197dd3c7062ceec05
7e6282cf-a3d0-45bb-ae3f-89b68528958e,train,8f4b4e5ea7afc406e1a68936c7fcf8bad6bae157ffd5c85fa47e052e9215a9f5
7e70c3a4-93ab-4a85-a2b8-26397b469111,train,7e32d3f1fa766e14a649f7720a75b59dad977d4bd074f5e80f6cb9500c651ca2
7e75681b-c24d-4718-8e5b-9b90fae6a0e6,train,decda42c6ddbebda28642d2239d559bece6819b9c280d2b16279c1f5963301ce
7e809711-d5c3-4d4c-a5e6-1d05c2af67de,train,840d3051f9e4f150f15c2357f3da2f2e97e5e40dc19b4814fe3677bfbb95a8bf
7e8f6f44-5730-4b28-ab74-55b4b1d792bd,train,a7514ace8e269cf5eed42152a3b2f081cdcff996ad33139f5b89a8aa9176ebf2
7e91796c-fe20-48f4-aae7-b2d1f3fa64d7,train,79bf4e920b2f1a63c2a39b3fdcd6d4910c396d9cd7947fe33a7956202f3b247a
7e94b7f9-eb28-4051-9d4c-5c91505285d9,train,b2fcc5565f840a1247188aff1bdaa19b9452b01520f98dce2ec7155a961c79d1
7eae4ed6-9887-4b53-902a-1388f69b702e,train,57721935fbe5b875e6dbaed8e12f01953b0fd95ca86e5bbc57e74eec6321e4b1
7eb694d7-a8bc-478a-a688-855cd93e2db9,train,48a5cb30235739c073480f5e8f58b019541e9e328384c9a3ba21a9dc3044f193
7ec7d9bc-9a83-48d8-b610-777066804b98,train,fc128be2ea253b2c0771721154bd659dd37466745d6d55ef0955fcace71c2582
7ee892d1-66b2-4abc-8be7-ac81e7fe8bed,train,52bd6703a66dfbf89449d1028dad5f71bfa15956f126018bc8e511047c4c3f15
7efbabeb-ef80-4857-b121-b7d86c52af81,train,c5985b34111d26ed810779ebf2dd308f43b4ae2229212361326f12e568f6dfad
7efcaa15-648d-47d2-a1a1-c52c014a736f,train,b6236edc0aab22b420e100278dcf0d3385a5f5e206517a6baf1eab5c7af79348
7f00e81d-3c8a-4f01-b92e-d7b8bee92dff,train,fbad8cecb839c5f5a0e26e436b40900e93f4a7f84b0f13a07ac4e1d7a6366713
7f0154f3-ca9b-41d2-a778-ce3d2e4218d1,train,f9a41c3a63558998e1f61257fd246ef364cb34a7b1b21db2a62fb30a8c786ea8
7f0360b1-2510-4d15-be0e-97ac38535314,train,75f03be156e33334d6a036d0cd086051a3e3b04ae028942f3a89e2d960efe8b7
7f22a75f-5651-421c-a98a-67a69ad35675,train,c094291d0ac02238739df1387a915e8a7571bf4575e1c49837bb2e34b170fa73
7f278986-69b7-4461-a584-eddc03d81ef0,train,8767e53d2e9d2d7cd844599c7974e5b59e5db72e069508f4ad053ce5d632003d
7f334d9f-0cfd-4ffa-ab9b-dbf0f7e0f289,train,bf16b1812737a7cae578fbb06c313837e2b2c1bb1e185dac7d86407c9c576587
7f35b4b4-5efd-4298-9f0a-ae839211ecdf,train,bd59e75a6e2945ef323cd138f0eda202aad605fff79e8d21704874b684a83465
7f3a5b4d-b489-43dc-9d2d-1c5f91195fae,train,08420273ba3309c11449a21aa0bfb279bb9a8f31966c7ce867d665346915c501
7f3ec7b2-9b18-4244-a2bf-2e8185e82cba,train,70452ffa351144b173591bfdb0a4bcf8875b35cd66a68fb9e05f95570fe43931
7f439e2f-bf62-4a52-b6ef-b84d6c6b562b,train,b869352517f406357c8da47d3cfcc214c6d4b1fe27366413258183299d7972a1
7f46ca93-afaa-4987-93f5-efafa60f4268,train,842ffa206b5e950df42a60050747085693950ed427fb5e36360c2333e6db3b15
7f64fba9-900a-4557-abf6-da475a31adbd,train,7758a8dd855ed6800154c55fe279038e8b10d415c00ff879eacde385c368221c
7f656644-4195-4b17-bc84-87bf8d1c620a,train,86c7360cca9527bc954a0e6ef08c00c5db807e31bc6df0835957f90fea6c3563
7f66f149-8420-414d-aca9-e63eaf867d76,train,d3604b07957c34d0d7fef052ccbb7910ff725949a57e876cc68ecdf4796125c6
7f692bc5-245b-42a0-adf6-45b18c195636,train,8e939a093ae872ae029fb6e374de2f930e28d45f1a15a210609d6aa8b43ee554
7f6a803e-f860-4ed6-8a09-319e3525b7ba,train,8d26a1fcee2c26e2d082a0f70cc966b1b4b1a83ab9b984e29e026b6a427a1e54
7f7249ab-c935-4ce4-aac5-3b08bfb25dea,train,ac7d8e55efb34f2e69ba3c7f46dedf045ee02028cbea451f373b2a30628c64b9
7f9734d0-61d3-4f7a-b106-b009b1a2e919,train,31aabf523bddafd31e274bbd99529ae845f8d753f67ea04918ce044f3eb02f14
7fa25fbc-4f4a-414a-bf28-1693b7063251,train,eadb94ca879f1694f34b49d78c72c342f86c0062723ddd92f2545c0d496a640c
7fa509ca-b0b4-4560-8655-a06143e6d06d,train,5a7786420419d580de0fa262f90e68b098aac3e8b17b6b9cc179c1484e1e1743
7fa64dfe-342f-45d9-aceb-0f313faf0689,train,b3db5de3e78dc01c1260d999c143d953a43a7ffdedbfccdd5a52eee738adeec5
7fafb6fa-791e-48b3-9152-292c3fad1a02,train,a0f0c58022f1a0e98ef23debd8ad9d831ed109c6e1cf64a3714b60f446812a19
7fb9eb8b-5406-421c-a6b1-136d56f4aa02,train,11239d0d851858855e9ef43725f94119f3d658b3381450092d9f529ab6f991c3
7fd7f67a-3019-414f-90c9-af3b67d33211,train,3f1f623281bb6a3d7ca91760849ba8e9535c9f913c3e8d47e7ac7cce90388bd3
7fdb417d-ef09-4c65-95fb-460ef695543c,train,233427e2af6740705cc94db5c1921d7b0087ed1b9cf317fe2810ca75d64ee29a
7fe32405-f0d6-4c37-a023-ce44a2e5234a,train,7c72b1e229c05b76a14b3deb4e7979dc5c59bb6e12ed61bae03b2fda4cf4beda
7fe536d9-5b3d-4847-9d1e-a22e8227e4b2,train,18008cb7b12dfb6c95aac0d6b2a31afd6812e3f8deff894807cf0d9cc8ece7b1
800265b5-8a29-44c2-b8d6-02d16420e4ef,train,23809938ca35aece9d385db03d2d39d25ff895d1debbac1f95121b3c78940ae9
800a3ca0-f169-4312-bbbe-c80582a2b35e,train,56666e5dc83d1bfeb4d24c4a512d2169c6d99bbb1fb448d5512ce0ca9fd9e6df
800a3e02-58a5-41e6-a3f4-92762b25aa38,train,44ce5e0949f20740144bd3b10f503e6865613cfab1318f6ec344099ef5f8392b
80108f4f-00ab-41af-9a25-9d069f9b71e0,train,dec048301244c216a1cde1b9754efc9a519c9fd7d2dbc2b6f8fe907b5af6e63b
801193c4-2902-479c-8822-1b730a64ff61,train,33536717e2183cc0193d6f72232389aacc23ed784287ee7125b17a0281f8dce3
80120f7a-b719-4449-8e2b-2cfdb49a5dc6,train,b2f361e6560e7a011ee448f37302711715458197bb2ba96183ea1d8ead9e8350
801c827c-4a39-4da6-a1f6-312ffc483c48,train,365632c3685e71b98cefdd50d6c0890267c8e80b8914e1eea10f9a5e407e8537
8035136d-0fe7-42e4-a834-3c9916be929f,train,8a136905e35443e05f1429e8f3f4c3e4b75b43aaf6f324e9553f279fdec61e81
80366c23-7dd4-48e4-b25a-26d00bdd84bb,train,d3bca234735cb5ca0790412138cbdeb242bc7d42787670871b16eee6afa43e7b
804d4c62-99aa-4ec2-9890-b52f117f5949,train,28158d116f17fa6e525cfb5739f2f13afc0de7551a75d0c2215adbdab8fc1e2c
8055a6f7-9e6d-4e6e-9b1d-2d3ea1b25c90,train,29bb47284a9167091e504f5615af65191a3aae7b355a1bd5c91a2821af941904
80638362-bad8-4c78-89d4-d5da702e5ddf,train,a0240b5fa1a13ff255cadc0c0c05f8fdca3c8f33ad0c94c96218c8fb73f125d3
80872a67-4a12-420e-920d-d2eb593c4203,train,bcc740d091c53715cfcd6b3a3be30431683f86105bf28b5a04bfbf445dbbd465
8090a806-1939-450f-ac23-eed06b4be09a,train,bdddba741413200cea9687c3457131cd664fb3295e3bc2c74c1a13444c6215f9
809606ba-e161-4750-9ed8-57a68b8f4602,train,63fd5277b5557a05f556ed240c0a99b0d1e59a3c7ad980b1ff966823625aa8b7
809d56ba-c9f7-4e37-9313-5fe99a7d8280,train,91adddc139d65f7eeda5d5061706bf305e3f11e94148e1746885aa994850acb3
80a7f12c-9184-4188-b6c2-e91587342c5c,train,b86ddee19aa97d3273546dd27cce590271077b9f45d364a0fa992748c45b7402
80aea145-c4ce-4663-94d7-b8a031d250de,train,e466d766a78f4b6c50b96a12c2a904eabfb6c2caf129e317a30be18062161972
80bd9a4d-01aa-41c1-967e-67d520929041,train,0c47cd48f7df883599ecc1df5a582e53fef116a3002586b1b2a097ee5a6ebf63
80c0d1f9-1d03-4d04-bf9f-011ff4deb1d3,train,f71e7f15f27df3c8c303f9cadfaf64c08d965bee6157923dd812e8e7e030a2d4
80c462c2-eb63-4511-af85-62be14db204c,train,086704325cd35f6d335ad75030a00ed3ef25fa641361f0cb276f89937dc9ebef
80de1afc-9a59-4021-a23d-c4f5bfb3bc12,train,a5bb735fda793efeeed81de760730367172916c71d28d6bd702aa96d3bf848ea
80df0dae-a561-4797-948a-257a8c1bb599,train,c1b3b4ba1e589a5a415016d0fade7ca8290affa8db56cb00fa7324778bcf3e8c
80f2f39c-0aee-48e6-acaa-73076b29180f,train,1fb9b6d6db5a7977d8335947cb96255d80fbf2ce12a3d4b6fe308c410fbe8b7d
80f738c8-1f37-4125-8542-6dac9f70f6ad,train,1478295bf10f2c26c9677208bbb75b0e79c801b048831af176ca06a98c237b49
8104a1b2-a050-4d12-bcf7-1711e04fa025,train,1d9341a5f0f8131f549fa6356cd0fa6c3cdac61e689d25730e547db7304643f4
810ddc0a-1626-405e-95df-a3081ba50cc6,train,2b4a0409902562808cef147ba962c2f24c83ef44488bc67966fc259db5a83012
811545a8-543e-4787-93d0-1839db06139b,train,7741d1dd3f573e5d9a3a05bbc98fc22ddb10791c10c975b5f920edc8c147dcbc
8123e892-c60d-4484-8a9a-c49605423506,train,a92f5397b109ea13c1cbbe739eb964fe1f59b93b1af41bb693fe2fc89264e49e
812f6a81-7dc6-4a30-a961-d18428ba9952,train,a9c91fa1f846ef0fa78c4854eb207a0e6c2c11809a5128fe6340e76171d01f65
813657f4-c65c-4570-b716-1dbef78a0391,train,ce3e9e95b885b343ede7786a7fda115e46c2a02c66bc7af2ff668071a80d76ce
8137aff3-84e8-43ef-bb7f-eae997c69904,train,66882d41a862c44c12423e9d644e4429851356d35b9738ce8d7dcb954794f556
813d42ef-cbec-41af-9270-29bcbfa11923,train,08856fae9e774914b1d9eb8e1499ea468f61a01e046150a176f4fbba48ee3720
81401464-b69c-441f-b04c-5052d331b195,train,0954fb2477d0891307f706bd0455c23df7d97c758c6dcb19c02be066abf3ede6
8141644d-0761-4929-9c69-aa722475863e,train,ec559790acdee3dda757d2b0505e7b6e7099bb91a8ce5b86bef9f43b7f101fa7
814d56e1-2c27-48e1-b984-629ea755ce49,train,64cf9f092b7987314eef612526b6d7f122fc30a31037fad5b20af6436862d13b
8157868a-0e6f-45b3-b65a-aa6c178e8cf1,train,e70f5ea8cf3d2acea2c07f0ae4a135a96d5981e21842de362f195205e0c263c3
81607aa8-e517-4944-a2da-304a720fb3d9,train,6f1a358fba125d463c5dcfbedb9f52205d7e72f7121f6b895c96c933825d8bc1
8165851b-c274-4600-9502-d94dabd798e7,train,d4bd6d3284a2f5ecb97351bdec96034813266ea5f6ef60d353b4bfa34e517d97
81692383-1d0f-4256-952b-cb5ba762c647,train,dad4cc1e5cf97930286beb038202e8ca87e6a9fe72fe6cabcafc420ffbd7b62b
817559e1-f469-4a04-82a4-64fe967453ed,train,32bb784213d5e4e505291d118fe547b6f3f21f64c57fb35ab15d20a4f5176a44
8180641f-893a-426b-8317-13c60445384b,train,a14196154a267c3ccc0b0bc32660c51588a2ba49019f615e5b195ed55b6638b7
81811797-8396-4515-a27d-d75e21f7cbfb,train,d3fbe92a873477400279bb2c05c074bd489f7a9e1cbdb214109879f1c9cb9c49
818303d4-80d3-416b-bcdf-1d6f33eedb53,train,0c228a759b93f27e69220f3134fddd884061e5d4de618d2fac538bf6a8f75d24
8186708c-4d66-46ec-977d-38ffd71b08ed,train,46d4d1702fb1d32c61e1dd131af0030e9aa75c3e66eed576781c7cafb08fc618
81876736-d55a-480e-801b-5de0d5a4f0bd,train,ab57783419cb707b9c3179f255f9f9467aa68e7342861c5751c25e4274288063
8197bb04-1481-4388-9582-55e00f704be2,train,4f5a0fc902de47f3f08804f36a14c3f2fc2fb3337459b66493c8d20dd31dffff
81c375e5-58ac-42eb-98d1-869b41728e2a,train,9bf15c0c6d597d197ebe9316a1df797979c4c77e97cc6fc8f13da30026443eca
81d07672-f742-48d3-99ca-7eec1896e8df,train,28deb3113f56bdcdc01de61dcf9d0c6e0abf6dc31047edcefc5321f1462eecde
81e02ae3-c4b6-4813-9472-09bf33ca403a,train,a3678d7666f51ada21aa39f52416b28e2f8f6fbca9f43c3aeccd126b8ac71f07
81e3a610-7702-4e70-a950-f12a00b23bef,train,4991ad6515395ccfa6eca35b1fcc266169d7f18672b9be102439b1a2543f417a
81e7e045-1deb-403d-9be2-2fb097801da1,train,f9c7bee9b3aa6643faf85d9d249e32aa09b08097ef1dda9d832b059e6a8469d9
81ea8e67-619c-47d1-aac7-9a187f567b77,train,8dc88d7707fd531f263656afbfcb4fc20ebd47ed8a561377b2cbb12ea0bff12b
81edb3ed-8d4d-4f6d-ade7-4292260741fb,train,59f7b923a1f5873cb188773e14b2b9e0c581f663afe45df5dd0ff80617e4f413
8209f124-254f-4e14-8502-262f5ba05887,train,13180d049320bdfaf0c0911df2f63ca67127530d826fa505292593055e1df967
8212b74a-bd02-4c96-8e51-5cdb83fda1b0,train,1c29b62cb568a06fbb67dc86f15c96647cfcbf50896265b2e3a4b73652963ce8
82173d74-fcea-4511-a093-d7c348ef8169,train,8c95cffffcaf742b86f51f7c5c243d93f0b3df9e46ee8cedd8520b1136acb8cd
8229259a-01e3-4c1b-b8b8-e989d07aea3c,train,37433529b6e629a7c819d5101afd4b6acff2eadedbadecaa2db80a5b41731791
822df1f4-c8cd-4922-b245-cd90babdae1a,train,315a830659a1ba0602ddc52ce99502f0eb260b4a6de68d3f4fb365f3d7490307
82399347-f2ae-42a2-8512-96fc98a54b3b,train,3a862921e84e1e25519cb79f7bf2eb97a73b13fc55dbfd95600c18b3d86a2d71
823cf65e-d9dc-4c25-ab6f-8e8b045e5f1b,train,a58af37ab88e68f8ec81a4bc2006a2f456f8d769e01dc000a449802a68478cbe
8250264e-e009-429f-9684-655daa00b22f,train,489e75657900db2426fa29ec0fa89972c2c44ba4430f7e20375ec972f7b371bf
8252235a-0c86-4494-9dbe-7c4b751b7cde,train,0e55f7374fff7350ae1b3ca47ff65b14dc22eda7f0a2c2011269660b7128136f
82526025-a217-4530-af0a-2a2c6ae06700,train,6c111a47fbdb94843fe294e39e2cbb7c0268d2611e4390054f7b283bdd766754
825a9cab-68a4-477f-aec0-bdb6802ab622,train,4383aebbbc36cafffcce8d6cc9730746817bd2c0505c25fe363f30d4f56d251c
825e7bc8-613e-4e36-9c95-914b54406938,train,ff13dc5ac7978ddbe78d570d99fbeda01248fedcc3e764ae5d48a648f1931c6d
825f1813-e2e9-4ab0-9ec3-13eacbf4d1df,train,6f08ad0bede80b659688ab4b1a81e79774c7cbc130c609a25eca52837aed0ea8
827c1366-20b0-4eeb-8837-7111399bdf40,train,5daa59dbbec96e86ea5a37a1fd804d08d4f09b177beebf0e96dfcb595385e5cc
8289ce07-e826-4b2c-a40e-23b7ca31659d,train,096461fd9bec1a0bc1e85213b2b9c1221d619b64183013061f8c5d066a2e3cb0
828a6fe1-f5e1-49df-85d9-7fcceeb7f1a7,train,4fa35648346fda8145cc92ae897747c3a9da7b2d2192a47a2667e18af5c3c18b
828ce865-ad55-4a04-9883-6d9ee52e31ee,train,c868903d30c1b59e194ff4947d2cec60b37c32408093fc77760a283bb454890c
82905563-77de-49bb-a407-c26f2cbd0f6b,train,21f5f3fa36d1223f9b1cb595eaa04bbbac9c86234eae37110c6a61cca38f1db6
82a85e8c-cced-4116-b28f-d5896b13c1af,train,e405ebef5094c158a6e618f2c0385ba7abf35d8f18ad36fea6aa41866a2b1ddf
82af25c6-ab16-4ade-bd3e-965dfd90ab7c,train,51e6f88ad57c7d3c36dc916a1411749cc8212ae5f88ea3d14413f197f0d68cc8
82b7245b-757e-4d6d-b9d4-bd8665fe0181,train,a16b9c2d0a167192996b5df82d8f4a8473b23b39fd16820f74a1a9c374c3f57a
82c75255-8630-4e59-88f3-50df7f304c49,train,caa3338a9d45aa95506f7f7da6cf28ff4830240dbc87eec75f6369b95d18e806
82cb8702-52c5-4cdc-a45b-0ecbb906034a,train,5baacd1f298fd170491f2183e9db3214882ab8ee7e464d6e634c8456c0b1d8e8
82cce88b-526d-4a0f-823b-bb7ab3cd39ea,train,d4db372d83b7cb45f2c8b7c7abac4254fc114b44135c840043cf9a4231c12818
82d61cda-33a8-401f-9f60-d28a233abed1,train,bf65feec803535b67a8335cade6d3558cea7741adaa8113c1b7f0391b7e49a56
82e5459f-7737-4189-8e4e-82f524e4dc27,train,59a693475cbf669812690b6d12b7b0cbe05e0612205e91665d68a0b85842bbd4
82e5987a-769d-4d2c-bdbe-7453d12d8450,train,7c22cf45252db911a6ec0091d0528b340f39f039d79f00f0140d22093de3ca3f
82ec53d2-4cf7-4234-a5ca-b1410cf3b1e8,train,3e1e742b4dd1f1a91a2f59d558cd7ea746cb12c116b7793a4f5bb7d65cc5f4dd
82ed5485-65ed-4924-b107-84de0fc78a0a,train,282f76feafe5d46b143568a4a62f7f10e1aa89a344aa5b5d5d414363f9a80d8b
82f17332-3bb8-464e-bbc6-c97c384f5e9f,train,af8b0a75ff7279c9137eebbda44025e27883cddcfc1496cafd4a5647baa1e838
82f9ca3d-6f82-45b6-a7a4-2ade0e967a26,train,008879aa559bb8487c9cafaf223ec7ced3ffa111a6dfa8ea03c876aa5462b24f
83172893-6608-44c8-9bc9-82fbb55b3826,train,f869555d9667433bab3b0a0508981410e0ee561940dc842395ef39bd52bccc0a
833f0bf0-b4aa-4e7e-9191-1788c293ae3e,train,052a0ff43c6b02d526e41e8563bf2c31db21156060632539794622a72298d839
836ab9c0-7973-4a85-912a-32fd8d45bae2,train,84ae9fb27283d1c46728ce1b962e7dc3b95cfb446c56a3fa60c31c36985bc5c7
8377a8a3-87b2-4c7a-a074-be5c99fae5b3,train,222606694c8e757a739d90ce4c4e991ed853f43bf6231e4a14c7914d7d16212f
83a57be6-0d2d-4813-8577-d6779f6e3dbc,train,32f4ecf6c29676170e0ff1b0dfdcffc34e50c1bd841cefb9fb21c5d863ea401c
83a650a7-7b59-47ec-8716-56e061b8a23d,train,20e1a545920026d9f108eaee9975bd59b4cbcca62fde14799726a2ad8a41b61a
83ae5992-976c-42af-a348-061e762f46e4,train,79922ae99552ed030e8794b308a3e325f19ee2aef0a0a1c63023489c54edce90
83b61fda-ea6e-4ba6-9a0f-65cb4c031921,train,e3e4b964b3381556bb7cc1c659332e8b089cabdf8f8fd49fddde23c6a0d4f886
83b81829-dd2a-492f-9637-2649eb1d90fc,train,2a781e4008ce8b923e82694c1434c7b7d049e680776f0b485b048d998482ab14
83d6a4ae-d1cb-4db6-8847-34bcc2255425,train,9264b6742c062c93c0f131fdd15ef8c7d83761796c019abf7a0ea9d8ba99e612
83e279f3-74b6-4804-9d36-fc7b6d845b3b,train,4de08050819348a520cb4c346b02c776a7a62d1c299a387427efda4b5792fe52
83e9911b-63f4-4bd8-bdb3-b6f477e39174,train,8a9094491b6b2c7ce130354a90ff01634abf6dae297071175b757e5ec5910ac6
83ebd2aa-4f2a-48a2-b8d8-e461e7e02956,train,f0eb781560a0523dd4bf02c329bfef990f3b306c3d9c7362e74439632ae11a4d
83edb633-4fba-4595-83ac-8fd0b011e412,train,de3ffb721e527ccab3a26d801e06aab03beab27041aade1739d80e0d26f5a3e9
83f4edd4-8be6-4c89-9746-d8b2e2709d15,train,4b5264593a7f7a6f1499f4c99b73440ead04d11412ffc671d667c496af31de31
83f753dd-f908-4f6c-89ba-54c0cc9f5cf0,train,a6cb36688d8fb1b29c15dbe2ff0b5c579c801d7c14bff053050e849b793d1080
8405aa54-e0b8-4c35-85be-c628b9e63c2f,train,e752f0188fb9fedd032217adb96fd50094251685a943afe819c560ab437e2cd8
841a3670-3a1d-4f59-a5be-a8672580e4ac,train,91ca2e4407d3982505399b0c2f621232ac310d8bbb98660c6eeac64fc05189e7
8422ef1a-02c0-4178-bef5-0630770571fc,train,69898c990b80e21f04cf82c4b01240ecf4f3e1b070c1d4bbd53f41a2b42021c7
84231986-6e10-4b80-8fd2-88efae44fa1b,train,6a486b81b63b7a2cc713b7a0f165ededb3b655318dbb991404a24c7a2c2328d0
8426cb2a-9ff4-4907-8cc2-a4eec20d71d1,train,c26a069936530735c5b6f4855d04eff32657220c2d6520367a6b2e504563011e
844c8984-2797-4aae-9837-1bcce875210b,train,f464e8cc0ff976ed1612bb1a84be84cc132888df52bec4846cdd173182acc7cd
8453bbdb-5354-40af-a965-6c30fea2d23e,train,56a1bc1ae7ab8cffa5a9c15b766e66d58a2415a3add61dcc5d84219167a58367
845e1d11-61bc-4463-b491-40428174927d,train,810d9a997316c9eaec87cf239b5ef781c424fb21e945a8114599188359dd20dc
8468d652-57f1-439e-b90b-65e5c1349351,train,989cee7b4ccf063e96b0c8d6243d84b768b9ffb44b2b0d07ed2e363e0725636e
847dc2f8-88d8-4921-baf1-964ad2da2cdb,train,f626e81e03fc6c6cd84d2e1517e5399cc13d1b2fc37dd67a691fe071b7223827
848ef536-e376-4b5f-b8c2-5d8ec751daca,train,85b270341f0401c7e337fc48c9718857c1f569913cecae5ab6602acc10a84536
84b8340a-ef11-49ba-bf5c-f66ccdec2c30,train,ee463c6fc407a07f6cc2d3d0c1dad3d51a885407520d550dded404e377becff5
84be478f-ef4e-4aa0-962c-c1d3ab32c1cd,train,5d944fffdcc4b87d006330f28ff5f85e2919599cff415889a8704b7bada5275d
84c73edc-55a3-4cfd-8c35-6fd382476571,train,f7fd8a17f4c97e128f894f45e474af27e5cc23242a09c301a9edebe4745ea810
84cbe695-6c7b-4fb3-a8a4-bb136f7bdcc2,train,c09071cdfaf3ed97812d746644389294188c677730d4f782eee0e26e11f0d191
84d132d7-2b07-4a2b-b8aa-f1c94b97db3f,train,eaf9cd7024487cccb7d64c739980f8cb3ec26f5ca53714c5cfd341f5487d5d0b
84de5a72-74ca-4af4-8ebd-65225b9712b3,train,4778606f421ac8b1bf198a338df55b2a90925bf752f9e311846816f93bbd90ab
84ef7a5d-cb68-4132-b681-dc9027b980ea,train,ee1696c75c51f54525a5e00504f8dd0611c8041ade4f7b2d8ccc1f67513094b4
84fbbdd9-0965-4388-ba84-f12b635ed7d4,train,22e1060cb86583c6af15dbe017e45a72fcd1d3ca3f9d622cdac64af0834a5a5f
84fe54e3-f5ff-4e8b-88a6-ab4b6ac10bf0,train,afe8135d05f023f14530e32bf055b3224bf7742e10c0c2968fcbae78675647fb
850fe69b-556c-48bd-ae44-fab8293a8a36,train,9e2d0a3f1e28cd6b6e20e914572ab175a74d4f747ccbcd3d0f6807c83f245806
85107a7c-96f7-40e2-b9f1-4ba77740b63c,train,c107854fa0b387283c9618af3675284840b9b4ab910720f9484091c5d417733f
852a3c84-ab22-41f9-93ed-c3a91164fed0,train,226236bd5d9ac92e2b40b4c5c7994c148ff60488d2fe334f7d8c79df29f20b46
852ab157-82f9-4cea-82d5-4d6648a6d0d3,train,4b04d956ed98ddfae030abfed20ce4a7287b62d73e671f4615c241321fd98ef8
85364775-c937-4c1d-8974-5fce56b314e9,train,2eea728c75feba9d2ab758988c4ff7c2d171e918bf0a35ff5e2ac981c4cea081
8538e294-a7f7-4718-90ab-966c316156b9,train,35d1277f45f6979707ab515099a2c67721311195645c5dca6b82f9c53bae6951
853e06bb-9af2-468a-a34e-151f1abf6ca4,train,a4146fbfec8c8253339043494c84ec451a26e3affe477c76031967f59569750a
85434452-2a5f-411b-b1cd-9bac01cb150e,train,4dcfa613dd8f1545ff37f879b581dae11cfd1a2d68bb2cc8a1d20761ca3f8674
855810e3-9422-4c17-90ea-d7b10818cd8f,train,7e00b0ab9d3de9ac7137f91ef4d7d725b6d372d9ea5ef766fd1906279bb2a239
855ceea7-4aef-455e-9af8-138e6c8f69aa,train,4b77a5c7a14322f9f9cce0a1297426ab12a55d27d807077268730a753bbdfdab
855db1bb-6417-4817-9708-4c90a2c75dc5,train,274d02141101460f8cc2f9bfbead0baa298284b38bf651fb4bee668223b125e6
85604bc4-0c6c-40a0-8bd8-c6908d126e9b,train,6adbd80d8bc1b5c31ea2a6076e0998ac9aa6232e9856fad84e4297235df95b09
8568130f-6d07-4ee9-82ee-1b7f6ccf4aa8,train,9b0c61cab2eac9e9e0f0565809ae441b904b82b93f4a02d9db54de44665444a9
857b1122-dc3f-4fcb-970e-a092576d81a4,train,8c176cde02716debfc67577a555096160debaf712a9f2d9b3255cd5a52b7009d
85800437-2c21-47e7-a9ef-8c5639e90237,train,967f5d99385a0c0ca2e61ac674d4091b8310ba3d7b9dc0f19602d90cb4401685
8581ff98-efff-4c53-aa1c-ef8098a5524c,train,c5be62f958ee1c16afffd8b7b7867c5df4d694bde0e1b7047c547fa4d74de97c
85871de1-8d55-499c-8fde-b43e34ce76f8,train,539ba76e77535dd95105c0f7005c1d9537b18c4972f68eafba1a0c90d7f19c6a
85883981-0e30-4cd3-83d4-2e7ca11ac683,train,5f6734028e46e5a08e02a76e9265876a1153a69d353407e4d39256ae6b441e58
85a7e4e1-718d-48e9-b7b4-d9b61f39a562,train,59a010cca393da1808b3dbc30cc2f74550f2db782f6d682f9600e00a69022647
85a928cd-400b-4c39-a9c3-c89e0990db90,train,657ed1c9822e185371e8308cc880ae2fba9661a981ac12e017675807cf1bef52
85ac6be3-0ef9-4670-a93a-87a78f31a790,train,5e07873efba0e0941a76f29a06366205c712bcf2f690348feccd9dd1d763abd8
85af534d-dea3-40bd-8c53-f33eafabd925,train,6fc2ea28825a6c052aef00c1dca01ae76d42bc55cc6c6aeda28c50cf5ed1bdd8
85d7a528-70aa-4b21-9238-32d9aee55b7c,train,911896fa04c6f3fdcb47dadabb4c5c0a71fe332974e5f7c1a7c317f850ba0b2f
85def293-33f1-4ddc-b71b-d9db4d495558,train,da83ab1aef32f8f567269da900cdb44d0193fb64398e21ebc0eaaaba6fe2c618
85e9dc36-1ab0-4e6f-9a86-c8d023be8adc,train,4ac1dfda8d8a31deb569cac4b83c33d8b80d65d1068a502fcb56649ce2ac5bc4
85eac076-3a73-4ac9-a4a7-13ee88f141d2,train,9873d6c67d91f93ee021261f61c1180e1c91921780421d1dd8e1395e6c9668e2
85f200c8-b4d8-4c33-a472-acab35f7893d,train,a1397f2e9f5342b6fb7f9d0adc7fc08ca8cdff532d020256072cd2f46534b143
85f3acee-bdf4-445a-8428-2527db470079,train,eb11ba1e6595d7750c7ced71456319a1fb05a843a46a928c14d52dc60d5572f6
85f6875c-cfc8-4fb0-8790-485c8806a304,train,88e34a6f1daf529b6e352c31281dda2330de2c992b208dd89e8f2e53e44f8b25
85fbbef6-4e3b-43ed-a7de-29e03721fcfa,train,fe250608b6708bbb715c07eae48f189511144abeae98d21f19bc59b1a580767d
85fef121-069c-4371-8670-8faa7fa7e210,train,c720a73d9b8ec8ca46155ed68e09b45f68f926f31b2bf7feae186a32c327f2f8
86009113-a9cd-4707-9b94-bb148632765b,train,44556bdfcae43b5c8c97f821b8bd7ee8eab8d049fff9961295e9ddbd5ef06c4c
86292227-ce9e-419a-9e20-10a1b434b149,train,01b1a75b6421c956de9cdbb09329f21c2f3046d65fbcd3faa2f7eda441b9087b
86358393-ddac-411b-b606-0e2e6a86fdb6,train,a54a0c1f30254d4acbd69b3f0797e41577531b5bf77638ec432d1cd7349705ce
863a1c7a-18ec-4710-8916-54773d50e5b7,train,0185ee1d2bc6da3366c453b0f6e3c500b9221c354cc306ddc1d23d3e36e4f193
864096bb-301c-4563-89d5-6ce2ab555aba,train,59c6949703cc2c5ccb28fdebca8e627d1d9513a14ec69f3f5136f87869d31766
865895c7-79da-463f-b44c-70051a24e108,train,681d69751f41f6e478a2a6809551477eaf011d761bf1e5587a9784875853266c
86687819-d2f4-409a-a750-3d8dfa933f5e,train,2b1f4195b26e1c8da30d44dd4233e55193a122b0e1c0b9d45b3c09c051667d34
8669ee21-15dd-4193-b7d4-c00e23c3d2be,train,67b1678c84c72870175289920e0ed34d4de083f04148d4f809057bf86ce21f1f
866ee1c2-26f3-4cbb-b01e-2d8e886e383d,train,0d3e5aedbd633f1a76f6d57cbcfe9bea8d15ee4610cce47b77c33873dd3390dc
86700ff0-eefb-4e75-92ae-4cc971305822,train,10ddf3496d1a19ef7fb81e50bfba98644064b8aafd144058eb8a20b7f2d52efa
868af828-4c74-43f1-a6d4-3c2f5f086d35,train,388b548e1946d6601e8f73e927e7116c25f81dd42e036ffdde662ad11da9a9db
8693df97-d5cb-4d2a-bd38-f101a58ddf69,train,0f42d8772b87aba16714c8457d6227ddec35d50c4be6245fe2a8c71999943bc3
8698ea66-c3fd-4241-aa2d-bc0533ab942f,train,599ec6e3818ed9399dee8c09913b6ea08c175d0f7ab94267f9091101135a0459
86a90b8d-ffc9-49e2-a0f7-13dd68bf9275,train,7212557d4ac73838c2a64b35908ee4a5d1c6f521583602e6f15942aeb4b2a29a
86bd5cc7-ddf0-4fc4-8c64-ff602256d036,train,f682dd6e2ff397a00f0d8c8116b7e086f167d444b16a89d77a109f91f41816c0
86e085e5-5855-44f6-aef7-3e6da1f9f2da,train,1bc639b3c0dac0227c10189b92469748f214b168515532643df21b5d023b70b8
86ea0224-db2a-4803-b440-2bbab0322577,train,d2048039eac350eccfeddbde0064a16653271b55b96b0b509ed711abe8cecaf4
86ed71f7-0d31-4687-96c8-2bc6c6c66473,train,d7d76982983d02cf7f394735c2b99b737dc9bc0c4ff6401f5c7e6dedd3debbc6
870431bf-52c3-4846-aa5c-8a83a7147fef,train,9d113526fea0186a92fcaedf1ed06e93c60e6e1e7b2036d640fb053865e49381
8710c908-e9b8-4b5a-8586-7e4bfd7bfa3c,train,a12f30e599661aab4b0fad69d9eb603c439bec49f39cad51cc8088251bed7e46
8713870b-4898-4e53-90db-f17e4829c8c3,train,e39c741084f43cb91a57f17217ac01e54ae8afa61bc3ed1ae3f2b8a3be3f59d4
8722e033-9cef-43d0-ba7f-89871730a62d,train,8d88994e2f37099eed271ba8db7cd4058656555ab7eb4008b25c334b581092f3
87256eaa-455d-4449-8b0d-0da18288ffbe,train,4d40c0587cb258e3ca7975d3a5376aa29794250aac72c4b81b06d99ddc0979a4
8729b255-9a28-4484-92ca-dcbc87a9ba99,train,ef7317b5e4bb96d7ec67148f55d960d33f4a88f2a424716dcad7f682d2b408cb
8730737b-675e-4d67-9b8d-61d0cc62710a,train,aab2c73856c52283be8f61e62539a5b983894f44979fce7c721530d99a8695ff
873553e9-fda8-44f0-a476-3f4d09e7d5bf,train,68693552bebe02268ea0163203a4d92d83794c5af5cbb31178b3d06040024391
873df763-056e-46ac-8ee6-9a6eb73cd2d1,train,288b128fb342fdf8dbad16063beca4fbb5508c2e1747bd4e4e701e6b7a7137dd
873f9630-750b-4873-aea3-2edd5db5bbed,train,11dc2f679d1fceb22926dd8d4007b3ebe4ee2239740da3127534b31fe01e21d9
874d2449-856a-4463-8ccf-7082800a2ae4,train,037ec9765d031f508d5c1f290491b517da8040d6a60128a96275012eb5cfc5e3
8758a933-7f07-4036-acf1-4c04d4739c1e,train,0c66f0c50aeb6870fa87643d29d346ed0094ff78947eabc1387d3871545141b4
87711d42-952f-45dd-8e3a-5e8d9b05dc72,train,d9b90271c9cf13bc23b5f769ebbbca90ea5499e7a12f3c54a36e1c8e3dc98bba
8771ed83-827e-4ca7-af4d-2fa463577db5,train,3742ceb71536cc516d0d36354496c1bf3ee247fbea30fd8abbc8c51d43ccb994
87770fb8-c273-44a8-ade6-6a6713a01a4c,train,1d5d3d85f7645b3488e5e4117fcc7113b44367c7df1a1ae8dfdb9f0782e9b338
877c3da3-ad16-4f29-ba91-37f33772084a,train,4765abbe860f51026f45314549750468ba2444a74dee29b287c6c9dd4df5c256
87868ced-6787-435c-bd4c-27b854b6c26e,train,c3619b8d8541acb39937b3c4cf93b6eea781c91f849d347bb2b2a38ca0fccd81
8789f661-9bf3-406e-92ae-b07afa632991,train,6e6a37638bce9eb21eef1ecb48822583bb466359b29f0c0d2fc092d4ecd4d6c0
87929d52-bde9-4411-b61a-ec140e14eade,train,9c2ef650507cb96a5433aba06d8a7de93f264abe2d8573613f55469b8eface26
87b1f5b8-497e-4534-b2b5-85a20287c072,train,edc528f8064003a83e8572a34e2bd42df081de3c9541b1c4505d9c23ba0e3a7d
87bc6fbe-c5b4-420f-b21f-e737e96061cb,train,52a39ff55555b8a048cb961240cfd5aad58711eb9a9704f085335228345beca1
87c14529-c296-48db-8a64-25c09a64305d,train,be8494bc7fe17bca86fe4a1f25cd914e508bfacf6de504ac4a4af7704f93f05f
87e6e075-1d1b-41c4-b372-1ba6794421e6,train,9e2e22dc00292650aec33619f633abedfca004c197f142d89990f68ea39eb2e1
87e918e3-6b3d-44b9-be00-1099597c8274,train,b3afddfafba1759a8019051d7751972d0ca06cb81f56ce968264610e15b73285
87ef6863-653e-42e6-b1c7-a2d1b1f2af71,train,261bf2cfc197d6336369cfbc29d45cff8d97d2edd6e45889abec38307db1a678
87f50c5e-68fc-4b28-afd7-b9eda7700a0f,train,87cd9597a5c0c07b7d72c116e2b3d9065897f390630d34843910813b178b8b05
8807cb8c-763c-4715-9084-503f3be49637,train,a19e3e731044d678f3bb737d5e69bf47066cd25328247106fdc15247b05cb8d7
88083399-83e0-47f4-8536-1215f17468a8,train,a6434264ac69f4b6251d99a943e7c008f5d56e691351ec092783d3e81cd4932d
880d2954-b30b-47cd-b4d4-03feeaa9d667,train,78d6e99e0fa7a17f7cb0bc41a181bce34692f941cd4d37f8a3e60591ff49b0ae
88159393-22b0-4bf9-88af-f591cccb8e0d,train,108daa6d9be98e579bf71425bd44fb2b593ce33ece17f6ba3d0f0a7df03e4299
881b07d2-179a-4202-990f-2a10cd90227f,train,1e31aa2bdfca11fceff66e65d927f564ecdb7abf87d674277836a2b43f12d8c6
88202e4d-ccab-430b-a4b6-cd3f48cb648d,train,5f1373bafb961824ae5624d8384d0ec1e9671ba60e0afdb532a34fdaa79e484b
882ec0a7-df6d-4ab0-b919-e97faf411150,train,aad5ec96f846145f273e6ef97d591cc2dea9c9309194575c2b3b87ebcf0bffaf
882f9813-63cd-4a35-bc28-42d7399d4959,train,ec330fa065ea3ce71d564a90d29bfe47da3447816c8fa01dc37c2baa550f731f
883ab051-0796-4829-9f82-6f140edc0546,train,20a2f4702c3050eb76a2c5ad599c743ab0f0daab5715553b8152bdb73d8e6766
883ced01-e8c8-42aa-87de-0741b2066285,train,d9011d89e9bdf26aaa2717bc8f20ba85188b2af3348227825e5f376975b1bdae
883e70ff-77cb-4e94-99fd-76efa678b206,train,3e3dd22d3ca9a62b49dfc552bfbd28c16bbb2e3b4f5febda51fc04a542b293d7
88567ee4-74b6-4e68-833b-00e6181efb9d,train,0f5d66d83961a9ea0044178b3e977a6d24987d2b9e56f3ed430e1bac7e79a797
8873afdc-c12a-4462-b952-50b1a3c22008,train,6d870ee2729bade5e181927598a0ec36983d8bcf0f8d8a3a5d40718c1b463487
8891edf6-37cc-4948-8cdf-126511e5c1fe,train,ecdd4e6d37ffbe3a8289dc2d6c0cd802b96409823f1bd587cde4d734800eb9dd
889a6008-8533-47cb-927d-b91a536fef37,train,5c9ef23fec73c6861787a78dfaaf5516d0dd32b93fe6edca6d05ed8f23a67d67
88a730f3-676d-4d64-a829-9515ddc51ee2,train,a0b7727c405127c57ec18e377509b9d5f36b50fcf0c2acfb3b69f544e33192fb
88bfb0f6-ca4c-4542-8ce1-8fdbe4db509e,train,3fd29c53bf351a6c03d9e0fed0e1423ffc8db8a20408c825752b6a2a2ddc05d4
8900ee65-1362-4fb6-8f3c-74dafbefefa9,train,0816c8e4011a6cfa32b2599ef6e4b0be812a6c7be476c858680c6c3f03b27023
8910b0d2-db43-4c1e-adb8-8fd0b9d93538,train,92278135190f1b05967c5434abd3dcaeabfd2f4d008e89660fb6a7995638bc92
89120a2e-8ff6-4622-b2ca-daa938fc813c,train,0a0e177f357c465d715c679ac44bfb5fc11e37b29f183400df9bcf49cf189ed9
891355f2-ff47-4b78-9c95-39c04c8590c2,train,49a4a0f24b43a7eefdb68ff6fe3fe1de78c85ea2585b3b876593c134248e2bb2
89159cb0-93d5-49a8-9c18-ea2771bc2107,train,9a71b30eeeb75f208c7816f1eb14a1886460abe8fbf760c5687d491dbacfb395
892703c1-c050-4f2e-b280-8818f4800c5e,train,9952bcf7dbb036a2f7af8fb0ef03dbda7ac8f97a17bfc8114ee881e31c108c20
8932e5bf-d6be-45e7-bc34-c4a45125ce7a,train,aa45d13baefcfd2d7d650c1ebee9b2ad614144946eae35581dce7e4b6a53cdae
894a2717-8108-48ec-b968-96ae712ccdbc,train,e454235633035ee82a4e8abbbe92ab5ff93249ac468cbdbd03b093118547e970
8962e667-b01c-4bae-98f0-b2f3dabb08f7,train,b53a191b84bed79de40f8c52308d242271fd6259b2ae8adb02459d5426b5ff75
897531c2-fb4f-49be-ab29-05b61c8cb92b,train,3c4faaa01cb809582559ddceedcdfdab78dc7ff42d94b328b9d2e4c8b4309694
8987fc26-cc86-4a6b-a3ac-521100b872fe,train,52097c485f6c0db81bc431dc0882e52c81c60003f115dc5cd21217adabfb70f3
8990f211-2f35-4023-a06a-13c60acf7bc7,train,c32afb51974f2b822c5d9ab262b5f897b45dd557a7e95e878bd798baf69250df
89abece2-ed17-4eac-9d6a-9834621aca5b,train,50ff595199170dea1ae7adf0b9b553aa92d4ca5974aab122eaba0ab28f34bd6f
89c92816-bdf4-45bb-8d76-fc8a2262bfdf,train,6cf1fb37c6af11c46c6a94deb72eb9aadb5bcaa26c86bca4c026423ca1edab6f
89ce82cc-c0aa-4c55-b0d3-a5dd8e746a55,train,799550deb6084c1729abd647e8ce7279b384a2365577856523fc219f6465f1fb
89d0c44b-ab81-47f2-b442-4c5d50242e12,train,ede658ebdc22c6c57670ab47710ae4b4900f8ab689dba05a3f26baf35558fd4d
89d406f2-7ed0-4a43-a508-ba9de00ce305,train,9e7fc1673af20ad48a4d8e6e8d7d8de0ac911e9876a65a38d3306a0a75834525
89d93606-0af6-410d-bdfb-855036a446cf,train,d42628ecb73de966d2ae08c0c45e09f0ba1589d9c3947e7a72bd5cb0fd75b05a
89dca62c-f012-4489-bd23-10abdf441ed1,train,8fef716f1d69ee38beb9647b45a2bc688aa73bdf85659689bb0964d6edbf38ab
89ddc29b-a77d-4670-9704-a92d278360ef,train,99383eaa0e3325524f77f39da985d6a3e1d2fdf6c4b083e3ffa85473dce931a3
89f76b31-75fa-4a91-899f-dcd495b63834,train,cf8cae2a584c3fa4ee82a20f5f24a3538b33629c7cd9ff257a24a5ac7163aa7a
89f8a6da-a60b-42a5-8f99-cb1879e1430d,train,4020206725de441c956262999c14d3f30bb37d90119813e1145ebd87990f5561
8a0df685-9bbe-459d-bb5e-196f640bbf16,train,43fd5389ab15baa16b79fe12de104166cec894e2199ae89f04444a9ac0f25a3e
8a1fe34f-9a87-414b-a065-6f979f4b730a,train,86a1027725032c9ef2b95f28e851fd0a037a3fea6571712fdb3c92a14a6bf6cf
8a2926de-01ed-4945-b9cf-8bbd106a734e,train,e0a9999707031c7379136b86a439425d0c912cb1e0ad145d603fe329148c101e
8a2bc95e-1c43-425e-937a-a87f2bf2559d,train,28972b44c46afcfeb8fbaf3735aa8731e02d1601ab653d0a5260b5a5caf00952
8a337c14-5240-4498-8c42-2b2a5ca0c260,train,6089be8191d2d0e83945ae3af41538985d170679ae0287520880727779ba1185
8a36d9ae-7e46-4519-8dcf-b79088708fa0,train,9385ecf5bd467f8b01fe1a7112cb8aa5e48ccc84bd0c78cacedb77caebde5d66
8a40d822-0704-4353-b106-e0b072e1dbb3,train,7ba7704c120f7929bd8bb9d5e88c37920665e70005da231754ecbaf422978866
8a43c5e4-fe6a-4bb3-b0cc-9958d33e1da9,train,13e2afc52693a6f3a1d56e4a0195af351abddcee03ea30fdc3acf80442b007d2
8a52e233-9155-49ed-91ce-4ccea332c384,train,32627559683b34248962d30d5548ff5a55f051c1a9e0e2ef0e69c1eb571b2435
8a5336c2-5e41-4bc7-a802-b8035787795a,train,bf5422b93205b11dd9e6d5d49ed52db29ae40e9342e15bf8ba723d9db6f357ae
8a5703e6-fb7f-4c1f-9e46-655a0241a361,train,5df5776c819d4aec1bfe57872be3f46fc94b9a1300f3359937bec580546141ab
8a5aef22-c2c2-46c5-b277-92e0e107210c,train,74de8ffaf6f8cdbfc5eeced2d1fda9ccd5759a8d1799be66dde738f2ac4f1b89
8a79c727-a971-4484-aadd-5146ddf43b91,train,8c66c0445a47c2b04bbae7a507c9d3e2fdaa83a3eccb3a83fce6a68c2e459150
8ab6ccde-8491-45a4-82ed-a8c7b0364a5b,train,c4430e74b3be808e888936fbb28e699cacddbc2c4a79377356423238e6ae13cd
8ac9b949-ef9a-4bce-b97d-81ec9d890010,train,baa92fd52cc6d3559c15e569af093d8d36558247815f4f37196bd05558e5cdb2
8ae74414-c469-48dd-b797-4729fd08ba93,train,49032879cc983ce3770600d751b6e9c8c37e0b288914de4b10129800c3c3b072
8aec236c-9f21-4967-8b82-9b387b8a71a8,train,e9803a0726aaa8c9999a70e3ae4a7a6263ab09c46017774908052f7951c3c375
8aec40f2-d7b4-46fa-af16-57faf7a9274a,train,ffcacc94e1c219d852b0673c827588faca622bddc35664ab07c637b29db37db2
8aed2ac0-2ebe-4fc0-a7a1-32f3ee1fe699,train,6573c7fdeb075429b4e558ed15ecf7220f6ef28b1f652653c82bd07ccfa615a6
8b0dcece-c99e-40c0-8b1a-71ba941efa57,train,11cf5d70ba8f9bd00a40528856aa07c5242ba1ce6294d8cdd459805a33d75199
8b1619ff-789c-4cc9-b479-b1b3833920d7,train,3e08a36f2990b62bb4bbcc23490c6bdd25a382648c8d10ca0aac812b297cfc0b
8b1cca1e-756a-4506-a04d-74349b9c9fca,train,d4928af1428908ff909b1d002a7968351f09c6df7296ba91f1926cc3794cf19b
8b1eab43-b437-41f7-af56-12e51bb08f49,train,e64b1c070fd756af345316cc9112c29189eef3a20b8f3c9e03fec69cb358fce7
8b246532-6e2a-47d0-bb1c-3eeaade5ac88,train,35965d2098038c7be1d9cd223aa6e24cc09d803122d6ee4136ff8915afe31df1
8b2a97c4-026e-4042-a9d2-2b9f49f0133a,train,154b0dda09294ff0efac4dd5760a14921d24fe1396096eeef70fa23f87eed527
8b2d1122-9763-4b68-8a35-c8f69d4a9e55,train,b04cb82b47d163a7045198f8d0103ff1b24bfb4651aa43d8884e14074bb04a98
8b2e8984-3d6e-4ff0-a19d-d6e582520646,train,eed3d297b5228d871828faeac20b444b028ce42a227b28ca80c862a31005cfb9
8b3fcfb0-a3b9-412a-b297-ea7b3e7f2dba,train,9efd2f0aeaea7adc88f6dbd17302c835f51f3d04271d6e28b7be385ba3c842a6
8b535e15-d815-4d2e-9438-91c0a7fff6e4,train,c4db6616ff37480ed6e1069566456a12403310897a13817ab932f294f1e39b36
8b67ae8a-d7da-40dc-9969-d3b4d0c33182,train,53774be451c15c908e6842f095bcb03b005a260ac2446263a4a11bab2016a785
8b691ab5-8d75-4f5f-9245-8c13825090e9,train,00613c4153d3b762de241be8ea3126b8da9810d9dfa81900ada19bf670979195
8b8586e6-227e-4a79-9783-249ccc59b9eb,train,32196e0a7775c1ed5b14cbaa6567154ca0b658d1eae9907e13fb917af3b57dca
8b895f4d-dc25-44b7-8017-7c65dceb2161,train,39115b7550716f5692cdeed21684fbc5b86b0f0fcb6f0a1fe6d5fe200711fe22
8b9d7205-2810-480a-b50b-6667baaa6d52,train,657344843d083b3e13fbe155d6b9acf474f15d9e0b379b1d801f74efbc5c571f
8ba5c3f4-a98a-4d08-8c38-b6ce140388d9,train,31256643aa1fb2989494f773f5e146ece9aaf326e3266701cf8387c291d9466e
8ba7d322-b4f0-464e-b034-dbb3d6a81012,train,1acbd4ddc578d2f2ab5a534d9dc1bf55efee1ec5376023d0c04ee8dd6df9534d
8bab2722-3562-4b93-944e-4dfc0ce5ed89,train,65e523262e4a5fd957f53358c4394d37a6f72a2fc0b3e850c1b2e58d529f245b
8bab40e5-9d59-4242-9bd6-78e30ce0186e,train,b257d97c01a82e5a146056f4c38f2f1948fa0be695af1d77cfdb676625adb74c
8bb51084-75d4-4b3a-a3ec-8f6573a42e53,train,73d92acf218fa6bb6e6b1e24fd4e91deae469f79d57bf43d8d94de468e3dae7a
8bbfb52c-7c2c-48f3-9b2c-88a671ccb15f,train,1d17a95f28fe392d3475425241f49c1cc072a64c7279bf2b08e0da24ea2bb562
8bc125ec-489c-4b4c-a169-fb185674ced6,train,0eb8fce9032b677c4cb90405a52e2bd0809ab78045dd80a85f1c9cd0f844c9a4
8bd1d682-7992-42ab-a2fc-a874a181e80d,train,2049ff13e7d81a332f61ea0a79281ad38ab96e129e8672f068858c9081944bfa
8bee4581-35eb-47f0-9b66-805a6e9c8767,train,24a8f4eff0e553a85d0ff3580fa11bee407b33a42b6288978212d6c36369f0ab
8bf87c39-982c-4f36-b1d3-3c0e452118a3,train,35bbeafde65117cc20ec10d5d3a66c8caac40bbe1b8e0f21294f4d642631f0cc
8bf94678-1931-4672-b13c-fa4ed2960be9,train,9ea65719a9bde79bfd0082783350f41b1cc215b80638cff6de239c3ec0953aa8
8c2bfb4e-dc56-492d-8439-21cc080ca739,train,0f59d44dab9b2ebd65a64e284900aeae8cdd7dd37979e95577388dd0d84d3e6a
8c2d5c8f-910c-4e49-8b3d-a3d3011c75cc,train,65f15c6090e9f2b46863883856733aaf77d32af0fca0c3b70adb6dd01f2889e3
8c4793cf-4fe9-4206-a23c-8f19b6d4a46d,train,1d40206f126bd2db498a74faf28d4c4de2c8b24379600c6ecb68d263656377f2
8c58118d-38f1-4770-86cd-f4339ef89d8a,train,06feab3ec2da8fdb0c9951f8e498785d3aeb4b988e11213b5d57cc135755dc82
8c595999-3245-4187-a617-d1d75cf72106,train,9e5c3a2499fe086b81fa0a70883526b3311f10657735d39a53f223d1eb832818
8c75da50-cee8-406a-97cb-a1406dde4a43,train,467430fea373101c6824926e7412a1251a666ac0471311ea48401561e97b1119
8c7c3e75-bcc6-49a9-8053-4be86335a373,train,687039de4c24eb6b6ef14b34effc3ba25c9d00f45ff95f7660e1cf768392538f
8c7f1eb8-207c-4fa1-a2a8-743784e479ed,train,f01b4a2805e65cf994483210c24391832f11d44072f06621c7ac868abdfbde80
8c8aee13-af0e-4dd8-870b-29a3396ef948,train,e2ca820b22d473f6509518cd9ac11aaf3a7c6d169f8b7639014d9b851fa7df96
8c91d18a-20e9-43d4-8131-f2d2fe0541d6,train,a952a41c99dc423c450b831ed7d1cbefc088b31405323bc38683b14e4ecf9222
8c9510b0-48ee-4eca-adcb-93bc9071025e,train,509a24238cb175c72878dc58e598e3ac8591395761f754ecac3e8ceed3d56a8a
8c9669f9-55bc-4e2c-8261-156c9c7bf8cd,train,1686a6dff9ba894794a2a308c576d9f17a3d644dd8efd7858d5c4d2cbe769e95
8c96725b-3b1b-4924-8a81-be06edbdfc81,train,d87e08844db9ea792dc9218cbfd3bbffa2185f559a466196b74c465a530f3e46
8cab8dc7-5cf5-407e-a406-00ea0641fd72,train,fcddfb73ab5fa2e155edad1ba776efc151d21ca65db7892f9c6b170ccd546a0c
8cb328f0-9544-4c2a-b746-2f73c2cd7263,train,16364346a0aa9470de6055f0119c6411d83bb11dab27dedc9df0966f35e146f9
8cb8b79e-13c1-49fc-98ff-e2c5cf706512,train,0a83b049b3291c68f05b33f2ce8d947489e0e6f9d603ab7a7ebaaed9307113d2
8ce335fc-604f-499b-ae6d-e096871a6e58,train,fd00bae04e11a627c99071bff6e5d1d9e65da7527ef41aa070d7b0b8799e0237
8ce78cff-4491-4e23-b06d-1a5ac12542d1,train,fd0f604f114aeb293380555df95f5106cb432fefb845d23e7be474d1cf54558f
8cf369bd-60e0-4496-b363-99e6cb63aaca,train,80ac10cd0c254b192ff0b1e9f9fed72f6b82595f7a316ed246014f14d5369936
8d0d8e80-b823-412a-8661-2394dd09a803,train,5599c5302327f1a08aa30efe10d4f3f3f31f936530e120446def43327a9953cf
8d29af50-7711-4074-aa8b-3237bde79418,train,e918a2dee272c3945270f98da2cd416fafb4517a6a7d9347c864b9890a7da431
8d2f2841-17f5-4a4d-8de7-5e4ebd009746,train,23a1b26176450fb401762745cb299a353f053d0ac36087c2154ea96adf31c10c
8d337b46-3b17-4a7c-b112-76b06bc5a180,train,3a40f18bf9a270cb92863a333d5857491244ee006a4c02f35a55503a7d1c44f9
8d3fc76c-6d59-49a2-a50f-907a80a6ff82,train,4efecae3677c53e0d21af749aec545d1b48e913caab94fd4121e09b8c2544f9b
8d423fe0-b899-4cdf-aa6f-f639c3576a3f,train,ec9497c591c80362d8b7380c8fd2e54b066f95c6809d82cae561665e3afba81a
8d4541d5-41ae-4a79-88c8-2361298c3ccf,train,37e521368cd6decd17d45ad2bf7cdcfcdb7feedc8bbbb254f875d8a35336e873
8d4b7cdc-2c26-46a2-8c35-b4100f6b7057,train,0b13aef0064f4982259ff3e4011afa3353ac8f26cdcbf4c01940fc29b59f3c37
8d5341ca-3e98-469c-929d-4660b7d8bcad,train,58506d205dcf6787c8bfa9eab052f0e8cdf58026cef54463bc4ccc28fb631ae4
8d69a3b8-2323-4c92-ba4a-111410c6ae52,train,2737dc522a49ffb4b85e03e193579cbdf4e6446e25839274cd60c43b5a0bd4bd
8d6f6a87-30cf-460f-b060-a78061134826,train,63ae152a4bc3423db2d06ca5f041faac9f3d24c2a5ad7e1304e22961285f02fa
8d704789-015e-4ccb-ac01-97c4e3762421,train,9591779d213474ea6a23471ffcd9a4d18f87fc34fe3f6f7ae6d8d6e02d1504f6
8d71028d-740c-4faf-9426-479e1caa7f4f,train,b3344f5de56b3dcb366ac402182ff1d4de0207bd90035f59fdedab01df0471b5
8d739386-45fb-4c05-857c-32f21c296566,train,4402ed6d4f4e8219674073e5781edeeb78de778f6bbbbc8a81ad9221ed1e812f
8d73b1f0-be16-4ff1-939b-85833c1df90d,train,b8592d71a6fd6dc192e9b468c4e4ff77c0a76ee3531c4b749d30e865996bdbde
8d8eaef3-43f8-4ef6-ac5e-9f05af7be4a1,train,383003a756869ea6fb2d84aeee2b647be43d2a74f9adc4277752116c90e5aa89
8d9e17a3-aa43-463b-a241-6314451f823b,train,15077e549a6bc3889d4f27ca3d91cce60ad0295d1b3ae05f0da9af5adf4e2506
8db2a435-b347-44f0-9dc0-9d862d36234d,train,e738f5b3fff86e4e31db03d7cc5992f9705e5ad545c88db261d685873f1ca516
8dbffc43-f846-4e38-8a1b-73ae081cb934,train,a758fffcdabb80f7506dd0b95055d884d08113ecf49a98469b4874aaa674c28f
8dc27b45-ef23-426f-9109-d6dcd704c357,train,54dbd30c37ac37328207c53bf059256aae89424cd38607595f47d5b920656f52
8dcaccce-1eec-4157-a813-4e1544ed22b9,train,8f5b5625b87cf5c830eb6a8cb24c4bad7e252763242166ee3139a1ff4a41251f
8dcb679d-0415-42e4-9bf0-d98590722e1a,train,ceac97d8628715baf2f6239b2aaea0567b15cadd704754a8c319fe07e231d45c
8df0b126-6de4-4f1d-b3fa-42714b6e64ea,train,b2e2bf4d137952662e666c54d896039fe9560de63685d341c400b4666e38c832
8dfada0d-46d9-4c89-8da7-83067ccb2b31,train,6f82d1c83b8b541424da15f060b00b5fb18ca8b0925b42edc8d99d12dd54edf9
8e03e903-4314-42ba-883c-61c0bbff6b57,train,9a7a9e7b635f227ba72ac84613214353fdcee8ab9d099785441b09bea84adeb3
8e1ac730-4ed5-4e84-8daa-cae9994c5a84,train,05963b5dca9515b7b8349b39f5306520e853c989ffa2919607d2f513d77fce1f
8e1c1eca-5286-4b1d-a0fc-b57b20fc7852,train,8336a863613e77551a563f4b12f05aa265253f5cca917f0754340d439620f81a
8e1f7781-f7d2-4408-b7dd-06020b2fa9b3,train,fb5f7e150b55d33d335bc7105c8a303b7bbd4c3d83d72d77eb2eaaa1ba4cbe6a
8e2d9441-7292-44bc-96c1-77646298d646,train,53f2cdbe5c467e7c6782a27dd8fc78961942395e843be0525dcd074c68a8c536
8e2f79e2-7d2c-470a-aadb-8a954a64607f,train,43f8c2c3ee456aec8a80dd6bd4d1d141063567ae4438b2bdca7da2d095716188
8e305f51-f490-4d63-8390-73636d5b752d,train,690fda0d555f7214532dc2aa4d554db8cae93d38a95e06b751a0ee2b457d4caf
8e31cb72-85cc-48a5-807f-503d1ab96181,train,a83040dcce70ff7724e5aa4abc0e31bee6258b77416ecb80c8d5f578566a7d78
8e37b745-d6d2-41d9-aa7a-4c27b68e4054,train,1161fce5d291de8abba390586e3f0b713bb1536dea0d9ce39bda10376ef8e403
8e42c68d-aa8f-4505-b0ba-82368987db61,train,262690d8a70d24637f16bf834dbcbd6f38e9f60acdca39c55e057c6ae7738bb7
8e454578-af10-49b0-99c7-27ccf075666a,train,53999549045a37980ac03ed370c3bc7f07b029d2d8f7b10c168bd4ca989368da
8e496429-63d8-452d-8524-5ee7fcaeced1,train,88dd63761f45c186f2b9e05ea87b58c62f46acf93ac27f25e532f1b15e9021d4
8e513926-ec54-4ad2-9b72-da6e2f7b34bd,train,728776210cd25845712656fd0f0677e8ea2a09c651abe8e6f2c14e3f84cca6a2
8e5ce74c-ea30-4597-8e52-5dad6e9bbfe9,train,c6fc0a9740122265576d9d3b1f3d3f58b4899e12852bc910e8f071e955d18133
8e65224b-47e5-4ea9-b22f-809896ec3e43,train,23527328a4993554bccebd79b0ba4b0fbe70d9da84ec9304ec767ebece1259b7
8e75f905-cf19-4f5a-b7d7-5d0fa967ac30,train,2840547d76ec5521826d4da1533de94fb574498082d857c0b3a180949c25397d
8e7e0e1e-f8a5-42fb-aaa5-b432a9fae4c4,train,918ec0a083b471d71165a1f97681d24c6cbbff15af4f49e8ffa5ccede5835916
8e83bf31-7968-4c21-9251-9ef430f99f49,train,b0f1295c7fc8742bc2a3d44e836ff308504a840053ce894f84e0a7e488b43ef6
8e8aba23-06af-433d-841e-5a22b545c783,train,a293256911280e9b69b8aa270734575f2a768e63958e66a74c7894b6181ba1d9
8e99f438-1455-4071-ac65-3b8ba6425db9,train,ab858eea72b505d02e99d801fe6f0b053ee3cfd7e4edd2b972e93e80122f6d44
8ebecb79-6fbd-45f9-b00c-9dd0c3297319,train,78bf646838252e7b7ffaf13c13e822cd8ef3ccd88ec836b77e65ae8d5bff844b
8ec95a8f-31d2-496e-9bdd-19ad30b45262,train,a591a6638f373cbe1e9982d158da88f9be0d1d3382af78a547bf6126a7514079
8ecdc55e-0f6e-4f9a-8a27-bbacaadc094e,train,ae5dafa818b6b72abe2983df1da67b8c68518ae3b4bbdb66bfa2c153fd861a3b
8ee6d3f7-ad3e-405d-bd70-cafe4a26b40f,train,64c9644b32d63060a9dff7e337f98a9b6af8fcc38b3a8995343d514e5ee7450c
8eea9a9f-a33f-4296-9bce-53a7d9007baf,train,7672895e8581b1b44f8d0252977b1b4f50aae40d4abedcfcf24a1ef011397a75
8eec6e9b-98ab-43c4-ac69-efb0005e17b1,train,8123199870338f0dc0532020a2d93d45b37eaa2392e37439688de0fd03088c84
8efdfb6f-fc1a-4197-93e4-849939186911,train,1a689a1557e35344f41dd8911f93538df84164148c8a31340313a1896c12bcf1
8f011e97-3b64-45dc-994f-6a8fe290f1e0,train,6a455e19c915f91379635655b667c6939b0a167c43c683c266e5c4b77ce9c99f
8f093dfd-d0da-4283-a1a4-88c607fedc04,train,739fd70e71808751209490d6b6497b1ab3db6cd421e604e9cbd92a3de5ea7149
8f1caacb-98c0-489c-9502-4b317810bb2b,train,b19d1a687a75b51469650dc7e41f1008c7219a81f04357898901710c846f84c9
8f2d1a5f-57f7-4bec-afc2-6e85cece8b4d,train,7d459217fe118f424eef0b57561b297262a699666cbab79e02ad5b8ae4020652
8f38a8b9-757d-48d1-b057-93f811121088,train,37e0b9a12ea682e914af29bb8d6e273151877abd50903633f25eb54bdcb0cc52
8f4efae3-5bc3-41b1-8159-052430e6c97a,train,d0d6d368f9a778af936addf31ad96827ea9154ff40dde3f4fa629e67c36d8fd1
8f64fad0-09a9-47cb-9caf-618ca7e5d939,train,46418d96af8bb1f2551448b8be499b98351700b4851b44a7f3da84407d87c2a0
8f66aa61-db01-4bb3-9743-3882252a3d07,train,7f92079a586ba9bd6c1578bdf17ccede16b7581976b08516c70e91b5ce1a648e
8f78b3ad-1c72-4940-984a-94044ffc08cc,train,e65a33fd705d291833c721901c4f2bcd548d8b6d270113bbbba379f72d0684f6
8f7f312f-297c-4467-8ed1-726021853590,train,14a4760c5ccc981e5aab2fd64c398c591be44ec38d05e8a6cae42a965b230e99
8f8c483f-7f9b-4595-a33f-d135845a39a1,train,bd209187864a16d6425a6a37afc76af5ab832c6e6778f5697268de052b55b9f1
8f915fc2-eb29-4eab-be0b-8cb7509adc10,train,bdcb9f946943efe4f95c46a0f4ba82ef186d7d29072ac473def8705c57a3ca61
8fb6e0ab-576c-49b5-b24f-8082d5410ac4,train,ba716137a20b1a77c3c349d2541438e649c867bab6ad639e16c075ed53faf4b8
8fc576ec-d61f-44e0-8112-4096c07074ce,train,697f8b276e623d482cb27502776795657d31a6f8e770d6032287640679bc60ca
8fc93716-2486-46e7-867d-84a8578ef234,train,5698d212d16134c0b3056d9ec9fc486216eba263e521684564f27fd2518a9b00
8fd007b5-07f1-4c63-b027-0299aeab1a82,train,8abb320fd3c112c15c22c5d3519a1643eaae597899c0c82f66c41d69a9baeb6c
8fd759a1-25ff-461d-8eca-de1349aaa6cf,train,011e67d6b9e8f54340da0782aad656ffd99429e2ee73b90ab4f7151831823aee
8fd930a0-d871-41c7-8c12-4867bf4142e0,train,e5c0be7aaf91884c280a03ea23a9c9c0f72daaac962f7f197d55e31c4343d7ab
8fdeaf5c-a3d6-45df-9c9d-1a0410b193e4,train,b621731a44ade66462b6f60b58cf7d70b3050c0c75ff664c764e7967ff1e4cf8
8fe3f255-b796-47aa-866b-5554b55807f9,train,c230a8563d8b21e239f2fdb28871990327eca5f1ccdc8da773c6ca445d6cdfaf
8fe87b2f-aa56-411e-be78-304e152b9eb2,train,c03c66f7426eba4cb6f58735dd9f60ca9c557057f1dade8020ae0d881df8a658
8fe89237-64cd-447c-bb22-83063d6ad717,train,a1aeb3b8bd7f45be9faaf3ec98de194df7f7bec82874b7cec2df4e21f28f02ce
8fe8f254-6a25-4b17-a892-1f55018ceeba,train,077cc68e12b58c18087b15778896e0c82789e1269bbad41c0269684bd03e27e8
8ff04d5a-5459-4c30-8ba6-d794106469c7,train,f9ab1568d121051097f629e54ebaf4d63256ead361756b963ee7d77a3825182b
8fff2cd2-2596-45e7-8bc1-4934360bd8e1,train,37b4ad9a20cfb5dc2b3d9f11d299749a117bbb0bb95e72ae52cc0c0e387d9377
9010274f-ef4c-411e-a0d1-2e7d44bbc964,train,f4ee328637181eae8c5a22c4bf5ed4e4047482d493323a3291091b3c65d55cb2
9021a5d3-bfc3-4f7f-8502-a0f36ac43cee,train,7422443b94e30e52dedb8081a49fa5066cbb833d3d0d8b4efe08dac4732694ee
90243e25-1f64-4e17-bcc4-f30c6904cd2a,train,490a72f8a82423b3da90a53f2842a6a6e95421e125c8b96ea20639b8f14fd3b4
9048f70b-6b41-4d6e-a240-fddf1beb86a4,train,438836533935afc6e25193ae68574667e4d9d6a265e20d0d2d1f9c043c864aa8
90582693-f300-4325-9171-a519b0b0060b,train,a87beeda9be18841dd37f7f9c189f42675dd43159e5badde1a5cc17d0ec35b3e
90612044-672b-438e-adcc-9e22fae65de7,train,70ccdf6b2358dbac4cbda88c06334064070283bb2f901ce18f4d640f60258310
9075c1d7-6600-4583-929c-f1e3c21b7f57,train,14b3e46d7688565935acd81c19235fbe341933fac97bcc572fe763bed44b0095
9088bfc3-355e-4d78-9559-d0c3ad16af3e,train,1092867cdf9c7d443b0e278817da6818d059ab2494cd0748ccc049cb170437ff
9099a9d3-a09f-4e51-85f6-ee1993afdfd3,train,985023e8b6c013795570cdd4804b935cdc57f79ef225f60cfc48140871fe18a7
909a373c-9cd3-4c55-b966-7e9efba15c3e,train,a6cd8769a7942a77aa5ae9c52cda564100aac78f2c0b81b72291bcd92b88c5ab
90a990b3-f742-40cf-a6f0-b10a44bebbe9,train,b3f89c449d33d3ca1f03463a3c721ae6d10797f6ed9767eda9649f1bdaa27b70
90b22f18-9fd9-49b6-b467-b8cad4d1a874,train,ffdbd19ca6923cefc10f7ac78c62d8d37c32bea0a7e40da84f7a5f41ec91a8db
90c86cee-b59a-457b-9f71-c257bf1e23a0,train,10585676bb208bb7d41276cabe27ead3b4208c1347123b4b56a54bda7b10e396
90e1b663-04a2-4541-80b5-7d7f1af52252,train,5862d9ca9b9e43d8f3d022f4c2f584fb83a92cb5595461c2865d4ad178720490
90eabcf7-cfda-4231-9437-b2905c8dd4a5,train,ecc57ccf31726c7d4a79cb3125c76cdd10c442ba9c31b9f2439274f3fb6f537a
90f78a5c-675e-4bf0-8ef5-7492a5d2a58f,train,557c9478c7693f890eec3915a6260d7748b6ba244dbd04a377e192484a12b08c
90fabf59-da2f-4a31-8e37-7d57c09974a9,train,23b8e430561750201ecddc3bc8f3ecdcf92bed3cb07c7d748d22f99baa1072f3
90fb1bdf-7356-4b67-afc8-418df7156df3,train,2fc21e6ae90553ade2b2d490db03bb4063e5fb11884622540ffbf0048a0c006b
9100cf63-c217-4e62-9c6a-60aa4736aa9f,train,701d948d704090d8fff3c298ac24ddfaa7fe2d472b0627a1e83316fdceb14099
9103d6cd-4e9f-40a7-af33-b942465e4ba7,train,f329739aff6e2c22acb0659e9d59d268f4606db98660cef5c4e1620aec9bd0cb
91101e2c-847c-41ec-a968-f68a6aa722d0,train,bea1943b2065e261cba3d27b9d9c0118e7e1ffb8d9f7af045af61b5bde17ba27
9112d9c6-2453-420b-8874-6d32fbf13acb,train,58c2a610e3a0c91e614c97aa7329fbb9cfd82371055eb0ccb16ee8dafc3ddd43
912664bc-9aae-4a90-a315-199691931bbb,train,1716d983a77807ddbda8f6836398a4ec0a6bf6fee07b5cb15581582776b742de
912e6968-26cd-4d02-9fbd-69d1d8e3c957,train,ccc7fa7821592fc4cc30152e8d2be8897af47f89bb57b0c54d591995bc599cb6
9139190e-45f3-453c-aaa4-80ffc10e5e81,train,ca13f1b1cdc8a1303d5e1fc8a4b2f84b48743b0e1da757c12f555523ce372583
913c2369-4ffa-4a21-bb2a-358ad754f896,train,6aaa4bc77f8a2f6dbe21cd7f6c920bfcad677c54d1856d399149cd8684f8779c
913dc9e5-efc8-4af5-b94e-202928ad80d6,train,6798f6bfcd80fc98a30f10fffdf69465703177b7f45ede743eb0d0427f816840
914395fa-c7da-4029-8e57-db8de5698906,train,22a6f3db9c6ea521d7c5a5943db02b412813fcfb9af93b1b8d50da77c996a6e9
91574597-fe12-4b6a-a7f5-c9482996b4ce,train,e507c11f9690a4c8b77700e45bc6027440dc815344efc072cbf9d58eb62159d4
9183775b-bc0b-4d8b-9e61-e29007ecf87e,train,203c268fe6c020dc1e5bac8eda132ea384e1d9b3fc2b03f24d601b9c868bd058
918645e9-3105-4c6f-9fac-58fc918fc792,train,7ae148b17c08746923dff8b1fdbc8322366fb262b22a54ac0d63cef6bd0f35d4
9186f3ee-24c0-49bf-8637-f958e5c41dfc,train,f3b850c3ef00e8af2105190e2a3f57c537aadc5c345c97be057be8adf6f14711
918c4022-9a63-4515-be86-975d3741c275,train,bf5a36aa105ae0de9df6ce65b79be6f03b75596ebd8b1a2ffb84789a259377e5
91914cf1-a51e-4a5d-bdf3-f3bd1ddc5b31,train,b16f9efeca423f295cc2fcba6c4021eedd6bef9b25a57b6df2bf82435bdcac0c
91a11b07-86e4-418b-b462-d148ac1362ab,train,c5eae74cfcb932080af5226cd6e2c347bbd5a972aecac13f5623c03b671d2bd3
91a16ae4-1d81-46e4-9d0f-dafd770d9a29,train,8178b5eb53f7f1674950793bf51aff1b851e2fedfb6162d6f015f4bfdbe1f564
91a2dce2-d305-47c6-add1-6913be1aacae,train,ace8545b1a07c6fe1c599b44d0730d31e393752e0bea578ca5decb19b26135a3
91b40b76-6845-4051-8336-75d018d80d23,train,a82802508aa68b05ee745c219c9f401304406a39455d60d88ab450a5e3f1cbc4
91ba00b5-2f49-4795-810c-8cbce4355bb1,train,643b53c654510867e8995980f3c46036052b2d70e08801435e78fd2017bcbf8b
91c1bc09-52ed-4169-94e0-13abe75b67fd,train,943a31c0db0403fcc787e9fc29bdf419b79a0ebe078de43f1c849994af712e90
91c4d385-bdf0-4b8e-9a30-54e410b50dbe,train,aee003a5ce8af3330b65dd58cc6785ab7fb0b99dabc262129c5329b9cb1a4bd5
91c8b4be-3dec-4fd9-89d8-c7fbf0c33771,train,411eb34a7f5c4f363e3eb09afee69f25b3862e973cf89d7b0fc36a687674e891
91cfb43a-0209-4418-867a-696a58a78a79,train,4667374e3f4127bec7f8e3876c69c42d3c8b91658cb432ca1daaead9eabe8e5b
91d16009-05f1-414e-bab6-b3a4fcfc4eaa,train,7e8d2d6b1ca844d249a68583ad3443bd590202636abf69945d63e59bcdf9ed35
91d18892-95b2-4457-ae18-b80d3a6dc3e9,train,64f4d9037167975eab3005149ccc8d2607ee0bc3ac8ace3b71b534b36d5454b6
91f6628f-b009-4e0d-ba5c-1ca1d31a117a,train,c9a5b2eeeabd4ec414613659a3d4fc3812fb95d14e2b60b66b4627710f128482
9205c73f-aec5-41ca-882b-09f0c63a4d5c,train,dd7c7bbb6713e1954a309cacff4ac13fe120fd6d3f720d7729f73c7b376513cb
92105bcd-c4ec-41e5-ba96-1c79a43531c2,train,e07ea7822b71fd9c9365412177c6914e709430483e83483da09f0f408848db6b
9218b11e-db34-47f3-b5ce-969d1cd6b047,train,7ed74420b6bbe58db59e5d0ed91f96d51f86146126191eae0812232f147146ba
922b3625-3c6b-4b17-8f2b-504a40641433,train,cb4220ddffc9edf15d643fe2a21ea988d62649dc5a07d163575e2fc1a3fee6c9
923f5665-052d-441e-984f-517d5643e65e,train,9b0cc6eb30d0fb495048498a5d2971d36c9253a6a22c708e7b904efe8dd19a3c
92433c51-6ac5-4d51-9bd0-56834fbdc58d,train,c6557187912c548d29ec8c1dcf052b6e1018f497cd9b298b611e231ecae726f4
924c587c-e461-40f8-9488-13baae347818,train,9fad56cfa86320d6337bc737fb7a8b42d5e3037aea09db7e48d242e227ca619d
924e4723-10b1-4031-a7e3-c7e651f2a779,train,f314752e24a3e484ff6b4da4510ae449ed09392e4ba8b21036dfbfa9bdb89006
92543a9f-d5e6-4cb6-8723-d239d32e8412,train,94335caace7fb1ddc5b06888f4a6acd4b42aca5dbb38496c684ccf86d943bd0c
926e480f-df13-4ddf-b3be-ccee5183ef82,train,7c4800a647607401cda26e5f10a3d0d25a8fe02369f911f1491524dd505a17f1
927e31ae-e158-4cb5-a1a3-b876d6e3f59f,train,4d440baab264d54c167bc836c046eb9f1bef629dffc03b82a90b9d4e38af82b7
928057e9-4149-4cdb-af60-430caaefc4e1,train,6fc8012461dbd4976cd47bbd206033bc4d35f14b825daa4becfe8602972369c7
9286c759-e8d9-48da-847c-8e7a48e7f5d3,train,cbf78ed2981680802f1eeb3d5594b66ca968990336f9c640239a23a85f510780
9287b1d6-ddde-48ba-911e-76d0923391e1,train,a55bc32242789f2350d5e94f51ded2218d879fab456b550075e401f396886b2b
92a48db3-ba18-4c6d-a958-29da682b789c,train,befd2418c33650112c695226ee2ec18976b48958a1d303011c48909d9f570ad2
92b1aca5-58e7-4870-86dd-c50870738a0a,train,f62e105db6c8e55082b008f5f0518b23015728a5ae8a77fbb5d399cd58e23dae
92ba4433-26be-41d8-a624-76f592d22a32,train,34aef01c33dc155572cb11fe2417a143c006c5b7a7ed35387272fa2454e05dce
92bba095-7321-44bc-83df-7c6c3e90d176,train,b4d91df4bf46eece14835c08594722da20e202f055d506a53b7e3b40eafbe954
92cfb530-ab8c-4056-bc7f-4c51a76c604e,train,c4c80d197b4d3dc17c0230ad1ae89c69b8a8d899862224117d24ce251109c459
92d85ea4-e82d-4552-ac2d-ed477c934e90,train,0ce5224c6eae473830d520752362537b5ce3988ed7efb758fd3b20c255916bda
92d9170d-827d-4f0a-b16b-326175e26bf9,train,58ed599a8b0d332a193253c33e719c268aa17dcda13eb9b0374341d139d01bdf
92efb1e3-ee04-4b2a-93be-1ad4238b8688,train,7a9a0a7278fe3dab65682693c4828229e9b530ff5cff1bc37adcff46de86bce7
92fccd0e-db13-4895-92bd-a79c144fdc9d,train,437b58029247d65b5ee1c2385e4d8eb63f87f68a47364c993ebb4bd89bd3ad76
92fde154-dc11-4054-beb3-8a706a16a269,train,c9f931b6919bf2e126b6d0138634413d29a1119aed63374aada06e495369ca52
92fe2758-c880-45bf-a8a3-90c62ffc607e,train,fd2ebb0a8d0d6c49c40e350b1f35ff7509e073d9214caa6e6fc704d595797b5c
9304e670-8dbb-4674-86f6-68366778c8a0,train,4bf635b243090e76d34858c6c9866d93082e5ac68625e039cfb5f2b5e3f51d13
9305c3fd-9692-4663-a987-e352f7f5b6e2,train,0207cec71c2697dbc36b48a66c92f8344e7561e006777bb15f5db940376a4d29
93062bd9-7343-4736-8d7e-3b4c2dcd1966,train,894ce65efb0e8fd34ad724b829181627ea77b0b98b2c3b4de1f2dfae70aba20e
93093acf-c94e-4f96-9cd7-1a989fe320fd,train,d5261e4662f7d3bef3de7f33c0e5f2da16a808e4d95af58f18ad15e70fcc9455
9324d2be-81e9-48ae-9f99-348e02b6c705,train,7075304fbf1810be50f373458435a8081451a6aab504d295cd2cdcfecd39df40
933eaf58-524c-49b9-a2d9-4df2c7614879,train,da84a539645c2f83a60147fdb10909d21f807bc0455bc010412e2e8f3cc4ebf8
934e7412-325d-4543-aad0-eebeea4ade3f,train,a985dc029e2d09108aba682e66fbd5766429461058cf197a0db517a90993be6e
935908a0-cc1c-407f-9f71-8c139dca7f53,train,9223516d83dc962f411f17a22cf5409e561b1db8fdbacd69f400f8df7afd9cab
93612117-4c5c-4c73-8914-0df372a103a7,train,334e735a9774b04a0db4ff673ab66964917a3e89bdcb7acb854f0fd74fff7e68
936fc6ea-2b16-4798-9e13-4528e389c15f,train,980b61911f5503bd379960c8172ce4f5420e8447099ff77e391f73ba996b398a
9370731c-4a6f-4d2e-a5a4-9296c30bb976,train,7c2c217e63c6cb9f2075bb4a35a2a20c9ca4db73efedc722a7de1957646d29de
9378a880-c539-4a9a-be1d-42a9506064bd,train,52545ea3a2d09c258b37b03fec1d32f03deb6c78a6a52be10bd58b45c387eae7
937af731-38a6-4d01-9414-8c1d27bf7fe0,train,7b4927df9bfe9453ed9412edd80bd6f02595cebe680e3dfa66100f8104bdb348
93837372-15ab-4ae3-8faf-20cd0962cec8,train,b9f3d4cb6d86b237471f7f2470bccdcc484a10dd3f8efaebbc14b9b19da11f5a
93866f69-c8d1-4ec2-be23-04ba31e1cd47,train,ca91e2d49910daf12f3a62287f1b56c5d8e02a01b45e1150eb04ad3eb87d3d08
9391578f-1688-45cc-942e-39ba74af8b3c,train,863baf754d247fe89e7f5835c8f947f19186bd8be2f46f74d45dd1e8cff8ad36
939986b0-fc6e-4f4f-a7e8-f2d2f79a0887,train,1bda0fec3af5bfcf10b17ce9cd4d75a78ba94b8325d94e3fd22e1d582233807a
93b2b7cf-fed5-466a-9e44-bce286ce9050,train,e62b8950ead1973133915efeee47a5f2ab2285fdf14198b0fcab1a0657fcd403
93be5f25-8d27-49d1-82d6-1a05f4e9b4b3,train,5962142dfcd746bd9a1e113182faead93bc9bdca9c49b9cd7f26964bacdf0dcc
93bf5c0d-ef6b-42e5-ad0b-10f2d3b09bb5,train,b742e3164c83c8f20e6faaa78b90b881dfbfdf6673d15eae458a53726bc62333
93ccf0b4-04dd-4745-8fa8-d72a6702bc94,train,18707d5e0d48036bb465cea05590c58df3b1cd0f315811871972d35d6dde1b39
93da0602-7964-4d1a-b81c-0983a52877c8,train,36251cce612b1526cc1727ed1adbf39091ef8b0700b4160fd6c90ee9581b5259
93dbec6f-0897-40de-8fbf-01c46fa00887,train,1d79a034570083a1af5d155129e5947b1226d87164d0538e75c2f65661d7b837
93e21cbd-930e-4c02-9db3-66a15cb0244d,train,a03ca75b1a6c4d4f5140c40dec2957149163760a5e8100f4ed0f785b156b8c5c
93efeac9-4b18-47f7-8954-315e1a690bce,train,d35764e3c2c5f26e56606d95da156e5877e14dcc557c61bb6802baf2391a66a1
93f48ac2-c789-41d3-90c0-6e1fe1db47ea,train,10febe0d40d3c19a12455e7123662cf4a1f151cb9a11e7078e7ffaf221feec4c
93faf023-1b76-4944-9884-259e705743d1,train,96181250132fe069a8f2979d09fbde749f7e3f473056e6cb8490dd587a6ad2dc
94037628-36ad-45ac-ae47-ca1f5c03e153,train,deebd69db9f4c09b842854673350342417a2893c55ecca6e9ed01d5d0d973375
942b47cb-535d-47fd-a177-d604eded982d,train,f2b83ed74bee905b9ff828a078692fb4bd2742ced913b3aa12cfc826dc4baba7
9431b321-814c-4125-b6b4-4f53dc6cd630,train,175b6d4e787775806878c97b03c153126b2187ddb894de74fca74765057e913f
9440bac1-c09b-4f4f-a1ef-e7eeda3bfaa6,train,d039d94a61f75f8eb3134fb88f4ca19fe85ae7af03cb574006455e2236008be9
944f1ada-d406-44c9-9d1e-4a991e5718e5,train,cdc2c37e8bed88b07f985f641b572002f872b4925c9249f9f85b76677d1839e6
944fb847-988c-4129-aae4-991b65cef6d6,train,f03212be190744de80dd217ca3268dfeb09dabf7426f7291914f12a930f83462
9455710b-c128-49c0-89a0-03f564b6ecc8,train,a98c044a648e6bab928bd32d6ec6c55a08f97ac6aea8116e62044e0fe342a3d2
945610f8-d15f-4a47-8989-fa48b00d578e,train,d2bcbe2a6d366c55e2d0d2fcb3d459a5b14a84340ab3bae2e19768a245e655b1
9456c9f2-375b-4902-a5a8-3e564b9a843e,train,783cc5f270f62cf93dff0dc6b5926265b69e3c22e3711d1442d2535d9e3cf7a3
94668e23-5d98-433c-b383-466f8fd4c1fd,train,a01ae14e5f34d3520b2c867abf21049a5a9b53ab4153c5b197588517ad84e127
94672f7c-003b-454a-8963-262db88af9f1,train,3c5dc54e4ddc6d29eb62e407b2ded695fb0d22b10171640e64266baff4f7bc81
9469fedf-1a60-428e-9f06-11e653861666,train,2721e9de9379b88c8c921ac6a3771a38c4db108f1a680d68d21f1a8b02384096
947631d3-2388-4bb7-bd3c-bdd7a9aa2c94,train,6ff226ad60b9562b6c03290da7ab19d12acd2bdb426838bf6dd1e0df676a0531
94765887-c2af-40b1-9f40-b1165f3ddafb,train,e95e8909d67050e5bd1b843f9ecaf29ac31a3e581a3c48eb3a1aced72a84f132
947a56f6-747c-4984-a061-c5461ae3b482,train,e99185ba495498d7f6aa5e0db576d4c27713fdb5fe0a8de54081f3e686510d34
947bdc2d-b101-4da0-8e93-6dafa9847729,train,3f254f3915da47342aae1156c3bf996d2ac830377612d6577e2bf213bdf09805
9483a3a0-519f-4554-addb-6b9c6aabd15d,train,e9f4ffc12f0faaa54e9b3e5bb95069c94ae2e2e92b63f8a271041016acee4699
94ab8200-e249-4d34-8865-ce8777c860ec,train,dbfcc51841c69baa519a1551ac834b0ba7034b79c155ed4484930b435bdbdf5f
94ad2a71-08c6-419b-ac57-a0c6f65061d4,train,ca117bfa0bc07c5a3c35a11c72e9188e6b5f28251049a3a4aadebfa5cb53b6de
94af4d71-2c79-48fa-ac3e-74253bde92dd,train,40fad866add9d8928c31f177eac068ba90490614cc429a63ffeac87c03633c1d
94c4af8f-8687-4e94-b3d6-cecbcfebd21f,train,3d924fa5e666967339c3202254576fa810ce9dee26ed37ac55e00fa385a9a361
94e1211d-b702-458b-be5b-262cae109c7c,train,e84f18eaa49c8c13372fdce397fc933ddaf7a2de40659e9847511397165046d2
94e76e7c-bd2c-4d62-8eea-61b5dc54b8c9,train,76337fb34bcf076c9e17587bf4cbbd8e68e4f1932f3e1ac584706818074374c0
94ea121f-c60c-4520-aa1f-59f113218d9e,train,9d038d52726783f8ae03feee4d4fa2ca09e43af6d9342d6e6d787291ad048a81
94f81ddf-3236-45d9-9e8a-b92aacdbf692,train,11c655ba2a7bd0dd92e1e491d6946421d13ea837077682cb0652b4e98187f17e
94f8c2c8-a5e0-4a01-a7e3-b2a0b5151dfc,train,cb326cee85fe5416a579461800ec067ea89f4448ce4e7663849204c56b80e96b
951ac8da-cae1-448f-a455-ab986433ef29,train,accf18af95b14aafc18bafa62dc11b3c9dd02e7aa6583594bd5fda72279b0a11
952466d7-a75e-49e7-bc75-49800479e8b6,train,cab3017f584ede8644c03941069952507f864b266cb111ff2a723b135e7be931
953a801c-855c-4f49-bb5f-c62eea21866d,train,8beb5e0fda57992f897f94e6af36f0db60c778ba1cf97e9e7f6ab38e735159fa
9543c2e0-e098-4084-a838-0e3fae6bd7e1,train,1333e8412b0cf811e88d02d5c095112606fe2071fd2d12a5d501def50b3b87b4
95462730-4b40-47ec-af32-9d0b41c92d75,train,ddbee92e754c925bdab759ba665161cd0c69859c592f05bd9bbc326d2f0ad4f0
955dc8c1-48bb-4f09-9e2f-c2db521977d3,train,b7d7fe7dcad25824c71266d89e1a75e5e52b83435a168851ef94fecfdd27509b
957de216-b25c-4d87-8251-2dc12b86b414,train,6bdecff6889f0d6f224fd00ebbff7d144b154393267f60dc34b663168631d0cb
957e6983-b5e4-404b-83f9-3d3c7be4dfab,train,bdcb1bc3cc86492d7848f427f8bf69f5cc953e74876a6a0979ed21c6dbbdd4cf
9591d727-ea4c-4291-8f95-c7fd1deda88d,train,78d2a1fb353d280295e84ac5f3ddeedc0779c3d6baccad11f09e67c97d42c7d2
9596f802-595a-44f3-9f83-47fe2fbc7583,train,f9174564c3e85fcf96dedf8770ed81224c726cad3c9bda0686c84791a2b70096
959e8559-1ee7-481d-b761-c8455e6f3579,train,1acdc65efa3f2450339c32d9dd6342a101404b430f2bf0de32ff3c650e0c2635
95b3573d-0e34-4ccf-bb7f-299c3449456c,train,c02382b113e2528de0b097667e89744325f8418cafc7e423f23e18af3d5c8a59
95b7c82d-c267-4a4e-9441-5685f606d987,train,af419a7a597477a6a2f76d3fdc174aa5a450c5585f70e92542f8cb8e39391695
95bcce2c-affa-42c7-99b9-e53e0d2283b1,train,a134019d4c66ac55706af495fd3d39fce4b7ec95c1c4ecb8c1d12fa601383233
95d68c26-c30f-4411-b820-273648628a1d,train,8856c31eb4428655bd2a36689a763930265bab24f3f424b889cb9eb5d3680f49
95d6eba1-a6bf-4b10-a0ee-c7dc60dc1427,train,b3c23ca6a1b02616f38cee2baa55133f5c9c3c6d10b4adda39017521767deca9
95d76614-3f82-4a7b-be51-52f967ca3253,train,fa5f0c0c79ec5c35ebf75e8a90c540b892a5733ba66e8cf3f3d8286833a590f6
95dfa3c4-d80d-495e-95b5-28b61551353e,train,4ff5f4034cc9807bc72d39afdecc7b280d3b7cde2ea2d6c4be761196d4550567
9605ece6-a850-43d7-8e8e-43a176a9cc96,train,1de8f663b9674287faf950010378e060c148abe958980e4824bc58e912d57bdc
961e1256-5e76-423e-ae72-f8b1d417a0df,train,0ad4ee0be4ba5f5fc7a49cb9aa143926e1ebaa2c09a9ac85b2fc64a7386929d8
963230fc-f9c4-4824-885d-88ea2f5d3305,train,2d0755731e2d5fe4deccc24778fdc41da5ddb390a4b11cf9adc60e6657a9a934
9636cd00-1366-421b-88fc-17d1e1f98f79,train,af3372d0480b16fed388699ec59977fd5cd220f93ca6cf5590afb9209900b824
963fd475-70ea-469c-82cf-8d0a4b7fe2d7,train,936e75cb55240b3827ab2cce932a901a02cfce2621e54615d2c405de9fb89405
96423e41-d98f-4e29-8e09-d2289f7b2922,train,af4925ed60c05ef139372ceffff1bc6c6f8ac2747d86d02bfb4463555471fc09
964d6a9e-55fd-47f4-afe6-3a855f57f526,train,ba0a104579403443077a152926ceebec25c854f31b23ec82f9806484ca77a2f2
964dc8ce-a17c-4691-8681-6f7a92e1a373,train,ea5716497f574e8cd60564550a32962630aff1455eb91163519d67cbe77da07d
96587321-a9e0-4f1b-aaea-c1781290840d,train,e2778fd63a91fbcc77e56e2408364b6b683701cdb36c5ca06abd5487c42e3408
9678c3ed-d49a-4fa1-81dc-f875f752342e,train,da8292ee10950de47584aa41bd3d6529245ec6f19e7335e423fb34ab56a1253d
96799362-9fc8-4f34-8458-5ba2e01de189,train,af1212a147e20636c6a83d02f1e9d7d79ab1b94b07bea391a092fb7c825cc070
967a9c59-6038-4403-884a-fce61d7673fe,train,962411b7237a6f8ba55854a24a41e7e277c8e3137f89df5cf5b79db2e13e2888
967da036-7d70-424e-ba9e-b08dda4c2cf8,train,4f147b298c70106ded1f41956c8ea864f891d70913fef4c083a35fda29086025
968d107b-d82a-4f54-ad7e-e6d9a88db8dd,train,1c00c908d6d8267ed6010f7f0320f9f63ababcc4827db698b06aa97dd6ff06e3
96a58447-9d50-4ff3-a4f3-b4e435868abb,train,0611aa84fde596f8f4bb5caf781d294cfb0b3545ff5c538e84a6d22fa69a8bb4
96b1020e-ba06-4bbb-ba3b-28e0002187d9,train,de9b30368eec3b98315a729517a37ae87bc8f05487c804f204feee48c772724b
96b9e07c-68fb-48db-8905-3b4ef122cffe,train,917bb29acd05fea83f6a3b63b62173c9f4f8b5682f26f1c84f2f80a699f388af
96c942e0-1af0-46bd-8a89-8e436577e224,train,77594129dd089a7537fc66cb072e2a461c13a17de768e722e1ee6b92c93425ea
96cd6ef1-7a24-458c-895e-60cc0381ccab,train,511f611147b9477bf57d4fff6670cb9a4edc2cf6665d8172d102de20a3c89617
96cdfbfc-9bbc-416c-9c31-4d1fca9c85e2,train,7fe9c21877edd35d5632eeb96eff412db08af490b1b45623cec1e35a932011f7
96cee114-e0d2-46bb-86c3-245ac7c2c3f7,train,de66f0eb406cb5d2143fb429dcc7e06eeaa275cde6a73002e75ec97dad756ad2
96d95186-81fb-4d85-954c-a113afc28846,train,3497bf77b31865a1065de377a16382280c4d303a0872a9c557d70f951807f407
96dd6f2c-98f6-4a83-a3e7-806333cb96ec,train,5a128efebb38c24cbb5a3d2ecf1a8d05336ef02285e603545a1599380cd8f65a
96e188c5-99b9-491a-a035-80ca09e5e447,train,5b48ac9dab26c7017b247c7c0976e074cec45999df853cb4f818074c4ae8dc52
96e233a4-1c24-47f2-90bc-0957a32ab8e1,train,e19956cfa0e0a23e7a78a04c106ffcdd4aebb122800676ae68f8d0f259098517
96e67751-befa-4140-bf86-e025142122cd,train,047b342576ee8462042f0947930df364a12d76ed3550ca3c0ab7e8a7d4d7014b
96e891ad-6613-4fe5-86ad-095e02cf3983,train,4ddc7bfb1b71b1c527062a964f110bd7d7b3f2ff5e2629b4e279e3137b6d70e8
97020faa-c25b-40f4-8623-114ac16b1709,train,cc2a0d18fb99b1cd44f108ba3be86141e58c0eeb6c3c09a61b650a6d1eafa511
9703a37d-8140-40db-a648-a47c59db8238,train,181d94372716e49cee0ef9771111db8af048d993405721956cbcc9b83fbb61a9
9712dc37-7d5b-4246-bf6d-8563b31adb76,train,8b332d2be38b559c70735206a9c33ededdc2a632d146ee848fe62b5a4c8889b6
9714eb06-2c1f-4bdb-b49a-6b23456e1cb0,train,047c388f16944500a99a94eba08e976c206a3a5156916ca77c86d100790e19c8
97161c06-0da9-41ca-afc9-20ad2c9e8c81,train,76a6c4069d59c4ebde82910a54d6b60ac32f416dfb19f0fbb4d7720c1a35ddf2
97355d60-159b-49ab-98a8-f39d0d6325b0,train,9dd6a44d7045a839c3302b58f5d9f1329836bd16e92e34701b1dae9c7c50b2c7
97382c63-a516-4450-b435-d17abb76500e,train,761872a567a656a783e5668596d9de607feec0cc4ebfbaf5ec2e8b1b19ea6155
97422dae-acba-4cbf-8875-3f8ac6ffcf78,train,714a5d712755b32d2f4fb287357c21bf8b31e6836ffe1eee5ec0d7626da8a6fd
974ba924-7286-4b2d-a5a9-8d4bb8fafe09,train,ba16116e06b3531f446c4c40c669a59eb65cbd6e67388c5f0ac61f5fc42cf4b5
974bf2c3-8e53-42c3-bfd2-201c998f08e9,train,c6bd0d7384593a05bb56e530b1c76819e67b5bb168408e8a98c5371cd9eb186d
9763f03c-9548-4864-acfd-e5977c2b86ab,train,5018a6892f1795c197b0b2833c5e7108b3028f1ba39f291a07e0191f5167ddd0
976a9c0d-3104-4150-8903-eb2099ef87b2,train,7bca4c988b0313c9e89cf1d597752ff1971cad19f4474dc0b22830a1e8bc62b5
976faabc-e67b-47c7-87ea-5ed4a97bb30c,train,1f63018bd4f46db02763485b5422c676c96dcd5cb38a7dedcf6da8846c4daf9d
9770e362-252c-40b6-9725-25c1e04ea25b,train,446552baf86505674bece8768f0b4a2145e75418c46603c063ff5c826f198eab
9787ae16-ad19-449f-842b-d35c50b6ffc9,train,93ab33c9f7cfc4ff2371091082e5f6d8af3219a495b6fd94b3a887b93cbbeb14
9797c68d-09be-454f-abd3-fc1150cb862a,train,d15c52eae07db774197e9009b86f48bcd3b3f13c6e81758706f128e5de62b087
9799007e-dc21-4ce4-85dc-54effcfda9cd,train,d6d6c882993229d9c53eb14264e4c74b0c44c2764652958e0adcbd905e68fae8
97a92078-0073-4553-b872-7183cda38fc1,train,fb4eb0f400b62b2260490d4825a0bd2b9641f207eaf6bbd7e76de235c6d4bfb1
97abd14b-db36-4101-abdb-0a9ec6822edc,train,dc3e6ea64218d740ca753bd0aecf209c31d2fefd69bc841d14dbef6a42e86161
97d12a1d-9f0f-4626-bf60-665f9bade247,train,1586d069bd5be61a6e5c9c98bdd5f8ccc55eaac8d83805844fb135b9e4fabcc9
97d12b05-52a0-4228-bbb3-70f076d53437,train,b6e107e17c14c64ec6f7b1f2f71560939a37a46ee3eb5efc8b2aafa88d4f1066
97dcb31c-6827-40c5-8cdc-f024bd36cf79,train,f86e09939475558829de099c1eb3a90841d0613d118c2e206dee2eaaabee3bc8
97dfaa91-877e-4027-98f7-27b86ffe41fb,train,764c89b76d3768a27ff8d38b3d87d25ba92b339b77d897dcc43ac3111afdbe4a
97ffae18-5571-4aeb-8c5b-8f7325b48ec4,train,ab8e3347f0cf45e9049a38ee8657607db8bca1a5ea18e5a8ee01de8c7f511d9e
98011a44-0876-40eb-b6ac-8f717cb21ccc,train,977f809c3e203caecbc9ab602d9344a4e1f031d8a74585cc089148f2d73fcc6d
981603ae-c0f4-4dec-8d9c-de0db9f0b49a,train,84269f10143598e658aac83524dff5bf72b552578cc06155c7e51f87b77f935a
98164a88-0595-48e0-b2c0-2a2ab932a2f6,train,22d79cff248f182a686c6abcfb91cd0b5a93310ef9d296d5bfd24ce339097570
981c16b6-0cbb-4d68-b07d-a67b171d939e,train,6f0cbe574c5b4b22b9ccd663d13880a8879600fc18eb19e09df6584e9a172563
98257c31-aaa9-475c-9e4b-e74edccf7814,train,b38ca9bdf8d99d58e5787f0c3b1d084eb9a9450e06f9a5c1f55c247f2d6bf5d7
982f64d1-b8ea-4a8b-bb3e-4b83aa2c730a,train,0662e0269c9ed0c612040af22af63f330bf1be6ef544179c40b04259b930c38c
9831fd11-7cdc-4c1b-936d-bc33d8a3109f,train,cefd941484e543a97dac956d6cb5e7bc0a8ad75cb512e46a557adc974f63e8e3
9836a8b8-1438-409d-9a87-e32fe1544840,train,aeaff6cb7622739e8366e52fbaa382fa7ade57eeb813f862adf4e2d5fbefe109
9837744b-0a8e-4988-ac08-4f6346a04f3b,train,2cc40a4b94c8c6b3c56083d39e65a2cd1a77b0c4a2e001b3a6fbad14885144c1
9837d69b-e0ea-4fb2-bd14-07e025545df7,train,0527ee460571c7b79be7aba1872904e73e106953780c22ed60ba499059b7c792
983c29d5-20a4-4358-b638-ad0d4572e25a,train,fc94f5b98a751f1cc3ae26a0cc598a3f620f6db8ae1c42f404764dd9ce3d8e86
984952aa-d665-4d6c-b7f6-36856945e76c,train,896b6e8d1092355808b94135c9d4f3c5dcd68225339d342d967faa7df9bd7b3a
9849c2d9-6513-4a1b-b831-c7e0e1d4de94,train,cab408d23e518d83b7d1347492921fb2fdf3b35a99701d7e42dba698965fac0c
985675c3-3922-4177-a3ef-f6c2d4ddf04b,train,3275eba0d91cf3bc105fd20e8c64ff2846543cb1cac3343c44fe393e67c78051
9856f923-fed5-4d54-8a6c-46224550fdfd,train,3bd8e0ec15f0d7ef99a2cefa4995112025e0d9759c08817bf528204c9a93229c
98615752-4e40-4ea5-85b5-4d33050cab4b,train,e942d0d775bf4f7fdec95895eecfef622f7a4fd2be84881d7ef266c543df7197
9861705b-174d-43db-aad2-aa1f68fadf1a,train,89c64fc37dda9b84a3bd335646048f26a06a8d1ad4805f8d6d28f769f19de15f
986ceed7-9c64-434d-a559-29fcdf4c7b55,train,65f997046f0797bb49b24c32f7bd3adfb8f309fc0e04a9c2287a59afcb6036b1
98747cc5-7f2d-4790-829f-54127fe782af,train,fcbf35cbd8e2c84e3dbe8bcebac517559a131a00ef63b9352adc15c6bd6b4f4a
98775dfb-837d-4b06-a4bc-d7db50e116b6,train,2cb02fa00c18e4bc970ed3d667fea50c56552d5b8121f70a3be886f23b4438f9
98794703-9c5f-401e-adac-48e09650830a,train,fc29b31225fa779bb64934284636fe93997cf23a7f48ce744b3e4d3a02012fa0
987bb597-261d-4b6d-b862-14371f41fac3,train,363515de5fa168d55441baa994420604e8b1fbd909e0a343906802f753b832b3
98896676-078a-4b55-b8aa-7fe58630a2bc,train,ce68f2f30d054a6d40cbe6f417ee462516dbb29f426bcd60142e8b44c1edd2ac
98937af4-1d0d-436c-9a1a-13de78fa28b0,train,619b5fab4f68fdddea05211a3f9c7493b28839702f3272f3712904c8facc6cbb
98998138-450d-4439-a8bc-9e09fed62a16,train,6eba6bc8ba5ffbc656772942eb45eecd2ebfd3cc79d4b97894af011b5ac76359
98a57724-842f-4d53-90d0-1861efa1e9ba,train,3240babe1b0ca582a9326c535eb335aa8accea8e81b366ae6d51b4661779e403
98be04ee-31cf-4dbf-931d-c2377b58e423,train,08ec70eee4e2e81ade293c8b5502c25e74356a84e3a95e4c949e18c022f86c23
98cbd9eb-7ddc-4830-9f2b-282c5eb34e6d,train,ca42fc3210af40279123641d9da39b76dd7ff0379e58f1179e28ebac9e30628e
98ccb2cc-d4ba-4e3c-beaa-dbd6d57703f5,train,1fd15a9867bfa378739e5358d6e70e421e0e908f9496f844636b17763372f75c
98d21ae5-5fe9-4cf8-a4ef-1f5d6898d79c,train,7e02d5780c8e3fbc39044a8f3bf73f0112a397c80773d0d7432b525684f6e31c
98dada2f-8f7c-468f-a152-d8b5ef379a0b,train,68bcb23c173fb08aa3f73526cdf620bbec671b209bc1680f999f3a3cbba51258
98ddcfa0-c042-45c2-9872-bc3349a5bbf5,train,5020098c85146f4c646330208ded75f432a5ba0961fc7015451a04d4c3977330
98f9dbf3-a0b4-49b8-be07-b47104daff39,train,028cb389a30db70bccfe5716fe5ff99e0e7670fb3238a76fe8e7493d3d53acef
98fc91c2-9477-45d7-8185-05b612609550,train,0122a8c4b7a5efec3640455cc235b7572800450d9a0ab9d67dc491ae155e16a9
98fd8dea-2ab5-4cfa-bf6c-48ef09f6ae8f,train,0ca790322064a5c9673ffab85b92d63c4966af7417ba22d358918810da258f13
98ff43e8-b3c1-4753-bbc3-62da4172539f,train,778d531e6b3c56f9bdf77f12fed3ee48db93a1bb991cbccb91203379064ee3b5
990884a4-8ba3-4ab9-91c8-697f362acdb9,train,7043590b62aadc01f3d8bfc52f7c15e8f3e69fee61cefd05e063582f550ef1d8
990b2d8b-bde1-4b8a-9c9e-2f989ff86087,train,af0c5b7deb45a9a7082321c86b250832c734b155d52c548e05ea80701c09a847
990bc5dc-9947-497b-a99a-f61584b36d46,train,c1904675e35ac35037d0ce18704adf14671ab7d49bbe2553f2935801511412b0
9942ef4b-153d-476f-a186-5b85b543dd2d,train,72640c92823b347ab1557e3eab674702b77a1686ce96e1d00884764cae5b3f26
994a282c-36ff-46c7-b8b8-3f0cd8a3d7cf,train,b5fa9d6642ececc931837b84d6af78942c86428a504f0ab2636abf69b93a3385
995b0504-0f54-4305-a40b-448d3bdfc7e6,train,226c2ac291100ebb7aad0ccd4d257ca7b1168aa47f05eb4abad8a079d186b096
995d0179-30dc-42bf-bdf0-2e982451f108,train,47a76e2d2f1fa877cfef919ca1519c21c711e40ef7b46250cfd17a0568acb1c7
99602740-7073-43e8-a332-54ddfad400f9,train,14a2b6e657f3d48ae94d5943146632ff970a43f541e6e5b00e634e736c1646fc
996bf4fd-e949-41f6-b138-60ff518fae59,train,83849d2b26511bf1f722ec9034660852e370f810564ffbfd396e3277c5ce294e
996ff41f-9ca4-4665-8678-9807050d338e,train,050f4a5de8a607733c1d100121aeeb7d97270968d7d60c46a076341f5c50a211
997428d5-3ed5-4faf-a69a-3aa086186f78,train,3196e81a60e05e951baf6a60005c4566770e643bff52b5c4b7d8ee4a5e9d3c28
99796dbe-12dc-4d96-bce6-eb50739fe0b8,train,580c9036d1b0ec29cdec9160228618a66b7c2b342b20576f48a1e7dc2129098e
9983e308-2d40-48ac-915d-cb1b4a4f66ea,train,faf8cc2b31007f2d887b6c0d1ea3cf07ecca472a253c91d731ffdc8d0cdefd25
998940e2-2c93-4d7d-b0c0-b92455a1773d,train,107ae5a30f748bc742b1fa83f06efdd93bceca5511f0bd5e757fe4a40f04f307
998d8b57-127f-4ec9-8cf3-3b18061139d4,train,83ffbf6e0d5399bbf09db5846a36850637df25d74b66e76cfebcc923e127c355
999b0c84-1b62-4f97-95c4-e53939fd2d23,train,f087582efe2a0be004d95353f5cb6d30b3085a6f6ca30a057e340106116073a7
99a00a11-d501-4173-9a63-497f29ae16ed,train,56a6b88f7b5cdad6444d97d112dcea60ef8c438897189654877bf650fcbb0780
99a89588-3fcd-4583-a9bc-cd2e988712fe,train,52a063f5bf9f82792166372681cf5e2d7a38c25a3325c2be2ad0a72289b0248e
99ab0a2c-30f7-4912-9490-9cb41c39294f,train,5fcbb8bd0a7b806fcc9169da92b3b7c90fc369ea62e52f8c104b8f86a759612e
99ab1246-4819-4260-9398-b7bee484b03a,train,a05dce80701fa89db78cf92c001993e01d5f4384ddec51a40ed2f3244d295134
99b8f73f-b3a7-437c-9596-16a4bbcce668,train,dd56c5a4661135241a9afca3524aea3798e9d3915e921845a5ab012b261b9a7d
99d5c0c7-a3f6-4468-8963-306e123d068f,train,30acaf0d788761fa4e66161c1e43e49f9a2eb3763df38d4de6a05be8204551e0
99de4be7-60f2-4a96-abbc-526814b1648c,train,5bfd41a5992c5e6213a7d55e820c7a7733b2025d4e117fd087f1193f39e6b64f
99e2344d-2486-434e-ae4e-4ecb024e693f,train,494646d1638f016b0f2a008d14dcd51393db7b8b7016c267c0b10da80bab9c20
99f6b979-15f6-469d-a851-719cdd5ac13d,train,e46c9312df10ac3002374c960d055372229b524ffa8eb8e1f2860b999ac582c2
9a07a1f1-b39f-498f-8704-ecdaff413ed2,train,e3752a49f6a7582445a666b953d5824d18891f445669601b4333c58441ddbdaa
9a0ee322-986f-4571-93d2-67526333f2e5,train,6b16892130e88f91cb2c7e7d643444fb6cc78dd8ba1ab280c71c4f772ac424a5
9a2ee427-415b-47af-baf3-85dfa50f7d8a,train,ef52105580f32490a8360a1f11bb7429c47b3e57a2b685e97a723e53b0e1712a
9a309f96-a4d0-4da1-a604-4ef4fc3e5886,train,a45b41bbcecbd8e6f82610d9dfde28a4d283172b108de16a14db5ac09ecbb435
9a3a7639-f943-4d47-9930-8180c02eaa7a,train,2e0cd5614d7266859dfbde52095a523b2749221aa897aa17b3c8870a430f0821
9a423f15-fda8-42f6-b052-7315c7ae1cef,train,f7d34d5affbe45d600a3aa2e034d0f90872d6af47b5b78eca4565b318b440b4b
9a450ce2-f82b-41dd-86a7-72e1c1796a18,train,94978c53450372595b655a030f8733f941ca1274e7dd70f1d74026ed6a7e3fad
9a45ee2d-b3fd-4df0-b5c8-6be8217d98f5,train,9bbfee7a54379cabea75c48d48c73a6c6f1f2ea8e211b0c8b0c3b5dabc11a62d
9a4f520c-562f-41b9-bb43-4f99f738cf3d,train,380df35f59e1fa8997a7e563a698a34222a97df4d719cdee6ae289ee01011da1
9a58d3c2-6f4a-4cea-91ee-1c09d88d8722,train,452283585404c3207169359d4f62a6bb3074941ae23da1721251c68b8a0946bf
9a5d56d6-ec9e-4eae-95fd-c4a38bc7d80d,train,eda13653b33c53548b80fd1504dc64d99651560f7570f947feef9956a8979567
9a7015b1-ca48-4917-8dfa-c80cd2f1a78d,train,77adf7c79e7d3cfd985c74527ad1f653a533c35f67d112e30abb9304712f0a0a
9a7216bb-bcdf-42b3-bf3f-5a0561891a08,train,c2c16513a09821521dac7f3a15f471702fb55ec75f1650beaf5b49036981443d
9a7749a6-f49b-49ee-a26f-97c1dadfbc2e,train,f147ed91300a0395cef9abc9fa0a00abfbfaa0966a4a7cb2fb723473f428250c
9a77b374-0a09-4141-adef-472bb3ce8c01,train,b4f8ed5c54a745802d7984d13c4126beca946c4c18d9556fec7ac9889694d886
9a79f149-5690-44fa-a90e-15c208dd6276,train,fba2f98dbd508670e81ccb6fb35657c6df7c97214e1ded362d43112bfd84f0e5
9a821e5d-066c-4a03-a4cd-b421f1dd732d,train,3bdcbc4f4136f164a69b4bbc54d07c012478748150ab4789704338d2b6c21f68
9a87400d-3649-4e3c-a165-d15e507d949b,train,4052d0f50e3bff61eb01c2d231f0773c8c4a1149b290a53a1dc5a5244c1b003d
9a90110d-c2ab-43c6-936d-5e4f797e8786,train,edb65cf9177dd3e4a3bf971b53d49bb80e80bdaca881cb75b4cb9e02eac52c35
9a93a8fd-2750-48a9-a91b-9f9768fbbc39,train,98b29c232238386fc28f51a086ae145078a6df702bfe7ff4bc17b469cca7012d
9a951009-1c88-48db-886e-84ee992f7f4f,train,58eeab6ee1cd8fb30beda49a984b2eafa4ee30ce13cdb808e9a2bb99bc9c623b
9a95cd4d-c01b-44a8-a838-00352e4251de,train,b9ad463ada471fa8858011ca40d68c6fa2a26751780a2a686f98bac72bb4f571
9a95d458-ab40-4f94-9ea6-42ace64576c6,train,d04cdea6702ab6ae9fd207ef745128d12e3e23e7b2548ef86f8041b4c01c3692
9a963823-0f1d-446d-a8c5-de1825a449e2,train,510f48240d06945048ff2e1f1e3470fefb1716ea0d687ab6ebf4b3767df626de
9aafeda9-44f2-4476-8582-031211cdcf70,train,68fddc1d1f7138d3c41ea45b6e2fc5eba6a3be0f31907c3d734fab7bd99b72b3
9abeb530-1190-4c4b-b25a-2d6df6fbf633,train,b24091923824659361de36c5004c1aa60643c609a5ee7ab9cb57be3dc7051970
9afa7305-f88b-4235-ad41-9003deca4ad9,train,707b0c6f6f550de4b5dac72e600bcbefed7ccd76cafc7e5e3031f0e92f5bb79a
9afb7de7-aff5-4a16-b7e1-05926bbb8082,train,f3bf25a3e07a8554fbcf655905649951ae653f27fd67d35153833b079c840659
9b00a530-9d61-4715-9ac5-639ebb84b09b,train,926103e1f2ff4d7d3249d68ea6661c16587da5109a85eb706abbb0823bc7028e
9b07f618-7b6c-4a43-9db6-f1d583fc10a7,train,be05160ba8fe37d9f76f5fba76a49c19f6983ade2a37cb02c3a83f0346483d90
9b4d5150-88ee-4ccf-825f-23ae67387823,train,afa0d55d4da7bb7c64fb549e1551daad79070f94d27b10f3613644ae21dc14f2
9b55b69a-cde2-4669-bf73-3289c1362229,train,b80d39798f8bb4cbe1bedf3df9befcf962311da61467116eb7bb5289d7da5add
9b578d5a-bc25-4933-9d8b-b57f11be3068,train,4a98aba927d8c85422456641a9380a362fd3f88c56c8ba4e84ca58533092c3b2
9b59a6a8-82e3-46be-960d-187ccb9b8dbe,train,eb6d1d90bb9f1d13f79663fc2745b603f8fbef1753055a6fb6e72311177521b0
9b70f916-ca7b-4fde-8f55-af1464e91fb6,train,cc9d76431165c310b78ada579a378e8fc69bf73addd9090825d027f97ed670f4
9b7194d8-50d4-4755-9f05-0e93768fb4d1,train,a1c2e5281387f1d8b204dfc62d778fa8d8c2280efc1301e2aba756bd9cf92bf4
9b72a281-08c7-4986-a897-21df9de450e1,train,adf66b0b45b40559d4cc205557dd2a1e050b25727144c2659e122f5c6c7637c0
9b773e4d-2d56-4a68-a4f3-79f670a5c6b4,train,c9f2cfcb5ecaaeb9cea72120143a01611e3acb96d79a069e76e13a787b7a6906
9b80f085-a401-42eb-b794-a80d1563065f,train,c468312b3f4137f96a39f73a9fd9eaf6a60e791548430e77774a11a58548c47c
9b8a643c-88b0-4e7c-a417-b4f2cd1e2d14,train,606cf4ad987ff1b935041069e4374316f5eff831f8c4fd071c5119bec4ab17df
9b8cdcb3-4f44-4d83-a8ea-b674e8e5870c,train,8222d63b20697373ecb8b2ff3533ec4b6df20ade0ab86fe8b83908b8baff5ef1
9b90e3e4-857b-41f0-bd81-8de62540f322,train,3321cebd696e40ee56ba57fa5e8a85390b45e08580389f4c6b148d52e655dae1
9ba3deaa-3aa6-41bf-b40f-6666da187e5c,train,981f3fe8605f54abaec4000596027b32af106f47ef2cc666c760c1fbf02a1677
9bae47dc-02c9-4434-9aa3-1969f58c8f29,train,0e258053e3e2a2687c54307d171f5ac869d963819160ee3c6a75e1f319f8045a
9bb3f0e1-b953-406e-a893-17b336a1c38f,train,52c2394719a71ac738a05ee7f0d4fd8e35e9c2ffcbd266b97842a7ef4a5f408c
9bb7a820-4762-4155-9e46-7045cfff1df2,train,7758eaacee3828bbda7fbacab2197c7990bcc5b8427e7e0a5b737412432f773e
9bbcc3a4-ab1c-4849-a3fb-ac6b23f8ab37,train,ccbdfcf62c39990f54090f43c937a41ef823bd7730fbcee83f8cba101f86bcac
9bc1ed4e-c604-4c7a-b921-94c16af22565,train,4fe66a18341a3321083fb875af0a30fa84704cf0cb4d937c602029e4c8f1df0f
9bda397c-6839-4d27-86be-0a18bf4f18dd,train,4e207554081473c79c4cf93559dfbc932bb0bd73e17fbefc1ee214cb8c440d3d
9be93025-5632-42f1-92aa-2fcbf3a43c41,train,dd6f41d7014000984bd5123b7ebcfcf8def158416b69e592f9f8232d569958fa
9be93a3f-c086-419a-828d-3f2160727759,train,08bcdc306f0ffb8616910de0619b0cb1ca46091e00a605d19b11d4028e4872e0
9c032372-0b2b-448d-9f48-c94fca7101c6,train,f04a6c67af166d7603a9f35d22760bc697539975a9fa4e6a65bfc875710d4bfc
9c0eaa6b-b617-4b37-86a2-040d7685b540,train,b562c649e620a798112327609d2dc3e074d87cb7b4531e9d454975b89c1cc672
9c1f8363-148d-4314-9777-f6bc0b72a70c,train,6fb6630e9fe36a201a63f8b929f2bd418047ea394e3f873d8124c88f2dd435da
9c2217d6-6a6c-4304-bb3a-83a724c162ef,train,978076c8d38cd39d8533296361c701f564be888c4eee0749b9d211b9c4696b23
9c23d0a6-e02b-4954-89a7-a838acbdc4bb,train,ca3534ea934702cd45e667f8ff7d4b74b8817122d5803d405d9af455cdc6d386
9c24d3b1-9da9-4680-82f6-89f58860a9dd,train,c2993d27d3ba90c6b2c1031d4c1141cf9bf1f24160f21bc371e8bb76913af2ea
9c2b0f4e-861d-404b-9b82-5541f75e864a,train,cbe4402696544d141c25371d94d7b23583187ca825668a15df2eb9ae3a52c49c
9c37f3c1-4107-405b-8805-fe1df9a20e63,train,480cb6d4cb184f8a0c0c05b34876c74bef8c05ea7b8131ef17fbc93f43986185
9c3f4f1a-c22a-45cc-b93f-d9f793e89e68,train,83ff1fe9b677ed30276389f23cbac02cad3c160ecc2516b7ded0352ca5164476
9c415332-f0d8-43a1-8dac-8110286c2b28,train,4daac0ca06109bdc7064e92e35d4cf5eedb5b58d9ff2d7e113152da376a6f557
9c53921f-9839-4ef2-b8cd-ef2366470160,train,929ded84178b0ce6f90a0e6dd100229fc802e5ddf314e3ef11768c4a3681db7b
9c58caa3-ddc3-4d80-84a9-9131b03e8cb0,train,39fbc426fae3604150330b59163cbce3af5a74ebd3bcffd4393a61f30944a502
9c69c198-4157-4e46-af48-076878b29820,train,1ea89e86a9bd196e8fc5f9db133fbf4f7fface71f558c9fb5ce76722c61393e9
9c6dd5db-8576-4a68-9cf2-d999133ecc47,train,1ead3905a1e98158a50069b437872f6ef20e5ab89ae92a9709128705d3ad7ac4
9c7994ac-bf80-4f19-aaef-8b9cf9987f27,train,35c024583c15dadd2a13f959d258a9f54dfc1d2623f5c984cff1270afe537db2
9c93c992-5681-41e5-9fc0-c00bc60ce8ae,train,e1af6b8b2d0157f67178c4ee7b363a57b716e3da024d6cb5cca1f83ad10c170a
9c962655-f728-4f9c-b1bd-b8f94d9e7070,train,2fe7fd0a7c3d964a8fa12e84ac4adef21f946b9a97749f583834d870c3d0615d
9ca25c57-de46-426a-bf11-eb5f71bad1c9,train,431fd0b5c3e43e11d2eb7c7576f181d8fe261d877778350cff3f1318aa0f0657
9cb44cfc-e3d4-422c-9205-b691fe3fc9dd,train,5890e0d263ddfb28e348321c1c2534641501c562891e88d58946f6a6c4cda61a
9cbf98be-6af1-4e6f-952b-510aa1cc3483,train,5139f1de65f76232e686e306e9308b1fcac967b36c01ec5ff0cff88a019a99d7
9cd3adc0-feb4-4280-8067-dd39c097cfd8,train,010bf5f897d50572b803bae3e472aafbc0f578838f836ea8f1894085909fc3c0
9cdba19c-0fc0-41c5-bcdc-ae1e084f7683,train,e86e4063e781022d48d2dfadd9552d0e2a6f671ad8dee8d8b6415813b1a28653
9ce02e1e-3bb5-4584-bc3a-1aa5524492aa,train,888aa8be59ced3c4843f3a405128547b0dd062fcf4ee1ea250f12d3367e8235e
9cea07ca-b593-42fb-8570-42d2d3f4124b,train,ca9ed3c145bda0b1895c0fa6e8c218a7a2ac2dd6ad17a1d4e7f14e7bd84ef8a2
9cef4ad8-472b-46c6-8520-2d2e2bf2f0e1,train,9336f8bbe2a073daa2a2805347df3c2fdb06f991686e128b12974b7b469f815a
9cfdf982-ba12-425a-9730-4733088e85f0,train,5affaa2a628628eb8e095f986a2aebf4d5ef6114b847e492be07605cd02b4e6c
9d03031c-4f20-4d69-81fa-f9db5724f6e8,train,2669991abb4c4939c6ea3fd15d4f6cb729a8a2f1f42cccac05c525080a384446
9d0a096d-e1f3-40d7-a01c-d4947d0e85c0,train,83361e12527bbfe6dcfc5623bb45d63c7f6bf7bae8bf418fa5192603f8487ae6
9d14148b-874a-46ab-9b9f-621d5b23f285,train,d387d17eef711d2d1baaffbf110a85dd9402307c1a254c957d2b57d3d44d9a46
9d1bf693-eee0-4141-b253-16a33d5e1b7e,train,4775369b5281500266da07b95eb87de353ba097061aa459bcb6e8c73907749df
9d1cdb17-80ed-40bf-a4f8-120048946700,train,f32dd28f4cbd008513827668dbc2d8b784aad575cfcf0c69f568c872f37bc648
9d25d79d-c5c1-4594-b9b0-3986e43d9c6a,train,f58475eb50ce79f5f726e0250b71ea839f5316bbfb5ecf164763f47db293a52d
9d338a34-c32b-4d79-82b2-fa0ec710563a,train,45bf38d12e49f37ba188bbe5d3024fd84491a9c30f393af2c3017c0ee225c740
9d44019c-3142-491d-9826-d18f8c1831a1,train,1826b73bf2ce9c30de066236f0c4eb95fdced463b4a247421e87d42f7c1cf9a3
9d5c2aff-4e6a-407c-8cd4-7023f30f0703,train,6764d99195ce60d0b8ddeced5d3839db5f3c631eec53477080d4e49a7506b34b
9d6169ae-c1fa-4fbb-a9d0-d08e0acdfc5e,train,0e16df4ebeca2af9ee3b4ff597b8a941045aea7c3a57916ab41f3c337ab8a5ca
9d7074b2-6c2d-4960-89f1-60f006397bcc,train,2124c6f21724f97c6af2a5c9851c0cce7b2743179b7da13a1ccf26aee66e45a2
9d9e4db0-54d9-42e9-a9de-02a9a70c70ad,train,26ea0086e693f6120963bab503af651b0197c8f29332184074e74d051fd3dafc
9db0b26e-f6d4-44a4-a0e5-8b84c7d6060d,train,468d7d58e8202794e2e64b0c7ffa556ec2c4f6d8b31b7d051dcacb4393a601fa
9dc6cad0-7acc-49d5-b0cb-569bca27fd98,train,ae54a801eb4ff1ea3e2332124e609faf43258f2fa1b5350912a0cd1623c2fe4e
9dced04a-2026-47a1-a6f5-e8b898319374,train,eb931c5bc1b96cba080e68b1244b7dd5f254c799c230d5eef142b44909617de0
9dd4648d-86ae-436e-9447-384094f1c198,train,d04e7bc736be876486bf0d53f25798b8df6de169ab96c6bdb5e43033f7f55bcd
9de3b5d1-8951-48ee-b749-3b574e519003,train,703864a25623920e03fa41e25b20e4253816e25ce076ff9f892b22813a912852
9de86024-f664-4df1-b8f8-24e883b39cb5,train,93988937c89cf1ccdf922319a9c720e12f45c2bdfc0d4ba8f808014ccadbe99f
9e0eb8e7-c8e3-40b1-a6f9-a9b6581a8f36,train,7d6457b4fd539e902db88c203c7118dfe932a6f67a9297dec4e718e0fb51a34e
9e0f957e-a441-4bf7-a82e-cb8feae7ce1e,train,8cb9633fe190c5868850ca2ff8c77cb43f06a8c2cbf34981108e3c54bcc12628
9e1095fa-dda9-49a0-85f0-b68bc341eed6,train,cdaafc7b83f85ca28f0868f856818501681168ef6b7f97c4a1186bb15d6fab58
9e146636-59f5-45ee-801a-21d3aeab8584,train,d0a8f36cf22e562391f8488de4f70b2ce5629278455dcb8ef0ceb3332f146986
9e19c8c5-8555-4838-ab93-8e79c395394f,train,1d760e916d7f800427f51410d4ec0cd81d8cc1bf39428dc3fb451b406b78678c
9e1b7207-4660-4d1a-b9bd-218131b696ac,train,75c405e2e1f3dee3072cd7a43b838e35f25c6106eec7a5a217af8c5ac8a9bbc9
9e40ab37-e000-4091-8e9b-39fffb02d082,train,978bad8bec4d8766b741c1f23535705ae8d23291d6afffb80864956ab8367334
9e432785-7543-4889-9316-54ae063cc565,train,9a20a5bd8165291d7c2f278edf85bc6c1b145d63dfebf30d5853872b8393fb3b
9e521d82-6369-4c33-a2d2-08544ca70fd0,train,5a9523392f6f9614c36a82c2dc80cb9a72a0c9971b2291b73851d06cb38b2e55
9e54331e-383b-49da-afa5-b1e2921b33b6,train,68bce829fb8d19e0cf1d779c768d28e0332f53f2fb5488326375f8a3014d8c6a
9e5679c2-aacf-4a92-bf93-a2fe37ed4f5b,train,4f35c7407d568d808b85f2919d6fb9ea5a2bde187646c79911061d5a036db937
9e603c9d-253d-49b1-904a-97501fda4438,train,f78eb48a41d1c89e43baf27efc4a046e086f684960030857caa13ea455fe206b
9e71e460-3ea7-4107-8a06-8883e3ebfd8c,train,753576f3139c9c454a96c4f08992e8b0cc35d5860f2ff2d9deab1fb1f46a1c88
9e730950-66eb-4b91-aca8-a8003ae9c490,train,6731d4663fdc3dd49c7905e5f7281dcbc79c0f58f3ffd5fd7274695b820e4e0b
9e84a2dc-9e64-43ba-8158-77f353793bc8,train,6bb4a617513093454e7e073af18d59649cc6cd02b60ebc9c5bcbbd709ff510fd
9e98740f-cfaa-4513-af1d-b04e9a22034e,train,5d30006af3d9ca6d1dc33e4f23f5701196662aae40c8a0020d06b39084401d1f
9e9af148-ec52-4c74-a040-f92e4c2e1f9b,train,b6a8032888ef6fe90b5a4f8f7993991f1caf740461ac20fef8feb46dfe526459
9e9ecb4c-8347-433a-a674-448a1b1db985,train,892326eee7f560208b36310b444d171f1886aee0928dde5e56bfe6be944eaa55
9eaab019-953f-4c0c-bef3-c87cacc51d52,train,ef1b6351b181e7008adfe1fa866374e05b5d5f7a5e81c347da6f95e4b72bdd78
9eafbf6a-20f0-4dcf-83e2-f5d516719bcb,train,d46bd4ca68edab19e5e1cece8e4f7a0dbeca657fc93f4f36a30cde8323e5a848
9eb46337-9ed5-44a3-a733-8ba6b6abecf9,train,5aa7880fbe8aa6419ecfc4fb70c78076e89848e34e0d8ee059d2191e4f07f272
9ebcc737-4b71-45b9-9b41-6b4ec03034d3,train,9aa62dd9f217f5b784961f8dabd234c429b53cf191e39998cc79b713fccfcdf9
9ebf96d3-7889-46b5-b306-7fdec4fd2faf,train,9f01b95e520443a7ef5fc58f0fe2405f31994ccef32613a41ef6fa32bd5f2cfb
9ecaaef1-e359-448c-8fed-b0936cd6f312,train,a0e540ac27fc0c223c2d716f12e43f65b69b742cdb5ced0d0400dd8a11584f57
9ed0b8b0-8acf-45e3-9424-4e0ed300faf6,train,0b0fae39cb9ffd212c89a44113bed35308e49faa9f95cce6583f14ce7557c8a9
9ed80183-004c-44ad-bf79-f6115d3286b6,train,a5bf2af1810d092a79f5d7ebdef18fce7c8763cea8a6d531823cacf0ddcc53b6
9ed88ae5-7a0e-4dd6-95e1-d04175f3f411,train,3ca6a98d77c8c9d887372aa9791bdf8e5b9f9b083499e2e2c342e77246049048
9ee135ac-2565-49cb-a813-a5cda4d7a326,train,a25734cd3655099a000839fc1dc03ace9f6fab51e5686b5bc494450363ed75ed
9ee63aa5-7324-44e6-9efd-e05713cc4ee0,train,88d1186d0e938cb1f053b7dbc63fa50e9cf85c1bb638772e84b9260c93365010
9eeb0fcd-6a50-433c-ba89-ffdaa22cbb82,train,11437e30ba8501d3ddc49ecf37a722ab2d5c81bf5a8a2cc9956bc046d31eb472
9f125b97-b99a-40cb-b0c8-9897edbf975c,train,68c7a664923b86af2fbb56d258413f2aefcaf0e1d9b4a67e330ddd1da8979c77
9f18eaab-8fb8-4d91-9ce0-656b1ebcb0b3,train,d16035c4b19a452e8fc46ae32f82a01d1d0234596225eba5863a1a5bb7019f12
9f1c7447-a762-4a50-bd1a-758c3b6da69f,train,a4e438ebf9b6e38a1b253b01fc9282d7888cedc3822b2f32f2d84184ced812be
9f27b21f-3f43-4db4-8e75-371d5287f1e2,train,cd3ec62f329fd088552a30bbc9bd8cac8a4a98490bb48efa3310b38d66e428b1
9f311193-2c5b-4475-8217-d29a36d1c72f,train,e9f31e31846e05eea54c43299e0cab534ebbcbe605c73e557556eb3afdf8bcce
9f38cc23-37d1-42df-a88f-1d93a3b7931a,train,baad8316662720ee9bed702a506d7ff996ddb1a826d312a60c1e6fc8dfbef3aa
9f445de2-e0da-43d7-a22b-a9df0589774d,train,6a55737ade4226c430637cfe6f22d88ec8c48b26079e10235243c2d14010835b
9f5e52bb-31d0-4707-be8d-4c9662000eea,train,fd848f3d7a3250aa9a79f8036dfb11f2f938c52bcbd519698dce0e95370d23f0
9f7a1cbb-b68f-4316-926e-b789d9f1a4c7,train,2701fa428d94c4f9d8d1aa5240216cbabcf4de2c961e0b5de1a4437b18fd2479
9f988e64-40f5-40b8-b02e-725f588251b5,train,d2370dbd0b1c1b32d3aa99df81a941cb4da59114f1a197128b4f695d3f0b3ff6
9faaaa33-6687-4ea0-bebc-602387d652b4,train,3bf429123e8cc7da47557f1a15afa5b6a790acbe09fe2121d47fd16e797faefa
9fb0da38-039e-42f2-b846-c2e10c8376ea,train,3f3e14e1e2a3cfe406893f6d330a9ba72bfb620639c06f88a90283ffc2a30dd8
9fb408c5-52cc-43b6-92ac-bb3f45191611,train,0778ec4264541c7961d3204f8d10a678a76d212a8231a8c3ce9ad06c0852fae5
9fb653e8-8e43-4f75-ae99-e04d5d7646e4,train,3e49a3595f6a777b8f2e190bdd39140fce9762312e337709d3b393887280f5b8
9fbbccda-2b85-415b-9a16-2eee36c34adb,train,f2931268cb314739d3c7fe8b2992ce108ae243c1bdfc23d68e2d67e27ce96343
9fc22c1e-3e3e-49b6-87ef-d555f981e5e5,train,48c507f73fa3770020e153490912cb9809b9b71cb770603d789f7bb7c1de8ab6
9fc3baac-a108-4b91-b7d0-53d48ae6a6a0,train,6638624996eedf37d7ea12479f5d1103c12f9b05d3583e259c170f7ad13a1421
9fc54e81-b8bc-4e64-a6e9-81bd6f9d6775,train,d88c4910bd3c658049b47363253c930aec79e84763374f0f8688ed261a3b5084
9fcd63f8-e167-45d0-b800-0e856f0dc127,train,c54760a50cd99c750953b8816f8f5a39fe6096f8237ef298924ede9a6d8da00f
9fd83590-38f4-488e-9b00-1580bb6fa0d6,train,ea37be7492ca26f87131a8fbe6a2337a43f86355a65be4b7f70138bbad2dbcc5
9fecabd8-f6af-442c-b774-35ce3f244a08,train,f8b48fb8544ecf5404f8c1df0b552ab0ba576326ee4f12d3a9e24ee81d2ebab0
9fedd8fb-5091-4fcb-b59c-2ddebbdb5dbf,train,6823446d3bb7e6587aeb2a3b366a807a5257465883d96f0873867008801c7581
9ffcff24-bd00-46b1-96a3-ea674c340e5a,train,a10de667c97ea130231f0f584d94795d7778edbaf6a25827c5ad833b9c9145c3
a0011371-43fa-42e9-bc67-c47080919761,train,5ae83b48ffbc928f94b5fafa36fc1fa7f091b948a376baedd4111204a36656a2
a0100e5e-c34a-4e1f-bd07-4cf719079174,train,8940ce573657c934338494add92c6d090eab17e001bafc71db052f6e1d30d681
a01d4f89-bb87-488a-b5e7-734ba06b99be,train,521a3361878df0eda55264818d3308883f3c1677212b54fb50d94f852a153ede
a03aee39-ff57-4804-b0c0-20d0b3f4ff90,train,a64424e028261181304d47abd8d8daad5a6b7f0d4b92f056c82bb5c75218a706
a0453a68-16be-430a-8a6f-82fe24ba47c0,train,0fe8694307424c16c978b6dd916261688ade3ae170769bbacf74b97f9bd8d381
a04f48b4-04a6-476c-8c4c-71ec8fa0f960,train,1801c7e99b26a6209c4d0e3fd0373e46105e4e32ff98584016d261228174d507
a05dff0f-aa5b-49a1-82ae-d4c6b4d9a53d,train,246c3b2cc68215707359a497541621f3257c08fbf7ed11935cc3f4e76ba50618
a06225dd-455f-4b98-80c5-7b1151daf6ea,train,e783493f53577894a0c5bd97ad2557f33e57c5117f26d8e469fd602f98f04ac0
a068eb3b-80e6-4cc7-ada7-cdc5f67f6cbb,train,2217bd1632475707942cc724d991049545ebc3adc1984e995afbf2ecff845863
a087f3a6-ec04-4799-87a2-885745245740,train,732ec00c4738c89dc83cc420fe1a8cb9e8b5a4bc6e162c0ccefc2d1557eea628
a08d7f69-b754-4ab9-a2e4-dcaef12a9686,train,42cc092257bac77b124f11f5b0ef770947ceaa1099c36e2d7b02ced7060b433b
a09c8b47-bff4-49ff-8391-f02bdb3076fa,train,2e8251838dc3c536d4b8b1133d245513142808a7a55fa3c38a89cb387079c822
a0a05569-c195-49ec-a36c-65dd2c70d9da,train,88cc8271489204221971b1e652dffe4caf1bea2deea47add1ed2ee52ff9910eb
a0ac61f8-7915-487e-93cd-a6a0966884ed,train,f88e1d990c98e0d8dfaba3d4acc6257b603152f1ed77748baa7a8f6363e88b34
a0b03356-695a-4dd1-9ef6-d3263cb50637,train,cd9340aede7a777eae7a7348e3696792babaa771ae8665f4b7ed59131995d2f8
a0c851b1-2d83-4f63-9cb6-f7bb8c91376d,train,cfe9406f17d4a7a0feb08ae08502362a00d59d1dcaa9051173af444f67424eee
a0c9ad10-00a5-4037-b79b-6773963c0d4e,train,a8c1dadac95b53c33417ae2f47952701cd293a4c1a9a7eded963cef6c6cfd218
a0d461c6-b3f6-4d70-b1e5-a293d6307f18,train,17f7811b590dad6a71fac55e40b0439c6d7a35f425a7614f0496f85c8fd61bf5
a0e2b886-4d79-407a-87fa-6167cfb70b59,train,d63e47dfef14b95bffee68cd803cdd0eb2d564219bc12f90d2720afe3a7ef544
a0e2b947-1262-4543-8f53-e09a86ba8ffd,train,5d1ad2661d3fa9247cf59cf7150b2ea3361e68b533c86e8c11df11e25139d26a
a0f0c29e-371e-4df0-9595-e79d977e89eb,train,b5cf8781f533d09ed67fddcff3a7c20522fa6c32e9c9f0aab13b6e9d6e3e3323
a105989b-75ea-49e2-9b23-2fd0baae9a9a,train,2a33ce6efa00011d0e54efb61ace19c0b5e44a642c9790da08bd571f72f2a1a8
a106d2d6-612e-4697-8864-fbf8ccf3c305,train,933e34ba02436efe33a4d2f7a19ebac46b09fc9a4613e9ae4bed1c223ea82266
a1094b3a-38cc-488a-90b1-0c7fa023ba54,train,d3221901b356b4d6f2cafc501d49fc0ff1e50ef9d9976ffa2f8390b717e09f1a
a109b2b6-58fa-46d7-b67c-cf67fe1b9974,train,1a348594247909ac942cbda8717317984290124848ec8dc6d8f3509fb803a58e
a10dd77c-1de4-4786-b36d-850f05ad8bd0,train,d37fbf19037b5bde49f04060a618b5ac16563baa5854107cc52c609314c3b328
a1139153-e711-4d21-b828-cceeede90cac,train,dbffe4f5639d51e86c7e64908234b658ec877128efcedc112fc471b1f50b6e5e
a12113d9-a7c5-4a80-89a4-e71fd2724f2a,train,befe175de007f8afb9f6265b917a1ead559617835b9e2597f85ee2ff1d1f9d48
a125b415-5815-4b98-b0cb-1ab8e815066c,train,e6ba801fba5265bcb4ccf0516d55d4fac54d2d2f725d647eca02647d1a2a9377
a130982b-e236-490d-a1c3-b86a19fab898,train,3498b93dda3315f2cc76b09bbaa64f85e73ce70b7165eb11dc17835cdc464ff1
a13b0a80-32ba-4a0d-9e3a-b7200d8bf65c,train,e10c80412aba5a6176f0e3cea5c3c2862a01d0399064d593b8d9bcffebb6abb3
a1400d8c-bca5-4796-a44b-e1c1645186e1,train,56b067c2b24eaab0a6dc8d665cbb27942f4000ca60825e8c2440175e30dbf7b3
a146ca96-7055-4c33-8531-c6d81d61fb9b,train,a389aacf9ff86e45533298985be93709812fb71acc457cd5059aa3e527fda311
a14a8fa5-d111-4da1-9a88-a11dcd642419,train,a10a4cf794726c710065ee7599705be0a5cf1e10a90fadf2980426523c434a92
a14b3d9e-7773-4b40-af14-717033f54c1c,train,7e81f893161941f057e53855df1b8e4cc611337a92c37a4ad15c01e884ca0c06
a15c40e8-49f9-4ebc-b9ff-951627d60692,train,c6ceaa0abfe01ccb0370acb013e69abf5113d4951bf864a7d5776a3032656872
a164a582-e82a-44f5-8a14-70891e9282e1,train,f8133d33a0e7a885046cd9615f0d71dd5cfc2cec7fe933873913f4c9715d4297
a165851b-68e2-48dc-b5d3-72ae29fbe6d6,train,26a24626d4bd133a9b8917ace7b05db28ceaaf95f8b254d9305ff923d39c644b
a167fcc7-7236-44fd-ba39-5a0ab51b66b5,train,a10e6fa348d0a9039798a0da5b1d8dde764d7e27d1be94e21df264bf70c58e61
a16c3088-f05c-4ae6-ad73-c415a8ea79fc,train,1b47b5096271d55d43095818ea367fb76261e55f15db9f24e0487bf1406605e4
a16e4c7c-8ae0-43d2-bd81-9f1d7bc3fb22,train,624ddbb9500fd092e3d1d4578af2a4215f2ba47a70f6b9aea0ab9d8268b96bdc
a16ec732-945d-4880-91b1-21882fd3efa0,train,9febbedcba541507698d787e74c5a50f8bfef2e5a3e9a746f442bf0f365b159e
a1773a06-2305-48a6-9845-558f6bc02b62,train,d8da807174810005c3b2b3140e670302881f946e239ceec3d8a70c1858a20d8b
a17801bc-9ad8-4254-b734-6636a0b6986a,train,21a14529a9efe4abdce20acae761c06f078216ea96e052006dd3be139a2e0135
a180b763-f7dd-482d-9f00-4b282b1fae5a,train,7bdcb156869db88faefa59142d332b242f67c185cf0fe2603c3a5733934ca90b
a1830c53-0362-4d36-9986-e46b700dbd4c,train,c5c4798ab47871b2d02daafd5769598e2b36f4468c92807f6a97124622b5c95f
a19694e7-04ff-4449-9dd5-12829b6ba159,train,260890c2ef9f381d02d04a9c9b8df47c6bea37529341ac4f55e33ac9159b176e
a1b9e68c-cf3a-4e6b-af67-e8a40039b749,train,826ab011c9731642b82d4e3b23fc734471c58accfed9d32e92de1c901835dacf
a1bd066a-879b-4467-bef9-322a70007ce5,train,51bd5bdd78f1d3eb301e8b7993e3d5089a05e3e5913f99538b19ed38206abf28
a1ebee53-3a51-47f7-808c-dbb354b0c079,train,1790732ee60c46dd7ae32d1578a15ad41190a024379430a0f607717bfee3f401
a1f420ce-5508-4b9f-9a76-9d0224ebe122,train,c0b1616ea0917f1a1540926deb953f14355fd285e121cf80157a3ef90f83a144
a1f7f741-cb06-41df-91a0-3296a5634ecb,train,80b24ba000c80bd0dae81892fe7e967d33918dc623cf1a8fde5fd0a34f289048
a203a84f-c0c0-4dc1-9fb0-47d4de3bc21b,train,b44ece96d6d4747a337a52587e61479d3df02b1e1bc6aa5bb5be3b64569397ac
a208bd39-08d8-4d7a-8ac2-457d7dfaf354,train,69defa8ff762424e2020bba6c0dd5d2222336468b5c4829f16e60f41445f5b59
a20ecb7c-9c7b-4752-bd88-3963ceb1c298,train,763e7908c3aec370a6ba7b3102a3afafee6c68d7ebda5460605d55f4b276f2e1
a2132c65-cf34-4beb-826e-cdacd709689e,train,a8860e99a5258632031cfea4f94dd1cbed825c6fd2eddb1a565287d81cfcfb4e
a21b2a76-74d7-46f3-a539-04fe0242fbd0,train,9324977648ef2e2a4bf9650b1ecfe47c286494e51f2b44ac63182e544e1e5331
a21f5070-0a8c-4ad9-9acd-461bb2b89bac,train,2f63a5e19ae0f98b04b95c1fd6753de50cc92ede434b3d5c1041d6268694cb3c
a220e457-1f76-421a-b41c-e8fc096dc9dc,train,158c1547b9325c40a625210c6d2ce6919472b948f3ad8026099b1cd372232a2a
a230c481-c9c5-4413-a58e-44d90519fbe8,train,cf0da062bcc091053bf453d701cabeb36c2a914ea86763d2d85f4ac5b3f6be02
a23349ca-b73a-43b3-b11f-0a5e1f607937,train,6be531310a868b5b75edb499072548959b47837472a84176735ac2aa21dbd97d
a23d0585-b8cc-4b61-be43-a32ceccf8798,train,6da583cf9d72f79575d70c0fd4ff56435261ae373d17c009d7b013d7c196b544
a24d17a5-41a6-4e51-a7c1-76c6cd13d8a9,train,4436efc4501aab7668dbb1793da0690041750e680e1d33acf541ae07a0df2f02
a25799a9-7650-491a-b2ba-f4d9bc6a286a,train,b4eb720b79163107e46f217eae1f84eae915d662ba09937a342c938d2bbaa632
a25b206e-c492-47ed-a2f0-d6ce1d2895aa,train,8f9ff4634b54a3de1847570a58cc1881db78056ec9926712bf7f05eda605366c
a264059e-4e09-43d3-a55d-8d31cf6b409d,train,681a588d62fcc09e045a8fe826e68e67aa1c2139f9e29f46177221f9f8c6cc85
a26836dd-e05c-4b00-bd41-3c5b74785ca2,train,36c9b15d89ac691682a270a6792fa88facd747edfab921ecfa095b2d91952e80
a29661c2-8769-4d79-b4a9-a1555e19f511,train,2140e69d1469724a05ec05e7deba99dbe42458e6d8fa30fd369a78d000612505
a29a2b21-fae6-4f6d-875e-723d19e22f20,train,9fb899671cd94164e2d0616f69b5804892c4df517b3cb0f311ae320fab4dfa4f
a29b7288-f60f-4e9a-8897-6b3d76a25398,train,ba53b26cbec1fce10658a1ee9b48a5ea35c6845af38495d30e7d677e07e03d3f
a2b699a3-49ac-4167-b816-9ed2632760bf,train,bc412b6ce2541e5e565f0ae4d3cefd2c59d44a7d18deb76b976d0ddc0a08fb6d
a2b8a30c-73c4-44dc-ad61-45ce33c6190b,train,2ff7cd09330554128083aa9c1f1762e4d1f5bb1166bf4f4ae76867c4c7b40247
a2c01471-a738-400f-94c3-014902784930,train,e9c6f9f7cef3c49e42aeb9433910e048625e0d5dfc6b862da656fe4eee4e2659
a2c35665-470e-458f-a084-17c326948d02,train,a8ab2e78f0d91e5602ea519672eccaa1f83926dbe5850c60a0f32710ba0df8fa
a2e7b646-f8ed-49da-8f30-de2c754447b5,train,1a6baf38aed60fb4aadfbb3a3cc6ad20696a6d5645396e5f23e48554b1165382
a2eaba52-31e9-4db5-975d-e0209d9b8a92,train,db6452b4d9532501be43a1cb120d4fc7c292563e4d56ac98956be63078b14222
a2ff22f2-89bf-4dfc-a781-ab4c18b3072b,train,ae483ac531f14f2c3a4372cda4637c17ae1c1b11ec7384539fe4a823951db995
a3065650-20de-4051-9244-ca68b6ae67f9,train,05177e0cf10535e428f9a7004de4074e31b299ffb16a071b90f5592f5a259d66
a313480a-6b2c-42d9-bfae-544815346a91,train,6bf1e3f87ed13f2432eebadbc44b8bc7ce0adc70f5718912f42177efade937bd
a32dbde9-ac5a-4f1a-8c40-dd0bdc420fd8,train,8a63ffbe8555f21c2be86190e3de9923c770786ab2861b2c2f1949fcf463ae1c
a32dc334-855e-4e70-8622-5f092f324574,train,e4b1a4e3712af564878a02ff8d1e580d6458f178923f6157bd39266cf648407e
a332201e-5da6-4780-bfa6-9b8fc468d068,train,0221dab6d9ba9898ecc5a3e9ced2e1f30534e3b1753ecd3065bfe7c79cc8c727
a3364e9f-a7b4-47ce-9b55-f005ca5aeb42,train,8da8ced223e797bc02b1c4fa223b28ce6f7e81fc36afad4458fa04c3f9a9cd35
a34c1a1a-2420-4732-aaad-b4d7b42c6cbb,train,c35deeea0e50605af04be8e3b5420964dd3bd1a553b911783389ea670ed4013a
a355e56c-8f32-4675-99f0-efaaf015586b,train,bfd11fe0b4da0774ba89afa74c08a74e31f20bec262add1d4bec51612b05d742
a374b143-d165-4400-b2f3-21e72969f09e,train,1f833fcb0acc4b9603ab54f5e6e1a558caf360f292986a1a7569530b225da6bb
a3780c04-349b-4780-a68c-2f13a2732505,train,05ff582f774ac5c518297a458069400b5e93775072b07aa410bf22f120cb5480
a3a12554-d55e-4885-b17f-c97fa38d7707,train,25ebc58c0708c45bd0992f40d4017d8cceb7c54832a082594a32be025038341b
a3a3443a-50f1-4f63-b200-db5b228bfd4f,train,c54cb1dbc2952a54f68c6f8acc898d8bdcef7048fa3847b3dd782c9b3f653016
a3b24a52-c9ba-4a65-bb40-e1533545b1a2,train,6728229f539e793cfd7a4b006c272cc0e1101828e96e31364f3945c3c52abdb0
a3b525f8-6afb-4c98-b713-65ac1d686ab1,train,d778d27d7e519b5ceb292a6171bd1135304539d0dc2f1a6238b433707e8503f5
a3d2b540-5c1f-4c50-aa4b-ca1db1c2caa0,train,0ed6d7d40f2f0c0cbd8d966e434f216740ddebf5d2729e99f66ec85ea83c2a7c
a3d50b4b-b683-4181-9892-d02525b94436,train,4da50597da2678060bd4d798bc49b09bf136002c601c2ee61b24b67fadcbf5e0
a3f27e95-0d67-4028-ab4a-994062c9599e,train,44b7d108e36357fd58465d20a286749f275ce4e7b5e6461b5d86c9aaeeb1bca1
a402027c-1172-4a53-8a3b-2cefd37ac033,train,25b2b927e7b29c845305e3ed358c7460b39fea1aad8bef1b79de54f978def23b
a404c52a-0f21-455d-8e63-94ac7d12a71f,train,d606a0accbd7989de1445ee0bc52ba10b0bae1ecd3fec636c9615fa16374e6ef
a4068c25-f3b0-4046-a643-6fa98ded085b,train,c7ca012ae3b73ae7df1f4c42c05b4ff4c4dedc13961fbf12abc3dd8a9fe9eb5e
a40e725f-50bb-4994-86c2-cf9b01ee62d3,train,b0947f23ee668058845fef2984dcd82c3d646c05efca209c62f8490b284c19b5
a420d119-842d-4af9-b995-6465a9c50e5d,train,accd1c9ef19dbe52144d35f4d83b8867f982deb8fe65538ce9a406b2e4a7a73f
a42cea1a-ac3b-4b07-8baf-a34d98c03c04,train,8bccb5f3a332b8fa1c043dec0651a78e536275cc4a8b26ae6aff3fc3000bec89
a42e20dd-3842-47c9-961f-2221fd3e1f38,train,2c2101e4bd7052d877459a8b4056f07b2d0768374e9e7cb86e50915ba0799926
a42fab29-7288-4844-a61b-7f3303f79f45,train,84f53d2484c68e9346f96702dd8f86eb3821626b43d5bd41ab852f04e6611a35
a43193aa-58f2-4f89-9d82-31dd06e73a52,train,6bf704d66305d20d855a5fc9acd1cd3f619ef13d730f7f147549dbdb5fe66ae6
a4418767-21e6-49f7-bfc1-cbe25b1d51cd,train,7c9d5bd60938f5f6625199bfe964f6001d9b7faab9272ec12378c106625ab914
a44d9787-3aa5-498e-a894-a0879cb1c6af,train,275bf009d1028410a72fb9056f79ad6ebcc1b4966add2d6e22f00dd358e45d4f
a451fa67-67e4-4fbb-9009-43f74a6c01b4,train,3c44bdbde624f95c6c9075a6a710ef59b2d2d6e9cca5fca744603178b309baf4
a4549c8a-e081-4048-933f-fd8e941d08cf,train,9ad59e309fd40f3c6e4153230d98f71399ae654a6cef4723f5ad336c73da396c
a455ee26-98de-4ac6-a9a0-4999d8d8e070,train,71d436e7b9931e5b23256b9a5f153debc114303d39db4a309047151e4a9b5258
a477e560-f508-4f4f-97f0-87d72a9b40c7,train,c52091431e12ec6e3b0038bd7d0824f1af094f315c80503aeb42bf07bc87c8c2
a481d62e-87be-42aa-9b72-2113541d0909,train,e1bca0a4ad4ec1e551af1185feb91dcc85aed58a3430af32bea4f93306e9ef81
a48d1955-39a1-42cb-9fc6-9ce4704f37cf,train,2da312c4f7c355fb8f7b8033800c75c5e5370dbf426b77ac0c31de484ffd3dc3
a48fdfc2-1626-4a26-b708-0fc5f0a90d94,train,f694646ab2ce31803937b33deeafa58c0a43c86f11f307dd6ef7fb2b6012e869
a4901409-957d-4274-90f1-f4f3964478e0,train,061ab94afdd2fafe7d6d7a572f630b73d51fa164e5e4c1fef3eea2cc34d9aa76
a49dd49c-e90b-4f9f-81d3-88ee97e215fd,train,7320accc1ca0d767611f44cecca97a0ae0a61d71822b8f9f5737eae4abe7c66b
a4a701c4-9ef1-47a6-a599-7e62c67382db,train,c4af566b9fc27dca713522a5dc5da86dd13f4cf0adc37154186e32d57d362aec
a4afad13-edc1-4264-831b-3f94761185a3,train,d99248d29d24299c4aa280f8dcaef5429a0b4c901d4d162d5a3dde771b1dae13
a4b9f462-74dd-4389-8cef-1762a60c92d8,train,b270f4f613260b1ac249fe858b95e3e45f6229aa33eb481b4da437f23ee65ba1
a4d6e3e7-4a55-4120-ad1d-7bae2b2c4ec5,train,eb229bd3b9d80f320e30a73f6a199a4d806646027954debd9182114124ad1554
a4d7801d-58b4-4ea7-a9f2-37ef54655f51,train,78281bd1748ee9ffbaac0fa59aee00b0a448c66fb9bace27422ac885c3d88229
a4f5890d-e9bb-48d4-b79b-8ddbcfbf7672,train,f7a20b5b12e13b9c871b841e207098d8aaa53eef2fe96a8445ddea3d7b524ff7
a4fcc7ea-39f0-45da-ba59-7fa91dd2e2a5,train,873b79f9c2253d2ef23f5ef4a6adefa6436b814cc4cce8733f200c27b47ea4fe
a5043c21-d142-41ef-b152-2eec3cc3769d,train,30776a4156f636ab6b6ed0d63b3fdf3f8b6d9543588f1d70b1e11600e202433b
a505921e-14c9-4176-a301-717dccb822ef,train,33b820f5267ac7b94418f5c76104f24bdf940acfa7ba8e7de87bb5331ff79652
a508e767-8562-41e4-a9e6-862e8abf5a5f,train,003a69753240ab74d97665a334e36795df09e25bd619a0f9c039c79f3b6ec600
a517e3fe-24a5-4d1c-8719-3ea3948ad863,train,8f64df0e84444ad690f85169a96dced2cfd7a8eb905b9e960bf0a347a3cde693
a5194b86-9cb4-4876-b4e2-2edff968a7f9,train,6f8b3202506f2255d7876f155c5d1e0815aefc40c385412d280bdcd58d04b664
a519b681-b558-4789-956e-511de3d36783,train,0b6beb4283ffb22eb865761484c4cc16542b3c71fe8bddc0d853d12cd9a6a2b7
a51aad92-0472-4eaa-974a-15265bce1e60,train,40b3ebf03f49d726a83ac45b9655f9b94e732638500096d5e25bfdc215f5fcdb
a51b4356-942c-415e-a3dd-93accbd18f83,train,10f8c126a073b20e699a940e6f2afac09b85d07a91198a2457acd07d7a9bd5a2
a53ad5d8-166c-4624-9940-cdb99242bb5d,train,54b926c06ef292716ee8b4b8d10ed1dc04c977f2d1af85fb639f08c2b15c2ae5
a53b66e2-50b7-46d2-84e6-d567a4564d40,train,1a6dc3bbe42127e35d6d52bc71c09f18abfb65178614a862b0f10b8d821efa03
a53f6cb5-2ad7-4e4d-b64f-40ed1b0e5f91,train,cb610ccfbc99132ab97a99d9361bb13987b8841ce0db1c22ecfd083354c0d429
a54aa486-31be-4683-a690-608ebf9e8595,train,ed196bffc6cea9238e8059d5423e26bfd915542721bde2725f67d42ed17c7073
a55fe9ba-34bb-4b9f-b832-b73cd35a2551,train,0fd0c8fc9de0c662a7f55600c428e8547d269a44c75acd1df45e12bc91fece84
a5866dc2-65ac-496e-af5b-2f1bf442e781,train,dd756fe47d8acd64ddff1469e6571912be009c17fac5d727187dcb53e30ba379
a5908c2e-a48f-4a29-aa9b-6ca6ee02562b,train,26d5500bc74f51e9d8d3daac4e8ac11381ef7e9b10642f82e54669b5c4cff908
a5982dc3-3575-40d3-8aa3-0b8bc493b26a,train,d89d254a4eab7ee40f96fd132c51ea4113a7ad5e68fa495b6a43d56f6a6a2a84
a599b621-f37a-4c4f-841c-160e68c86004,train,b1baa14023fd7055157f1251b19dcc40820a8f19bb991b82e9a567d18b39c69d
a59b56b2-22f9-45e3-9094-7ce70a825b33,train,ddad27a627c91b20d957a51ed1d6f6a3ba71e1992542524e8eb7e9b9e80f5d6e
a59bad33-bfa7-401b-911f-b4eb8eb8c893,train,0d0a385fb5d3a7d8fcfebfaf32224e0059c656c3bdf73319800e90c8bd79fd5d
a59d96cb-d91a-420f-b0a6-74532b26febd,train,b5e5078d6c43f4f1cdff0805867368d6bbdf3cd6200477c25a96e5d96549de49
a5a61cee-4b5c-455e-9511-fc093721286e,train,39d0f9f334ca9abf5dd2e648ff0285d8383b3dd029c8673d1370060f195eb024
a5c6cc1d-1e77-44de-8294-06c577c82d96,train,d1100ec02c33008bd08ca871699a9234ffc27c6fac3173f1e95a144f8b596a1e
a5e34892-19a7-4224-8828-a42d04f6503d,train,0d3fabc894cceb889f700bdbbed3e43a9ff797435d88c2354126ca5b566cf2c9
a5e9ac95-e1e7-4808-ad1b-c0bfe2bf71d2,train,5ae4a78f5727b83b84e839a1ea7eb3fd6ceff42f88c30b2aa302ec46ffc1194e
a5ecfc4a-0ad7-4099-833c-00b9b609b20a,train,44c0d1db7a2c1c14183a252ef071d5f2b58aa7e62edecca697bb88ce6c8bfe0f
a5f3fc5c-73fd-4fc0-9f50-38d21105bc12,train,95a13edcc2b11c9b6d33e67b36e099626af1d595fb2439ef04ee09c5fe6786c1
a60a0593-39d1-4afa-ac7b-4a487c115019,train,fdc3b9b8ce010293b208c9aabf7e83bce4255af883884fa9d14ec204d709c6f6
a6156c76-3c35-4982-8ee2-084cd1cdafd5,train,51be8e1a54243c8a1211884e52730310bb6c9f0a0245bfa0f30a5c5ec133bf5e
a617ed60-5ab2-4e36-bec5-f87716dc8a24,train,b2d933bcf14818e9c6805456486f5dc43723eeb956bb9aba390776bc2db7bcb8
a61937bc-1746-43c8-9d43-0109139b4372,train,06cda0f60491c9fe98c7f182072eafa9764025b407dd29acd801b13408a7bf0d
a61b8ece-0214-4807-bb6c-0b803998f485,train,dce2677c452bcc608be72118b6f4088475f268607df237dd75a535cd1a2faed2
a637832c-6b25-4cad-be44-04ea3f1fbe0a,train,3e04e4ecd7854b7a1ba4df826ee2a64cf4bc44a7d9713011aa1a1396bd160247
a63881dc-53e7-47e4-856f-38a50cd3835e,train,b31527fc5e13cea2e445572986097043b77f2f7f469774a9ddfc168fb4bfe38a
a64092c4-8256-4aec-b221-434e1c7e4827,train,23fee3748a8cb1aacf179949ae5dde601033ca7f75d4bcb1f381b8198d89ec53
a6442b48-8d50-4826-86b7-1b5d42ce477e,train,7f797e21d48b799039202ddd1d231bf65a1caceadc53a45c2b2a52151b311fd8
a646d58b-9f4a-4575-997a-0421c59dce21,train,e9f9a43a42414a16e6aea83fb8a9b69f80be063bb987b9418a6f3e2b767d757d
a6649882-eab3-4f2e-9af9-b6ea0ee3bd95,train,3c57b914582eb8be413fb19c9999cd63de32120ba10a44ad2ae8f85db93b665e
a66c951b-731f-4f14-b264-fda0fc251558,train,4d56e6e77ef37a0efcdbad2ec7726172ec88bc08b0379996b7e1da13dbaef3e8
a67f4f7e-0dfe-4a3b-acf0-6b00e6b4d44e,train,ececc94583ca0a210a21814ab58322b159781ddd61e44bfcae3dc6bb8b43ce7f
a68fadd5-73f2-48c2-adb5-951166336554,train,b9530f975d6a46460c13b988972bfd4547864944c9f18f798a8e47c6a2fb813b
a69f3695-2a27-4e1f-a68a-118bcf2337c5,train,6ecfeea279e8c7c316cc35f17dc1956289b6e0903ce67b1747ebb5a846f2b408
a6a458b0-d85e-4ed9-9a5f-27e79b344c01,train,edbaf1c8d4b82f8cd6b90a75812350ea1ce6b085731e4a46773526381c5288f8
a6a4dc40-918a-4d32-b407-357e22a428a3,train,73edfa75472fa877e660715a62c79a21e76a81ad42a37e59842c25deda75fd77
a6a5fdf0-f197-4f63-953c-4c7c103fc499,train,a52cfce132f780529d5a6acfb404aba4608577b001e64042744d40c15eef3305
a6a88d4a-e300-466a-96d0-1422c749a070,train,43874515a16ed5d5b9390d7009d8f98e40ca757ff1d7a0d808983b8ea35925ee
a6ad9f88-53f2-49eb-a7aa-3823d53426b0,train,48c83783c6c0c562ccc99e83d504a5146f102e223b4add3109208d4846b25cf8
a6aecd31-f049-4d33-a6e2-7fea4d5e1832,train,0cc80f33a8c94e242ac1a5b30ef1aef97cc177c342a69659b7375900e8afa0bd
a6cc7be2-268e-4d37-b11f-228297879df7,train,8a94ef70f78fc3a9605bc73706ded8cde39776229a27dfef4d0944d3fef4e794
a6d2c74f-d601-4348-aa1e-ce26d0a7a74b,train,6988ef221e3053088f0f012caa857c237b58815b97168080baa0a5576ec74a1e
a6d44316-996c-4165-b64f-deba3d96b453,train,819f57c08405ff5e02ba160e296bbc61230fdde00e90038af39b7ba62d11222d
a6dff564-7745-40e5-9ac6-6a510830219b,train,be2513e15aa0a4008a74cdf1aef20c0bf9aefb80d826b267bd0885d16bc3c417
a6e56d88-b583-40de-b990-aae0731dc2b4,train,7cd205f427eab55b70922ab6436aaf41634e7aad1aed4cb21018c00d970627f0
a6ea69c5-221f-4110-86c1-9c29f37731bf,train,9d24133e4e98b0bb8deb10c5d384566f86bdb34eae51a7c6a6d2e36f2ca5c79f
a6f53cbf-e40a-4141-b119-87a426940d5d,train,d9e2a45cf5318fb47676311fc2c4fe5142e1ab625cf295b3f995d8a0d783bb85
a6f830ac-5aad-4c5d-9c7c-d1e1d13f8727,train,b8450af775ae07c4d7ab8847916b8f97919d4a679e721214e1f928058be5a690
a6fc8b31-bc40-4898-8ac6-0afd9194040c,train,9c2104222544b56a4edf0e4c82915d9d843d0261af68926fbd8d285a5973c580
a70a0c8b-5c2f-46fa-8461-4c2800074377,train,59edcd76c1e9893fc651f16a99c996e479bf561623a06fa26ef34986181a5fce
a7134868-70de-497b-a260-7dd8bf5bdfdd,train,fb0dc3ab370cc155287b29aec0ee2ebe7df810fd07835151816d42e2605ee3ee
a71895be-683e-401d-a751-2a98d908d960,train,afbe86349b3a3b6f06df4c4652caf8604a9561122a9d95392b46cf798756c256
a7249d90-e8d0-4974-a191-9f7484fc4c86,train,1cb06bf47931121fc0c7170e59c748be5013e10f32e0fd67e6bedbf122d9ad10
a74692c5-57f2-4094-b1bc-cff543256cb8,train,2e9362a150af425671c2b1e3033297eb05bb86588f6e6f0349257c07642f8b0c
a748319e-69ef-4b2a-ade2-f95aae7c961c,train,e959413d12f54c32806f5f49d98d57d39ce6a51c9d5cd23389eae814bc7b1b1f
a74e2811-398d-4b3b-94d6-4653a50b1c99,train,f8c4d937f90e74e0c5bd2a11e207a365c72801f3c352b8c78968f1ddde8e8bde
a74eb7dd-9494-408f-ba2d-62aa9e15441c,train,0e9ec84df9e693f5e2a6763678be54c30d2cc49666c4a8af426cfa6514d03aa8
a7564af3-0615-42bb-8e22-f51c88219dea,train,be8694b83eaba2e0366441ff67c61e4906c54715a7c30e2f5d59c244998fad58
a763144b-5a92-452e-813f-1a539ed836d9,train,0b17073c4ff286e1a926d71af5a68de2980cdb90bc8c3389003c6c3e1fe307e5
a7670f14-69a2-46c0-9fa1-4e9ebd073000,train,5c69e89bd54d1cef1e12bf0a846520306b8999a7d9d0fd7732599bf9f448710a
a76ea69e-6fd9-4fa9-9d52-1cb1e84fe23c,train,78c045b49e0c77ff6b27d355438a85b4b4064b81b699a702c2f56a509554a1c8
a77b8f78-6c0b-43bc-91fd-b128863aabce,train,4ba61058a0d3e788665dcad2735c22776a723d742fc30cb261664dcb41675774
a77b96b3-d7cf-4606-9401-08428086a10c,train,333bfc5e2c75744f57a3afee038221c5669fe3553d2c09eaadf6a3ea285dca61
a786b3b1-6b46-48ff-bc4a-418753b0693a,train,f71c78bacd623b3d1e4d320d5f2eacb0e6d05fc6abeb9abb6c36605ac180874e
a78a9498-f518-476e-8395-66407bb1f950,train,1c3e8bdd844d264009b3a95a1dce1204a72a7c2b77e935170f06eeaeae74ac58
a79ce7e8-2c49-4734-b501-8800e6f42b59,train,c820828264d3e0ba9d3d4e060a540c64278122658e48daabd36d518e63d4b828
a7ac0233-aae0-45fb-967e-be19796e91bd,train,6a0d58024876e5ca48c2e1dc6213315b2ff8e509b0d778de550f93c6ce4d5556
a7ae6465-4531-46c0-9ec2-fd17d0f67927,train,0a2f8498c71a9c74c4378a0266cf9fe036447e4ce1c3a55efa1544aec2931176
a7d43d04-6e6a-41bf-8632-d1cabcc18e42,train,f4b0b390e0b21a81aa5bc1ecd5f4e62e31481ecc8765df2698a06da9816a0d5a
a7d73d03-5819-4e9c-8b1f-f5b858e3995b,train,daf38759441c1f319b7d50d743ef31b2252cd54ad3fb6db48048b26c302bd34b
a7d9c279-914a-4ba8-9b16-22945aaa72e1,train,471c6da0f755a715dff7f53d42c3881bad8ca1a2353b7d72c5b1b8ef5ebd6cfa
a7e6ee11-fe30-4edc-b075-14e1300e35d8,train,41c467e50071e73f06832b6eb7037cd199d0e45975427b55c69bc67c94a6c2af
a7eaf5ec-1ff4-463a-9f9c-0bf30e471307,train,5430c611d88ff1c359d6b365342dcf4643c541f4c8fd9c189049884f42678359
a805792f-d4bf-48c7-8e38-8abc9841a4cc,train,ebe49509191ea2c844a759dfd6d54b5722e715f808943ca9d602bfb78f167f0c
a814420f-ede4-42ac-b5a9-2d86f7e1161f,train,a4c213bf4829a39ab7dda70dc17a3a14ee87c181f9ca43f91f443a1e8ab18986
a81c7255-95bf-4fe4-850b-2459dc286704,train,c21804d3885e4d5c708c4d99264871904f7609b61fa09078ac6afa57bf9898c5
a82084f9-d0ac-4ec0-9b42-461cd8e591ff,train,f9ea25f775c89cca3e49da0d1d42a8ad57ab3719317095dcef6081defb731055
a8208670-efc5-44bc-b314-d567e1273d1d,train,3ae185fc62aad892859df1b3d762851b43440063695341ef574c39251db31e5d
a82218d3-0570-473b-934d-e64a221097a0,train,408d43f13fe213700fe855fef052bad644b8acea118c8c7e30db050502221215
a829b37a-7a58-491b-86e8-ac86c894fbaa,train,7a6b3f66139f9331a990d2ce1ce780c6ab3c402defd8798e1c449d6f4c614be8
a82ef9ef-46af-47dc-afab-57dd06d4a3b5,train,3b0ddc7f5d8305933c937b0db3d01ad988fa932baf30d407095cd6e212860134
a837820d-20fb-4840-b712-05b67173451e,train,855db45833749ce8b7d670e22e5bd0b6c948014a2ac926d32547f1d08c05cf39
a8430936-f9d1-44e7-b67d-eb2e4ca9b2c6,train,d0bb0fe511255e3dab447e247ec82c73de110c6bb6c8d99ad063d18099a69f47
a847b0a0-831d-49bf-94c3-f0a2f9defc81,train,578254f2308ab34bd31fdb16f5df6241891685bdb43466767f60994708c3519a
a84d156a-914a-43a6-8b09-a4fe6bd528a7,train,3ddca39868ef4d66fc14f2247c3c9efb67a512e26fcaa035223c945b459795aa
a84d8df9-a0d9-42ba-a172-0777ee5bd246,train,14aa9af9197e5d05576a67719d4af6fe2f9996f0ca6df1702c4701e156819d76
a8506c2d-a479-4939-a745-2eba61b9dd0d,train,65cbbf1b833fa46e75148f5ed1e903c365d54e3c64a1cbfcadc895ad5656457e
a85700c6-25b8-4f85-981a-9c86211a6470,train,fe834497db29c780f9b37d2f54802bc7a4533a3028c1c1c125c50d0374928d7a
a85b43fa-cf7e-4052-bbae-c0e0146eed4e,train,1426b2a6f5b824a605006c28d6fca202154c54d5d48461bac20aea79bd41cd44
a8736ef7-317d-44d6-aff8-a6d9c1b0cb6d,train,013c2382b3ea04ba06a9aeecf2cf86740f71c5e15a51a42f6b4da68598f24c59
a8784a41-4c3b-4a38-95c1-59bfbb87be10,train,27dbf4e0e5d2f889c4bc3ae4f8951ecac92ce867a8a5ec10176f08ebaa8295d2
a87dc8a7-8c61-47eb-bea9-1a93c617f2db,train,04a2b7ade3feef08deb1d2ab8849b43f9e2a0f40ca0ebe7e1a83e030aa62a438
a886707e-baac-4673-b8fa-b6e8465d5726,train,35dbed8bfe9697c2da6e060232cb283318a7f114708f5e78c85bad731037a56b
a8885818-dae3-43ec-8ce9-d78cde71b717,train,fdfeab47bf29d534c9c87a2e5943498cefc99c7ffc75ca485f1d53831df17edb
a8963d8c-1ba7-4e03-9e8e-311388ad4461,train,8fefad2a64d9dadefd711c513c530cdc5bd9c54db56634873209e0a508ecf715
a8a11d0c-b665-4252-b33a-6489c0ce5f13,train,43698f004f2c570ed918f1a97421f004a57fc39e8fb5ac6bf9d672e034690088
a8a2a91c-b491-4fa9-a951-2d7bc5addca9,train,3d3d89464b236771117ef36f04c470fc2f14d74762dea83005e99f63981476ed
a8b42225-7b9a-4371-9f64-9d55676a5639,train,c2c1529d50e501518eb4ec62bb8c6c3ac808ffd26c7612564963dc87abf51df8
a8cecd90-b34f-4c3f-b014-f33f62a1efd8,train,946257ad79e4612525857326e42cfdfd3c2d4e0960720458a9742ae754612b32
a8d0913e-b552-4aea-bc23-d09aea4b3b33,train,ac2ec5f963e528a9e84aef097de6f80ec9f037b9c6331f91487966602f2c9c73
a8dd72d7-1eb3-4c47-b1e4-d46126ce83c9,train,0fdb2c622b5d5be817f735fb11aee6ae5eca5ebdd61ca93f3eee4e9011c879d2
a8e77d6b-0175-4c62-b357-60d166ef8fb7,train,d0385e201011c725781c8a967f183e2babf8fb857ee4bb4772c73e416cc53416
a8eb9203-47b6-43ce-ab5d-3174d3f1072a,train,27293358cd021687cb6a23cd32e4481f3fbb1e9ba403f8824513f195f759b2dd
a8fa361e-ae22-46af-8849-22b9091342b7,train,8c724ef23a8213e638297b537253557ed2c740ede5fa8905ab266ac64ed37faa
a91c9fa0-1370-4f34-8c49-5fae1dee7415,train,8db9d4e599f6cb65d5fefdfaa0e8dfdbf245babe84a32899395073ce533d1f29
a9348d0b-601c-4021-b27c-0e5138264bde,train,c712b581739121b6ff1065d0d39e810efc693b312b5a855d6837a23d4a52e0de
a935a21b-4784-4e0d-8045-8b7a79033120,train,d98b2762793f4c44edeecc0a9d2e1b4f1d90112a54efed906ca0d07b0f31a471
a9395fdf-e59c-4ab1-ac24-fe00510de8f5,train,49460ac4a92b139fe7f9b8f75c32f9cdc01c4f755c9db8cdfdbf068fc1ccff7e
a94e239e-40d7-47a6-9df3-d6fbbdc6b8de,train,b679fae7bb9d6102141d873c52450d748732217a7b7e56abbebc66220d864ae8
a94f366f-f4d5-450d-babe-26cffce25f91,train,8574eac3b3106bf0be0fb89317b42b55d993653aa57224443f1716fcc2836aef
a95d0ac4-3c28-472c-ae1d-70e91b8a4aec,train,381fbbc0a27a42c21e396aa52af95ff89a420cd63256726ca5868a19e294c8b8
a96268c2-7af6-42bb-91b1-790f9279cac8,train,5efe81411489e0228171ec64d7a802d71cc7f132516f194ac7b243cdcd38ab41
a96c5215-37e5-4fab-a975-e22f18646ce8,train,46399136ee28aa208bfcdd33bf9046a15fe36d30a5470d7f95bda548d479f72a
a96e28a6-859d-4f13-b008-b2945697473d,train,e7510e622dd0cc26b8d0df5a19d64ecfc634b45eb01b55903099eb33ab5a2edd
a98f8da4-466a-4e33-bffc-1080d8f7617e,train,123376240c960d742625582d5cbe1e10302efccc7c7e2e51d0ccd839bc3de1e1
a99633ed-a34f-464c-a2e6-da8722f4e491,train,588ccf126e15325ee8fc59969570a1db1e303d56093df21d5b2f77aafbea74ad
a9a4b26b-eb30-4acb-bd30-2e8d7e364941,train,03448a48792f82804c1da4c594c9b5e7a368e8ffd76aa5ca72ae8a1408afa102
a9d03eab-4f13-4d20-861d-389c63f3d87e,train,2866bed79eaae0060f3cdf6e19da3e4e716f2edf887043fc1391c9f526c2e592
a9dc89d6-b741-4dfe-8b32-f7e1ef54a90d,train,ae144d7b5256f47c8765c150237b0ee4e103f8cc05166af1cea1d7b94ccecf61
a9ec3df4-3446-4a8e-a112-c96d00f0df91,train,b4a92b150d4e3beb03881aa5b9edb2384694b602be4f3511258bfa4cd9ace522
a9f1e1d4-4d66-49e0-9303-f2d268fb15d8,train,df34c761f1a2348f5b20c3810b285c4c2bba6a489126868e9ae2ce2805a18d97
a9f5ca5d-3b30-4bea-988c-ea625cc9f22c,train,5ad9182c0f47008837cf71a146402f50ac9badf1bcd8b9ed0024b917fa35df96
a9fe31a1-dc1b-4168-afd8-cf406caa26fd,train,417584c502390f0232343f62a8173bf4fb61e87917831022a06b2fea6173486c
aa0ed524-3370-4838-8ef7-26e4fb9c39a3,train,fb6d9236fc4811ff0a980d121652b2e0cc5afc843c7688f54a4fa4fd4ed4a038
aa15d5f6-d746-40ae-86f9-58849e7448bb,train,b8f36336bdf01e4bbb1d41d556ee6668142f64bb421084ea9a31e25545e41ba8
aa241a5a-da86-4a7d-a56a-eed4530e8916,train,4c72f55b9e9994f6f9b8fa65a08f9ba683e07b1d5aa750803e6bc467419cbe55
aa47293c-4336-47c5-add4-a376a9cd7970,train,b1480b77358f733844985f0402d8756972f535c5a29b277351b9ac58b9acdd67
aa4c3a45-a97d-4577-8e28-7ce1276687a6,train,f6dac750d35ca1deb3af4fb030c3c0320a74ed03f043889d7c2514fa28d7c42b
aa584319-e5be-44de-afb2-1780c9d134e1,train,9e7f95ce23fcdf185f848eb54e98b1cfc3e9d9733ebede055ef2db427b43b1d5
aa97d5ca-39ed-4476-bef2-b6f1ae1cb8ff,train,0f939cf7fcbeacaae3f4065f1ad74428983e06756433876d58392a81695c055d
aa9a5545-b7d9-4098-9abf-b72a16de4833,train,c3b8d74ce4f83b920689adc77fb82a7b20a4f37ba362cd25c68719e200817a37
aaa51bfa-b1b3-4df4-9a3b-a49a27a688a5,train,e4948a995ab8bde07b6f553e33061ad56bf80f4c60d7485b39194d1b4475c1b8
aabd2786-0bb7-4458-9336-6acd65654de2,train,d5d15e837d0ac081a96437832b4eeabbe54c08d36aa59020649d6e639d20ad64
aac50454-5a7c-4779-93ec-0a2ae7067e27,train,9d16e005f3b258fa68a5eb60c64930b03c5d0ac189f75970b75df83622d13275
aac80f95-18c5-44dc-9781-4b27fb0878a4,train,b8d6e3593342fa2856abcc703b0101175508a4cfb48d9dcb8510e5768da7d241
aaddeffe-e496-4c79-9b77-d184dfefbbac,train,fdaf78696611a5b72344b99da3b2ae8cb2033c585c9952d1ce62207d4f756d0e
aaea59fc-2685-4cec-b17a-8590236a8570,train,5c65b20f9596c81184efde521e463b3197e09ce59945dc87f691f4147e1d8fce
aaee09ce-640c-46fd-a0f7-1f84ca31bd91,train,4958345d2cd7bebab655e12b5a37f8879fa7ec00827d2c73600818a1eccee850
aaf80f47-5865-48ba-ae93-38f0a479ef5c,train,0ea65f20d28b6bb9ba11488d5b0ce8162fe85f658eadedb1395790d8edea6a68
ab0a1235-fc16-414a-8c85-c474b4fa8e98,train,4a4bb75826e1822828fd03e6e14818a38bf72df3488f641558594049cc91a783
ab23f36d-57d4-497c-b77a-07ab6d1ac265,train,c65b13459a15afaf09c7dd4f545f7bec4a099c4c43cf9f37aa4e8d2b09aaa91b
ab2c546d-daf7-4e88-b79f-eb54b5326be0,train,10792fd7700a56baeb1018727ac49b9d94f6ae0a1f10c61c3aee8235a16caca0
ab37bfcb-3a44-40d4-a7ea-64e93e3a46c9,train,de5e193470242c166206979fbdcbe18a787ed9b79027ad62750cfdc652a3674b
ab587705-19af-4cf4-9653-9f6e8797a2ec,train,33b1880b25a184df9ad0b9938044ff519e2af2d60f3b00b90a96e878c693c3c8
ab62e1b3-d3ee-41ab-8129-cf999b114f8a,train,0af9392e472b4e9ad96a9afbe6ab706c2c334fd94b07d61a5932d59f21d7bf65
ab6f4564-8874-458f-8a9e-91dfd0285ea5,train,09378ba060164fbfe73e5814b6cf515b8378df66462d1c118f0712e90c077bd2
ab7901ca-d116-44de-953b-eb9eab4fcb8f,train,82f4e4b189f67cba6ce2a88d2ed96b18c4f4aee00356db9d7698e66e882de5dd
ab7ea29b-e18e-48ee-9ceb-f3aeedf494fd,train,0a86516ecfaf6a8a9d06530dcdb1a127b26596f46d0d9b1aab4ad944fd4618a3
ab829fe0-c98d-4ee7-bb91-1137b8a400bb,train,ebd735423708e82a4784fa1fb12b5ee16fbcbab86dd61be3ef2ce1619cb4d9ed
ab867256-3a84-4bc2-be50-b6509311ee4f,train,95ff573e2fccdc36c69c222db81c2067a2f2ea601c5deac493947d0fb0af9fab
ab9e47b8-1d46-4c49-a056-bb5d21738dd0,train,010027862aea4ec2e87e91523853a7a4601a74ad059d586241284b9df3e657f1
aba0ac06-6710-47b8-826d-bc704d71e375,train,1fd2f64e1a0b58497e52f417d6d522ad1eeeb295e431638e6059b45f259e2a72
aba1961a-5cbd-402f-a26c-81630434ab52,train,25e71335177762e6c9dc6aa80398704642d7099f56fb362505c1c50703aff83a
aba1e9cb-a013-4d56-af82-cb28106bb621,train,e3f6708682db7a48b58ad42664353802eb7f91db98337b1656e8ba1bcf5e5d1b
abad64a9-bc12-40e6-b398-d4ba6ca99b62,train,6c1e8565cd259b429674a635321447900e72ce662b2a83ad98fade9f8ec1135c
abb2ebf4-00b7-4de4-a03a-713d76461d27,train,253070b4ce5277add30a4d350b448cb1140fa684793e936c8ecd809643a4c23e
abbe232f-1845-4816-b8ce-a8871acefcd7,train,729c11222c2ac8f3e54ff395d0d61fda3b0e27de8f668fcd35d66ebdf79a3f37
abc7ec25-1647-4419-bae5-61dd53df54fc,train,eeeeaa764f543eec3a1db5a9f571784891a7b977ddc0dc948b683d7cc0d68b4e
abc95868-6b63-4685-8634-9cd8a6a272f0,train,c16f90f87873619e09a6fe0b478dc93512c7ce5acd8f875658a4ee188fc40f88
abd2ec7f-68f2-4bcd-b9ad-7cdd28cc57e2,train,bcfe54363cc5f3ca1aa6a36a191e9f4b7fce27b9488b07688e45bdc1fb8e2a44
abd9a3be-4397-428a-a24a-0425cfee047a,train,01b47e3582afd5be1be91e613e1318841a2603cf22f56577bf604d591a431350
abdd0926-3ba5-474c-a93b-8dd65b506d0e,train,4143bfb2df5f45ed0e4dbd36984d9321354ec2dc897711a40797bde444f3b408
abec6059-0c84-4023-b690-ead4f9c2929b,train,b5256ac43e17c2b47db826906019d975ab2ff48d1d7350db74e90f37f88afc83
abf907ea-42af-4783-847e-cec135aa5696,train,f71f6d7cd43ff9a29a8fe34b804cb952ae15766e11dc45e8c33281d237aa04c5
abf97416-d41c-4f3c-9609-d92bcf49d65c,train,901e47e38083a8aaa3f8f1be3eb06a7eba8acd4492c16604886a2dcc368ff84c
ac0a2c56-e507-4773-9d42-77c64bfd3eff,train,9281505d4267d2650fc02f087cfc8f6ca9d9f34906e8e07c37051063b0a3004c
ac11a4b3-5829-41a5-8b3e-26d9fe48db7a,train,1f04ebfb7324aef7d9f154ca735c8d811b110c8a0990b8e4e4b8bdaea214bed2
ac207ed3-133d-459e-8b4f-42be16767797,train,2eeb9be1746b90be4026b58ffca52ec316963b84a888b55f8cfbe025b06fc807
ac262c93-487f-41f9-98b6-dee2dab42ba3,train,2361a5be2209cc3848d8608d5a5b56b41d6a0c07e4496d02e5f2cd8d6c9bdb27
ac27bc52-6a6b-40b3-beee-4ae6a02788fd,train,d2fe4db6538a1e2e6e5a7ac101b46307700171d8a12b0111297db452501707dd
ac33e912-d24d-4a6b-b49f-976d1181fe2d,train,2f46b244863e50614e1172ece10aa1bd2b2d82c3f202e5ba60a0695f6e5b2045
ac383d26-b97b-4837-9cc7-75c6897078d6,train,0758aaaabde1cdc0447ca1a3fb92ccd0049fd0526b04290c90a7d1cb5b87d839
ac42e6f3-fedd-42eb-9822-bef7c9f61003,train,2bd43176e97af515771967894d2f4c46f3c2e9db839909f36e5f770b7cf67d76
ac46d93e-d4b9-47fa-88f5-3e7aadf9af3c,train,2a0b50e5b5250386d363f87a9bfb3d9ffa5d9df8012b728cd280bcdb5c9f8630
ac4e3b17-424a-4058-b8f0-72ddcb3740ff,train,dc4e71e74ec8a1d987c5ac1f598b59bf3e252a0c5442b6e39bc87cf1af204405
ac537c2b-99f1-48da-bbb5-bac8ee4b1f69,train,9a57710075d2d6b62792949e385b6265df8c85e039c8238dbd55f07d2650bdaf
ac684467-0d85-4258-b130-d9661b6963f4,train,273f2c631e6a5633176a90182dd563f976868ff96c7943a5aa5b21a128da0e9c
ac6cb03d-037d-4b19-a66c-c6b760a43669,train,a824f64b6a5a43fdc3dff00749a994c410c3239edfba6441840154c868256240
ac926c34-be86-4aa3-8c2c-900dd6e7a5d8,train,61911870afa83a09d89731a6dd3fe0e702b807339f816533450cd3901e62ac07
ac9ed736-05f5-4cb0-a678-0f0596f6dee6,train,dedf227e916671c3fae135951e26f8a19a674aa1dd18a5da582dd253cb77c054
aca75957-2c53-4224-838b-e869a95a181f,train,5d5add1274a1e663b05c3df4ff20021cdfac3eb598689cc49a9c925e0b7c734d
acaaea83-32f6-41c3-8f43-25084a9906f5,train,6f8c7e9050bbd12160eb598fb6b604cccc1d50a28b5089d1f0eec58bfed0a7c8
acadc0a6-853a-46b4-8ba6-e8d5720d5670,train,0404453a484df21eeba2da9fe7c73dc1c3ac075c957ff1c5087e1e1c34af6ca9
acafc284-b174-4e85-8cd6-e764a59f7096,train,157670a3790d10e3166017e32e2870c195bfd48a97670cc6232d64ff5df9a8f9
acb102c7-3eed-4454-b9b1-ddd9e1d57109,train,cfd089e8db5a5bd28d29449758d3416783f9e94bf44cb7f2fe782683df7b5711
acb47499-59a9-40bd-9c0f-f6684dcc329c,train,41c3e94cf968f61d422564d93aa5cbb02f164af8d127378c8bd216f960c5f534
acb759f2-6319-49a4-9593-30ea3ad19426,train,69ad2be2c8b82b5dc2792256e366ebfa79967dce72551de350e2d84b3c664e69
acbe753f-5e44-40ef-b53f-3f3c5a6c5add,train,e054af7ecbc43a221ead85676f419aceb4f503a6afef503825189712b109dbe2
acd4e81b-b2a2-4b08-8b94-77a551947ca0,train,61eae809405d7cf9420a30bbca1051d28d995ad03f176064dd8722e260c21ac4
acd5828d-0590-4a4a-add7-00604ec55174,train,0deabdcef9ab7c61e6f902441dbf25cec6f1a1f84e3e6302b6bb49fd65cf2254
acd6a579-d3a8-4564-a519-bf8ecc30a853,train,82ebe93b4ea54bfb1a37cfc116cb8f173fcec64305e94e4b1e5a589a81ae7e41
ace0d9a5-6a37-4149-8bf6-296eec957eb5,train,a46fa1890ab5a6121c934a988260d029f69e6c14d71827c413449a6e1e2ff301
ace9f176-8290-4dbe-84bd-3bdcb01117d5,train,8b20187ab4d9dce8ca982907b8075bb40438c13943ef333870b770a01ec412f9
acff4325-a14f-4db6-9bf9-84ca6b309653,train,08f9deead6a6091ea7f42af358153d0465c64bef68eed3796caf2a5c128b6bf2
ad01919b-e79e-4231-92d8-cffcf8448bb5,train,464534f3ba521c7005ca1e6fce5e1d484b880bb81a263e02723a2caaaa4aebc5
ad1e5a25-c3c0-4b2d-9f04-0afb5d06884f,train,21ca98af4da1a207aba5e18e2eae938be99238be82d068e855774cad057ed0d5
ad24855b-5a7f-47c2-9d48-5d5223b19e6d,train,6c0e30c7abd12bf3577ab7eb13265509fdb6db4ec2d35fa515d90bf437091450
ad282971-324a-40ae-8324-e1cf1552d192,train,c264b70fff19895953eadf97c723b752561d854cc9786ec353a4641c96ce3c71
ad285788-3189-44d9-bb57-a5120bc4b94a,train,9facec15516205481f6866a81a821541f865563457e381cc139234d29bcd13d5
ad331b8a-aa37-49a9-84d2-0c3777f5bc7f,train,09d031ac7e7006c58a8f37cd36b9d4985481ccc1b7ca8b6072a65b8a4e612034
ad3474bc-fdbe-440a-9273-cb27af0adb1b,train,cb847637c8304d73bf9c1dee7769a1ed992b0f4795ed4e866a5f780ea1feb295
ad69956c-a31f-4093-9dd1-540e67d40075,train,2c9fa218635fe7d53be7af84ee9588f9f030357f4d0647ad6b9a6d1ef51f5a92
ad9247a0-88ea-4f6f-b060-bc96c6f2a148,train,256fb07f79a8234603b9a321f0a7c9eeaf5dc65165009e2441c70bc5f1abc7af
ada10fbd-d5d6-4a54-a4d8-cbe72649b458,train,ba8c85fefccaaccd88c969f0947d06545ab81128a0144ffb2954249114d13715
ada143a0-b403-41cf-a34b-33e08fd97546,train,e0e436ed532faa422e518e872a59b8949863c9ac84d42fc6ebc6a65aebd5b5b8
ada23440-70eb-4b5d-b5d1-6911659577cd,train,5d612dc5c7b389b6394541a01f4ef97f227e2621005fb86ea72571356426cb80
ada82d2c-e768-4025-a836-778047dff050,train,f4b8153a793d973720089c96ecf7642af5f38982da9e710ad2799a3a91399b08
adb19f1f-79a8-4659-826f-fa56d41e8fca,train,f76fa3a51553e5fa7862c623775eb4120028471389e4732b2173551dc3c6a607
adc02cd2-4267-43a7-a1c0-8fed567e68b1,train,8b1f3fd324484190a0bafbd61195d26c73ed9d1659b421aa326525677f68a378
adc11030-919e-4bdd-8595-c6bd00ff26fc,train,8e96e9c20332b8e924e481517b029b4c018b44a1abe7031095519a1c6b242113
adc4ec00-7213-4a88-9269-975c4afaa42a,train,a66659e51ee1c97b5138e9d08bb794e3b9627f04f2a1c27bb13c5db059193138
adcf28c5-934f-4a38-ae5d-8cce12023601,train,fdb786345bf377878012724f694a4928255f0b58935f620203c95f5095631e67
adebe462-9d0c-4b7c-9e7a-ed611ad3ad34,train,e468b3e4faf96aaf62c3a2fdf514088c0dccd5d7356e82f78708f380d8004fff
adfb7f4b-fc83-4d83-9882-dbf2658c2af9,train,631242722a1ba34c8bff6e95d4ee0f7ff09c6b901e5159dc40f8b012666471f6
ae018859-dd0d-4567-afe4-81758a83fea5,train,d245fbd12bc5a26233d4915120192ae4ba041af0ff0b6ae72b391f5e47e55f84
ae0aac96-3f30-438b-b546-ed5f061eb7f1,train,9151826a76158bbe508e5d3ba1f7b4476c1c0f9c3a54cd4a457f779e85639b7c
ae10f914-47ec-4eac-aa02-638698342033,train,ff32bad4ae652cd45ef2babc9e9d33c7c807860185e5643e483d42fbb5080f93
ae2cf86b-bb99-4a90-946e-08cb8816e230,train,de6e208394b9a0b85c959558bd22c55d37e0f3f4ac3576cfceba1e97f5fef41d
ae2d9434-9c26-4960-b79d-26ac3bdea3de,train,846e41c1dad24bb15dfd888d1b0429957304b0e3935cadd91586e9431bc3c589
ae3f3139-ed9a-4d3c-bc9d-20cbcd078122,train,47365e3ade0d83f0894c025431fee3b855f7b6c4a2fbcd5856956a0d8e2d2e8c
ae58f45a-8793-49c8-9070-67d758668d50,train,140e47764643ca83a6f6ea03b62a2cceb6a6cd853c8707f639cd3d14fa32ceae
ae64bbc1-af2e-4aed-9333-021575120708,train,24f4fcb218f3512773b143d3b89a90928147878984ad51a7d83609283ad9e5e5
ae70ca9c-09de-4015-a9d9-7b9b20e2c9c8,train,2c1d1941dd6bcd20bc34bb9670d29e192e2067df53f042276d35609860de76d2
ae7945c3-a14e-4692-b326-92b4495e2cdc,train,98413db4178755153397eac54d6e9095258346fe11a0e47ef9dd05d4158894c1
ae7d5625-bafa-48cc-b48b-4e4a3391f5f9,train,d0a23c923bc9b303cfce2bb730cbc539e19961910712d5d7450b9b7e0b154fa9
ae8acdd3-4572-4d42-8ec6-b820bbf1e5ad,train,8aa2d5caac86ece9593d2c63443329e7918ac63aa3d873f3101d7274f48bb6e0
aea81990-0d44-4b13-a765-f5a31cbb0159,train,7d1c8c7c377bb504e7622d0e20c878b09f602b2484199f9a6109dfef7e9b0bc6
aea87788-3c6e-404f-9915-f06911b4f8ca,train,57798056dfa284c43093b46645c383830b1c8317ab4a9e48f70ad9998d977280
aeacf8b9-4134-41c7-a383-0492356d0d4c,train,8411d870503321226674a69c17fe8b7a71108432b1fda1787c26b28215769287
aeb6348c-beff-4232-b121-e3670d6b6e18,train,a3b02f0baefcba2343a902a65c1fd7e51679500c8cc6220c7bd06ecaaaebefae
aeb85468-3acb-4747-916f-ddcb8ba9c665,train,8ff701af527409e75bd36f2eda136691ed997dd6785bc8a3813e550893e13150
aeb8d179-3a1c-4c0e-ab19-7bd9f527a5a5,train,a920d5f15a2a7330855020b1aa226da490b1579b4b7f96d97c1c2b0e1a3744c4
aebceff6-f0ac-42c0-ad5b-63dfc0edd3b5,train,91d5ce824ffcdec8319ceb8a5849b2b778a4f6502970da0dbb8a19ae7b8a6730
aebf75b9-4491-47fb-9543-a1a190cabc2f,train,df1cd45c857d59fb1b2aaa3af40a41fdea51f69772a0064a0d4728b792966f38
aed9901e-5419-43aa-a2b4-0b1998e423b5,train,3f5d020bc58acaffd7ba455b28bc683f39f562d2e8aaf1b91353afe08474e1a9
aee45f4d-fcf2-465b-80f7-6ffbdcf0be34,train,89dbf7acb426967f7ecca062578ee771d6c29edcd5037ffd8947cf717b33f00b
aeefdfd5-3e88-4409-935a-98e0c90442b9,train,70a291f8c412a26f825ce964e8f9e352eb9d420049d98639b08c0a32887867ff
aef1d118-748f-4ed1-9054-80b39046a55e,train,8affa6ce7858135baad7b78a2adba13edcc221c7633ef1924ef726480301ee98
af0a04d1-8139-43e5-8a5a-4ec7f75f35e4,train,b36cfab9d7bdf35e10ba38ddde91812b525a32fa16d5ecd8863ae4efa6fe59e3
af0e99d9-c0a1-456f-971c-52959b125fa2,train,d842be41b07c1f1df6e4365898e0d7f524163af4b356afee1f37acfe6fb557bd
af148f38-9a21-475a-81a7-90c9fffd016a,train,18548374192d4976149e0c1284ffc96517116732ccf6ed0eb907ba8f875c56e3
af270ff8-a793-44a1-9627-c2edb8e5d974,train,517f36d0895cfdf427c0841def4e7826f579a76ce45e7bd3249a6e87720670c8
af2cbd57-42a6-40a9-8f64-3b65f06407c1,train,f1b0cf80e30376d46e2d3db9e7371c54486b7bfb59f1f0b8028ace91118de4c0
af2fd1d6-a90f-4f58-a0bd-02a6fb067689,train,86c75fb5f1f453e8c9a2d314aba2e8edc2bb826a5f7baf11b7f71af68666e623
af378ff9-4fa8-40a5-874f-6276215b6e63,train,50fcc6b84397faa5eb2c8f66420501428c6227a683209cb45944438711818db6
af415e8e-4358-49de-b462-e77c54a3ab4d,train,b9e229afa2c527410c706a9d638480957b5872eb84c80b906f14b4a7b910e1c2
af452e62-a6f4-4b12-b229-fbb254e95d65,train,3a9ae59d7533a4dbf9932a0409c2b3411fd64f1edf49ba2052188e0d788a2cec
af454734-bffe-44d9-8154-ccf813844d5f,train,a033abfcc858dbaeaff8b4636e1b56dfdfe3309c4ebf11616b3b14fe1cf6476f
af49e10e-a562-47d2-8f1e-2b13a22a1926,train,aba160bf53e3798004345a304f862dde852ea62b86694368873e359c813df887
af4bfb09-c5d4-48be-8de8-840f1addff94,train,8445bab7d4b2eb496ecb2779e3be4c8a9c66a388171daf1edaa5cc159f434168
af4fcc3e-afee-4b94-8d0a-87199cb67334,train,5dda8b28287c0ac69d70ca1487fdc6d60e81ea418ecedb899c4e71e8e26d87b7
af51d9eb-c035-43da-9829-93be2fa1a2a0,train,0386af9ed1f2df13a6921e19d3bb7f726f029a731d4377a60967dfc47469c1d8
af569af2-fbc5-4a22-a022-f2aa8e2b3c72,train,715bf8e54ed1b2a99bba110ef7d8aa1de606d99f93bbdd2cb908c95619bb9b37
af5ca04f-d239-49d1-8fab-5a58da0a1cdc,train,068f6b1bdf0e9147cb2f16ae0d57f7d43b98dc592e3271c3bff1a150634415f9
af6b3a6c-1f68-4be9-ab5f-e62b346f0509,train,d360ff0f40bbe91faf0310807a612c64eb3248b77821a35f02911b36178dddc3
af7009ca-c417-429a-b7bd-7df96e25fbfd,train,a330ad137e7c7505c11f9bfa095e9d20a7113c83d3224a39e68057d91d3a5638
af7868ab-98b5-4e32-8ef9-a5160e7fbb5e,train,72d1302cb418a33da63b971f181ae035db21ffbc3046325d351bc138a79a974b
af800b6b-275d-49dc-9067-6b84152150e1,train,3b9472bd6aa06b63c836b88946297d9ebbb1341bae0cc24474d7070692db97f6
af865104-d2ff-4ed5-9d9a-0315e8d8abce,train,256e3e8e946201e7f6e7041cb60197542eaade1378eb3342f947dddc1e116096
af8979a9-ce6d-47b7-aded-b84373d5a275,train,12343504aaf64d0bc743b548666856886172e88984c5896177113d92fbfceedc
af8da15a-db73-45b1-9d53-351eaf194153,train,e116bb8ca4f755554e2b4d127fc56c16b037ba66517b2f7f71e0c36441450fa9
af988557-b941-436a-ae31-dbb50cbc1963,train,40bd9a390dab07a042b8859c9b122343d413e900bc5e38d93b8b2f3d04a0405e
afa13c24-d089-4bcd-9fab-f283f22ad49e,train,e402a9a4cec47b24d41d402074685f36ad7fca10f07a089992e7ad2e071a6145
afa56639-665f-4de8-87e7-bff76e971055,train,811d1f04a06e38f11baa859b02a4d3faccae661ba05d43eee09ca50f9e86a3dc
afa585b2-4759-43be-9dc6-a10ca73e7336,train,99f83003fa716aec9e4b04d5eebce1563b96d5025bca5251a6e5d39f95ec7683
afa61358-d001-49b4-8927-04b5b7bb9924,train,f1c399f7c2ff4bd3d34a56a8221b32437d03eb28a45ab182577558b28e0215cb
afae53be-cdb1-4a5a-ad7a-b66d653a726e,train,c522f95301007453020f2c6601d6932cc76a353b3fd6f08fd0b7c7e62e5b114f
afc6bd03-35eb-433a-b8ab-bf77df9b92bf,train,9b9b1edbab002e8b68195dffd085a741cca2ebde002fa64c64f502bccfedc2f4
afcc5ff4-00e1-43ce-b5f1-48e974018464,train,5677067a2ba43ff137fc0c906e6fe7da8a0f2ab8766befc735bb1df22d27b111
afd13286-b670-4937-a76e-14dcfa8fd1a3,train,22ccc7bb6f2c50c95b6fa9379294b46ab2a7562e5b816283a1d76ffdf4829b12
afd37259-77ac-425b-9a4b-2961379c424a,train,5aafe63bbd33b4268c12ce03d5ac61e2756b9d6cd29baa56ab093dfad9d1aca5
afd4794a-51a2-4ac3-b43b-07e1b1274a7b,train,4bd3cd51302cc5250db3bf67ffb33d02219e295ddfec4bd573c6caa5201a9d1c
afd59657-a1d2-481a-a5a4-82175a0c3272,train,8bc6b724f9ed456ebcc58e21e9960ca597c54cd0b7c83539998c6a35113d9e15
afda85b7-7674-4bb8-ac51-6639881be80d,train,027283c51f50eac801d7825370773b23753e88bdcf64c460e77251a3f33477d3
afdb6918-c0eb-4f1c-8e21-921c5cb7f8d7,train,658c01d12f3a3b8d36335d9fa348e6f490eca4fa2e5088397dd5bad32d565e65
afde3d4e-e297-473b-b05c-73595ac8177a,train,b270297d3f2d785a790f85f2fffb1a0be7f1d4ff982ef88826af2b78d11870a8
afdf420c-2dbe-442a-b1ad-655b64d87473,train,0613b51e0b1c00e32c7fe8f6eba31cc3b646b55f09589474ebbe263ba26ca54d
afeb1241-bdf5-419d-990c-55c2bde743fc,train,578d74d6720cb9512b59945fee2557583f31d69057cee124dfc2cf110408a7d1
aff5d4a7-05ef-4410-ae6f-920154efc4a0,train,c0da1c91508b581d9582d000719497da61304548af75a85b32a702b2890ffab2
b00334f0-9d59-47bc-b28c-305f257e32f0,train,9e4d7229fbdcf918b4a93acfabaab8a4278e67493b575ce6d7edfff9e1c41d32
b00b2b34-b291-4418-9474-20024830cf08,train,7412b9ae432dbd0df487d530d98094bc3e79e0ed34243fb8719dd97932b4dc87
b00ba714-2af6-42dc-858b-e7af9f9e12f8,train,0566f3d5def71fbc7e4fae300728e9a1b925b65073481fbf4a1b6d932c2bf70f
b02529d3-2d53-40aa-853b-3a68e704e6b4,train,12b947e13d7b3209bb642ad07b14b03ff1c49a1ae5ac553a75ecb4bb8cc6a429
b02951d2-f76d-4b33-b87e-42c2b4648647,train,cd392a370fe84bec96393b9b6dfeb54182f2f6becbf762335f57a65e2e66a85b
b029d1f0-cf8f-47cc-8605-b0acac12568c,train,ecc9b53bdcaed42e570e001770fff72da6bef78e03a1cf47440315343e33fa85
b02b9a30-329a-4d75-822c-b33d3290f2da,train,32d58d9534b510c7ca5fc94af7e084c82a858acd4989c5d18bdc3eefa1ce9f97
b0305c13-3a12-4f3a-aae5-ba7e5390a7c5,train,40631c39d505dc8a36c351ba22df79b2400bc3b03b2582ef560a53081c28db94
b0384283-227d-49d2-b679-38476d41d4d2,train,f70e7f0f459a9c34cecc48bbdccabd5ee7fed94112ddaccb665e6b5ad6436044
b058a2dc-4098-4543-9444-a28d7ae25646,train,23d43f54ecea751c41ca77cb2a88968aff131d2294b013073c9948ea75306ec8
b0622641-8298-41b8-80b7-c7405e1e4bc2,train,f453d0114239dd7cf3c44f81e0f3ed173e58911ff0737cf2544ccddddf6e3684
b0668c13-9437-403b-a378-474b95bd4292,train,1d24747d71950f2825642a1fe60c4973eb03a2b1dcd97d4a3115208d8631733d
b06be469-90d4-4f91-8d05-38aa38663145,train,23df2c9c38515cb24d2369f29b1d6f709505802aba81d4c253844580d1b510b7
b06f593b-5e6b-40fb-ad36-0b87aa8656be,train,f053475648e410828de9c75e1cfac8e26fea0675d4453c8c57145ee0af51990b
b082060d-c824-44ed-89f5-07cbedb6a698,train,3c89c7e7f7e4798e9b1153f3411a41fba7c7731d497dea8f64d92945bba71bb2
b0905459-39a5-422e-87e7-1c13cae596a1,train,35920bb27a035ce01e4ff6edb604be324b9ac559ca70fe048912851acf33aafb
b09336b1-546b-4e7f-a2cd-d1644d2b11e5,train,c0631ba8ad3202d429ba672af55a28256599e378fbe0a7c40a851e91d176e982
b0a989ed-d300-4be0-a198-1ec5c9048217,train,393617ef6ab11a78c1dddca16970a845dc7b988fed378b33c5855c50b2d19046
b0b0ef7d-51ac-4f3b-9b8b-543cb1e2102c,train,d749cefc8f7fe6399f761109f9979e8166d645a209e7a51e8f6b92824fcce7c3
b0bdb82b-448f-41e2-910f-a2aa3ca3f3da,train,61c9775f7b15f4056669178644784a2038dc35f0e8146874eb1e44ad5ab6ae28
b0ccb062-a5d0-4e80-8dc8-c27640144b5d,train,c1d7f4b6f009143e896f8d2a2baef1794575339a95796c0e3a48c2e172c3bb2e
b0ce3e55-54f7-41dc-af23-99e15dff350d,train,848272e3988eaf60383430cf44e7aa31f85c803d8b6fc5372b9b8468987f11ef
b0dd8f9a-e426-42a5-b7f3-4b8707c7f3dc,train,c9a379148f92370e46f16b9dcde5cd0294cf8cc74ba4462bff86bc6c751b3283
b0f3c317-90f1-4f91-a231-0d7d9a44aea6,train,2a60878ef593562fffd8ebfd89072c5efb77fcf9180cb85cfd68878c80a7fa7e
b0f583e4-d11b-47d2-aae2-c78af0bd64a3,train,02d0fa8999da298a8edbed3c187647f69fd01a6d66f57122525f5efecbf04c0f
b12e407b-a730-4c5b-b90a-2a3d630fcfe8,train,794b68a37da00122883774386886ab0f187e5594f34f35b5424b7b3d75be0e4d
b13e23ee-acb0-4ed2-b8c3-677cdc2ade87,train,6286184933b9c42549844eeb5ee5e592ac9a0770733ec971efb812d1fb66fb07
b1567e8b-b738-4ecc-bf65-c4b1ea4fa41e,train,6684e3388b796c5fddec1abc21a2fe24dd52b0b0ca94c911ee5cd29b3ac686f6
b15a924b-60e5-42d1-bb25-d9d81398573f,train,640fa3ce6298abcf4225ed851a0000b6222d5e892abd40338d9fc7ba2acfc736
b15c2ef7-4daf-4e80-bc17-5c4ce34a02ff,train,8722369e990b02aecb3833d38fb55c9bafaaa322e6b9bb17093940f0ad3e2570
b1633dcf-212d-452f-a405-ffdc548b4746,train,d39ca653061d67f60b735c1222f5c3bf823b78e74562d11f5a232deaba9abf4b
b164175e-5822-4b7d-a54b-afa450482d8b,train,e95dda80d3914367ff1fa79647584c7443a788cd89bdc9399e48a89ef9927a49
b16613fd-748c-4096-b770-f0e9a3debde4,train,a813caa91e9e1e09408d96a66329cf7bbac9d7aea6c3121665df1d389b29cb22
b174dd05-bec1-4176-a0e0-eff7dfbcce5d,train,6528e6398ae20dfab609acb3ad73afc37b2eb3d65e447ee7be3e7a95081d80f2
b177c1f2-dcad-4639-9344-ceb19d9c95a6,train,88b545b9ce6759d7ed682a1a895eed429d8ae8d3537a74f5732aba475c5b035b
b182ccdb-386e-4245-ab99-375db60538eb,train,2ce3ecc976a7790492f8c9356c26aa697d2c9cfea973c382737b0932ae0d8808
b188c54b-64cd-4ce5-9e4e-807e8ef5edec,train,01c4189d429ca02c107ff0b64c2b60509b11a5c7facdc100754ebb66cbcd21c9
b192269d-f4bb-4eb6-bb5d-66b681e57910,train,3848f17212c0c4cf6b22b4e9a67ddde07d763925e65b5f4de792be24e2c80291
b1a21cbe-1223-4304-a559-bc4b3de9f970,train,6a741ba62eb2fdaa7c3ef359c23b103cc216bb5ac86a1517f19b2e569c1084b6
b1a3022b-db36-4483-80ee-a4aa43a32898,train,e528e353269fa2f90566c5c01f2fe1cddfb503de63d5fd604d784c35f9583219
b1d54c5e-ae90-49f7-a8be-37095bd5ab8f,train,dca22a7fda864eedf06298f859245bf8119eded381e189d4c37588d36f521121
b1d69685-dea6-44ea-872e-38013b0b53b2,train,e70bf33c46c053f56724ed9938f5403b0b1f3b5ef070b517a10156def9df516d
b1d7994d-4788-4eb9-8829-b7ddefba003b,train,9641fbdb1a32ceeda958e76fd6c56962c33e48a1112ef3cf9d20beb75b8ab71c
b1e39e0e-2e61-474a-bea6-2d79de6fa87b,train,c00ffbea6c3954a1a5a08c4be0af9d8b982a0ba5c9b8a0b24d8cc915cad8d5a2
b1ed367b-2c12-499b-a46d-52150cc964e3,train,a259402bb1bdb66b0591545e907105316d61afc4b6fea7b5b3198eb285b0670f
b1fd71e1-063d-43bc-9c50-4f9965fb2c1a,train,be34977124d9e90fe7c3953ecc418c097a79c500b309a334ec73dc990959518b
b20555be-3b15-41a9-8934-4a7f79c6359f,train,b805783aca16915704ea9172918adcfe1ad7d63477ccaaaed743c62c13879672
b20d8ba8-3589-4dcc-a966-b6a471b0cbb1,train,8d8f40b16196e04a0eb758ed1e1dfc6e2fbece96052e8e3a3c9fe68238b1ba82
b23f2c4d-cf4b-4ab7-a250-c92ba86508b3,train,ab59e13f0444e468923e6bf9aebead8b88d857d532dbecab7efc453f53f81f6c
b2404b49-b7d9-4186-b411-fbf159edadd8,train,49c690b9cb5a9dab7ce14572e10e11b8808ed9e04aa5c226b866bce48e0685b5
b247d7ec-bc03-4a9a-a546-f27a1352f709,train,dc12c8241ab980bc1a63f10f25b91bbc2e5d1143bc7e97b81b60dd1ff96ba140
b256c419-3df0-4fb4-b49d-475d43d15b98,train,42d48984a61886377ed58430809f524f3fe440ceabb899257b2f2bed60c1f7dc
b26214a1-9737-465c-a89f-497792be1f45,train,bee145718d6f2d20870b9c6415e9f72794c57b4016af0572a70212372c0d489a
b269e951-a9ce-465a-8be0-70919025ab31,train,67d11ecbda25cb535d17897c14009675ba4d57efe065ab5ed8d7cf283a0fdaf3
b283acec-68c1-458a-b0b2-7a275b135742,train,e708a5c9f10cf33b16cb1463c119c188f61e127111fdbc7a136f8716eeaacf55
b28cd12a-c95e-4197-9055-29b90f74562a,train,8656737c483ddf6dbbcefe07d9272cd3bfa581f600d2b247fa1863ec8b019123
b28ea23a-d0cf-48fc-8d4e-38bf88b5ba09,train,42c22620a6ced5094a863f0b0935b1b2070ecd3e405ed7f3d31312f4479de567
b2afc2b8-8dcb-40b8-8954-c73b1ea7da1d,train,f8e02d3a2cf50f211c54a1bfcc20146da791f1e177aeb38f73f22fa36a2cb2b1
b2bfa87a-7087-4bfc-ad4b-90a8a4d4791f,train,ab2293eaf22f47b36fff0d745832ae0c5de3126940b8c88bb48c25675da201c7
b2d29331-d2fa-4795-9350-1f3372972ceb,train,f2ab04df255a7c517a7b7d619f97bd24d162d3bb6e14deacf266a2fc957cd0de
b2dd4ab4-0bf9-41be-8e51-6f54a7f30eca,train,e007603782ff6319f1769090d9f326431f62c949a8e8190f86ca6c7449e74ef5
b2e96557-d893-424f-a265-5d6eb19a1afb,train,dc1b997a0b92c3fbe103e152a56454432e48bbe39abe84962b0dc0b67a636029
b2eb346c-fb97-47bf-8f17-cc62bf2c2037,train,f4a0929851d37e091d52887a09daeead273e358d88345d87a510de62b849bb3c
b2fd0aaf-0a66-47a4-80ed-d6212b4358b6,train,74d718b14839e71bd8d56e4c875bd89a5d9922f262c63025222f24c5260a0d4c
b309f74b-c56b-4178-94ee-5ade95ead7f5,train,47eaf53f54968fc984a00cb0fe080b776dcc9c0d663ebba3c20b66b9d02c2058
b30d0a77-45ad-4d23-9654-7f451f2b393f,train,ad664d715fb38070df16b8e31a13f88c9cb6143a85058c6c6d21f5a470a81033
b3148299-501a-40dc-b741-bd1425be86a2,train,e7f289ce64cbc2ce2c2de3b2428534cce8e6f2b040203284045b41ff55b599b5
b317ff08-9ce5-4da9-bacc-1547242cdb66,train,039a63bddc78ad055a9ddc20c676ef65485aede41e5fd5bc7a9c638794eca7da
b347d70b-cc91-4efe-802c-967f23bdbadd,train,a6212d65609f36d5301fbc932a4806d70667f3b80f58d6b0da08ad951015d3e4
b358e7c4-ea28-44a6-94ab-c9385d92fa3c,train,0e4201f1ba5ce27d5e463df2faaa4f13638cde3cdd08bc93ebd6a5c42b86e144
b35f0361-6009-43f8-84dd-5bc04f2d8cc7,train,54dd6b0c8fd6b048f8351c8f149931fdb592199db1593f25bad0ecd9ec7738cd
b37fe8c7-ef64-49d7-ae5d-e04401b4f084,train,951652fa12a1857c0b9f79ca0c7e89cd0de430e38228b4403d0605a63b2295a7
b39ed842-7812-4ccd-9bb8-c00121692b78,train,cb5e6f06ca01b743030327d700ca75cc12872d2012faf88917902fdd3a90013a
b3bd16c8-8295-42eb-9ce3-f66aede99467,train,3e1ee35bab917e361f0a25addb701e6ba38cdd11cd63b8ae358bc07aeedf21ed
b3cb4cc4-f6d0-4796-8254-0507919df383,train,8fed8f9e5895fd8fc54e5fe3508f7604da84dc7757dbbd497077dfa5ca513009
b3d679e2-d437-4864-8e4d-44c892db3df4,train,e544dedc267a868ba8a1e92ed53deb8c1ebcb622e7b74c5f77469cedff107646
b3dc86ce-9f3d-44cb-943d-ab3064540fb4,train,ad889ba13814d300df7bd2355eff6f5c93a74233d2a68ff44296437e968aeb46
b3e4bfab-686e-4e26-a96d-1652140850c7,train,36c3b6aaa3a4d929d6de366fd7f56567656f01aee96637afb8e482fa2fd2142f
b3e81dca-8275-4e61-ac05-cc0552ecfbc3,train,48fd9493f194bf22902c152a78b9f61166261f8cc330cfb76c51784df9857020
b3ef8e59-0bb0-41d6-8feb-34ba398049b5,train,dec55a1dfcffe32ec83d347068665f1cfd40d44848cf45bc7eaa3267fc130b54
b3efccb5-dea7-4ab8-8535-8b50635420f9,train,0bd46bb00448428f231098f3d88e354be5247031a39113434f3e091312a0b2dd
b40ff6f2-bbe8-4e8d-8839-c92a336ed6a6,train,4f13f5e454943b5d9f85da449a9aba2f5769531bdfabc426d2d435b1a71019ea
b4174ede-03fd-4ed2-98ed-2079a5efc3a5,train,18516ab5014194bbd5fadff35dc238d9e4eb50faff19bd4bf32fbced75cc8eeb
b418ac66-c421-4067-9f75-83ae86225286,train,2572e60763953fb4e42d35c4c63b58b727e52fb616fd93ed373c264d82b2404b
b41e7bc0-7438-4920-b3b8-3680a2ae1fab,train,1f3ca289a15fed501280fccb1d958532b10c78ff7699ce3e8b2b6b9641381b4e
b424c08d-8dd1-4020-bc47-6d575b688632,train,dfcce649b3caa8bb28c714534d916a0f74ea0945e4aa3541d8cf69f2d80a327b
b42d13d7-8e53-4590-821a-9dc1ff63467b,train,4805ef6ffed0d215886136c0802aef2fc6fc8ee896e60532bbc86881e1d22141
b42f4316-de4d-4383-8e8e-4d985fb378e8,train,134f80b07bc9aff2031de0bb91a6531fb6d1b0d4878473522a919f8f83b74fc8
b45689c0-79ef-4e8e-ba3a-41f8ad4919c8,train,deefc87ca278ead6b5a994d5b8cb805541b96abebb4fe581572efa864baae9bf
b45baa67-eb97-4143-a2b4-0af5dfe1c5fa,train,4f43e2886e23121a23bc536a5f8d907c0d870eb3f12f339dec0a16791f084fd2
b46b7af3-a3f4-43f1-acb2-b98dfb2e81b9,train,88686a9b49ca09d7173ef09f7c647d626ff9f2cbaaece7ff4aef8dc1ac3b6cd0
b479a83b-5eef-4251-bfcc-2fdac9b8c2d7,train,a3e7126bb3efdb614badab0e2331ca5bb06165d528355316287ff7889fd9eae2
b4b34528-cfe3-4d15-beb6-8bc99f8a4b67,train,b42276e28362b65aaae2b637429a2d2c4cd8f4a03aa6163b56a6b4ea831ba071
b4b5e368-38a7-4493-a632-c66054d431fd,train,b96468d4630b4c6a364a24dd0619ba14fac94e5f5c1a47d63060d2e71ea6a1cf
b4bba24a-5b4f-4092-8a1c-62be49a615a8,train,4903f34934f6ce2fbc8f65180032d3778d2e6b24387dcecf1a21f5cc267f8102
b4d1383b-8c0c-46cf-9ee5-8d04f5f0176d,train,21078eb29b070fc4880c1a9ee9ea463e0905387d1afe93243ed27bf7c21fbccf
b4e26f80-b326-4053-81cc-ff5abbdd6ef0,train,a0219c3f61467698a0ec55ed94c65f5dd59c7d230ada68b5ca9e3ecc336dcc9a
b4e55f64-abc4-46e5-84e3-d8c6ddd472f0,train,88a17547fc1c2ee62ed661b5eb5b6e1a0fcc8f7148f2f23dc7ef21fa6d2cdd7e
b4e5d15e-04ae-41d5-bb8a-39151840b60c,train,e9912e53c362e4f279be2d707adba1fa0ad9a144813465e72cb32ebcda2cd255
b4f728b6-bb4f-4069-94b4-a8fd6f871467,train,c5cb3dc456b0bf084bff06aeb6d74c612a5f02e0b9afc4641c12bd5c5232fccb
b533db12-562b-419c-9410-67f30dac0686,train,36cf4c9ad131d549d8b032b36d457b55e1142ae0c4cc70cba22f7c4f1232d810
b538321b-0331-4944-96b1-0935f020804e,train,71f994d54de9dbeeb9723ad38135fed9ac8e54fc91a2a693827db57eb0405c26
b5397727-3cba-4197-83f6-8daacbb3c9d5,train,dc23b80b7856b5521aec8955690b354b331d2c23344eb0a9e0ca6733699f891d
b54cb6de-0bfb-4d91-b077-b2714eb44c28,train,ca3c90632f4cbc68517660c0990f9bfaa1cc2cad11fff0f6887370256526f477
b564205b-3e25-4e9b-baa9-e352fc873e99,train,a45aef090771ef859bd04535aad51bd546719728ea870b739304bf26a4275c78
b565ad8f-1854-4fcc-b5ae-324ac6a5c385,train,9b2c33b10cec6745fa0e60c2dd40228ac7de14e3750d50b03ea4250d93475212
b57549be-3811-48ee-82be-93f31df5246e,train,7ed79154fcf309308396fdf3bc332e9865f37eecd673b68d2eed6a840bd2570b
b58781e6-a1ee-4225-af05-94d0db2358a8,train,7fbb80f508510979340bf8d5baeea9940dd2ac91b8a5bb1d3aae5c6284d5f2b8
b5963cf1-3a48-4767-8f04-d406010a4c93,train,c4539746b944dbb0464a977eaedb7d0c7d76312ece4d349c132e150abfbb0b48
b5c9065c-4cf9-4d98-9cc1-1a91b891f396,train,0a1b28de7dea112dd37bf6a7a9dd6e960fcc5f487068c7facd5ec13da889722c
b5e2524f-e6fd-4648-8dc2-cb478133a1a7,train,7c5cb22253ee00eb01f0382b4f2f459ef67204089f0865f1995a341fae7264d3
b5e886a3-bf19-45bb-914c-00f0e0ad0829,train,aac76b84c6b78403f237c597c3a7960d81f962b318e9f7d01563788ccf734c01
b5e97d73-9cc8-4140-98d7-fc4994ed2772,train,6682d475aa430b6ef2e321abe008a4daa7fcad9eee39067118d76f808b6e5cc4
b5eb6977-be27-4fe3-a530-7a4c51c1ca4c,train,c88523d86c2a7b4035dcb40f80bf2bc0ad0465704b57e6451958f44b5e6fff68
b5ee0abe-b259-4b09-92af-c4722370d13d,train,d0c3dde2a392e33b375dd64525b9a2bbda9d85b1d4374605b45c0b6724ca38e5
b5f371f2-2f9f-4c78-b020-ffb86f7efeb7,train,1b8f4ba6f227084b5a03a8b5509ae5271a1d292df8f2beda1a6c6d3b464984af
b61d0d6f-5ec8-4830-b49c-06333637fcb3,train,e0e505ee3f3feccb16141b1eefa1e76ecc50f5747613adba990cf1c5b30837ea
b6241c15-cb19-4cee-a72d-e77634c29f6d,train,d8c04cfeb16fab2e5b18769dc14a0cb4127347c7313dfd5f9583233498edf79d
b6394153-01b2-42e3-9ebb-ad4c2d158de4,train,1d12055bc89108a307f2e8799740a8e0c7b329720feb1d1e50b68fd3b9125950
b63b3397-86d6-4a96-8c28-26efe6b09bec,train,06447223724ae3557cc3b39dc4a3f58f85f8107181dc1c2d94daa0e797c80e9a
b645bc1a-7ab6-4d34-9a2a-737e1e655800,train,e85f4a8c97565ef313debd5f4d5da9ab566e7298d1dfeb8f40f7a9c26c596c18
b64e3b75-f253-4bca-b1c2-51d2277030f5,train,a9a88d0b2db743372452a9abac60f24d6570d8e7fd65306a142316b84094ddb4
b658eef4-980e-44b6-a877-377e584b4fa8,train,40e1cd6c194a0379be54b8ed86772b3fcbd660951df4413b0d6abbf0ed4661c8
b666fed1-6d3e-4547-a3b2-7feb73ad646b,train,8b15c4ab4f80d968e1ca4f28fb8a939232d254182193e94f96af3f869855d92c
b676b619-b5d5-4ab7-8946-498b07d336d3,train,097ad87d1501b90041c0fd523e0d0160a2377c7d98afae8e2cf4970c746992eb
b6770687-f8c4-453a-93a6-f392c51d8a37,train,c261bef3e2587910daf1c0e864b2c80a83ffba3a1fba3c1b5f2f56605ca1b43b
b68edafe-b9f6-43cf-857e-9549c8767f4f,train,b744260130f71081482020ed1c735bb5d834099c8fc4b34ecb0fcc77b9717faa
b6940318-f6ff-448b-b685-f3d54725b7f0,train,aa51f6a4d5420d2a107e7ffb0eb09c815abe7877ee73f9b2dce11a36a899b437
b69c45c4-a59c-4e56-acd3-238a76fee42f,train,b5176e942701a979aa84c45e10218a9efdf20f3c6ad4cffc26dc1ebfd54db225
b69ecef3-0bcd-47a1-8bf4-d5bb1f1a0efb,train,edd2d961a2c33d859bed1b4e748a635b61040a99a5e997433d17aa665be3252d
b6b0abf8-5f1c-4d7f-b100-327bf42feb24,train,21534217b0babd5e32c57799b35a45339364c3cfc3a3c5fe81abf95b9d3d6750
b6b1c3f4-e69f-48c8-bf9b-3e64faa8b275,train,f0d864290b01aed8fa71c3c3e49858a7cb4f80e9785b351f4679f46c590573d7
b6b949e7-c56e-4b0e-9a07-101f419cc662,train,00912bfb71036bbfc050f04d9f4a3a2ff0720e28abb85db6c910fec193a91c6b
b6bb1f30-71b3-4ae0-b1e4-62dc5869ff98,train,d49726833bec86a962540d8b4ef1be9b5b7fc1583cf35806ce8f920dc5c821df
b6bc9dfb-8d95-4d2a-b28d-77224011a3d9,train,c9603569073eef9743887c58f42b14bcb1d215da43d1fb90fd1ec90105707e1f
b6dc8d3d-ae0c-44b5-ba8a-d4d4d69a9fcf,train,b26350a0c80b721a540f3d6b4940f683778dcdc8467d5daf8fd6e9f6b60ab19e
b6e19f70-05a0-4663-8b4b-945b955f95d6,train,d4e6494d2e626041a1da554828bec4855771a9b4a88222c345ad63c21f6ab794
b6e3c1cb-39c8-4701-bf68-e6cb3b448255,train,a10d8d517cbc2c268a22c0be6dd32f15d45af81a47fa097e5702907c3c7afab7
b6e7b7e2-8af7-4d82-bc59-38bfef25df7a,train,24520bd0553ae9ff15af1fceb2862c1217645f98eed09d70aed910d15d2f4142
b6ea7b1a-b2c6-4c10-a949-1725820e7d59,train,642e0bb2a32d66af7871237ab925ee2b684c06a12a02a8d12e949e69289e89b0
b6eb309f-ee03-496c-a594-e0965fbc6b80,train,415d72c45b161cca9c1d3ec7fd0858e57cb2bd4b87c7c3687383d7ffcabdd263
b6ebe20b-10ad-4a87-ba09-ee4bdebc7c2d,train,94505b97d4330c0e9bf0941d287575ead68c350ced5afb992b6799261212504b
b6ed1e0f-945f-4ec8-aeb9-05143aa45f93,train,e595bad7e6a8151e0381c56ac0bc8166a1924722bff96c566b36bb56d0e14387
b6f45bff-5f47-477d-bd9c-57d36e7832c5,train,638c6e17806ec0cabd8001c7b910c317808709c265804d2c5414755422a14580
b7010042-441b-4a52-9364-c76d310371ae,train,7b6d56f6c4967bc558b1872eb124095a305ff204fee71bbc5a9b9c95a45fdb81
b702bfba-43b8-4edf-9b64-22d6084d94af,train,c634f72190ed492d41af54333f20d21665ae33dafbfdef0a061f152200ffcb16
b7193bfd-88fb-4c67-873f-9f8e16f553e2,train,6ed39c69149f9baf56727489bf7ed079b56a128f1cb69e75d9ee2711ee10e5cf
b71c6140-0362-451b-87d7-db678ab16b9f,train,8e555849b8069c59d8acf3d4d439b621a10f4a1e7ce7e1fb42f40d1b080da331
b720df65-0715-4683-b343-efc4f165d903,train,c085bf0e46a28002da514af5ebe72aad86b3fd3eb75e0c45530ba53b738515be
b72737e8-b99b-4a93-9046-75de9044a1df,train,b2a493bb79ba8ba93f15ec7102f2b6bdf0e95bff3db7cb2517b0fc5744ec359c
b73b1ba1-1748-49c6-9a1f-7505dee5f884,train,f87df698c8b3a8a77367d571df3a30f4df8309d4204fe48a7ceb03a420df5d71
b74e40bd-7949-4dc4-801a-7c3177075b74,train,1fdc756930658278564f69952307cdc21dbf2babd804a0c16eebb6e1f7138c6a
b75bc112-b117-4c15-aff5-1e93dd98c552,train,6cfa7888029379803652ea68dd670826520b51128ce1dd0413fa71c3ce3751ca
b76441b3-5adc-4059-b4ff-d693c0673b5a,train,c89992dabed15ed4e6b6da143bafa9d84b1624391c111007d0af28ccd8e45b09
b789e229-156f-4f0c-92d7-2a1ab6d75bae,train,20df4996a514be78746ebfd60de751287c7a064e90f6656005cf511e82f5035a
b79b2af3-a20c-4661-92ab-dd9c820006b4,train,7e31bc51e6b19c13032e545ad434d55627588557523e12a48cb65c9d8dc3f16c
b7a5c621-0b2f-4bf9-98ff-b09ea3402880,train,ca589756bfa9055c770cea40fd28ad6dcdd5f3a913e951f3f5f9a74ebbb60019
b7a6497b-4a8f-4524-9726-6ac03f29438c,train,44388c7c7a30c42514bb009a5f8a10fb9aa4d4e2a87fe3c38c6bcac13e18e600
b7b3a68c-0952-4c8d-8c44-61ae075b64ca,train,bc86f9a0b644cb07d2eae92bb21496f86d2103a26d34530736786aea1e981699
b7b9ba92-6d9b-4883-9302-836b4d5ea6fe,train,ce9b972ec0c5a0d9fbb566b01a56ad26a776e24f6fd83496f76fd3404eaf5c50
b7c14706-300c-4282-9f90-75862e7b06a6,train,0d8bafda50d1661598e92e9184a83b5e110430965cdc67b3fdadb5981143ef1a
b7da09ef-20fd-4379-8add-fc2f36ac1d66,train,54526e9038e449c4f5d913761368dc5e5a9f12516427d82c4d55c82aa876f7a8
b7e188a8-6b13-4f73-8133-8f7d7b80d440,train,9e80d9c04b74c5e393172e9964f1f0702d4305cdfc3c0f4eb5ce24fe23ce3dd5
b7f4d719-ba21-4065-8efd-eb5ca9f181aa,train,8d8a15d399599bc17382c84d6b8977bf16b9bd0a291c1ef1658a08cd8e62b29b
b80ce1ae-35d0-49b1-a66f-2311c9eb0968,train,7e16e17ad1fa1140f534514c0c0f7342529ce18b2402a38e3c7383bddd96003c
b816f9f3-72af-4eb8-a6be-f1016d6bf03c,train,3e188e2a748f27a7efc20a465c543141d9d09837fec4d569f80cf17079994d82
b85ed2c4-5391-491f-af53-c67e0132baa8,train,79ca97dc7de21bfd403ac4c04b33a5c91dfeaff54148aa2b9d92bf1dce8236bb
b86d3c6b-ea8f-4dba-9051-b27c40a6046e,train,3c21232dd49297e0164014d6fc2c630692035c977f5999697995c849f53234ae
b88caf2b-91a1-44ac-a822-59914a8ba5df,train,7e33c23c40a94ea30a65ff5def365fa1c3bdce84c612e863ea08174d1bf377cd
b89548b8-c907-49e1-b5e6-da611fd2f578,train,35277bd2319d81fe478a4a57d1b2ab5da4dfda6e068fe6f6354d61e78cc54690
b89f1b51-060b-4d9d-bf63-9b95a8d020e4,train,718f135f23253c679b795b41b2feb102645fc90f0aa8d0b3379c46b5b537a05b
b8a1193b-b370-4ca7-a598-8289109034dd,train,15003cddd584fbe7cccb030ffc1841071ecfbdd092b24f72b86298d1088fa96c
b8b5c607-0118-417c-90fa-c80383aaeff0,train,516d24ec8d988071ced099201896a421b6313909dfc0d5c27b7bf2e40af46e40
b8b68ebd-eac9-4945-b1ce-005a766899d7,train,187caadfe62f6eccb3b846b635014d7254687e41c6d13b2868dd3fbde3ef8957
b8e29d54-19c2-4d42-a32a-fe338f343f83,train,8853b24f13f4df614cc3fee2f5010f8e44b74d5235f0feef8f1304e957dc49c3
b8f3db8e-1aaa-4438-8c43-bc674ae5388f,train,6689d9923fb7f4679d17823a4760cd3cf692cf72099a9ef3db63fb21225a1c7b
b9090953-6f09-4da4-a6a2-c13b0613690d,train,59d4124ccecd6484aca51c2b034b1117a248f0917e2d15e83434aaf4a86f4eb3
b90ad961-c95e-4810-b5d1-58596508c241,train,825e822a5e9e5e3bee9d4843a5cd1f65e7f848466f7c57c5041fd9e943a961fb
b90c1250-b2aa-4945-931b-2a6901ceb34e,train,e0452b8873561fafc9f5b4836558318f78e6a895792f467c496e05c12ff4b59d
b918e0f3-7456-4ae9-a125-d3a2be172b15,train,5e281aaf873f52ac937fb7e0ac37a36b791a2786229637146f3de6c1f0c00288
b925b65d-42c3-4370-88f9-787b923ad2de,train,8686cf1a4119c11420d596fe1749decce4437c854699796d8086a2a868767569
b92d72bc-4cc8-4887-a50f-0aad5a30c5ca,train,b45c03ae3d619640fac1e265a055f4ac0183294d63fe589e2b0728c0e8dea05f
b930259e-8ae3-4253-b9e8-cc53dbe3d7eb,train,ea82753a8c46bee58b8b5eaa360b979b108eeb53b6934f103a5d3347becabc62
b930869e-5e86-4708-8ca2-6b2f37a9fc50,train,76842576b6911b94bdcda0948b4622bfaedecc5fef6e82ff93cfb239ef252589
b9440e79-5c3f-4a68-a517-00792580581d,train,8f063c78413d849f908196f3a8cc09d4a73509a410927ac84714371ff8bfb89b
b9623b42-4ff5-4021-8761-29747d1a20b3,train,5c03b9d477f0950eeb69ae53bed9845431d6df8ae1a0d9e7bdcd94012b83301a
b9652c71-863a-4366-bb87-15c2d783b7b8,train,8a8ae76596f37db09fdd2f75b22d5e45734d6488e0c9858b0114881dbc0cff3e
b96827f3-5423-4a97-8cc7-7832177cd99f,train,a2c1cd7aa37784643ea6935a39c20b6a7f2b8f2b07ff3dbfdcd5331dc8bb8b65
b97eafb8-a117-4b74-a750-a9ee4bd1cf06,train,e04798f0f04255038aa4eda4b5abffb178e15a9ba649501251744ff5e795c5cd
b988dee0-7215-48a1-b873-db8f11d4eb27,train,5f689cc5b40813941bf840f9699b7c8307efd7e5cb16ddb90819a8ee1669819f
b9936509-4985-42d4-ba5a-3f75410d110a,train,8e0cbffb5e2f2d8cc6ef1573ded4713f6fef08c281bf12ee7a715661e338bc16
b9a70cf2-cc70-46dd-ad4d-c32bf8323549,train,09b39dc15881495397240f8e5bfb97c1d4f9a47c2a34469e4df02df5898396cb
b9b36e82-3f45-4bd1-84da-61e05f94a144,train,5eba603d862ecd2c2a264f21bfb43d34d55f7c1dff3bd2202aca57cec679cfbb
b9c1dd1d-2faa-4c45-a85a-36175b7cbf3d,train,7e48ce6d389a956a5757063bd848486c904993777e2d6126d62293d04687fa11
b9c31f8c-3ebe-4991-9160-810e82244d43,train,79af4a91d5f0cf987ffb4936d0874c2480d7cdd10037f3aa2ffe8f7869e177e9
b9ca0ad9-aae6-49da-b7b5-64a33fdced1c,train,c19f6913f44bf99c27874c42930ce43906c22a2490fc05964b74fb681f633643
b9fef022-1b07-47ea-a915-430d3abd3b80,train,2d4e5062b2ee6811f22cdf6c143eb5b115fe9dff205ecb6028ae6b5106ac83d7
ba01d181-898e-4532-9db9-6fedceacbdcf,train,8df72effe698afff76402892080e1e6d5f719e0da25ff6a57c13d392facb3a87
ba02558d-9bf2-4cd2-89e7-f07f6bfaff3f,train,6defe2b35bed7cb5064edb6d63c0441c8cc7174d1a5a56fe015b8e06d039ccdd
ba03a2a0-a584-411e-b4fe-7a190d588625,train,ca34e3bd7b68902e232f2cfe99cd60790cc265510307525438b80153a95f8dde
ba05f939-ffad-459f-acb7-1496b67ab914,train,961b438a4d1da853014cc364492f3e6fe0b80838249ae8d37a686781684f2648
ba4038ff-8986-4b53-bf54-f705d0a2e46d,train,1261a0537446eafa832a40a9a4feab93be4aae463f128c6dc18e8953fad41ea4
ba5cf007-c714-4c62-9acc-b7cfec8126e8,train,7a3af1d2ad95f006f3b679b5dbddecb40c2a9c64c1d633dbb7f250e33f85fa3d
ba6a3193-61cc-4cda-90fb-528998274bc5,train,5266a18664a46cbc778571b96df9bcd8eb842900d05512ac8c50ac23ade6b642
ba7cdc35-5f47-461f-bf6a-fa6dd027fb3a,train,280c8b85f28dbae938682ac81346798df7f0a8e3efb676fe1d66a564c327fb72
ba821a78-a5f3-4ce8-8a8b-e9dc5bb386bf,train,b5adbabb278b393bca1459175dea72f240288c20be7afbb82279e41749e49f58
ba97c77b-7e31-48e0-9446-2a7b73348567,train,d6952f0378ef9817ef12de548d2a07db445b30405d93917cdf2f2efea14b62b7
bab3089c-b126-4110-a473-5137718e86bb,train,3fe445abdb100188def8935bf5931e74067a468251f4530c9a03c3e476c7ee35
bac24e58-c496-4661-a639-4157ab2c4f21,train,7e7c5d809b63fd0d14dcaf45aadf7b061110ae4f360439d375f27f5bbb3dfe6e
bac4996e-c4df-499b-9848-68d58fc0363c,train,6f034ed7213bb568abde20ed932fef5a9f11328ea468212f75648fa39cdb5c62
bad381cb-2030-4be1-afbb-ac40b18f7397,train,d0218d63dd050365f635bd24d88371cebf1856f731816c7c69a0860f4880202e
bb50e112-cdaa-457d-9b48-2d7dc54eed4d,train,f32021b05782ca25736e7ef6832f46a55f24f359d1b50ef558f98d0cbd3c7a16
bb513ede-bfc0-4e41-a165-dd5ba7f28e9d,train,a3c72cb91b7042209251d051cfce542cedb7e408bccb4955d32a9a2fef57595f
bb5e05a8-5eac-4ede-ab81-8d449783c7a3,train,b02af52fae3ede4b4cc855da4ff1bdfb7bd488870b8683c80bb12e4a2d8f1951
bb6c101c-f070-4a52-b66c-45023d669234,train,c42dfd06724250aeb586e60c6e8acd958f7c3645616a393a9af35c25821c0176
bb8c328b-5a87-4bc1-bf25-c08b61578b34,train,78ad19722d0640db7738dad518c79b0db8b60cc9fb6a55d0770d39393531f5a8
bba86a7a-ce8c-4c2d-9bd2-91faf00e60fc,train,4dbd2a84af5e5c7ef29fa601be940ede35d2242273fc4bea9e0427375101d7bb
bbb1d1bc-ff21-4b74-95cb-9aca3f452e9b,train,278d29796c50d387b3b0066544f739a01188493ed8e4fae870e106080b9d1a89
bbbad56d-cccd-414c-b3f7-e225fa2c4af0,train,8684fc9dc0ea72920c53dd6573e991cc66f61e77c99598f767c1ee8555d9014a
bbbb7a68-eb3f-48cd-8461-a529d2629b3f,train,1a23ebfe59851016f66074e8a434646832b9efe70848d459755f2361ab0861d1
bbbba1f9-8da3-4c62-a6d1-c153e96c290e,train,559d4b21cddadaa4f9aee3f08fec103710d20cd7bb8cf4a07682261ec55c76e6
bbc6dab1-2aab-4c5c-8fcb-dc52c858cd9b,train,f1c9572958806e86915b080afc854b1ba6a8156ea179ee5a80d5dd5408f264e1
bbd096ac-8a16-4f7d-bb13-80e65756ebcc,train,4d2d5b6d8d98882771469b057bf053e7bf842c9875fed8b81aaf9908b0d20e24
bbda7aa4-9088-4b0e-9276-3d0e3622f58c,train,14272ad2c073b62df0a8357508f9ec57b3c4cb7ea935ea32272545afd4930863
bbeda4ce-4ab0-4f55-b765-c17ac8402e8f,train,ece910cc54c95fb0cc4c1e2a74f26ab60a6ad94df62c8135a3b6d5aace40ad87
bbf04059-b969-4fb3-9de4-b77510f25952,train,6dab24f3ce96673394421831d498969259540bc1ceff556f04413fa7ed37084b
bbf5430a-b116-4426-8b6e-3bd9f388852a,train,fe025b194d38648965d5e7a3f6b9e9047fdba5ec31ea71170ab8c6f1ac7e84d9
bc148dfb-7408-417b-b792-0fd2b5585758,train,8aa92db07213d6491c4521f39dcb6d9f11db59664f8521c0b14c0f168ac4adf2
bc2b8f9f-1374-49bd-9265-44e483ca2a1c,train,7fea48aa1ade6df0c1af9b068d92de9af9a5b0f0582a3ceb6db50c16d0974587
bc3078ce-b167-49bc-84e0-809d1c57a45a,train,a12e67d0c26fad29d166002b4479027e6e92b2b99431e3e78816b2cdc5555c42
bc42a577-fe57-4b00-8405-edab0b4a590f,train,358f2ac0a0abf6074b9c9813da56a6dcb68e4741bfaf86abe117ddd74b5a2641
bc5252f6-917d-4a9a-9502-d442943c5b2e,train,68c82061d2f3cf7bd23f351349b74dd34bd11241ece474ce89c457dbafff8f3a
bc5339e6-eb79-413f-a7cd-e8676cfc13b3,train,cddce435b427fb9c6364c42433ae57f53d78c55dc6729240ff492cf45fb58494
bc57c540-2f67-4777-80b6-dcd693bad049,train,9ddb75d46b03ea2d5ffb0934e9cb512ba06b5bce72212e03383487b169882f4a
bc5997fb-d1e0-4dc9-a359-01c2e41c5e18,train,32ccdb74e00e0382bdc825cb88ed15e1ac3f965c75438ca8be526c4a3cf568fd
bc63486f-0af9-407f-bc4c-a2623b2bea08,train,66a2ea5fe59a470a5d25f8ffe4f6d34c33d1bbb98d0049ab088cc44749b28f84
bc6a2b88-e267-4308-a793-2eba670dc017,train,083926a5781321c41a97a22189104386f390ebde953da390b6e35cc047b3c36d
bc6f5687-6103-48fd-9531-66051c7959ef,train,0876f76da5060206f33adaa5f2c2b5b4d00beca6bc3ad7a90f9cc6ef3b17fb28
bc73cec6-85bf-42cf-8f7d-69a79925d032,train,892585779a26a47eda88029958540744a2a14a0556e75cc634acacb9b97659d5
bc7d95af-4851-4bf8-b249-66b124691987,train,e55aca8c6777930d44013cf35d8d35a336db9be514fb34b39c1597d0832aef5b
bc932672-0bd7-4ff7-b52b-7f547acc5175,train,5eb1d9ad091688c932acdaea87e754a73a860fbf1641b5f572b46adb9628f9a5
bc99c962-6e5d-4e93-a50a-a7e9f3995324,train,ea350c3bae94067772eea78abdd5659644e7e9e61ce27f69137d303eebb2ef44
bca2dc82-8fd2-4e4f-b26c-0d6dc4f697fd,train,b20f733280281edf87bdefafe42ba46fdfb2b3ad39cca46db7519ad8f300f595
bcab8119-6b15-45be-aa22-243662601a73,train,e2bb010229879a61d14c670cca76c5163ec95784a7ed0c287eee90ff26c3a072
bcb1f2bf-a66c-4a7c-9e46-471664fd3067,train,f3ccab79dfef805bb22c75eef27c2330d9aae56cbcc28fd023922f7726ec123d
bcc26fa7-d24d-4ba0-a6da-35823bac5731,train,00bd1d0c6636e72d549d3088f115854ca03b18d44ccea0b0833c6a58cbdb8a63
bcc75f8a-add0-4bd1-ba73-8c572a771305,train,0dc7fef8bf312e031fd2a4f0e7a372913c41496679b58283287c5a59032de79c
bcce89dd-ef2b-43c9-b66a-3e8abf09089c,train,938f4d30af83dcdcc27f28a748d1a7015aa68a680e4a928050df7ca9971ff70a
bcce9e91-3479-46c1-8628-7bd00311bb1e,train,0c18b37c5c49d04178113636c06f881b90858ad00cae60602ef174a0e3dabf2b
bcdc0c69-85bb-4446-9506-77479e77f16e,train,e0c490b050d7c98bba7fdb82c488df2801bdaea9848c47db363981ad79344ba1
bcdc911b-8cde-4470-a1f5-029476193b51,train,71718dbe28681c37f96e21ed70b40d93dc8a95b9dff28125b3bb1d9a1889cac0
bce57384-7546-4688-8b69-7c4d985757f1,train,73bd5458ce76748ecd12c7ff0ec3c9ec12aeb9679435d7c24cc58fa49fa35b2f
bce60a39-42cb-44e2-8e6b-6ce8b42b3b27,train,af3668b703922a6ab08da2d11b68bdbc34971c3e5adb61e953aa633b98ac761b
bcfc9ab8-d709-4ef7-b68b-d4da4b08976a,train,43ab73d2d1e994a211be1823dc4c56c5842858e31d3c88765bb42edf805f8ca3
bcffe705-22cd-4276-8037-b381ccf4b318,train,d9cd49c0506af0be67516f2e33e253e9576f52c4cc95e6f125fb03bd8b76b202
bd06706e-c56b-49dd-8562-83521a682368,train,0b618582392cb008c2f30d83bcb6ceaa2f8b0b700f6f441b7178498f76f5ee50
bd09dc21-4a94-4d8c-a647-11397496f285,train,3fe642dd9298771369ce03fd7147a1208faa17a7f5231bd0000135a7a0808763
bd1903f4-338c-49a1-85f7-8efcbd252dfe,train,06208137cf6aca8d7bb4542df5b2259fa9dfc56e347a7b3910a915a2ad003f06
bd1ab853-1a29-49d1-9e18-3eeceec33078,train,bfd0dc40257bf81ba2e95529c1d20a1511a28de5f11da481c72e9951a63da145
bd1b1a08-248a-440a-b42c-634695acdef1,train,54f3c3346564a639badc89a99092d864e9304c74aafa95abf7133d5439cc537b
bd2c5c57-3f46-4555-8e1f-bd66ab2e13c0,train,b45f561cac96444774808d4656c306131df7bcde0da3a5b56f3d700d6d4d9189
bd470333-cfc7-432f-bdae-95f086188dc6,train,4ce6c58ef5bc8f63bd9706cde687f93e846dc6b1d2ecf45c38280eac18956b14
bd5800c7-881e-40c4-9586-72b99b9cd91c,train,ed0b9fd0aeac3a83e5a725e38e544405b736f9377c02da3cee42549cb27fbe0f
bd5ef8ac-f257-4ecb-8437-dd45999b23d1,train,bafaa4f41bb49ec3d697bc30acaec8762bf1e56becb568e6c56d16c44f2afbb4
bd68e787-59d6-477f-b741-03648d34142c,train,8a788e48bb6bced42ab196d88b4bb4306a0e8ec25391be07f9ad4f7c98da8c87
bd6c0719-ea28-4f1d-9a2b-93d4499c55c2,train,23a4ca0112eabd4cc0d0d141e92c5ec4e3041bc2154aa82a3f3e8b5ef2d561b0
bd6e65c6-8758-4a55-89a0-5ff0159c21df,train,eb192231804959bf154d94a0e87b6a4e1028280349bdc63c188689950ad0ce6e
bd797c08-eff6-46b7-811e-98332bc498ff,train,cd1fe735d88e03fc951309276b14efe5ea69aed46510720ec9efc88dcf4b08d3
bd7cabae-bedc-4e0e-be5f-a624d237f541,train,1c6c8cd53851737f07fe28df0955cdc0427353073d2da34e26269c778dac9e76
bd925d63-1c50-4fd0-8e21-033fd0c26c06,train,7dac5044ed3ae5509bcf3af07833f6778307e944f63871854bf7c49214ed8719
bda2ef25-5b28-4239-904d-46895a1d4fcf,train,59d32305a4f676610fc4980ec2599d69994cfe8814a67e483b758b30c25657d8
bddc6f06-3e76-4d39-a607-bc9c616ed898,train,3c78a233446731ad6b90e1803b08ff31401d3160086ee66386cf3992b4d1d256
bddd85f7-069a-452f-a06b-8441137893cc,train,7f3a17e6ca169d9c43d5f9061c1a981a539a4400561477473268d17485a2d2c1
bde50004-94a7-4925-94bc-2d9b689499d8,train,fdd31f8eaeb597ae65c16ecefae7a7645c7b5b98e3480381ceace01dc015b03d
bde649b0-bded-46f8-a726-90b579c00958,train,74f09e25fb5cac2b2e625b59335b8046809d294f3f45c590567fd60544a05517
bdfd49ae-23fe-4b98-a758-bd145104f72a,train,4215fdd3188ce7809b0c489e7dd88f6464a820b5b8b052e5abbc522b8db509a3
be01e071-a18f-4968-bccc-ae567d66cf24,train,525e31174bcd230e7e869b21f12496f7a37b67739809f6819be4c0a708bfab68
be05866c-f6e8-406b-996e-dda5c03de0e3,train,392db0ca4047e5ee3a1ff4800f6b437f57a2800243b9c256b526621a89d27b4a
be207052-72f3-4f23-a082-74e1a30717bf,train,22a645225f0c03ecf6ec2c6855e2b4d7bfec02025e4344fe0f7dccbb78140931
be263f96-a693-4926-a0a0-9ff4c2defb50,train,92e679c1225815a8cb466ef5801aa3dd50c72166c4582546136627df6904d45b
be279343-af52-43a1-b3b2-e467a0157d4c,train,3981b3339650d6cfd16f55522c247a833617fdfe1e952ed3e6a659ae6e52f124
be49ab09-8e41-4f37-bac6-01e704142c03,train,a8d867f8fd6f82de76688522f90ffbee28dc82d39c7f1f2977bbf64cc8ab670b
be51a673-a888-43ad-b8f6-38cb31968a5d,train,7ab244841f4907fe0c746dd38bbb273da7c904c399b446294e83268155d941db
be5448cb-1c00-4463-b0d1-0bcb0a2ba4c1,train,7c99fd403a54407bb8f8aba9a6ca8585cf10dc90b4c73583fa8eebdf966b9750
be60cebb-9d9f-4640-b116-8bd3efcd29ac,train,93c9fdc842a5942adaba950e5c0a52d1f021eb08ae2a6198b5aecd37de3b06f8
be630ec4-be49-47c4-8442-f80fb19d7328,train,605ef437a2e85276ca757e981d4117782b0bd34a63008d6e302fb0134ec1da2d
be64c9b8-3213-4842-8a57-c7e40b92b36b,train,29b9306fb9b1a81b0aa65ab8cb4c02cd5530d9792281ebfa665bceef39718195
be6c1bdb-fa78-4437-a6f5-c8724397a38d,train,14029a2eab2cd9bb4b259850ac92eda60d60cb14559a9d83f534774f6660000a
be71c1ef-2727-416a-973e-cbb6065ef571,train,b7b2d7b612b9ba209164a0a4f1ca9def8b7075fd794ae7e8c9fce87c71acef68
be780497-4115-4cf4-882a-190b36af78d6,train,b2250476e1dca2e32e8e288d2f6d2ab56ee2c6ded4602794c6acc4fb6ac37772
be7fb5b1-4ff4-4540-97c1-f1aa12fb348d,train,e3d49e554eb92d78f9e8a68268dbf7feec0d72d84f7af992c2eb0eba768cfe40
be8d0509-f3c4-4348-a826-f9dbfa9351eb,train,a3b92680007cc84aaf6117b18948281c0d3861f9f8488f8c14dff883227a8898
be925668-e12a-44cc-a432-a3e9d58d2290,train,2fb88204b213e8e79803fd4feaf729ffcb69cf3d889abc4e7f45ddbcfa59809b
be96e77b-0c4d-4abb-8f84-cee0d3f2300a,train,637cbac3abd1b88647ff5204612a7a493d912a68dd8e25a28ef1e832a84ee73a
be987fbc-1b32-411c-a009-4fc0324533e5,train,7af07cbf941420674a30320c2367696060f43079003a3c77b5762d3efaef5d96
be9e5499-30f3-41b6-91bd-a641bbf51d1d,train,2a5d21715f6ce68c8f4a731adf5559ddff3b87aa29dc5f2c198476ebb3c1cb1f
beac192e-ed02-45b9-bd5e-e490eccf39c7,train,9f86bd24241b1ca9e777cc981491c7b8890cd35a5aef8a5d26b4b1f88615fbcd
bebb771f-f811-4361-a802-d857bc5cfb91,train,82e098429feca12263ccd10c769f2c09f422f6c1f8ccc74cbccde5872e64e95e
bec3d12c-66bf-48d7-8852-509b9ad7a9bd,train,f1569ee056da7277453b799a452bfb7ec9f7bedbe351e895c2341b5effe720c0
becb9ce1-4d8b-4f6a-aba7-9d51bd3353b9,train,952309e11585074c7c135a7948df4fa3c1451da57ecfa48c266c79e9695da294
bece05c0-d157-40cc-b0b1-020165bdec27,train,d1135c3571f81900c4013bba887e6497202bb68e4284fe5f5b608ac27d7a789a
bed9c691-95df-42f6-ae99-bc0a6765603a,train,b758ae3503e620d37f2dbb1b463e73062e4df1e89d946b1345ae31c81e9ab203
bef55bcd-15ff-4d5d-bb1d-fb82d1524f07,train,fe20632034ae1782797dfe5c631a7f077f57ce78d3c25ce8ef1481014e3e4952
befb2752-fbfb-416d-9e6d-38c9012538b8,train,2cbc626d0da8c98ca890060908bf6973f259d9713687bf27b201bafb9a611127
bf182dcb-edb5-4bac-8ce6-2f391161496a,train,09f74a70fdd608bd9c50965cb7f5945ecaca2a7750c01beb5cedb5892ba43097
bf235583-3bf9-49de-9a96-9391b7a75d2f,train,f7c242bb81c07287f0ac4df1e99087e75622f9225c7fe1fa2fdca55bf68e4aac
bf310f6d-214e-4c1c-94ec-ddb0e959b6bf,train,726396271217f5dacd4f8fd6be1b15eac9dd9fe0c5b05f83edd7bd7e165e44a2
bf3ed111-8d85-4c06-93f1-a8b9caea75f3,train,8f6646bdc133f4a6a64b538a7a2805d67b62b7a94b6c9cea420cdcc95168f1dd
bf3f2256-5541-4388-aaed-3350a00bee60,train,b6ad358e1e8e56e6b0bf30722c8aaf86843586d38a4eb4078a2c2c933cf32e8b
bf57b540-12ea-423a-b0a8-d7eabf8a6b91,train,84492178ea194366c40fb91b90b825c3dca3a04bd84e228863bce5dbf36eb169
bf57df8c-b733-483c-8e13-e51407633ab9,train,a9e448131def34c21031bbefa205e7160be908f013ae508338a2ab3295723f93
bf59a2dc-1e7c-4675-88c3-49113e648026,train,e668ebc58fbb96e5e6cdfb08d655f7f17c9a8811793956f13f97f443e882b46d
bf642465-fc1c-4e64-81e6-9b1511f1c2f3,train,e2f9c5a359e9d978c54d13a4e09d3ffc2e62bb8395b2be9f498946d1e83d247a
bf6ee369-1089-4bb0-aeab-9963bc29f7a0,train,a075cf558a50732cffa2afbe25d90ab5b56593983803284a9ae89db0976de595
bf79453b-8a45-4758-96f4-ad0d658bc65b,train,7c79b5f8d3cf1efd2bf4356ef351ffbe10299e6d24584dad2abe9a7f7a518798
bf8a3048-23c3-40fa-a1ad-cbe16db0d4ff,train,47e27fa04563599d03d7d545bed233a56820653bb6820277760645f07af6ff12
bf95406b-24b5-41d5-bb0b-eec74f3e4cd0,train,2b8ec87b73fcd8548f753547036038c4099a181cd50063c01336fa17b360d153
bf9eaeea-b94c-4a3a-bdd2-34573c156833,train,1ff9af7dedaa2f552cc43a0cb6ebebd56926bc044af8557d1a59e458f9954ac6
bfac972f-0a98-480f-80da-6fbaf3129017,train,c170f8a771f15108000a38971c5da111b98cca3b725ee4da45a08cecb2a09e50
bfaec74b-b49f-4dff-9ca8-afbca2ecee79,train,4d0b32d7a7f023d3e5acd4a1b0db37cbf0fe53b81c7fe2d46a67741430814263
bfc69fc0-edb8-45ff-8308-4f6a1dd952e5,train,fa30903269cee0d314e63af66b98e022b374409ef0ef8a9b06f9b9fe2eb9b73c
bfd20304-3fee-4c06-9447-d1eb6febd68b,train,973d8b3739546ba642e1b05671f6d529c44285b3b0e728be4cd0a3d34f267673
bfe1d655-1e3b-4d4c-9490-040ee548535c,train,df764a27b555f366c1b352d9809637b113d8cfb49dad13821f7bc0418c703060
bfeb9560-99f7-4026-b876-a4c0053ded2f,train,a2ea73ef087ea702fd98b1e878b1a7b5515e5caf55133b05ee091d9a80b90beb
bfed3afd-39bc-4bc7-ae6f-6a6a47419e2f,train,d035f198fd5c2603b83434edbf1b1042e7165bf697ebf1cd835b5dabb21262a9
bffc6239-6703-48b8-9871-a338d046c438,train,30d7e8d38e4144f731e11daf8f14ca5f74c04049f46507e16d9a06a73524f16e
c001cd38-2123-4c8d-86e3-5302e7810fe3,train,cb22eac0da5bc55d5ed375a7f86db39530b2423623e6b5e5afbcc18a0603ac3c
c00c9a49-5755-4060-b6e0-d1ed58991215,train,7f6b17793881ec1d1f0bf757fceb96356e22f996f2174dd0abf80f2a20fcc4b3
c0152b72-60c5-4dd2-9b1d-f2295f04ebb8,train,17ab6500d9fb11d31b74395478d838c3bb06015e920b7c67cc243ee941ae331a
c020b413-5d36-4345-a356-fe75f3064176,train,aa4367dacc7389b614aea66bc1e08173def8e788615cefe4143cae7ca0c30424
c020e77e-6d81-4bb0-9800-9c170a2492ab,train,69fdab757b7b8721b677293d0d7d39e87ee8ffefd21df038c4c9b71b9b9a6a76
c0359b11-848d-4ad2-8fe1-b420c3f77b50,train,ea9c25a560089ee66c9b61666f32a94a341d88860f9f38edd66e4e0cd31b711d
c0396c30-4e52-4822-a672-bf213dfce8b7,train,a6bf2aafb7ee16350e1fed83f61f1e8f7bff0fcb68fec31e9204e58f9827c39d
c03a122b-acb3-4396-a3c2-bf2d00039760,train,df37ffafbab3453294063ad8c5b187d5bb697a2c0bada8817f9ddccc8b4d3b20
c0475179-93b9-4e75-9ba2-ae3b80363cec,train,649d5ddef0a620305ad168529d65bfe5ccc1367a7c2c8314b3d1ca2c0019112a
c05ab5e0-d180-467d-b112-b82f1734da7e,train,14f269d8e205fa363ec5db0172035731497e27a12c0ee4d10cb2a9d8bff13503
c06b6da4-44ba-4cb5-8a54-368b7ad7c132,train,d5053c509858350af14a329b9f6bed85a0118bfca83b8727c77584bfc570f313
c07b725f-369b-4b14-bb38-13faddaae71a,train,8be96cd0be6383a9abf1ad22d686927bc68f4c73be5c321e1e8f4106c2ece121
c0a4c1fb-1493-40f0-9b81-e3dac7f75209,train,480ccbcf92399435a2741b279be7d3581b3e6e5eafecfa9e156a08e571127731
c0a6df14-8dc4-409e-abb2-97321d13755e,train,a36c5dce3eea45ed637841900126481c3bd667cbb89bbaef06c10e82e86ba0a4
c0c22003-162c-4999-a19d-5c1c40412210,train,1ee36c7eb6cce4af1f05b6aaa4083067dd1918dedec7d96e68cbeb95611bd6d9
c0e1ad95-c097-4f39-8616-e23fded1653d,train,fa4b7df9d285dea8174c0e27e19525b1eb7e46bf87ed8b4a34d77e8786ca1078
c0e43b7d-c2cf-4a4f-a510-01ab35aefd4a,train,c72f4f5933596275a04e2a34f46b9b72c43a77ccf2c958ce60335e2d17f25ea0
c0eec7ed-4742-4a28-9d9e-500addffe3c7,train,6b9aba41d75bbbba031e1a3709fe1d29831585b02eeb7562e8b76715c07f8e60
c0f5b3bf-f239-4b8c-83dd-a26d9a7f42c2,train,d3b1939d2b4951bf563383d396a4b6db663dae524cf9c0bcc1a84b17e8ab341b
c0fa14dd-dc32-4836-80a0-b61aaa5ff824,train,5c967631e0792c58f508eb354d3de8f3f5c9d958dd12eb9ec83e0ae10d58aa16
c10ba90a-a68d-4bdf-ac0f-6272cbd90a67,train,ef70a85ea9e1f4388ab19d38d5396ca14e83e1d2114ac5af3b0962b32a31c151
c10bd0f6-4fc5-4c5f-b529-cd341fe39d15,train,4a431a254c562c05a34b56140aa6974ec0e0342da1b72487a64cd55e96f77f48
c10efb51-bf90-43ea-9751-ea6138b34ac7,train,21637419695e067debfa5f9b4618249f99db8231076aacda98bd37b4a641fc5c
c115b09a-a814-46e9-bbfe-7879c8a4f591,train,6ce3efe3d98436721483f6039f16bf59e9c8e890036d7f22ede2cb52b9b24e8d
c127f504-e549-4fcf-ba52-70c8a7dbc4e0,train,111bcb5937f3cefaded9ace2adb21b840a0ba065bf59a38f8ced4e20855986d7
c130d751-677d-41b6-aa56-85378c81d215,train,3e270d63fb9fe06178f0651cb9155f9110cc2d54a950d0870a22d4fc88ad1240
c1339987-13af-431c-b313-f58aa9e06227,train,682d7a45df1384804f2679b5dfc98b7472bab00a84801c9aca9e4c1c8a6369c5
c13e49c4-c18e-4ddf-a403-7116562af140,train,17a79650e7d85336bd6be7c414530db250d673ccafa95916e976f9ca5ae1cb67
c1417974-3a0d-44d5-9cfa-3a4fdb3a7a56,train,11d07db64d5064d419d699f4c4762a8bb64cb929d365a37e12f5c4bd21d87345
c148ad8f-0ec1-4961-9995-445231b04ada,train,c0dda9f2f4edfff32b3c954f5096a2b448d55e4faae141e425cdfd275a085daf
c148c0b7-3b53-4253-a661-6f4d57b7ce92,train,e0c89d62f04381f83081d15dce0b0f72098326011734cfe462a3a3e1626e51ec
c14b1b8f-2888-4d04-b1d1-5a60ef22f67a,train,1d34e984b6dfee8392598383a4ac3915a8b4a1bcadc6bfdd0ea2db5607ea8685
c14c7bc6-4852-45ba-b385-3c67dd66964b,train,07b0f5bfb7ef60b81db67e4171c511d1a2a8a0af467fbb1e2d920ec3e89d289d
c1635ea4-9fa1-49da-8540-cd9e0bb9b6b1,train,a7aa878cc97126411ef16895f326bf69d59df1ab67464a13b674745cf01d1d01
c1651fc2-ee04-4ab5-a6b2-8370871c3a3e,train,9f0dc8af8c833be0c1f8d9f0e89cc249c0d8807271ddb754c3c04a7224ee089e
c16b757d-733e-4832-91cd-c167122db4fb,train,720ac713662ceb8e47ddd990cfccf5cc136894b4cf720c2703bd9832960e7a54
c17033f5-f194-4bc4-a1cd-5e6a91505ffd,train,4f558477057e733bf1d5e6b89955ce4383e6ec3f9d8db75d6003793d5eeb87e2
c1753218-6ded-4354-af99-e9b261ed9c77,train,d20e81cf050eccec6044835825c313fc8f0186209ad57b3766e2865c1209ff26
c17fb01f-262d-4a01-8dd1-e6754f63ee67,train,2d6b4ffafac24407b36dc1cce511e67164d46f6bdc7f8f7f909007880852be99
c1a2d441-6229-4e05-a894-1d70acf8cbcd,train,234c3736c2a75e49103f565cb1afa7d0ee0b5210207fb753a0d6f38ff746ceef
c1ba2398-f27a-455a-9a3f-51949ca8e4ed,train,00412119711214a7cca8480225e22dfebbd4511ad4e35eb38ef6507256008d4b
c1bc32ae-1f46-4172-874a-e79334b59bc4,train,8a64e3819a5b1a48a039b365f9f54f0424cc6059769e08034dbf786fbf53922d
c1c4d6db-8387-4d72-be5b-4f41522b7bfe,train,601e0628914f8cd71e247766b79988a151838948dcb3e3c7e9649ed4ce2bb51e
c1c9249c-ee48-47b6-83d9-c9b6efbfe752,train,12c9e1dcef26915427c0545b3d63fcde8ac2b44cd252bf2d0a58fae780ef3a66
c1cd2897-b503-48a4-ab59-6154597dbdf8,train,b312229ea8f9110298ccc92c0b51cbc54c5f7a524a918b43a61c4b126365ba9b
c1d22df4-439d-43ba-95cb-1155e3b4c515,train,2f874440f2e4e415526eb82366eb571a70b08bc410346707a84f9696739deb0a
c1d4685e-d59a-4085-b3d3-80a33b96d694,train,86eca98254cc623591e29d90d1c09cbe2d02ccbcd7b6bfb3c20a7d360332922b
c1d7819c-b490-4f0b-91aa-273d67a3b68c,train,6e6a812d2f421fee70e137c5246b10edc3433f3030df2713148162182f1de970
c1ddfd27-9250-496a-be09-f3508b696c7c,train,f7c4d8c7444d532e820cd22617d136209ea343b18725b1334668748fa569964a
c1f17f43-1745-4268-bedf-65934da99d38,train,d061eec5e06625506e2aa1e5fdfc85fed23e755f4c45635a8a59571f000b8224
c1f1b5ab-f03c-44ba-b467-f513a5f86873,train,38695c43f5aa7057020fd77821d4a6327e8e679f83547b422e33377d59505df4
c1fdb522-2a7f-4dca-a1de-28985f62ecca,train,7cca99249a41208edee5dba7a1a3970a71e9fd9487f0567b7936012ec97b0238
c2034de1-858f-47a6-978c-4f85b3794262,train,20fdae14d2c259a435fe8ed5fe173e4dfe23c797eeae4f757b80d813b53191ee
c2182ffe-6f89-4114-8b58-97a8e18a0ccf,train,fe69675b204f92e66307413c9eb324ae900bffe061a5339c3d76a7da93846036
c21a4f1b-51a2-49ec-884a-f39bde77b280,train,70071505602a60fb761fc19ed5d2e0b300a0d95149a74d7d54feee4646fe7c4c
c21c333f-b535-4c6c-9b16-67b17bbfc251,train,fd0be9bfc39ed25e841f1a32e8eef31c431e5fe148132e5b32a9fdcf02ac816e
c2214322-4580-4230-989a-12caaadb3424,train,8d4b6e15e62782d558c2429f6216bae02fe72f87ffd656fbb1ea7bd1e7942f8d
c24487ce-f379-4b5a-b16c-fce5d10cdeb1,train,2b057394cb8400f3467cf4e665aac821baefe2bdfac86037fa7512debf8a26e5
c2459494-54b3-4e4d-94fa-b673e25407b1,train,e42ce7866d70699fcd592caffe8f4fa4a6522fe6c29c7915fffd587a54c80144
c24c51fa-a3ea-4472-9e43-4985be324acd,train,237c628499c5d5b1994a0b3719af8be127520d8b4e92e20cf97f030aa9679efd
c2563fbc-349e-4fc4-8e1b-efc406309531,train,2d15db24f56b26709e4dd5787648285c433fb2bead4b18586398512da1f70bb9
c26f7083-1ae1-4e76-8de2-9f28bea6d20d,train,d9d307dfbbf16cf7c9b8f8c45d38d687766c9ed8fecfb7ca528b43034477c3da
c27869a3-483c-4dc3-9e10-cdaa10838605,train,6563fb803ebb0794b4db3f4122f9b145f8dee9bccef16034997c9bc6640d715a
c278aec1-a0ee-4ec4-b4bc-717f31214c58,train,d5726bd690e8b3a772ecef28d9578bed17fa13f9585c87c63eb815da7c64996d
c2803662-410f-4f56-bdd7-f320735e476f,train,607f5e2226396b64e9c6aefd9601f9062128bbe016964e5de90b742091cd0f22
c285115b-8cd0-4d9f-9e2d-9cc03d87a990,train,6fe43c9264dcf522d3c0492ef373d994e0afa9a48c688c630d399ed4854bad96
c28d9d6e-db0b-4610-97a5-066f081e7a82,train,16f94bd527b50a2df3f54f13c0c199e251c913568e0a87feda0f23e11625267c
c2998ebd-25e2-41ed-9064-f952532edb29,train,120389391095e2264e1a7778bc2b8196fffbd0f73356923a3609da8d54f4e8c3
c2a536c6-3706-4817-81f9-496f4c910adf,train,c848efdc69f4ee65344d18a9605f032c63fcf65618d1515ff9e5eee939143051
c2a8c66b-c6af-4459-b3ea-e1c8b80fca5d,train,1d76fe14c6943a19226d6bd5d397aa3d490cf27afc293bf0c5d35c48361124e2
c2c23af6-c872-4b4c-ac9c-e23675698b18,train,c32d2498f4b384a626045f112185b2a4c4ce449299e68d05611c2ad77a6be106
c2c977ec-2b7f-4d62-a9c3-58cfa065af16,train,8637c840fb544f1e3a74a65a842956d9a0b7a1aa571fef1691fc9a012ddbf6da
c2e1789a-7f24-4d3d-9398-fd92ef65f4a7,train,dc4e918c5a6d03ece4b6a36731dea1938878b05d119d530aabef812a107a49c1
c2e48425-e69c-448c-b380-10a70c0a9ea2,train,3ccdb8e496bf4ce64e1e00aae7bfc19ba9a006d25dfb3fe5aff2f7f23eee3f8f
c2e88871-1340-45b5-a016-2f2410241991,train,7e2ea3ce93eede5da0622138082dcfe3715bbb2c21eb603e4c6663a203420b0a
c2ee2b9a-8979-47d9-8000-2cbfff259383,train,87cab052f6d8b7039c8a7dfa3a55ed6a41b302daad5289394c7d653e12f8698a
c2fe9cea-1eed-47d1-82ef-ffc9ec5bc97e,train,334bfd8f16110242e5960afe8e1946fea914f3c7a893206917494c81c20c0cf7
c304d97d-4ee7-46ae-9108-9ecc9ba14593,train,c0427ae2bb3922c48a644cea070977d07b874ea129be6870f41b7196ecaa3edc
c3084419-8452-4a90-9e03-c0b55252c552,train,351921f0cd4033dd6320d5e368034be725fec0b07b2b1b6a0dfd5446a8a00207
c31d5894-c665-419b-b962-969df275e8c7,train,0c05e21bb5826ea08ff47e3123ae077881e07c63b9a04dab3bea9f5d06702261
c3264a01-7e69-4ab9-ba28-f90f95b5ec4d,train,4283e4bd973209de813f84fd293a2c5f590e05a21c72481c003e0822644a4753
c3292e26-fc05-42ba-adfa-d7875ed22fce,train,f62d6cfe1fbea827e1e5ade66ba6c7628e6bdc2caa2f448124441ecb8ad3c9a2
c32d798d-9324-42fc-848d-e96c6be94b7f,train,78c624b249ce865ce6a3caac6f388c1941bf972f0b43ce30f8b1e65f13de5ef3
c33a22e3-1eed-4c20-bca0-3363a0d38835,train,31e4140164cceeec4b30a78dd28397b87cc1d0ae0e36ae43317696bc5e0fbd0d
c352eaa7-a84b-48b7-8b4e-74c48936c35b,train,f52d9d79d73bea19a1011ceb542a9a17f3bba8173e2023bf39eb384b708eb3a9
c38e0ce2-199b-479d-bae4-031ee6a1babc,train,0cd15183e05470a6dd27a814840c6404c52610ef72fa099d4a252fa98a1e5800
c38f088e-084c-4da8-9d1f-4a374186b7b3,train,4c0f706425102a60da3b059d776e46959f939bfda51f4faae4f6013a60188d54
c396a1e0-4f28-4b0b-ba63-7da95b26e811,train,390d9fa01da11ffbc9b31de686344bef27228af8069d33fa6808332ff43149c4
c39d7c74-af6b-4422-a7be-e4e908da1886,train,52b04b78a4a5b7193ef7f3914ae938a8f6959e97be1fe33e659a31712880103d
c3a0dea9-3499-4508-904d-a6af6b3f8b9c,train,5709ed64e319bb4c38122e05b7e36d26750cbd052d073f807bb2024651a9d716
c3a82f25-e5c7-48c6-b8d3-89ce6bcd349d,train,22b0597f1999db7a09224f911cc7a4eb90212e53d41ac836829b98499c784abe
c3b0d31d-a573-46b0-917d-06559323c926,train,5b3de7dd2e5884a10390d42719477e6bf61ab5f9fea42bcdea61537edc100d5b
c3b54984-4fda-4b82-8a00-4f810290803c,train,2f6fe326061c52dd1be83b24bf398b9cb957c5afac737e47de09dee42d098566
c3bda1a0-bef0-4db8-a801-4bf54ece957d,train,c6cb77eab701db33bfd0a9e79b05190092462d1ae8986a18fa3761af12dd808c
c3be12be-0e98-4916-b5ca-ac0c92841b41,train,13466dc12efd2c0858a9e8bada3ce9549d501c9d6170c0972bc04db6325197ab
c3c17b1e-834e-4fd6-b72d-331603083e27,train,b2aa6dca76fe62be4d950f0aadb2797a73144bc9f85c6e74633f284b48b77e76
c3c22056-c2e5-4abb-abaa-f59a2c9181d2,train,0993bd27a5d0054a3d4b45778168601b22aa325bec0d06766316c040854404d4
c3c4777e-f2c9-4ba2-90bd-7c376d47f909,train,e18b3280c854902cc4977a7562ba0c42cc7a412e1a0f1123e8630ac6e3cb65cf
c3ccf5aa-f051-4862-807d-3fb356683e14,train,481bc359c5593e090565e90870ad7dc08235c65962f0ddada093ed1e6f7fedad
c3e22564-551f-4577-82cd-e9ba2f42d6dd,train,0dead866ecca3c6e546deb4d8bef589592f3b829e27c0decce9490f5287f2d7f
c404e1f7-064f-406d-8c25-64026710f074,train,87bd36ccbc24119e7c050886370adc0c06e7d12a787b4fd4f87f8c087b88ebd8
c407e5b5-b23d-4930-a359-ae6312f5596b,train,0c9de0e0c8d10ff18be56adad842d3c925ed92ae5f82278e37c02b0e32636577
c40c4cb7-d297-4653-92c9-2f45cbb4bd5e,train,a86eff6cc2267bf418bfcb3b38ea5986349a0416df6c8a82c6b02d07963c8591
c42a39fa-104e-47e0-a190-ad34f53ba3bf,train,4afa59aa28c14cb882b144c6fb98c169fb09a2863c1c8a1c792f0958c2b5cc21
c430bb2f-2755-42c0-a501-1f255e25936d,train,4db98e6cafbad5bc8093c1d646a1014cad111cc96a1976bc9b38b016e0d63f76
c433daac-4e23-4035-81a4-bf22d20b9516,train,cd4ae05012937440ba1c3a5bfad39668f56bd91607503a31f6d5d582cb6da6ff
c43b1c8c-b81a-4f27-a0c0-69558ddc1f7c,train,0430f419166efd8df7288075c85c62e7caf1d0b854d78fc894d719c83aec7fb4
c44453e3-a8a3-4a7a-9803-cca3ceef7a19,train,ff7bdc46aad66f7d05bb8a24fefadb65532e689140ba179c5ac071c0b09022c8
c446615b-dc05-4c28-b586-4bd0d9da2d5d,train,775f8ab7526e93c8ed83c9d81f9e093883690c741eb899942c7c9d05eb6aa168
c44d31c1-1a7e-47c3-934d-3add07ce73d1,train,7ce0884a00e15e3532861b2d430fb59dd60db32ef4ea600e81f4a7a4f41b7a53
c4561fbd-ab91-4716-baf3-c75b3e66d1df,train,8df07175ac63381699f0bc9d2a6fdbae2b9aaa67cbcc936afd025b877c736ac4
c45e86ff-12d0-494a-8404-f754e1372109,train,ec62954794a5d75e0795a212edb0a212f09da6cbbdadcb233c136b9650121efd
c46345e1-66ea-4251-8f34-407950d2e95c,train,0ec3192b63880b1f420d808d556842a78dbf55a796f20aeec09139443071f46c
c4704c76-69fe-4559-9550-f1ce9f06b426,train,7c4d3d78a4933a9ee4ad99569aea745726ae5599f65cf63e252bed032b54b89b
c4742d7b-11c0-4123-a275-8c13bf688209,train,44edc456dd9de6a3d98d53db74f0380fd2caa343b1b363853034cdf06d283c83
c47f8197-c315-44b0-b778-9ed4c28fcb65,train,275d338a4748c35c40bc9d94b12159499b96f33fa2740878a4675d51cc507b5c
c48346a0-c8ab-49b1-bd3f-fc1430e48c39,train,d6b95852c33379a9ff1c7095d48d6eb54aa86db5e0a33bdd74e643551b0c41bc
c49af4a6-152c-478f-8c8b-af275488d25e,train,3216140e61fb636be58b48cbedf6148416e4e405bce318ca39d852b63ff350b9
c4aacc68-1a1d-4596-b1aa-e42dcd48980e,train,3358b240c626a87773c9d3935a9749bd81f699f3542cfb469f672b98733e148e
c4ad90cf-c69e-481f-8976-af9c9ee5548d,train,c9f9ac677e79652e3e01f1cfcd316f84ac5b2257211ec2fb52580cb9cac5601d
c4c163d7-ecde-4fd1-bd17-265e72641722,train,207f2951ecd75c9c9f17367ebef278e4773f511b91702799a5420719bbbe5dc4
c51b66a8-7d9c-4fa1-8a4b-08f796e2009f,train,bd0b59ccf08e0e13715f77a43d24ee2824586764db9500666d4bb6d8c59ca36e
c532f352-4071-46be-aaab-3b58fcd56787,train,718ca798b1ff2f2bf1bf2ea5df670589ec5c5897bc81ce4b262f7f5ec6859480
c535761c-9c64-46c9-918d-d5da911f96ed,train,e51eb51108fe4d4246b754497d30f3dd37acc38d42709dd5978ea29d47dfac23
c53a4fe0-eb29-4718-b928-9452a644e757,train,bdc7cb310a68b5ba302b4343dfd3d43d209fac2700bd551ea9422c2d80968f38
c53c7ec2-b1a5-4662-b0ff-588ffbd9cc5f,train,02339c0e3fa1785fef80bd5d25913c938b6a0be41859dac91990cb50e5cc4d3e
c5401d1a-a653-44f9-8c8d-9cdf83b965ed,train,385c3be7f6eb614e5446db947b9b0d21e5d25d394563243f36565f38848add47
c54e3cbe-6839-4c14-bfe5-9f909ad28959,train,d95f10a756e8092a310fa353990de9d51fcfe7dde2263b61c2ce9534fd6a91ae
c55404d9-77af-4658-a75b-2b6c28e090fc,train,ae34d7a6f8bb48e5496da35f3a0c5a7657f987464fd912aa909cd613ace0c300
c55d240e-0585-483b-8482-f374ee0c1edd,train,0e2c83a49be25e2cca70ba16aeac4ff16e1316eab7a937648d483bb3af379ca9
c55f14e0-9850-4a5c-b3b2-9c812133b34f,train,e50e7f59ee70e07ede1878aff705eae8710d0aff5d48e40757fd109fd8abe526
c56d9449-3015-4f0a-8a1d-3fa4a080e44c,train,dad23c6b6716d7b08512cd7c95c8998907b515e212c095c9754949e49bab3eb0
c56e5d80-fcca-4df7-99a9-a3b233db5e0b,train,7310dacc60ef85b610ac0e7c230918618eb6b424ed4306e6b4ae3f9c5d69e6b9
c5707d15-063d-4235-bd33-754e740ed456,train,5f86296f4742a5ee3af7f0ac0acb316d08e46195803a9cd7fdd0d80c6777ce1b
c5733ac0-b5ef-4db9-9daa-accbdcaf8c5c,train,c5174900fe6426e5d9c5f6b8f805c25ad849ff2906fb08632a767447d1b90bcd
c581c33d-c8aa-4cfb-ab17-63abe3893082,train,bbf3f2d90360c14b4404c8e518c914beb65c9e7bcab8fc53094d6f54da80766e
c5842f5c-a5ab-4cdc-be2d-a200dd7105ea,train,1b42306dde08fbf141ba88db3aae96715a603a68d7c76af3a3c6497a61b73384
c5920535-0b9e-4fde-9fab-f2ddcc37dbd5,train,3db481790819fae853f74faa514ca7ed53235f107a5ad2032e963d4ef8c65288
c5b7d656-929f-4261-843f-9916d320e62d,train,d1bd488e1e4034304ed274fc43a7d5e9dd33a4524f3a11ea21b1a1235fd58fcd
c5bcd5bf-a03e-40b1-9f61-947e58b38ad2,train,7da48add55124257e8d84c7c80a11108d80261a1646ca6f98dbd42b2d2ab731b
c5c14139-986b-45d0-bf75-d251f82a3731,train,36db7885404b4366aac049439bb5b21436bf16bd29489aa5212f48be374dab60
c5c7ac31-7630-453d-b937-b26bf068f069,train,3a597e5ac70dbb98ef2a6f3307364b44db5328047ee0ff633cd5a3ba12017aee
c5c9d5ba-57a5-4780-8c56-e5aca269708a,train,e6fccd03f0fbb57255ecb27d645811b13841dc40dd1c26243c5e8c522907d9d8
c5dd2aeb-1d6f-4bef-b979-f69788360131,train,676ea2e875ff8703bd0f258c07db38f504d88005d5ea32ad438c5845e3b56e63
c6025cf1-137e-41eb-a8f0-4a05f0864d2f,train,0e37ce9f7f8e02b20bf224600682a8878a93368ee4cfb4770f3a51174a88bb7d
c6090c46-274d-4658-b67c-891b99b445fb,train,39b853eff6916771893fee6dbaf061f4148e8c9a1cd95f72e3032916ce43cb53
c60edb16-2ebb-4cad-9636-cf3171f51e88,train,ca70be8430b277494f3e79a10b5c7143fbab49b3520f42b81d525d89b92b17b2
c60f06b0-9b45-45ba-853a-4aae087555aa,train,07b23d9ee2ea66364a0d4e72a5c50efa879ebaa55e8147be024d29bde2f6d6d5
c62b2eaf-e1ba-4acf-a719-933f5ce75cf6,train,8f7f536e4c817cc466b054a6d988c9f9de392aea46e047febd2cb37d59004f3d
c633a3be-dc0c-4231-812f-e4e019559fc2,train,a629123b3a7cdc2df1cfa94e2ea542e66c6bd0c67e39611e4e158f00de1c34cd
c637d382-88fd-471f-914a-2d47598d74c3,train,3b9bf11401a92a267ef1eb7bb7e42632ff05507075ab4d013059e4cc24e72b30
c63bdba7-22c3-468d-8b94-bdf4fbc3ac2f,train,a35e24b0ccf96087ce4e70e7db5266543d3e3f0cdd2ded03c2431340ff026e2a
c643e71a-fe3a-4890-9f5d-c2991f2d9b4a,train,e5a8c9d3759b9808d923f5d0b6e3e5d593757fb81e30c403bcbb4b51d53b7164
c6567191-edaf-4053-a6e4-06458b8bd8a8,train,e1153467d0d112839209473ca02d3e1b6eac2ee71f87233b86ef50d5dc46f425
c656a306-d0b8-4ef3-8939-82f39f8884b2,train,e01c3c96f94e571b45b11f409ae2728c5d2e43e41feff4bc9b394ff9581f7850
c658f41a-14a5-472a-af00-193bab4cf461,train,d0101756844f4f2e2301c6d3be05a499f827e5ce915b0f1f4217be9134fabddd
c672bad8-b223-4db2-a026-e5167eed40f1,train,8bcec10fc062b732b06f6eea6b3e2cfe68f53d5a9b9ecf73c561aeb505082c94
c6802046-d468-4ca9-b15b-8765119cc279,train,a7a9e738203af0cc2b33ad177e1921d666d52d2aacd76e6e57dca9fd231a876a
c6816b4b-08df-4d6d-b316-07d0f23058f5,train,0bd0d86a41e45a2d516d5cc985281328287772993c243c429fd8cfee6588c66b
c682a36b-2f6e-4df1-ae7b-82286cf3de10,train,3688af6bd6bd5062a6032f7595e73100d79bd06697fcaa68be82d6af1449b2ec
c69ef2bb-acd4-4be6-afaf-a45aea59d73d,train,825ffd4dee5c8b7330cfd3c99fac0c8152e33cdfaa2c22fee35ad9f8f69d1154
c6c91f8d-8edc-433b-ad4e-5af32a18799b,train,5ede612247c1c4fd249b16dd4d65d8c7dd3dbed1b6b63ebd9fdbc26a1ec43a42
c6e0e69c-578e-4293-8adb-277fe6ec47b2,train,2a81d57d1e95e51e7eb7f806af343b194a41643c962b90e266978bbccf928666
c6f1b183-e38f-48c0-a667-13303bc40a24,train,bb6935b8ae534c8928c1e37ad67c29eccf682e4debc8b9f4456189385093c716
c6ff6918-958a-44ac-af70-68eccf5a7f38,train,df6002f2a5e26a34e3033e1df9d75a0ef39f3ebc3e78e0e6260d61ff8690ff9e
c708a71c-79da-4d00-abc3-56e5c87adc6e,train,ec997c648e5a5ea2f33d68020ad852ce9442c5e2254db5aba64f322ac2f26024
c70b6279-116c-4a1b-b744-8e2cfbbfdc44,train,bbd6607b98d55efde6bcca996ea6657b1bc3a07ce4c824d9ce7d46f8556b35bd
c712981d-8752-4829-adad-824a0e923fac,train,2010ad6d02778dd8cacd34b96a496f0ff8cc030a748cd8e2562173049078ed49
c7142ff5-fdf3-4a7e-8807-78d9d75f7127,train,a6f2b8fb11a684dc1a5a635e2d925da77f9094b9cf57eb430ad25293340046aa
c7322c20-2c8f-4fcd-9449-5c23f9983964,train,4ee2e4b62a8f832475df34a4eaf3a7739654f7bd4c345d07ebf5e5bdc7096d85
c7339eb8-28c7-4736-9474-0f456fce4d65,train,cc7eb7348cb866f66d20fda37057c55a445399266a7a034e179c76c7f12fea74
c73af164-58e1-4001-a8a6-553419da6acb,train,ec52b4494fb0b238cb897a0ce9d8a069360042ef218a1b95e2e12c3ebbdb760f
c740bf75-67eb-4de2-a824-3f55e6528919,train,19fb44d06b794f90eafee3584eb1e1d5bc4a3ccc67e5e9b94ad835d9fb031325
c7425776-5d7d-440e-8d4d-3226fdff8854,train,fdde892fa52575c237e740887927c114c83405e447730e72c0791c004727dec4
c75a02d8-1069-4b8a-bd8b-a216d65c8fcb,train,33c51aaf2df2601c8b11efd7fbd364ac2a2dc82478ac8096d85e402019478d08
c75d7cd7-f298-434e-9a91-90afe2ecef6a,train,55fdcf4f5cd684dcb5e625ce63eb89da377b595d74f761479389b1e3393baf54
c762dbd4-1204-4c42-a85b-afea5603083a,train,68be534a36a55431c0dcd6d85e062b88f5634df8200468a53231d92943c99432
c76d120d-f466-4737-9ff7-dba4f6a9c3a5,train,649a13ac69d918464f3e7f9f846be60f4b6891a0d828c7a84176149011a389ba
c77a96c5-6dfe-4601-aa92-ad9769ab1414,train,0cff0f1b8e7f68e0c4dff8b7015bb3c12e814bb9a65f63aa6438c510a46e18dd
c791cdd9-e2bf-4741-a998-479f8818a938,train,e1e208bd0c36834d81c0b831aafbbb390d14177784a76a2959db578e513a706c
c7ad48ca-2944-48aa-8fde-6c454172ff56,train,76b2edf345dc4dd58119a09f68d032c01384b620ff19f2e2a957ffeb4db5180a
c7c03da5-8e39-4cbb-8451-69ee72c9ce68,train,8fbf3bdb68f2dd7526f2b181fa420cf36b7eaa1fa5e78d84f599ffbba38b43f2
c7d1f404-0dbc-4a28-ba3e-85d72a710c33,train,9b66005d640e23f2c3bef5f1f8bcf71704cc2804691ff0f4c1acb7bd35220578
c7e1d844-3e67-4d7a-a2f1-cad98400d028,train,78d6ac5163d5e65d5e9eaa83f0628c8ddf67a894bd8eab35caf3d156497443d0
c7e4dc03-baec-4403-aabf-7a9b36f55c42,train,68d5b9a39bf417e5068c23c8ee90485fbfe8c8445abd0f57481db1f31a31cd9c
c82b22e1-7534-4529-ac90-9956e5185c84,train,ed98150f52012d3f9935c735529a96e86ddfd01a3ef2e3ca4a1e653808d18554
c82f0761-1805-49af-82ce-43d59bbf8604,train,df1084b0b4744d36e7fbea4ac52e56534e09c865658b532003da8794d27ce467
c8305e89-a443-479e-aa6f-1a8178986c4e,train,f673c8ab142e7c3a719e92cf0bdbdd39e943786442e17675e4d4b6c28fc67c3e
c835b391-c564-43f2-8104-af8981ccc7d2,train,f3bf1b18ec1fa1a333b2b9014a5151d12ba8e35a16076ffbd13560926634ea85
c83bf5ec-7f9e-44ed-8ad7-b5bcd1513f19,train,9ada66047f8ca753ffc1c6fcf6a35624e184e0d07bc2cdf6ba3b3bd60b3208e2
c84c2c3a-47d9-4ac9-aeed-1d758ddb7284,train,3f24b9f8bb3ad0523a0e3a20fb82450debc76ff04679c5d9e880030ed71eac37
c84d7d97-2124-4e4e-9e0d-80b3286b5044,train,ddba7531b829810337891eeb9c0b1f25228f604445e491b78c1e0251fd8026f4
c850c5e4-cf55-4015-9b00-d93e672ee111,train,5db7c1706e2ffc1673e62ce80d7d03614e454f796de94ce3fd6e013c4212ea8b
c865c327-8d52-4bdb-be42-2319091d79df,train,03ccd361a6a40ab3c0f877a29be34bbe47433a53592d6d6230a21cd04c041966
c897f8da-89e2-4bdd-bcd9-4daef8b91aa6,train,1977e68f429671f35f629057f52939fd14152ab7a096ed82973aef345d14c445
c89ac978-75b9-4d7e-8c05-7316747d9606,train,8dce68bf725c9c2cf6a737259dd83952fe32edbfc797071a2eeda2b1d532328d
c8b2d326-328d-40f7-ac74-80920610f806,train,b087317993269cc9dacde6231a5cda0cdca54540e3f13c6204ea5b65116d1def
c8b60f98-b10a-45b9-b452-24ed850729af,train,f19a2911f09692c3a44b74dfe4050c1f819aa15fc437cb23e9744986442837ab
c8be692f-1d8c-4670-ad4f-11a9ad46c30e,train,e9901c402088c5eca0a8c5c7c7d3e66303a95f89c54b0fc226aa2b055a1380ea
c8d1731e-2813-4bd3-99ed-8ec17e0a96f9,train,c75a81eb85be8840c410f755527563e1b88816518a14922682ea2607d947f6bd
c8daddbf-be28-4ccb-830e-309cda31495b,train,2b7f1204b2e448db41cf1f3a65fef78986ab612611fb4a7307294d0cc1807751
c8dcdac9-0517-474e-933c-c093501c43ee,train,089526c78e5693924c415d2a527ce9613aeb25ec090ef94e80a04d29292d58d7
c8ef45d5-e788-4bce-b321-b025fec6f8d0,train,d35d57fd99e0ab58c1c7ec1ec1d07e7087c4b36e88b48035b6f09a4d3cfd4b30
c9127108-b84b-4be3-8ad6-7d766caaf210,train,3d24baff4c835e9b9119985ec163f2dd8caf851007d78d86cad91003d9a4490b
c9154aad-d1bc-487a-a29f-8802fd02c11e,train,54effa16fd966eae49932354b3c739d64fe546ccf25425aee5fb63ba18b3f777
c930a0db-9a56-469e-95bd-8963ff31cbf2,train,983655249d5c43258c8b15bd423928d7250fa253d91d63929aa80ae8ae243055
c935e7f0-5616-4fd1-a507-1ca90188802a,train,83dff16ea2a45d55d6731d16dc9f5b1150b225e8ad880fd8e027250e244c735a
c9403be6-136a-43cf-818f-c685f61b5af8,train,f96c176280f3e71a1c99f0dc6ef2e3018e7ca26de8ab3add9ab0fcaa58ed0952
c9598063-0dab-4dfe-9bb9-ada89312093c,train,8f4cf8dece190e613a783e42ce7aca6c0bd43a7f1abd76359c1dc5b7567f1964
c95ccf5e-c358-4668-b862-6beeaccc0f44,train,ba0c574c5b97960a3090502ef21074ad1baf7c93df09fa8f9923debeca3f7d53
c96ce6f9-2ecf-4e7d-bf79-d0da9ca4cca1,train,e738c6b9d416fbdebded64307960aaa6a547f75a853901220c470c9f340d0500
c9715189-fdbc-43b7-b25d-d371808db8fe,train,bb7a2414209e785d862d2c7d1814369a8ee612fe236cf4d1dfc390f59b24d958
c97a7883-48ae-404c-8da3-e591e5395aa0,train,abf87eb38818097b42d070fa067c49864e4906df853a85a19b9f92cc69aadcc3
c98823fc-a1a5-4c12-b134-72c24f0c71dd,train,621ef899e081e61a6140a48f16b686e1435437c04e5dfd358fc7f8e37df52987
c98dc170-2e5d-4c57-9872-8e7c3aceeac5,train,7d2f6686f7dbdfca8f2296f4bcd7feb309635b608cee2829830fffe67cd4170e
c9947470-63cd-4a4c-ac1e-c38e9555de54,train,4feb2acd67708a0bb2852e0d8425f4cf79f34f3e3849a0ccf423e44a5c035faa
c99c589e-f8ce-417c-a02c-e316b50e8a12,train,78740dc358dc9f6841f570876c5fb62853f4b5e6f86602dfa47fb47068cf62b1
c9a12e52-789b-4835-9353-43cbc418b4b2,train,8ee47d8ecef9e37330f50b90b9e621ff5e3e80767dceab3a6d714799450a6d0d
c9a75265-069d-438e-af28-578101b66d63,train,d71bac7f1656d2f0eb551209a8db15142e87df11e0aac5cea9997ce06a945a8b
c9b4c97a-3904-4e71-9698-f7ecc6abfdea,train,6685a1589e5f4c62aabf984d627f79cbd3cbfcf1396ca43c99c139a65a5dc9fd
c9b8cdfc-6ddf-488d-ab1f-bfb6889a3eab,train,7af028e4aa58f7f3b440e6a2b53476d0530694197aed20e0a2abd0f67b76087f
c9bcb708-047b-48d2-97f3-548ab293a22e,train,acfcfc8075992156c20d3bf30a7abc5f4127eedfcdd6cfdabd6a09b7f7f0a1a1
c9c8faf3-5413-40a7-8c0d-a94febd04971,train,bc64af43be1990fff0d6aacfb360f66e47209b4036f7cc57bc36780efc691927
c9cb1f52-9446-49c9-aebe-40721efff97d,train,c0da2d294356d5684bb527eb6c6f710b035d97d9dc39c95988363bc3e5ebcdaa
c9cb93d2-a138-4be4-b5e4-cc21486c7730,train,b454d8d5d650faaa860c07a2ef2eac5f75eb8e7c6bae1124dda524f8a569979a
c9edd2b8-6bde-4995-88ed-3b26eb6c03cf,train,129a221d426aabbcbbaa98c1fab8ca4f00bddd7330fb843068e680c16db1071c
ca02ecbb-cfe5-40eb-a7dd-e12efba08768,train,28d1bb8b5136395079591a9b90679d89caa19fef8759a55fd4d26284232b9dc4
ca2e056e-16c1-48d0-b487-a48843085c78,train,826ad6e9868b606016ddeea82a8a33ca8bb750d2e5c38ccfc3da1b76ba091976
ca327db8-5565-4657-b746-b4e198707bcd,train,a6d90070719fc6dde3cbf950710b7503008c31f734b74af9e24adbfe4ce89a6a
ca553928-c3c1-4c68-a68e-d7244ec192e7,train,331173ebe6bfaf26530d7de38a4b9106fd06399d6f64fef361d1e3e73227ec7c
ca593e3c-bbc7-442a-9c85-3a4a122621d4,train,49783e4a59e91b3e1a85534b958c960e7b85d10b26864d49af174f0f56ec6343
ca5fefe4-d266-4689-89bf-0cfa4cb1e7c5,train,b3231d05ed79b89b8cb874c2412c9947e6d748b8cefb5eda2e41d479ec6b381e
ca6396ee-1860-4ad9-98f9-29e4c0856257,train,8369e8b0fd40cfe9ed15f11a73258325fc85a0788012c3390c0a711492317bf2
ca647c8e-db61-467d-856d-361f9e4223c5,train,aea76acc037e8f635ff345e20b8e5dc37a957744c26a0362442b889fb7e28f1b
ca717b64-6c53-481a-935a-5791d56861ef,train,b8a54ad2928928f40557860e087f8092421fcb6e4ca8bf8c8a9c8fca0bcef501
ca757924-4754-4cdd-b4ca-6804a54103dc,train,5e3def3690b285e5c937a181738519008cd6cd4a95896986eed5666dfbc7ab1c
ca77836d-da4a-49e8-9aa6-ed08fcc6f362,train,cbec06577cae1774b1304f7c3f6b9c169098d1c989569051c29aa56b98870f7e
ca7d4efc-f81c-4364-9255-d609d7727ce8,train,cac8e1de87abef0fabfb23831df9f0b9bc6257638ec1ce3b6880434b6c29b5a6
ca99bec3-d29e-4167-bd54-4b3ca4c5a38b,train,1414bcfe558879e6d737d90e0b2212378912b7e86a8cf31f391004f887d8cf63
ca9a81da-c250-4436-a6cb-19e0571e48ab,train,c6741204983e7d6912e9ede9bf7ff5b27e4c4cc499fded38f973fb49d3ba7f78
ca9dc7fc-bdce-4190-a3e3-15cc134d6957,train,6f1bfa5aa01e826ce84ff335ad3cda969971b7c4af969d04adb744446396ab71
caaac6b9-8382-4a25-a686-d88d11a37d9d,train,0cf179b130b86f112816f6b44b762cd4bd193be658460d6beda475f9ca27770a
cab2ffc2-4747-4592-afb4-55cdacc6c898,train,58d21bbefc2911a80d672ef6434ed9d30d9ce075149fff9532e99318a70fcb3d
cab40920-74ca-4e69-895e-1b71d8474493,train,9c96270f424deff14aefe242c0f3a4c5df17999b4a2d5023c54b7823fedbbc5a
cab556b5-3ada-42b7-848e-fd80e7ee2316,train,912536eb0e607e86ab8f90a5164e41359f0bdbc94fcaf329a972186a24fe50e5
caca0dda-a473-4a38-8d84-d5992f9b2ceb,train,0b6d6c953300970aed7d03c0f4a6bee6a265c349d0cd77a1d91f8520284c7239
cad6cd0e-28a3-476e-917c-fc475e0d6a33,train,3c4f97111aafe7978ec3a59bee8acd5c9268f6af3fba381d4c4b8115d4f515a9
cae32843-6602-47b6-b3af-be8ee5c08205,train,5d8d19bdb0f948054df778a32ab6df17c3103e7efbc6e329baab46f7e503d2ed
cae55032-98e5-47fa-a4ae-3179f61f19d3,train,6c901541dc7671f233abf1d9e760d3a86ed68af22d06b52535d0467b30c083dc
cae6538f-c72e-4104-b8c2-0d01d897deb5,train,f6daaabd1c75371c4df68a35ce81dbc757966a58194932c986d736a92837521e
caf2df71-6a4e-4118-888c-bf673182aa9d,train,cb07925b0efcb71203b7d388782ad0ab7a4ff6503154583e7e6146c8c7b9ebf4
caf334a7-31f9-4ab3-9bd0-9041ac19c471,train,15f5209044bc0d8a3e46be30a467d5828b2ab03bec50cd5c65f9850547dfbf5b
cb0ee4cb-fd8e-423c-a222-92e9ba21bd86,train,342ab96cb49ec17db1db746ed3e144b2a2220ea866e8153639e1dea3fae23831
cb2bf8b2-b1be-45b6-961b-2a327450a1fd,train,1eb3ada0677c9be178f537dc0b703fcd7ea869dc35556621741df5e224792a50
cb34100b-4344-4bb0-a286-7292068b666b,train,8f8d7b66bf01474cee1efbfca153d8ea6879ea924e88e5d2b1c35c75858f3acb
cb38e452-d041-4ab2-941c-6883be7ee50c,train,59e1e0b47c4f2035cb00ed6f64fb36458567b1757eb6a3a126525a83168463e6
cb3d8a43-022b-4faf-aa68-38ca9fdce171,train,89f8d1ce73c36b7067dea8b8f75c32168225bdcd57eb1b1e090420b36977aceb
cb3ea60e-4a1c-4cef-9779-0b428ed82417,train,70c27f58671d61e7f5e0e28b1615159ecfe2345347ffc9ba12ac1bd3fcb6a84c
cb466ba0-e42f-48f6-a104-73fb12ba9712,train,95ae0d5b2341eaae93085771bdcc4208904b2cd8030289958e43a0709fcd6a1c
cb4719f3-a1ec-4535-b1a0-3e60a60a120e,train,9195517b5a55d4529f016468bd1a24d49d901985ca17a561ff7d41e30005a01b
cb551273-8f25-478b-b559-44d2840f3c53,train,557f950740965664b0c81d8bb8b975d106dc5ae959ca5d35c96ec1f6b55985dd
cb5e2dda-22ef-406b-8c57-61d827e9e7a5,train,c8f1036ff520432a82a7ea79afea28e6750242c2f0197f28ea26658aba5b2bbf
cb6873f8-8344-442c-9b02-4b7e8fe8b998,train,874cb80296722f613e0fa200cb999dead1757d2e27a7205fcd640cb01b150562
cb6fd562-593e-4a3e-b5f1-235c36c08fe1,train,a18eddb5c9279fd66ba2553b271cdb1eaa5ea10db60d70054b39aeba816c8fb3
cb7fa548-99fa-4a0f-8eb6-074f997aec00,train,ccd1685be77cb1e29d73ab6e49f18218b26907c27f04503eab10f59136989397
cb87ff5b-fcce-4d0f-b425-8a659875e377,train,1cb21fbbcb0544c97061a1d9157de8972bf3911d9a4ed685d2e732367c7bf531
cb88f4cd-1aea-455b-a277-5bde23d9bf27,train,9bfacb919a6bae0846ec750ce6cc02ff01f8413efc07f9d0a444aafd476d93a5
cba0540f-fd4d-4177-9431-b7df3eb9cf32,train,294fc1fcc280e68835b0f68d8eb56ed6b835b1eca0cb0eded28fa64a5d297f1b
cba5ed74-0dc7-4367-81fa-cb3637a99ea8,train,7f3ac9719217424363cce781fb8731750d24d54eeaf34b89e296d086bac00e61
cbab722b-ca8f-412f-ad9e-437d616259cc,train,f9c942dfafaeccd429b1ccd5895a8a05bfb99a90471d92da7a3e177a73221f8c
cbac8670-6c4f-4661-93fe-133a8768551e,train,969f2a3838bbaf6b05a6da7a91720f1ca2344cba4dd56194cb87b2ae899c0a98
cbc870f0-1090-43fe-bab6-ad30d60e0e90,train,272c09cb8fddcd13f3d4cbc6d258455e9f7b9adf879fbdae68358294ec9e84e9
cbcbf31f-a3e1-4651-9870-e6acb2a06ccb,train,2c20c33445129c9825b29058594d7be0a2b8493f278aaf9f9bf321c394208b27
cbcda2cf-c4ab-47b8-972d-774b100e661c,train,25fe6ea297eeec88b9a7a5551729f3b43c933620478943284bdbe7d157a41567
cbd0a9a2-3296-4693-bfb9-669baf78de79,train,d86df15967caa269db0fa8a76339b34531c744a43411392dde775582a34147c2
cbf227f9-690c-4bcd-8f25-da7aa9944116,train,a283f847c32105201148a1ca60f04c7725adcb54d5d9ff653dde8635c7aa2615
cc01a2d6-d636-479d-a3fa-be3cefad5158,train,6f24ae6e3f53ecc88ea41fdd135ffc1419a9e27dd1aa65911e6e47ed44026aa8
cc16275c-cdc5-43d4-8dbd-12cd896ab251,train,81bfd5703e3e34a64860eef17148659d8d7cec8d94f0b183b75de6590976c755
cc16c4dd-18db-4d92-aedc-f2a8d460997d,train,ab11e0abd43ea7377d99343b6cfbbb7a4f80e7d49998450f2214a9f238d5974e
cc23937a-f704-4695-84d6-980feee71c28,train,9b19d1670f804eb751655fc54a54eb03b3aba4bcff061669a28b965d70f49563
cc2b6ea5-fa70-4ae9-8e1a-742de6dee440,train,9020f7debaa281d5c44208534fd9b2dc67b4ba0a8acd44f4c3b55157eb6de407
cc2f7229-72d5-4b74-b5cf-b2d2824cb5b0,train,818c57a6e095b26ffdac647e2880435caead42506f7ce1aac237b0c77db41738
cc31cbcc-e014-4932-a033-d2a0969b8239,train,ee3c46fb16195bbf272b7be3e6d444ac017d46c8cc2c84d9ef609ab514920bb1
cc3aaff3-4d5a-4295-bc99-bf34275a7920,train,ee550b41ed26598e9211f8231fb7dc972e4fff23b2d43e9ddd1b2224674252af
cc482a01-0dc8-40fd-b995-5ef0a98fd302,train,3f24c2c296ee2a44afdde9853a779217cf73e8bf5bd8096a47b4710879221213
cc4eeb7b-7058-4033-8465-75b8ee187502,train,a8363920f56f22f291b0672f391276e7e25b6592b8ff1d0975a6fd76b495981a
cc8acc38-6188-48bc-be42-0e4b8277eaf8,train,57e139d8014430ab66b1c8737e8d39f4be65c561857acc83ed046d8dbd93e0dc
cc8ff26c-a1a4-44fc-aade-96a211b60b1c,train,164bbd0924d5b78c9a40dc224ac365de3818f729d2d59658e73e2e7ab467ecf5
cc90ab7c-78fc-44c3-a35d-1588ffb72938,train,a0b9a3819d8bbcf8b4ed245051f58918c37ac94452a6582eca0522c18fe2bee1
cc9fbc03-6459-4734-b884-c7aa5baa1954,train,e232de0185d7ec47a3d3b19d429e4046afc9bf21d3555fc69137008314afdbfc
cca41b43-d777-4777-988e-d230d8ef8908,train,0bf63b48f7f0e1f743037b9016d9982f284b186bf965961cc73446edbc263304
ccada80e-c442-4f39-a7db-fa1984400d0f,train,31dda9851a5406220887e47e936586d2558e6effe416e64a37eadb8be500bc6e
ccaf7990-e505-4fbd-b70b-a4bffc2cf471,train,2aa32ae4a765449162e3e28e11a93acc85582b3002886de030e4d68e615f3b24
ccb746bd-a14e-401d-9de7-db47c5b350b3,train,48c6317a7e1057b13b170058396c92ffbda222113dca6be796d94fea693dd271
ccbe6031-eafa-44d7-a3fd-e7e25c1b3692,train,dd528336f28d593fae9ad84df228d6bce0a9bbe7f4adbcc684efe5195976bbb7
ccd1b8cb-de07-4d2a-a511-7833e5accdc1,train,2aa1a334a12ee033e86c2929fb0a91a7f38b2dd01a3095095bca4a089865ec6d
cce9ca75-3096-4a15-a5ac-eb9c8349a7d8,train,5966ed810943e8c41e68f142e41135ca42868c5d76bac37004e31248311d78fb
ccefaee0-60fd-4127-970b-263ddb2452fa,train,1861621c1ac9f06adb8f235c6bfb42e45bc729250f406a46ff73c8c5934f1f7d
ccf10be8-6fab-4a4e-9a14-0517eba14a0d,train,81672e70812073390f750e04b51c0f2e7e5936f5076eba4e84ca1d7f60dc8086
ccf25d29-f73e-44d7-b81d-68984a977d19,train,e653688399474eb1a84dd77caf78955ed23cd83db204e66ee061579976f4a2ef
ccf2be83-1b98-4a7e-a7fb-b5e571622fc3,train,00c85b447cbedadacaf1d6e955e751e4d06603d04ff7cce7b2f81077bec05b92
ccfb1601-c32f-4cd9-8422-72aa1805c777,train,8658e72fed35f69f506b265795ccdf3e5a1c4a472c365702f4f967c010aef665
cd002ca5-81e8-4f9b-9592-fa9c5498a819,train,4da36a7976c6d3fd47038979174e35163ec70856c1a92514e7707f48a27d3da9
cd0d775e-6a6b-426c-b8ad-b2ddf3210042,train,7911ac2838359f1c2038c86a1d21c00a6eec6b10f6a6821e3b643c0f6e1208c7
cd0e8931-223c-40b0-8de2-7f6033904409,train,578469a016c5c4b25aa9ec17e55260fdec14b15eaea4c72c19b72934a2102fa2
cd1e54ee-b77d-4ba4-b3d1-5b6327d5c3af,train,a2cb696d3beafa016ec6ca2241475e0b6f56236b4e4a49ba3b6d120238683777
cd2ed2dd-e73d-4f45-837a-eb5ae719a91e,train,b368b27f6d529fe38174a8d9fc30f4ce337bad67ea5c98fe0b8383a4b9ea72ff
cd3054f7-7cdc-4efb-938a-d233243bb7e8,train,3812d19e519c75f6f6198d1e74831f1c7e58eb5b6a5da59c045a9365bf7ad764
cd3aceea-a24f-466c-9d0d-0ef99d9d34ae,train,8fa75ce1051fa3ea0d64ebf0e6819836ab0ed514767e33431ebf993a6db813a1
cd405a11-7f1e-42fa-a256-4f91ceb6e8c0,train,e1ea7640e2b85cc638a8962bdc8cbec0991efd0a915344d8935f5c98f6e8fe4e
cd5cd376-8100-42b4-a96c-07e94669bf8b,train,5afa969d745918425f828a0f0c85b11389273052d5e999f8491c72e096103cfb
cd638f2b-9ecd-4fec-ad96-4244c151dfb2,train,b0f4c207dade339c0f0bf26064b7c36560b184cc0e0a7b0e4dd6efe720600ee0
cd669f4e-72a9-493a-b005-d6913e1870ce,train,73c64de50e74b5ff556317df7e1003451c4f85dc6182360ea70dff604c5c9dff
cd70400c-6cf9-4df2-828d-8e2bac934646,train,8dabe392f470c1dc4f04aebf24a3aded29a8a6ba2e57d7dab2077c54b05d5a3c
cd75e213-ab3f-465e-9e8d-6416de05e8e2,train,65ae40d9a32da0f198630291cdd6b57e6e0882ea107b14d7f5e7452520a4297d
cd85338f-0d38-4461-8a3c-1f92effe8afe,train,73e63c30e89c3eac141faced97891fad656b533d235b0858da65c38c4bc2549a
cd8a5fb0-ec15-4c68-ad4c-ad2a9bdf2a9b,train,7ded7d2576d724b8d4d555edff385d44f54ed5baf6e08d03446502a89abdb22d
cd8dea85-003d-4120-882d-8670b7d18b13,train,19e728eee84a39bcfee4e4a0499a046a9a3ef0b1f33efb64aa4cbf4d41ec8ab5
cd90e0ff-01c2-4eb0-b6dc-81013874c34e,train,e513bf06bd9f8e2472b3406cd5f3c3e67fa0b0728bf8093343ed206eec13b784
cd93322a-5eff-4c38-99f3-5f45f2d70d80,train,80323ce53e3ed7d2afd3f679f1d6870b39ed0926e47876789c0a120b10ceb011
cd97205c-864e-4563-8211-efb33b1e8070,train,9323d541df6065f374ea234649b947daec28b68e45de4da487aeb8aa069b6a10
cda37807-e4c6-413a-a940-b217a71a3004,train,41935aaeb7582bed2f6175d82c7398632f348a9051b48277f202533e5863b914
cdb10aa9-6555-4cab-b47f-bf7e74f580c2,train,29697cd7cb60cef2efaac8561a927e73d36d3246bca59769802e06b9861432ee
cdb89700-f213-4b58-99a2-ab7750695887,train,887b5c0b608a7b6e291d7df003aa15d94854fedd7924cc650b23b0b9e629df5c
cdbc0796-38ac-48c7-96a1-eb2a6c86a154,train,bfbbf7e4a9cfddac6fa7bf1c8fa4e9bfa0a4463692eb728c8337982b8a254046
cdc45337-a613-4ec3-bc4f-0cc97e4d3f66,train,3bc67898aaac476e9e2ca320989a1592c626af1ab523e4112109a9c51f0def94
cdca86f4-5520-4f19-bbd7-9cd0f57a895c,train,2e8c868d61eef3a98c1dec550802e741adb1364d720022628cc66c60b467d969
cdd19e5f-0c0f-4f3b-a80a-34d6bee0bd03,train,bb4998dfc54f740250073d0976d0fcfc5938f1f01405e26d7a59417cc4081eb3
cdd28396-b6a5-4553-a939-6bb2034328e8,train,1b4522c41e8a8bf92fd8b56b7793f2c8c5c69c5416d977a3cdbab1b9c6f0e6a3
cdd85e14-4bf6-4486-b472-68c02e87caf8,train,d2b963b3942d566545d004158e71518c982c06e3100c132a7c23e5ff0c8963ec
cde7db84-7a48-478e-afa8-fc036d5de7ea,train,cf59b3d621bd9c2f2bd878ff84c0557a9e0e686ed0bf83ed6bfc9857677391d8
cdf7eb71-0bf4-47b4-ae81-4bf5c5b80f86,train,a4c8008d131def9eabd0dc05533169f8863f66ac715a2e6223c7da169c4f3fb7
cdfa0081-f2dd-447c-92cb-41369f453f78,train,ffdd86dba396c1061639c66d072f8ad09e1924e3a0d3fa7d45c7ce2cb462ba55
cdfb5873-6433-4b77-832f-013e0c82e7c7,train,7e54d43666cb183e08a9cd3c994712e07af967bc18cedad26c2196beb0e93c82
ce083fee-0fc9-4b3b-b03a-284ec2a8c88a,train,2d8ef8e7d4d5cfeaecf4770943f76867fe84bac1528ce239b2e8dfb004196d1b
ce126477-4a0f-402a-bec1-2465276f6dea,train,f80935c05b0c2f4861f64c13b18e37b1db9ed75dcccffd44f38562f402023fc6
ce273f29-a2c3-4864-adb5-085af832f81b,train,fac08b944fe7fa533d31c73fa958f2d95b442d4193febda47e089b4d30737487
ce2e90f0-39d1-4aba-955e-fec5e41b1b9b,train,b13aa0b5ab7930dbd30656a24017a9da306b4847876812eecc4e99c37618d813
ce45430a-c374-4e44-a3f2-6efcfc05e8df,train,92bd15bf3a46c6f6a323d9763fb7c5b98bbaf0403d5e14de3abfccfc825c6bf0
ce5129be-aee2-4cb1-8c8d-0e62c676843f,train,f7c8f8c06ad89d0f62a33de9288509dab3aac314622cc8b1ae88450de5f3acdf
ce662fbe-3fea-428b-9df6-b7143d86b5ae,train,f5bc14c49c72ad01fab52bf0adad58f81af14828d4d43da568d59451d9ddadae
ce6e5bfa-1b97-46f6-bf17-6bba26441fa2,train,14890c6ffea32151d9aaec754b7fbd82f005cde65aa872a3f3c6c8dda3667b7e
ce836c42-149a-434b-a14d-992fcc99d73e,train,0436965186ca89251c843e71a0bf1c4ec95db951bf6e28ad98af2ff42fa28451
ce8cb520-cc58-4f6b-847b-67a154f4a3f7,train,ecf968069cac3a1d08c880a7e8f9c697d71073a7b2b8c1f7574b47e888999caf
ce932b2f-3f4d-4458-9110-394243068782,train,ffc85453fb70e07dc68cdf79ee837dc8934f70a814a4809fcdeff00bde389cce
ce9a4c26-d7a3-4127-88d9-e5af59913fd7,train,7fd130bf2e43e4d60e3cce68fb3dbeddb716949c4747481da2fb31cfab03ef8a
ce9e9053-40b2-4f70-a762-5e7639356a0f,train,324fdec91e04599db571478e7d41ef79400ab8e939d123b67ff7f132149ea133
cec88543-4d8b-4133-80ab-9ca7eca7c2d1,train,f3de0d5a233ef9aaa88f5971a70a4913cf32fcc42babfaafe563da3d2539ed0c
cef1d002-9169-4e41-a976-7fc58a981f32,train,d87741384c3ec2e980db97519ea24b9b1530c9f3286520932604f26572f8a1a1
cef3171e-6e6b-4de7-a949-e740e5cf3b75,train,c27d8f560becd865f4a856816c22cdbb75f8932d1ac6a7ddd02452352c07b9dc
cf04d6d9-5966-4d80-9272-d0a5cd96c62f,train,42c99b2a13e4aa663c6641a39f466a8974ff339058f0936c6a0906b0b392f331
cf098a8c-40f6-4328-a42d-1ba515dfa968,train,4806de5926bed66e0f604b72031e6b161da22744d87a2822265167b1d77fdaf4
cf1cb59d-dab4-4067-93f2-de3ebe5b091d,train,d381e797296d51438d62dbb587837d38d191da882312912fd32a99fbddd40346
cf24107c-fdd6-4136-8aa1-2655e572956c,train,ca606925487d88d54ebb4939927fb2a707e892bd1dbc13c931951d9967fa7ebe
cf27390f-5fd3-47fd-ad5b-23ee9a6e6553,train,80631a195a13c19e878b8f2684cecb4d34c5afdae871f8e6534a43f256f189c6
cf2e5ab7-f273-4fc5-9230-dbcd1c8792ee,train,a1ccd5887194b1861c820626c9f3d1bcdb6cdbda9687841bf17396dcec0b2a1f
cf3057d4-f384-4446-85e2-44b6c7e789ee,train,5892c31e3122451298ba8bcac50d19162271f70bb9f528c26feb4ffa26f076ac
cf31b5ff-06c0-45cb-92f5-7ddbc5526510,train,a725ac69e252e4fa67896e6bd6a248bdab16d8b5a57e3af245f195920f19e674
cf4afc06-d78a-448c-911c-f262c74683e8,train,b54bfdd61636f5dc89e012bb1abead5829731945ec8b6a274713882789bf5de8
cf528127-5fac-4343-be13-e3b533733e31,train,43b76bf7e30096fc63e703993b8701b6395bc57937ba6c3b8aa6f33279a8072f
cf52b0ec-00d0-454e-80ed-1c465a4aec73,train,13a602ae449d58c18b8c8adaa2e4914fa0266078fbc87266841c5a3b0a15c8f9
cf576c0a-3359-414f-a469-0fc4ec6bb12b,train,def11c8412886192a5e3aece31846786892d6f277c04d3bafbd1a7d4bb093565
cf5db10f-c7ff-4490-9468-ff466525bcf9,train,96295108cf5e36970bcb20cba1937837513d0271fb2e443625294ba137a1d023
cf601f86-3a8b-45c2-8d85-586a306cfded,train,a60244c2ede2952f209736c5eb11b0a401ced9202cfef999abd932939841de28
cf632d2d-3644-43c7-bbea-c223c479dcdb,train,e7a4f5d1513be21854631c90b5ee98d0c6f6e714f0b28aae535d2eee04690a0d
cf67b87b-b642-4641-b143-f2bc0f8a0cbc,train,112183482dfb22f9c5136b92e22a3d83a9223ef40501bd5c8aef3e47cf49cf6e
cf6e188a-1559-411d-8fe6-70e03035dcae,train,5095fd86ac32ab8a99bed4bfc2c47e343fa8b40063d5389b1ecfb67fc315db00
cf74324e-ebdc-47ce-95d8-f3e4c716891e,train,62b9830c94b41dbea6fe0b412f8e97cc4e51b5fa21be8c1d5ae70d4dad9af085
cf7ed219-551d-4d6d-b88e-5109ee625cd0,train,a742f38fabd4f5119c4a89a1781454740bba82f103929be4b32f5c84208a3563
cf8f77d7-5863-4358-ba55-4937402ed169,train,3d85a2a201cb99f87fffb71f9ffaed7639e3451ef88ebb913acaa8324101844b
cf990219-e720-494c-bb80-a48fd1fee72c,train,20fb2633d0808ad61e8fd0b43b0369a2f2d088cb4d6ae17292d4add0ee67b7c7
cfb62b9f-0a6d-42d2-b8bf-e5b8ba76d6cb,train,b2f48ba410b37f3b3e3bfde90addd52bd2ad9b238368341c74156dccbf465d7d
cfc03915-8cc5-4975-a57e-48b96d9e9ba7,train,632ca9a2897d51416e1e20741b7f8f78daa596db6445d53a7117b1dadffebcab
cfd7f449-9a7b-4ba5-84cd-a2abd61fec41,train,e11b9f28db6fbcdb441b7d87323bea61fa14809747cff238d89e77f30bb27557
cfd836c8-0e6f-471c-a9b8-61ac163ded4c,train,eb64ad49630859730a3e0fa501d0e9e5ed251a7d8a08b274c15139ec1e67e8ee
cfda034b-aaa4-4ad9-b84f-95e267bb29c9,train,03a07c7bd44d65d775cbe2aab025cfde62584af9f4412e2764856ce60ee85632
cfdc7742-b088-404d-bb8b-a08fb2d3c1fd,train,9411eda87a90d4a1011df0159bab2d8479646851d93baf0aaed72af68fe4e8b6
cfe30c0f-973c-4d6c-90b6-97d702824a4c,train,e8ce8d307324097f15181c2b591beaa4f7fcfd86e40b48c0cb59500a3248982a
cfe7bf21-f15f-4032-9f82-aa3d724efb92,train,f4507695f545c1673392b742238a28f486835fdf8ba8bdef319c38fbfd204eac
cfeb4a96-3b28-4d7e-9d16-16b9fe35651d,train,e755916742c299133c94cdf06f44a52825396d6d3febc824c284f7c9d7de82db
cff135b9-552f-4854-8d11-8b22130442cf,train,7fa7e30b0d9f3083ecc4e581848160a62b186ba76302e84fd5dfc3b6695c0d9e
cff54edb-cd87-453a-98f3-4417118e05d4,train,b8bb06dfdb7a410c46872eb06b518491c97a2b3449d483a937aded197847291d
d014f5ce-0497-4bd2-af2b-77170aa8fcf2,train,774ce7bd4af8f39e73b053b80fd478e9bcc5e9a3ca395314d2f2c964520e54b3
d021f729-6b82-4fea-a892-199a6f4bf4fc,train,cd961ea32c31e2f317296757fd05017051664a3450e0b7964bd362d008173d46
d0406654-593d-4400-95c3-4d5191456485,train,700c8a80ca45bde73acc773017d10585e300d254fdae529b4c88ae5ba3c1a1d4
d0415750-a830-4529-9ca2-0b7c7f8e077e,train,5fe954e7190b4b7149058e48cba1d94901a5552d00c87a0ffb9a30507d6ac191
d04bf8b1-f4c0-4032-abe5-589cbab10175,train,078462c795879837a075ed7d4095838a356b82eebce03582b2e278bbe9e940ee
d0574bbd-71b2-4db7-bd57-c27de2036064,train,21b24d1a44a1d1515ac96e3fb3646aa5400f352aa020a867e04aa1ab64d96606
d05c5a61-f6dc-4e20-971a-94b211afea24,train,da0864a22a12ee04a84c7b198da8ddff73a5cddf6910bd5d2190909856fdb849
d06e5922-e9f8-46b2-8dd5-461cac44f591,train,803e9bacea36449ff26e0a88db4f5a6fdc01d3488386fc761d40ce9e56827008
d07d3f7b-ffc1-477c-95fc-6ad5ad7aadae,train,9e9f7804067474f23f36865f9fde18619b6dcaf5ee18677f2220bc42abef6d5e
d080ff7e-155a-4a8e-ace5-33d2782c7b2f,train,7e65e4d577fabe0707b5f63ac27493ab28f7eb45f162ce701b9d0254686e7281
d0a6c05d-41d3-4d85-a20c-63681262e996,train,9420334ea01c0896eb3d689e11c160fdec854c0c3438521ad0c0040450bb2448
d0ad18b7-2e0c-4b6b-b14a-efbcf37b8ec4,train,1c2a8ec8acb701aa5727894dc5c4fc28a9ce31292c7d1df994a1a113626a90f1
d0aeebac-4f88-46b4-8867-13b3209f5362,train,cb1faf3127104d4c26e7c5d6184a2a5c59b280033f44ae3c1d51cfe5fc41cc16
d0bcd931-1875-4b28-855b-0089db9bcfda,train,f3248325d17507f3bd4b74f029367adf05ff2694400935c064d9b2e7cf98b3e9
d0c264d0-aa56-40ec-a6d4-a03c25136b61,train,702ac047a54d35a433f9935ee59df808642665c0a2826f9a1e149c35612c96b0
d0c42501-7f2e-412f-85a0-3b5593c45f8a,train,452ceece8eabcce855ffa3e97cecdf086f3ef4369cdd4d7b086c5f00f9e5dc80
d0ddf6f8-871c-4757-a814-a4e43c1fe740,train,354ffa3f08d2f81b3e768c8f0002d752ce5559d628d9ae693796cd42e3599492
d0e9da36-610f-4f14-b7d5-24bf4b733730,train,ab838183d55e175e26886acca0f71e63c450854ca8b5c60b700f2b6b7aa79914
d0fb0bbe-0dc6-46ca-a2c8-146118502027,train,46f657ea8e972f2a0c5c0473a1c40cf66ae155d4ae3cf46d5929eae4cbed43c2
d1027611-174f-4300-a63d-9c72acabec78,train,5cba68f81dde7c5ded898c2b994c16269d7f39e5e0620713856c3acf37ed2af3
d105239d-3f01-4da6-8ea0-6a63068a9410,train,ac3ee194edfa82018a5e2f79635113b69ba1d6920015a0906c55fa6de2fb9dfe
d117b1d4-ac53-4b76-8b22-1d211004c4ee,train,2490d451a752dab745d8afb20b506b400e697815c0ef0799537dfd0240520a18
d125b71f-2d2c-4cb8-a1ea-1bc94c26e84d,train,778a91bc866176b551234708cde9b8f1d7dfa5ba61f62a9566684b9ea992e744
d13584da-319a-42ee-874f-1b36ef14a34a,train,2b0e8153d7841ad38eed6cbe5c6b8456be7baa233b9490a8b777c48e41f485d6
d13e11e2-5233-4cee-82d5-61d441a16222,train,ed73acea98d2bceb8147a9d5396e1fd00647816a150e4ad5d8723da29adae16b
d1642cbf-bc77-4c41-91d3-d45a7460b98e,train,526910737e97e80a0087dcd01235d9e59ecfe70d3a2346464bead33ce0139cda
d16c4ee0-de9f-4a70-8fcf-6f46831b986e,train,86fa31aa644691dc191f23f8f7b060ec9e07a678b98ca5a2753f771b64e1ff74
d171cbdd-69e4-41e9-af46-6e4b28b88d62,train,f3021b911e524bc4fdb95da9cbd317b445696336ffc9cd88b812461fc3c45681
d18f6b8f-d22a-4b0e-84e3-2332c1a722a0,train,bada1cf20b7f5d229b18ad255ad4e0fba3ccdcac62042beb523b2539f2b8f90b
d194c269-3a5d-435c-93f9-c7c7461c059e,train,6d9f6f503101a621921bfbee1f0d34ee57a7c3b18999d5a4d90a7afecff28eca
d1b1224c-d1ac-4e76-8c7c-1ae956a322e2,train,95a5bb1e071a2b4edcfa1779eccc4667397004a5ed7fd242fd6261c573bade0d
d1b7a689-6ca5-43f3-83d8-9f6d091a84d6,train,336b23ceb562a01dc17bf4761c768b130b31fae378f5be2792829397d84b61de
d1c999c8-edd8-4bec-b51c-7b33fc983d05,train,1ac3756e1284e841f93f976091a4140849d93428ce376814d44eebc555eca123
d1f755f4-6498-450a-83cb-0ee6c367d362,train,b5229ca77a6d640dd9881f53a6351338187b17fcd5d771031570f91e936c22cd
d1fa2454-7c2a-4425-b4f5-3b8bfa90eddd,train,5144880966f4799298089f47b0325ddbc751aa624be7e24a30a7112dd7075a60
d201600e-8328-4e71-8359-aaf973791684,train,e113ea11aa4516a83c8508e87ebf493d6937cfc3ec1d32f1c813f74368649cbb
d213c6f5-4458-42af-8b8c-04f065792568,train,97e854d65ac1d4ccc2441c6cd9fafc3872670623dfc77a8f22545c00742c228d
d22395c7-dfd7-40d4-8f07-12b5857a5602,train,679f3ba319129ecf059357edfe914c82645ee8be07e1d7c2dda6cb112d179e99
d2297e61-5c90-4bd2-922d-7be006fc626b,train,17e684a71e6b8fcc6c8a04e757184078b654c51b9c1387698b5a87078831d5cb
d22dd876-5bf8-498b-85df-663fd60103b1,train,366285a2b48f9f0ac318f553c03df5db84a97bbb3cd582e0cf0312b5dd3ac585
d22f8ed2-b36b-48e4-bd3b-8e5f3516481a,train,0e1bb70f758b9dde6fa4175e6387dae6b0bea08a29edc903ede71f7bf9e44b9e
d2418b4f-d810-4c57-8871-e3a2b555333e,train,04358a267e0bb11ae34eabac0440b9da23177434411466ee87d8682a7af8859f
d2441a15-6de3-4b49-9094-11a3f2914af3,train,8931d6ea8f06fca84938f7b0b7f39cbda37136d1bbf7cf47cf436b4d4700f248
d24cbb02-dc17-4df8-a0fd-096522c588ca,train,5c88c204e95721168162c7884bffd42c95fd6b9f8919cacf5064256854712a68
d24ff2ea-1ffe-4f89-b5da-47f5b8534324,train,109719846e8a15b2e4e09a29085532fbce11e7817aab2bd05ab07f74652f3afe
d25986cd-83aa-40e5-9a08-e01fa4d2df74,train,e2ec83e693f384f35e3ce78443f4fe2086f050ff4eaaf20ca7012f160e9025b9
d27911d6-97ae-4ad5-bcf4-a1e3e3b9498a,train,78811be6c60a7adb4b987a603d6cfcacd2de7249906c39807cf9e65b4b913bcb
d284aab3-4cc4-46af-9a99-aaead2e47ff5,train,9a1e25238bbfca2c63dfa2330c81a3e7f00467e99343f68ee3d77e4807661803
d29faa94-cc82-4870-a69e-777ce9cc66e6,train,26073f41a8f7cbbb0613f4e0b746ff2a83f1da4e67ea0342c43650631b7e4c73
d2a6293a-1684-4131-bfe7-a2af5256c2a4,train,5a9badd839f1b3c10019920f1ad68760726ed2c26ea26a1775630e0b48b9b280
d2dec8f6-8720-4587-b7c4-fd728619d7c2,train,ddc5a58b0b7a2f97772b836b2552a7e8c8336f276cc6dbb4340ef53f97181a31
d2ff311b-89a0-467f-b081-a4cbe57a386c,train,10a8813c923e6b77bc68b10e0bd9a3066c8f5047a8eaf63fa896a6239a5ad167
d30b17bf-258a-4250-a280-01b3d8e79f0f,train,06e99a39c18e56e60751657ab39a147343d1bfdb6320fc8e90abecc12d25fa2e
d30ba98f-99d4-4f9d-86ef-460be5b5250a,train,18f1d2196f8192483119d7e68275c89d17c19c92917ca0deceb497228d7472af
d31ac335-9ed9-4330-bb98-7741e8f10d27,train,3325c2cb8cf8cb434b001ed4009478346b38c02949a98efc7d94ab3ea7d480ed
d3290ad8-1012-4e1b-8543-b1c9111f8233,train,5ff80178d77f59a2f7d04dced34d6f9be948dd224db99557b1db693afd3342b5
d32a5a9f-eecd-43d5-ba55-acebbc5dbdfa,train,57ba10acd0019001263904f7223f2a51ff74cffcc0d290ce36f0a4ea7701cd40
d349bbc6-b17e-4c40-aa35-ad0ae2789623,train,8ef38719989a953ae77133c006a9ef5d578a5e1474505179fdb9750ed06852f6
d350b268-cfa6-4940-9c21-5ae1466cc706,train,f4173e8ceec0993e6c90978e58d2f4319245474ed7f6947a31c53e89d8e7e6f2
d35830f7-f732-4517-9e40-2bf02327f988,train,b78247bd5f79055dbfba30b15ec8a49c0b139626f2f002e7bacb46fa583fe43e
d359e2e9-e9e8-4549-b200-340406cfb360,train,67972bb2fd087fd2984fa1e905d5f9bc58f3060dd3d1d8fdc16ad9407f06e866
d3614d0f-faac-4f53-8f20-97a2729518d3,train,8c6bce7a212fca653140bbe04578dfa5b12bffd27f15261afee212e0b0d5a774
d365f552-cf45-4025-8abc-35b416188ff1,train,dc60703d60e45ad4f1396ebe6918d224bcef4008bf288db74e2ed3fe3f2bd614
d3680ef5-8e9c-4eba-b1ea-1175b256c99a,train,3d45e271102b1c85c25a0609f0c80b429c3e91d1a44f72d96203da2de2fad2c0
d36f0247-b9dd-4a2f-a3a7-770b310b9653,train,4972e82345d881e77f44ad0286f8dd6c2a71faa13f220a29da82d7e2483c3560
d378622e-3bed-47e9-8b0f-faf8b8dddc6c,train,b648ffef8d13519e444527fbda85830daf7ca54c535c043f2262c8e1a01aeeb0
d37b1bc1-2661-4c57-a122-2c24d6e2f8ea,train,ed6ce28fb9384d7d3351feac72c53407e1739f8aa46f8c95ab1ab5b150b9e935
d3807569-3698-4d38-baa4-787710d3bf16,train,7317a71a860be520d03d17b361cdd24bd761e6da29f304cd9d76c13c02ad5cba
d381c35e-6fcd-4ea5-9890-dba1a61d0a20,train,a7c2eaad81369469c234388df7d9b9f8955a035c3c2679980581140a395aca86
d3853671-e087-448d-906f-15f87b7cf58a,train,e395f89ca280b925c75bbeb108cbdc104d20aae1d777cd3b8e4b9173b5a62f42
d3891d70-de54-4a52-b52c-2cc94251a449,train,9d18b98523f9e12021c923bc4db578f5eda158fdfcadd1d8429dbde5e0510037
d38f6a7a-d501-409a-b839-c2314e9ac1ff,train,f37bd33358cdc8daa0d9920b5ce01424aaafefb34da58f3737fb4ca11e361312
d393c4cd-32a8-4971-98db-a87f5bda34a5,train,d0010e604b56e029707aa85237252c591e58a655382c5dec1e15190de976c102
d395b4b4-33b2-469e-bf75-8899a8ecc93b,train,6cc8db8cf7e048048f850a734b5c270283c13be7d0abc384f9ef3c4ca0a4afa6
d3b62405-e596-4207-b6d2-e6a1a7cf7651,train,6eb51d04b6b9a6a18705c58aabc7e01fed59a598230278718d5161eb58ac8271
d3be0952-d8a4-4772-a860-fa9e8f58ab6a,train,7afd043b3e80c56f4ae0fc5fdc2e562fcbfc88f29561adcd3c30a9b4692798c8
d3c15362-1a9c-4e3e-ac1d-d01c6b490d1a,train,de66ba6a76fbb593429a6a1a94089931a4472512c722636d86033952bf7deaa1
d3e4282c-fe3d-4e19-a104-75b6414059a0,train,d63cff17c5379e3ebaa0bbfd582ce16ea3535d86e886ca176497ff4bd3a5bcfc
d3ecdb9c-09c3-47e4-9db7-76fc377332c0,train,e7988db0d97c87fae055ff2417916791a2a1bd77549c3a0266724379ae879cff
d3ee4289-f9ac-49ca-b548-963b42e03393,train,5fb08acf6eb889421b31097589a2db962e7df422a752b7226103411d262df930
d3f3c853-452a-42e9-b429-19e737bd2a82,train,afc70f6b55b04783aa7e27d2bfa3579accc9758d458d41001a539ea06c7dc29e
d3fc5e0a-1951-4c27-9bf0-7e7372f57f59,train,dd77199a7c6b5dae9d476499f2a52c0694434db9df6d0242b16d8d7d67775321
d3fc81e2-be5f-44a1-abcb-4d9d86f92d8a,train,fb8eeb33c47615d646a221846ccef02d3b8f5977b3b42d22b1a95ec54abc6572
d41085bf-82dd-4dc6-8f5c-5b2d8d71ac38,train,a2c5a9d6e632ba62cafd4fbf66c54bba9023fd5f4e694c731928379ae80b77b8
d4165ba1-eaa2-4f2f-8ee4-01ce6529fcde,train,b5ac3f2df73b2f356cc6cb520031a84d3dfb9f7224aeea371426124bcc520289
d41aa8ec-45e7-4ef4-b1d7-d88ff1409e8b,train,a1273b52bec1de473b75b5045479cab349870789d82aa9a7d1244decf009c846
d41cc8b4-14f8-4270-92ca-5c0aec46ea2a,train,f13e7636d10da8353d3ca793a7c87453924c439d2d4436da0e1bd61ebbd7b87a
d42010cf-2691-4d60-823d-06154d4f1ea0,train,d850c0429e5c29160ec4aa1dd42590e3da33ac178ceacbd2dcb20a06e7672088
d42424b7-0fd8-47ce-bfd5-343ac977022b,train,ec912786a10815684a911aced22b25a036d0279e0e755c23f238ad1848afd5b3
d42f439f-bd33-44e4-bd82-e93866d301a1,train,551bbe39b85b2c5b08e3d2a087dd36d6c478d8c4eab3dec4c8b5d4fbdb66e57b
d43ce89b-ad17-498c-ad46-08c323f77960,train,0e2eb8741b3a72cd9a3532e476d9d8668630a9a89381d067f2a0bbbd01d5afb2
d47152c9-b6e7-4330-bd64-d04e015a49be,train,f494bc608f7742d68ce290a4552767a831322fb35c4fd694dcb7f4b550f31faf
d48fe035-fac3-4da1-8e35-53696927e23d,train,18a273eb45a64d5cc6b0ee8b4a43ed4d31e3198b44d62b4cbe50d2968452ef09
d4977865-b188-423b-933d-a6d33d89ada8,train,20486ef542bfe131b49fc94885c233616a16950f7980fe5c5bae29a147288f69
d4acf088-af20-40fc-a627-fc55ddb665ad,train,e93661f06601a94b896343467a136a2e69dfa8204c075a69a2aad43b3a97f611
d4e72cf7-e09d-4057-a5e8-6b2b433d8704,train,c098c0c034a65b64aa8f183692f4cb17d03cf53cb58ee0e30b0e56153d11b931
d4ecfc96-b9e6-4e13-849b-bb2f0834b4af,train,1a3decb50d2d86864ebb41d6ae7d46c7bfa2099630549c4b48f61e4d2442c989
d4ee6df9-8cc9-491e-ae0f-66db1ef7bc37,train,75c781c9fe193bad328efecb2724a32af0f0e74a98cd4846b7f9a2385718c479
d4eeff29-635c-4dce-8e26-76a3e4e46219,train,357b611e190dbeb968bdf347ae45f9d332f79503b13ad37cd42afaa4918c4c76
d4f093c4-a2cb-487e-9baf-7ece5d714b40,train,5c0d4192406c7af1ace68a9db07953f0f5ef84e22a92783b4eb4a76eb9559287
d4f1cbc2-f3af-4a3b-bdbd-cd122ecf820c,train,ed2b93d2fe2cd2272a0daefb8aa4f0a71c21377700bf15d47be7e392bd1915a3
d51a3610-d99c-4e2a-9165-6a73e278f383,train,1560ee3464eb3f83801dd2f803ad55ddd21080eb964110309bf0ed5f17207df1
d5203f68-7ab5-4e57-8dac-3a42faf05750,train,fc82f3b8c79ebb946f5322d63911873a5c63c5330cc13c79350a4719814c36ac
d521608f-97f0-4886-bc7a-f484ee519708,train,36985a931200869855faa81d5d82266e1f211bcafae32e9d6ff6d60961d5b623
d538cf5b-b49f-42ff-b767-e7b3af165b8e,train,d449d0722928742b3493743c49ea9b61a82afe1589a591285c5f500fff53d047
d53b06a6-70c1-4bfb-83ec-e0930c6a43b1,train,83a7add9ae7445fb82210a173b9dcc6d6ea3cf5a94d9571bf018b4a9fa37f71d
d53bfa15-5140-4b42-bdbc-58291f51c92a,train,8f7f731ec20a75a20df684f90ab406edbc8096432d5a5c68831e146362720d7b
d550b7c0-6a3e-4bbc-bf92-e491a0e5c6d4,train,ceac3ed52bca67f53b06c5af2ff683913d56b1ac67b52e9d6e102c41d58e9770
d5639fda-e66f-4535-9f1d-8f52896b6b85,train,744c6b6ac96beda982a26fd3203a4efdd430e33395f80c955dee0757d10cc969
d564b831-343a-49fe-b04a-bc0bf4c8ca45,train,022062d5ce268e37e1193ce2525953ec194390ae56db17f3464f2a83bb766689
d56753ee-e913-4ad9-834a-534c755ee86f,train,6e3553a1855ed0da2e7523192a21994bb9dbf435142b3873c2da8a344f92384f
d573597c-0f15-45b2-a9c1-ce713cbf5199,train,263d815e3f3b3d5e1a621e77dec79957816c7ce0f9efccb7530704d1f10df64a
d5800144-c001-4b08-9234-b492b96beecf,train,28ab013cd5426d29164a9aff1f04e3ecf53b0f559e53dcb7cf311d171075e847
d5804659-f958-4ffe-866c-20a889c7028e,train,574b89b17f8e5af5e5b0f6a506f921d61ceeb494b1ce622c730e19bc735803de
d58411a1-f2e6-4301-9caa-968e02b6fcaf,train,818b868d2ae80e6890286155cf40dd18fbfb02f2d7eccb4b32ba0181180ec5d2
d58b3328-d787-4e34-9f9d-a79190949282,train,e669d60a43222fe741f723b4fb2f4a8780f51c47b574c17448a77a5271642148
d5a4fb07-5192-4121-91a1-c495f3dec803,train,2e020bd1e82997e323ce27045a4aa13b0cdac4278b0f08088c23cf9e7b944386
d5aa4205-2f7c-4e7a-ad6f-edc402c54fe5,train,d20d5e46c9ad91a391a928bfa5308104e1f355345159bb1ae0d8d4978818c0b3
d5b714b2-a89c-4902-bff2-2e3ab7f30d9f,train,91813a720436fd348033881fbcba3885749ec3ecfb1d43f45c1ac2f0886f66da
d5d4f9cf-4840-4efe-bd3c-992ccc380c7b,train,1fc9471f8311adcd541404bd7f6056b26d1a38c5c2de90c05fbe36c9a21aca1a
d5d9c8c5-c883-432e-a385-7bbe49b49dc7,train,ac76dc3340d02fac0fa37c94e361b8e7a57e6a09010e9ca2a700c38580008848
d5f3232b-b6d1-4c7e-ab32-3fa039b05f38,train,fbc136b030b01695da23d912db54c023fe1206e13ba3eb34d84589ca0be6c33a
d5fcd270-67b7-4339-9359-c2a4c8b77fa3,train,47594c225f3bde9c8c211c745d13581ac0df9456fb48230262fc5fd41476b9e5
d61e66b0-e725-4799-bdb3-fe77850dfe1c,train,cc5638509f1f3fe0fafbcbf679cc20f5e4e0409c9e4b5def0f371db5b7291dcc
d6345545-5da6-4962-858d-03a01c5d1546,train,72216005dbfa742471b8de1d70c696bc10b827f1488a8d2890f0281665a33eff
d635f1b6-b71c-4e5f-9da2-92c33cbb3068,train,34c276d2f68a011afa4701b10bb74a2f5e64c36aec39d7c867d9cb8795797c75
d638329b-93ea-4e6d-a367-6f7a161ada24,train,208f83c8a8fa1e73b8db74ab73eef73ad20968352085423b7d38e9364d0d1324
d66d14e0-8ace-425d-b9c0-bcd22bb2e9cf,train,70559a90da34bb85473d351a5ce4da65640bfeb0f41634305e765134c213f746
d681dd6d-4700-450a-9851-b86d0a3a892d,train,8cd27b9f9a1686e1d4befeb2d83e4a81f16218154261572e0c10151b41323e5a
d6991487-f107-4448-924b-e6fb865044d1,train,bcdca03d7ce3971e1ce35735b7f324b882b5fbe02020f303214b509c05249ccf
d69fffd7-79f3-48b6-805c-dac5d19cde36,train,b8873d6639e45d4cec9d8bce021874c38679e6075d7c7c45c602bf3d3f3a459a
d6a2d656-0217-4a26-9782-1ce778c34e6c,train,100f39478e842083f79e7ee43eb2dda9022d89ffc882cd68720556f5395d06f0
d6a62cc9-0b0c-4206-893e-9250b827663b,train,796c7a283fd347867952cee8825f5dd95c704ef7afd47fb985de4e3216abcfbf
d6b31bbe-cfcd-42bb-a102-fb8bdb909e24,train,ca28347671c29cdbeb9babbbedc456ee4378645b88881e9f42286316f6f87a2a
d6ba9988-4ac9-482f-9309-7ca5f3092a01,train,71e91b4726ea1e8f9dad15825d476b4dd32b4367decf5c622525438f9002a307
d6bec9fc-9db7-4c5a-829f-c22d8b94278e,train,539160aa7bf86fbb7d163f8343102d7c95ab7baa2e99f2957fe6a392a51e065a
d6bedaa4-46ef-4a15-9ec7-4e96f786993e,train,0e37c8e26f6ec100cf6d5970be1175810a47c1978bbf29614eeae93dc39b64f2
d6c4b1b1-ad30-434c-a7df-fa4e9af3adfc,train,655be296872cfea56f9dcf7e52c69f9c0a8209401926553b79a1c5dfc08c8f9d
d6c8cc66-d96c-4d12-aa43-65640bea147b,train,175cbcd7c8ed8de3370ed1003014de65a932243d88b52e2a9e4396522129f437
d6d3275c-e35d-4f0c-abeb-9757d2d59f1d,train,95ad562e116ae0eed07e518f08048136a83b22ffc41e8b8579e7e790d0d79da7
d6d4c4eb-d76a-41a9-af4e-d70fb3c229fb,train,2bf81c3ee780f231b6cd1d61b65484fe94b28e8c532585d912de51b7719e6428
d6f05064-f328-408d-a2bd-a4e7dae54de2,train,970e56fbf8a9279653e71317422eaf9311e9efa87a14144478ee96bf73c72fa7
d704758d-3b21-4a39-8899-5dc7c6eb02b6,train,cc451e27614060e5f655345be316fd90236845f924dff8f5663b63043f462fd8
d70e5814-1909-41b2-86f6-801c45a93db4,train,a89d5def7ed1cb75040e2914cac75d069faa972f5a09ad0d93ae3147b4b7ee8e
d70e8203-2c35-44ae-888c-5d346834c416,train,cac1d78a2392a7cef0a91d60c6f5e1a3012f4f08fe7a0c83015de2b30b74dc51
d719c068-39eb-43b3-a5a1-14451bce861d,train,cf4d8c923567dd3a32f38a328d713e6ea6e69d8474d974446898721ed54ea71f
d72a2773-b732-4f08-8bc1-70f0a12a42e3,train,0b1ba0c216441df6d560cdb4d43d73698318ddae9ed926a351e410b3a0513d00
d730adce-f342-4516-b594-8b0daa178222,train,af43db551b41f8fcc265d593174ba2a50946f0a29aec9a7de119c9f7b5e0ae66
d732b838-5902-427f-8ec4-a38d9cb766c2,train,9405204f86d23c98f7a16450114532e6e780025b4508c2f22402c454ac980355
d7377615-7507-420b-a04b-2a8ca808e528,train,dbc12912b8fe8c8f58604d9b6cbfc970d6438135c063976268b3321de0bafd6a
d7387dbf-dc59-49c7-bf4f-8f5d58638139,train,92a55ed9ef3d2baf3340c4530bc3b3d5d0c5959794a4cf283b69e5ae06611acf
d7449c69-78d0-459e-9840-4fcd83ccf49c,train,b17bf951db1dd20134357eb50ec60fbc6baf6c394463ac24ef0025e0b8b98c7c
d74ead00-b656-41ef-b9e8-2538c981e3c7,train,832d7fa242a2d5c174791e3fab1852f6f65700de401169e356c4cc2ec97c19a5
d75172e8-dae1-4cf6-bc41-179dbd2d4c9d,train,d0d1fda270486c0bf5aba24ae801033d9f15577b5f0061476cd095b710e8c566
d75593f5-5515-4258-8c93-d71222d949f6,train,a4f1b0a9f942021c7592e178760d1cccead83beb31a1d09ab311c3b07f0e67e8
d75b13f5-ddbe-409c-a600-c64a42e4912f,train,f748d354363aa1bc7d804e0c88f04cf2c1136beb84fbce5dcf426d839ff6190c
d75d628f-e4a6-4e8d-85f5-aa6f08b92b84,train,7b5b5515ffbca3a9b83578e8ac0d4daf810979562bf4878413d2e8453f80d4d9
d7625d8f-2c15-43d2-af23-fcf3065159c4,train,e829a3a5395bed282714f3019bd9ef6952cf3306919cfc282565624db746a740
d7751143-8b98-48c1-a9be-2ad8c88f1e7e,train,5b0b4b12c2200020ded57ab37355e65bba7a319c289c13b0bfd22c1230c852c0
d779f4b2-2b5e-41a0-967d-47a9c8bf4d0e,train,44cf2c6e47ef4bd38209b1febcd566bc8e48b4c331d697551bf24019678765eb
d7851338-8f23-41cf-ab8e-b1d8b1ebb05e,train,03eb45d62365f10d732758938316e7095eaa26e6fa2e21da5bca20b7ccaf0ac7
d79c471a-a300-4287-9f9a-b046353a9a30,train,3028e72f275cc36a768e1b0793c07d47c281239fd8900624c038ede16f3c7562
d7a1a663-c710-4be2-89fb-e38c1fe99150,train,045ddb7044ac56d667649a7710dc42f7bc785b6b30c3627758e96f1775b6f9a7
d7baf1f7-2188-4442-8f32-6f674bf897bc,train,9ca03e192107491db81973f8693a15975b7480ac314a08777c9519c0240d1eaa
d7bc7e31-2576-4318-8b42-e5187380cb8c,train,05621abf04dfb599ccbf3ed7c1572fb2038368b11d34f039d208bc67744e72fb
d7d69f78-151e-4271-8230-03297c203059,train,8c4dac1defd1bb90b2fa864d6bb4a2be62d311867f7b580dc7d19262262d4102
d7e4109c-50f4-426e-af7f-34ddcefe0a71,train,000e4434bf6bd2e89c1558216541ce9254d8c3acf4315626c943db3cb58cd100
d7e413c7-72bc-47f1-8c4b-15601bdf980f,train,0099b84e8181abc16488eb0c1851ed9a1b016e6838f3e15a4ab599e5d0981bac
d7e55a87-f328-41ea-8f68-926d53db422f,train,5474e63baa463073bebff24a6e30c36f82c5d2fbb2a15b7abb778bbf33dddfc8
d7e6c33e-8bba-47ca-b151-519582b6c4c3,train,10644b7dfbb331b15974951cd0706e425eab8d2d4e26c2caa1164b725174d554
d7f8570d-46d8-4b58-88b7-46c93ff8c1de,train,418ab26dcf4678eb713f95fdd4864692bfb8576b02ca5c1b69db77654f6d2bf9
d7fb8747-5ddf-4918-8fa5-16b177f0ca96,train,7f0e7ca9eef03053549d58feaa9cd185248297c52386649c9d5917bd220c37c4
d7fc3ba0-16f4-42e3-b6e2-7020de64eba8,train,4ff32aff8a8ed25d8bcbd5d81b0b5cf5e3e3fa94f2d1efe4ae48a67708176078
d8029181-ec2a-4816-a832-d371b5287d0d,train,add31d9c90c333f175b59480dad2cd6cd48d461072fa907dcc1cb612f5b376d6
d809938f-d194-4903-9b77-dd466b0c9b73,train,cbfa9b8098661c2e6665e014ee85262a8dc83366ec9050938ed774bc8f55668a
d815adc8-82ee-4851-b1c3-40b20aade264,train,5aecece873635079eaffb058fbe2c0b833b58224bb0b66a92db432257f65af68
d81c6a3e-0d41-4edb-9d1a-eb45c26eabbc,train,a41c3f88107f6d8bc729e6a089ae8fbd95b920c5c5107fe127d12b485bd2f47a
d83ac044-a2d7-48bd-89f5-1ffdc7555df1,train,9f5b5716b6d183841a621fd0f944d8fcdb83e98a96b21487ca0e232b6bb23cfd
d84c4bd3-be90-4ca0-81a4-6f533064b9a1,train,b6ef9ea771e9494ce4f088e22c5096c3b364595a38e948509c44a8e29e96c8af
d84f0282-7637-4920-8e69-129b345b407a,train,5732dbfa44f1472d7d4a7bbb1f74f35916c03a9dd692233d914a0a1c3a581472
d8507e7d-192b-4493-96db-313bcda28f5a,train,fab28d603d6a5ea881ad35f82ddafecf7f0e3d03f897bf52a3089b477397fce5
d8554002-cb72-4734-96cf-21f1232e2129,train,a707d912381b939534f7e7033fbe07ecfcc24dcaeeaac5769707127eaa2875f4
d8582f37-c617-4ac7-9801-878ea568a5a4,train,677606ba9805204f88558e3f4c86e634264712fcfa6c5d1d7d91670d1ae22a44
d85fdcbe-8710-4934-a2fe-a77d8a8c2ca3,train,240ac020f91910d6491f9ab561f4995498a1777920f4f8744d3fb0023be41183
d867da44-2611-40a9-a2de-e4781bf18451,train,99a328f73b4ea49dbe8ea33d3ea5cd108cb967e492398026d5af720f52c49e11
d86e0bd5-9069-469d-8327-193184ebd0f4,train,1ab6544f29d5a5a11c195ca11b4d7c0ee52cc4b9da69c632e6241a19a9e5f8ab
d8750d12-497d-4d01-869e-f90d70088945,train,6faa9d2bf43f5eadf66707ea1bd2f0283e8b4cb93ed4aea3315e14559b0ce2c7
d898319c-61ad-4638-85c3-238abfce36f4,train,44fb11058d2c19dad257e64dccbbcb4700b863db21eb2cc528b92cc81e1cc86f
d89bc7ac-5765-47ff-ab2b-71f8f2ebcd7d,train,8ce441b818cef3b5a0420a46ff11a37c97b8a1ff0e5975ea59ae14bad0f54fa0
d8a316c3-ac34-429d-a81b-e623c4e84022,train,828f88acd5e548e2ccbf0d26a84422ddf1beb7816e5021b1a88c86f50cde2c53
d8ae6b4f-bcaa-452b-9815-1a344bada937,train,96f7d41345211fad3db5b282043cfb50c37414085d825798806f3e0fe22e81d0
d8af1a99-7154-4f98-b206-0a5c9455ed1e,train,4afbb7de136004f4790b775f6337206bd84a157b9412a44c01c326f034024dff
d8b493dd-43f8-4c8e-875e-d82bdec47752,train,e4767d3094cc8c5faec29e945e65cce81597501f071a211a58e5a3af1ccf0747
d8b49ed3-e021-42cb-b4b5-d1635156d74b,train,a5ccad823cae825d7bf2138f44225668d9f80e157cecbe21dbda7c402241d790
d8c3e0ac-6ebc-4415-8528-34ab86f2c2fa,train,2ecd95f775b4447ce3151402587fd2543997d6e4414b429c8de078ab536d86a9
d8ca48ce-df60-4c92-9c9f-3fdcffda6d6c,train,4eeb96b1150ae36ebc25ab4b595346973c3e5665a2fe2d59997b72dc32ed7687
d8cb61a3-a834-44cc-8cdd-242ffaa9125f,train,43069b8dcb743fa994446990e5333a4c3ae594f5bb966e5a9b3598ac2e1e3e43
d8d4e3e5-712a-4a9a-95fb-2243c2c2b06a,train,2ddfcf8ca814762dcbb78ae8c46c80a18636faf41100c03d1e08a27574db2de3
d8de241c-1f66-4ad0-a51b-de8ade445660,train,2acba1576081f7ffc34b300e7ec986fb8b999550550778343490f01aef48a12b
d8e12b1d-84cd-477f-be8d-7931cc69157e,train,b17aa3ed7f533fa66a440975fe4b8e1b44a7827135a22fc9b8c3614123691f56
d8e13d98-3fbe-455d-9579-cc71ba659a50,train,e9a55e3b9316ddf5be79390fa56abc67447b722e550b556f1b6b201a8c39643d
d8e401ff-9095-4950-8ded-85732d231d14,train,e318a45e7ab0ec7706da4aa179278ca31ab1744749dcb0d8f940136b73096c71
d8e57061-9f12-446b-8756-dd31a8c90a2a,train,49243cdfd619e91f2c93b9d0d7b41c2ab0c881abe5a682fb46a7e462506b2746
d8e9a1fb-ec40-46d0-9ccf-2b10ccaeb850,train,83cae335544e97b7e34a327a62cfc509f7a659f704c3b13513894f0ede71dc49
d904c087-73d2-458a-ba38-4367948d38da,train,8a833fb2cd5a48ffd793b279e4e791240322b2d2da6196896eaa5efe6f4bd153
d90aee3f-295e-41e8-a495-949796b7d5f2,train,e90d7f672b6c17f9fa432dc9904bd205a8ca26779e8636468baecc7498208633
d90e7209-4f0f-47fd-b99e-bf39ca80c4e9,train,c2a0c852dcf57a4ca323e7cc42fb4d668719a47a3922debe6818d96d84307e90
d911a67f-e5dd-4277-847c-9170524250d3,train,a17eebc5240d5f18e24a38e444a44e7cbb93690ac5a1ade410ff4761f40a4f23
d922fdab-6a84-458b-9333-703ee3284b90,train,78717f9b8b24924ecfb3b8157cf21a0f3c6c6fc6a34b07c3ecb1f32f2ab0201b
d9237328-d167-4e46-8d53-93b851169e68,train,2e032c1f821b4b933c325b24237f0c62a889e70a7201e2c2c303405c6f835ec7
d92ac22b-a575-418f-b6ee-14943427cfa7,train,e919967666f9b2901be2264e0516b860ac834a05dcc56679431660a9f7d8bca4
d938da4c-c7cd-42d3-860f-0b5507f2e47f,train,46d856b148cce539ed56176faafcf105027b0dbf8a3a3bd4b01ba55ca916a6b8
d95186e3-b9f5-4b1d-84b0-400bb7d8ea48,train,0b7981a7033aed9de0a825b7807658631a983b9de9475cd31c63d52d111d2d39
d951aa1e-2101-457d-a36b-0dabf701a459,train,3406f4989ebdf66b1f21ce29406b85079201be96d0608909729033154e1ede05
d96732f2-15f0-426a-a251-1b70cf631766,train,325ffb19b8284e78a2c469287c8b1ddad5d82833920a15e2caee607242fa8ba1
d97b8d9c-757f-4e96-913a-fe00d7c19a18,train,df136de81bbcf24980744300e9526006b59ba03839117f1935303e5794f2f5e7
d98cf376-7492-4d86-974f-4e9789abeccc,train,751edb5fab21638ce0828a695005fc28872f34401456627e3d9112476bcc64d6
d98e5ac7-8fa6-43a4-a5af-483789194591,train,c5f9cfc9944bccd996c69b6f66f80a9b4eb73d2b7813fe090dda3889f4405986
d990fc03-2a2c-4f3e-a058-50eb377cabf3,train,bc44a209b99a23fcb19a03e30a424511158be1060ed7c215e85733b52d375a1a
d997411b-9d89-4997-a5a3-9506ac02761b,train,eab685e6962bb88f79d6871d41d346558fe6fde44e932ea9ac88a826e1e3ef5b
d99d9750-c43f-4fa0-b612-1b795b30f339,train,202ba5ea50591f9519388b58f6f2e38056b1e6491033b96b39cdc81a9a4d5ee8
d9a444a4-73e3-4ad7-9feb-20ccf51b005e,train,3c51f61c70c319aae195294d7c2f4259f86af111b5cfcf51af22db65852f09b9
d9b9c2a9-40d4-4d29-91ac-73a21a7b9da4,train,fac5ea3ab1c47243b0e57d0dc34d1145731ea8c88aeb3b8f1de73bb10d2edc7f
d9e6eb3c-c0af-494b-aad9-5fab68007692,train,f30591fbb859baffa07f5f4dff05c0511e8dc24fca77cc1b6fb681e257cae0a7
d9f1ec31-657b-4cec-8bec-d30f7c9aaca3,train,cdfaccd6fbcab575a9c0c9608c7d67bf6d962ca6fbf3f2907c991c21c4f96547
d9f8b94f-8939-4f7f-ba26-2a680e7429fe,train,0a08cd559278941a7ca610a3a8ec7e001f8542cae81825009a7608c5fbb8c4e2
da00d4b2-a37e-47a7-9c79-8c46480faec8,train,f7c21748271ebbf78034f7db550763985776114e62772ad1b76fc0411e0a2ec5
da0ddecd-9511-4be3-89d4-d13c66183da6,train,d69d6398b6d253a9de6dffd069c33944b34795f6cdc8f7a545ceae0ff78ec1f4
da12ad84-e97b-4e85-bf89-ce6fb3a302e0,train,f9d561aeec0f63fb3fe4f97bd0f03d356c741d953f71470e1c12ba65b5eb2ed4
da2d4a27-80b6-4a09-b99b-8d50041e0541,train,3f0736f753da515b9a18190b27d4f12daa3bc74a76c923b1c576904f9685c798
da3acde7-8a93-47ed-b3f6-b51191f1d925,train,6963ce55034d52551670512dcc1a617f084ab6a1eefe236f2f58be2b532f2f27
da59aab2-bb76-48fd-966f-42114ebb624c,train,ba008d1dc0e43440a9c759dc6f14f881a9d8a863751bede1bc69243ef6b2fc5d
da60dacd-df91-4097-a7f3-918393bdab33,train,f0a11bb2ce311e3e86f1da4687e076a410f4ef32f6e0d22d3a9eb8cf26454c44
da622f3d-a451-48dc-9f7b-3d06a0aef6a0,train,3ed665af5814284115379b1d1f60d07959af03627c7502e8d9e9ef053adef2f0
da67f2d0-eb37-4cf1-8ef2-e2e635e63eec,train,0f5bc09ea54953928062fe7b9c884686e8ed21364c72889be6e32f4517d667d6
da6a6e1d-378b-43b3-85f9-f7c96eec14ac,train,ccda17c3f2d1e5810f0974b7e02018b071f6573c3bceec0748f4b289f9c34ac5
da8619d7-5a48-4c11-bdf2-6b23436c5a5a,train,5c64b0373912f70250f616de038d96f96717752c30c3309c1c35c1e79cb95de9
da923e44-6c5c-44c8-b562-2472db31aa01,train,6d58fe2b9725a236b7cf0202d43b4120b8eeba9a3ec890d425a5059d6bd604e3
da957060-4e87-4787-b899-de14e8444ecd,train,24d08d620f19694dc4ffa940f3f124ab2e133b352b2d58957c5fd8ceb86ef777
daa738e0-e6c7-48d0-b882-69cf05e58187,train,456cd56826c3883a624b7ae572678bd4dac7423bad87d4c35b9c7d963648edb4
daaf8300-63af-4cb2-aeb9-bb24c76a2b26,train,ea1867d282b901db0e6fc94c08733ed22b57df58263f18c3a0f7e095fec852a1
dac7f065-9f95-4575-9966-1cd5ab199a4c,train,8720e6e63721b432db287a8373fa0753fcaf09757fbd695fb528529075ca6201
dae5c5e4-0ab4-465b-9f0a-6e14a9aeaeb0,train,2c7cf416382d86abb92dfb25f6138adf1288ca73e433177d88367728a5e16ac8
dae62076-ac18-42e6-a67c-569eb3679f3d,train,418848e0669798500994b5ecf084d3a2ceae982ff2dc6391ba795131b5ed9edb
daf80723-64a9-4e26-85ab-77ef9f3db125,train,b892f381b102639a240af3dc7c22338d41652dfc34b9a8f47540fce91d74ec71
db0d00d9-d66f-419e-9df9-20ab24681d77,train,cdea010ece830870b4e46d106d1bd8a0f986356843128ef2ecd7f03a1867ba41
db127b82-ea76-4f10-ae3f-6c90c5ec11cb,train,a2276f462f7109c0228ae8c9bbaecfd438603b612a15b0f95046d0274c21dea0
db272d35-870d-4dc9-bd04-cc6b73ad92b3,train,11d4fd215e1acdc1322748d02cd6a5d9abb88cddb0c2cc3cc0d837d2f97ca24d
db3707f4-a345-4c44-9c7f-e893d1d95ca9,train,cd76f9505fce5e5d01ba154bf52d73a7166d21352e939d209d8aa20a7fcf2757
db419519-61d1-4b78-8228-ac21a41714e5,train,5457079c79a37e792d4c56126c40aa3e6fcc90ed8efb2255849391f775f1c1dc
db44bc80-327d-47c2-ba05-48d022d3d4ec,train,65ab5d22e3215487a601c5f1a606be01bef1e321c9198121f24ede00d7bfa7c6
db47160e-d6c9-488f-b45d-758d22436cd5,train,965a894a67d44236c9ba08516e772194bcabf0848dfd28378532a921a5a86afd
db574cb2-e3a3-4585-b1a8-e027e714c2c0,train,aa029041f8fc08bddf41d186ff8b7dcc2cb05f7168891e0c79cdc0288eb37eac
db5a171a-81a5-4927-966a-eefd5d10a2ce,train,264ee08c2a07caa56f0b1efbea2f5be9b5e73b3e17b55878929d5e877251d853
db5a4b70-7715-4152-8d26-e720e82f35a8,train,2dc26cb2b079b2c56d22cb866c2a1862561b39c600f217bbf5aef0c2556aa28d
db7fff92-b5ac-43b9-9761-3d7d6161fead,train,3af2d3ba020abf7a70f956c992ec252fdef5c1aebcdaa51db518a1ac2ec790ba
db8c05f1-c9c3-40a7-b112-5b93894b7de0,train,68b2b545957d8d72202014223cd6de739b693d73af37ae02a3eca64195d4e736
db8f8222-83fc-4759-ab2b-29cde979afb9,train,fe9e2c7a1e3b6a191a37eff18b73f57db03ae900969485e6f9010b0b97314231
db999fed-c12a-4bad-913d-a5c757f75767,train,7763bdcec55b9f26910d6f8cd861ce869bd7617c45286d09bdb3f30f0c847a65
db9cecb6-e655-4da8-bde5-f59a1f962470,train,eea35d5dbdee82eb82a80d26f0b60cf13463ffbd0539bd346a4540ac3a172ee2
dba18267-cb9e-4d1a-91ae-ab4f9c66bd65,train,89dec2cef56cd93a16f60db39a2dcea31a1a3237fe971929d2732901f71f189a
dba680d0-2d35-4b3a-89a7-1ffe11ca0891,train,0ffc3076cf175b52bee972a1707f19ac56c3bd035870ea27ea1bf25c25ef8f77
dbb119e1-b66e-4bd8-afc7-d3d9d92801d9,train,402e2ffda82fdfbcb0b6987c8d5a2aca3c1e5cfc16b188aa0b6e9ee90ba91744
dbb18e42-c163-4b4d-b720-a36b691e5913,train,12cabc3c9c4e18f80d6f645edd6046c5f44dbb6c574b8b433fdd8f49d387a9e5
dbb942ff-ba34-4aec-a8bb-150e9b36a9b5,train,55792d5fade0da89750c9428cdcd2413d974cfdc38370b867ab3b6f48482f85b
dbbb4586-442a-4f90-8de4-eda49500d412,train,8c093d7e5fd9a9fb7bd29cab4932cc7b519cab60e808b9366195a7712c83b7e9
dbbd5383-2df8-49cb-9159-6058fa801dd1,train,e32f5752d0e3f9d665c82a016b098b4eb2fd93a09ec4aced3601dc73e28f1af5
dbc94133-ba65-4fa0-9078-4bb5cd394f2b,train,19979562b961328fd8216e475142ad62e2d60a5367a1a81334174d10e91ed884
dbe1a39a-d064-48ad-b539-214069c1543a,train,911842e746461f617b7786cce5df7876dd4f9552e07839b32f2cbd1f82be5391
dbe45680-52f2-47eb-a80a-b4ab978c1044,train,3f7adb52b054c73743590148c9ffc2fad9e9bc34f7ceee3811e9c02bf3864b4e
dbe601f3-c29c-4250-88e5-5f2a5f9a9e20,train,62aa30327367372f391093e1eb30437d8b63aafe88a321563d6fda7a74fc574a
dbe7d8b1-fb5c-4077-9481-65ec2e7fc01d,train,6642477b33462ef2eab1de3bb4b31fae66cf0888a7399cd2e9892b556eda009d
dbe8b683-64d9-4661-9789-899e53774025,train,434b3827d7e8997f1929d38ace4720d13447842e06159f1036648f7d7e8041fb
dbe9d0f0-3d52-4b05-bae4-8fcfb0c9013c,train,a9f4282e206f982a7c642a7981e13f9fcc179d15410d95495acad5723fd61970
dbf8afec-59ec-4a40-a017-e2213fda3bda,train,cc1c4c685b41efa25f7a8f58580e87b51baa1f929c6a861239ad5b8c3c47c470
dbf97202-b2a1-4010-ae0b-a87808e7a4be,train,70f8b5540a173b697e102e7fe3d46b7d49e07e256f4035219c321e67a35b1928
dc0d4365-673f-47b8-ad87-beea89df82d6,train,26f8edd67eb81ef2dd32e6f2454831aeccc076738c4d9a9edaca3297d332d25b
dc173034-0e71-4a07-89c2-aa4f13096b47,train,7d63586b8ded5f1ebc0e866aae389a016577b3d8e7190353031d8491645fc3a1
dc185e86-3507-4c9b-9df9-5a4a7f927792,train,7632af091eec439b16c83871e38bb92f629abc49e1a872f18f5c60727e529531
dc225283-9500-48ce-9b09-2896cba033a2,train,8d2db7616b61d562968e01abc2706a72218a8ea9f3a375fb3ca95bb4f32a497c
dc2dac18-b399-4f1d-b0c9-5ecd3abe1463,train,e4862d2a7a19434f4d2d2acf13b5a02aa73aa941882a674c9b5e9f35fb7d73b9
dc3636d6-e5db-493d-8d8e-9b100f7c06c5,train,fef4ea16719f7c845166a313d5a9edbaa528f3b7d271d2bd8c182c5167e372ce
dc429cde-646d-4927-bb03-62037094a899,train,d5451589d9b267711d3d4d2567300ae005b80eab73571fb7209efd428e8eaac7
dc4c4d80-571f-45f2-9275-7870ffab08ce,train,398dee55a88962fe7441ca396cf26c81b27e361329c05b8506be9e13b153f8d6
dc559670-d734-43c3-b0ac-16472c5451a3,train,aada3c535fca1bb7b78663bbc71b2c4e635c8e6bc40a2705c5d5f3b10158ba35
dc727ec6-a29d-4fa8-b177-dcf25738419b,train,24c9a719e1dc6dc90ddaa3fad2938899831fffefc47a59a2ff2047901432cce9
dc8197e4-a07f-4a31-8500-d97b1ca7bbba,train,000aceb1315b1d45b45dade3b7d3951e130f559dde21942735949dd250f7d043
dc850896-bfd6-4f07-9f47-a8b83c61ce83,train,3417ccb078c945ff12532f366a5b449b964ee626bf2842a1b329b2b651903499
dc852734-85d0-4ac5-8c86-35db2ede278f,train,41d784ecbf06275c45215df5f5ea3e69bb3891ac97392d9b78953408a5ee87ae
dc891d11-a1f2-439a-b036-d5713f632701,train,64b79b2e4120edbd242c592da94834bddbf7051c8c6ecf8bf1444906001357b2
dca6af92-ba5f-4009-a2d5-a0f84f310afa,train,960214b77ec673b5bd3104ee55286245960cc06b687ceae9cd581049d7155ea6
dca7886e-e178-43e4-a5fb-f4498d1dbc50,train,b7e2b2faaa374ba721f616f8aa5fffbb9bbf97915a40520380c532c4826d01b8
dcac2246-fd7c-4f13-8079-d08dfca0c1c2,train,b619a4d2439cd6bd42300066db039ab5b27935ad3643dc28b9d6aced4ebd7983
dcbd584c-20ff-4f7f-aaa9-4e5dd931aba7,train,499937ee23ce1c7114cda455742421e2793bd771f94ae6700ab990c3ef329d01
dcc8772f-b7d0-41e4-8595-55178e6caeb3,train,776419980ee479fb2d81ade6ee1ce401e0033e8dc7ecd94cae75e779b7f03ebf
dccaefef-7c27-4950-9669-90ab3a5e3ed3,train,a73dc8f0cec58528fe45ec26ce599b5c439dd117253fe7c4bb18662a4497b6e1
dccd3e81-8e67-4af1-86c0-f7fbc38e0eca,train,433829ccafc8db87a3138927b2daf6d275054e43cf4f7f9e541603be61f0ca15
dcd86bb7-ba65-43fa-b334-ec8c9001e1f5,train,a89f6efdae42481ca5ad35f9632fd3384379385869020d7adb94ad1d1d46a0a7
dcdabca9-432d-4ce0-8883-0c7f76659254,train,ec647b30307cfcc2a2187b3d1ae53c607e019bf4d3b6d93b3fcc30562d665590
dd0e11cc-f987-4646-9619-a8c40d01ae28,train,d4dd44a77152d15446a888d99832f9a7a507bfb8473ffed6a0409fa37fea371c
dd1b4590-0156-478b-b67e-184e9b6d0431,train,4565dc71c40dc825b866733c4074d5e7c6fdbad955fe52425c0317eee00b724c
dd1bb530-5dc4-426a-9e1b-35bcc4e4edb8,train,e2db59996bac0617a187ca943f34a08842cde710c4fe9afd708457adcf2d0251
dd23945d-777f-49b7-8eea-e071f4c2c15e,train,7baa30187a2490ee14e497a3688edf9851ae5e3ec5d76eea313a3968d197484b
dd27af57-cb01-4608-9a36-76d049339fec,train,2d65ac3eb8c929f29950df602612f8908576f1e1820bd231def0831919e8190a
dd39fffc-5f0c-4de2-b307-8b6429072656,train,77f367a643051b5c18cd6ec72b1e83e4e42e75fb6fa31f73545e99d368b0f90c
dd405cba-6442-4f55-848c-e38811fa7ccd,train,4b7ee9f94cd37c1c1305a78c29992acddd4db5f7687910dbd2ca3f7458ee5225
dd49f68b-0e68-4219-bb57-2e1beb054d7f,train,82301202726f1d658aae04066cd1f5982fcb19a298021f7001e88e44fc2be8d6
dd68f0e4-1a67-4c35-8ff4-aacc7c3751d3,train,4cad6d3145689e8b749d7df47f2e07a9fde9664f1d9d46f0bb0fb3a811a5d881
dd69f602-04ca-43ac-9f97-ba301c8d3d41,train,053503face9183bec78335508e9ce7727c0e0334920310469aa5492f2eda6627
dd6e4fd5-e812-4b9a-83ba-a31dfefa6d63,train,49807d22f08bf59644323317ed520b3601fe2b6ada90a98444ca794c5ebbd708
dd7177be-af43-4d61-9c04-1223f0792be0,train,3d9522e96e898cae929b951f9e18211fb34a046176025632c80173d159ad2819
dd7a5ad6-4a01-432a-846a-5103cb42be8f,train,7db1a2780fdf5efc1ad5bca515fed644b4f25c79057b74ac6c13c1aff34b57f6
dd7b4406-576e-489c-81cf-8e76e2fcdcea,train,0e663ff9452326bab8606d6441cb252fded9c323ba845baf59e3686a03fa75b3
dd8daa16-e86b-4b61-afba-09796f624857,train,9ee6afb7c8f47f4c26e367f7816c8b3f62becb944c77a3c3af03ca3adc3e46c2
dd8de298-8865-4ff6-ada3-860f23513b0d,train,9be8b970ca2092b48842affa9683ce414eba8fd323d393162e2e021ad8a7f205
dd923ec8-edff-4a25-9c1a-940e48494cde,train,1a1ae798a96f142eb92ad4f2b4308f7d63b741dcdebfde694e7acbe018d15398
ddbdaa39-4ad3-4c0b-8dff-e8aee45af04c,train,6d6cce635a7b919d16dbbd8ec983d02885c2f4ebd66f0fe0b902c2cbdcc51f16
ddc098e6-fcb9-442e-b13b-4da636219f2e,train,758e4759a7baa7583e48441dc1e3b5f9b4ab9be92cada44fca75e9e7d5e97ea2
dde423f5-5a36-4d85-943a-61583106ba89,train,67e4735b498d5b1e615c284f4d501186e0fd28b04a017ac4c11becf1bc1217c0
dde52bf8-3bbf-49ec-aca6-85385e267146,train,b7463e9fd7ab7a11c5dd01325386cbefcc505c93fba8ef669c2d7fb038222910
de06842c-549b-474f-b871-71cbb45ebe01,train,61dea32e0516e215472844215615f1cbaae439f79c47ab80bc24e06fa974acc5
de1b5be9-8416-4e7c-acd0-d0b0f87ccf75,train,72c3011650c9fd24cd9df44de4fce3f51a3e1641e6ea3e694242e941d1cae016
de23a5a0-610f-4353-92dd-acf4cd5e917d,train,36b53c235013a93b325550e340e5febd128766a54fbd1f85d57d090e30eecc4c
de2733f7-2d47-498f-81c7-546308f5d882,train,9f361231f44740125f84fa141d6006c6a7ca9ad72c8a225704902a2ccacc1781
de2840dd-27e1-45e1-af06-582e576dced3,train,36e2ca17d721bc9ab3a8d963ad3be8c03cb4a96d0cf75fd76b2373a0da5817b2
de28a8b8-eb5b-450f-ac3c-0a7077b2abb2,train,e762fe437ef02a87ea1bc0203437db40045ab35b160b35ee40b3dd7c830e1f3c
de364ced-3980-4115-a8ee-a99be4f948f6,train,e48bb5f5867d72048fa966e1e8412ec9701515995c6fc4e6202a5dc71be22358
de38660b-57fb-4f5f-aa32-3fffe66b90c6,train,8d78a5d2dcea165d372a48a8f2d608f0725250d1687e2062ae746523d6ba6276
de3dce66-a528-4243-a9f1-3ec5b7e61cd9,train,56394840d80415c15e5cfe3f4e97f8a4707fa7d4d6fa61cec61faddd508f5e99
de405875-2729-4f06-9246-bbbc10824182,train,87bb8e9c70f1c306a89a362184115e940a1516ed0e1e0deb7d2212829b13ce57
de449ffa-f2cf-491a-91b9-0e06a034f29b,train,1a280396dd4221b9eea789690425cb433efc8832bbcebf65c025f1ee53b26f87
de49582c-21b7-4881-9739-b2623c0c8f89,train,1e8e698ae3b33496a1a8003ff703bb156f9a263cb8f81718e73e53cff2526451
de5f10e0-5a43-4cd4-b26e-b50a090fcd80,train,ca528b692c8c37b168a9c306deaae3bb601f66162ebe61a1b149bec2b11b4161
de84e970-0441-4775-b07d-8313daee528f,train,75005503c4cc68eb9433bf4b523b2cd6cb2beea9b7bff2aef229981f03694740
de850f61-ce53-418e-8b6f-f0bd0580811d,train,cf39bbe3d9fe0c79e2d33ac1bb553090b4b0f24ddcaaa7c2bba1dac282358c7d
de8773e6-e8dd-43cd-aeed-947928a93ae6,train,3724adf6934127bf8215c49d267aee795d57f49ca3e253828c7dd6d90ff39ffb
de886080-42d2-49c1-8a69-54dc95069ae4,train,d98e5b39ed34e0d26a7ed9b5a327d62d500fed98575b8a87bc5cd9c6f69f1824
de88c676-a03b-49f1-9a3a-02722d112ed1,train,3f90859641cb857631ee8a7c807332f8a7c11b8c1fd8dfb844756f6b1d4701fd
de8d63fd-618e-4d6b-ab48-4e802dfeb333,train,b608e2de2ded2db557269358459c7016367e050582972e02eac65484d07a0f81
de934564-5a6f-4f93-94f6-5a9602f97a9b,train,26164dc4c774a2d08477ef43d3aaccd575be3999ed7b34144814921a705920c4
de9e7128-8a2a-446c-b2dc-b813d1451a45,train,1b221e70e770103555c30532daaf6bb47a971dd171c1e7d6735fa93ef9ae2943
de9fa419-b120-479c-b397-2e482f3af5e4,train,12682352fb1ec7e4f987ca343cc418d8e0c4b593b24f27fd49c766badf02b17f
deab0847-9bf8-4f9a-9e71-07c8d3ccbd5a,train,9fb76e417dd3ac3775dab8cb2bb131d8a0045f145b67cc5a02a997e10ee82c29
deb77b3b-a2eb-4d59-9eec-43b13c63131e,train,3beb9b6b5d726924db1a34c19743c8d553cf81250f6dce588844b0e4283d3f37
dec5e464-ec63-4228-80a8-9e1613e31a81,train,3ca7d0dc820b65878b33e453c2ef2d110fd11579104e7202b54ce7c119326f4f
dec81513-3552-4fe0-9e63-fad3b0ce8fc9,train,ed3802dd72edd89a25cdebb6044ac4d91032f27224e2a936849e58307dcf52a6
ded00474-c3d2-46a6-ab3b-2a0d2715d5e1,train,cf8d964c21fd679a7c71b757b2f4566343aae78564bac4f512b99b97415805f7
ded572b4-55f1-4400-a384-cabd1d04da85,train,00cfe9d73c16a91f9faa9434e737ecc35e240e1e3d7d8917a616cd247f4b5bf9
dee5234b-4af1-445b-a0d0-a7603dbbd5d9,train,6707bcbac91ad6b4bf166a1844008d4b0f490f1e8de6669ddc2b0607e1b97b54
df0146f1-3dd4-439e-a743-8565c558961f,train,fc7e69623a15874a90a1f096edad38bff3d80f70b88565c97a4fdd87c1a2514d
df045578-8a8d-4f52-a79c-1e9c64fa9f63,train,05951ae5a7dbab84dac41dc6ffd8e92278c1165e145355e3b2132ee324794e8a
df1dd96f-a03b-46c4-8594-c504a7e3e95c,train,3637fc63b842567519944f5100673f602d17c930544b0d9a6f477cb355891d22
df354d4a-58eb-4b0a-9065-7e726e1908ce,train,188b516902e6928b9125d55b6b375fa0ddd28f18e306f9bfc1822f758e3b1238
df3b83ee-303c-4a44-bbc0-a1d4c9aa0eed,train,23b992ecc97628083904b3dbab7cc9e500449a8fce2cbb567f107d13a7b33246
df449679-73a3-4c05-98ec-522f6f1f0894,train,a7eec41fae695ef49d39bc3166f24d6baee5202968cedf66eb5430fcbf0b0ca1
df4ebac2-cab8-4f27-be94-c80a4486c8d6,train,aa58d43d6337e4cdd2559e3d455e7a85afb85e7d38d7582beefc8925796de932
df528883-0d9c-4f1d-95a4-e860ea59f444,train,b866cf47a6463c10402dca5dcd8c9aab4d97180f7263cc6918cfe14c1605fc33
df54f03f-db2a-47e4-9326-04cc684a1f2d,train,5327e9398dc6ed8d27d70c2df49cde40dec2f1411ad135c14f3f83d942fe7d9f
df599554-4515-483f-b831-e3a3d93d372b,train,aaccab32ac57432b5bbb170b59b2313b1b5ae866adccf2af1a2770355b7c73bd
df6fc150-b001-4f7e-9be2-a1735c2da11e,train,57202e6a369fbeb0dd5a3e61eff016d2f2abb9aa680abd8ea5c2374daf3cacd9
df763a64-a35d-42ed-85fe-3d7b5b52c25c,train,89740fa1ab324be63ef7be9d4ff2c0d4da1754e74318e52344747496f7dbb452
df92d69b-d51a-4e95-84de-74350ab60207,train,dae788aba4edaf228825f487d32679b3a5adb9823111662be3eb35feb0fd7b89
dfa03b4d-1119-41ad-afd4-0ca8861daae9,train,c4880cc5afa27284dd1285b42021325b2f2f58a38a58f0411c73b35945414aaa
dfb752c9-9685-4cf8-a4cc-e8c0c0c1749d,train,37dc98915d1da122bffc599b1773f52524892ffba771ed9931b0f57782d8b85f
dfc21e95-f67f-4c31-8df6-a1caf42aa180,train,66b9c69b97b4f77a163e46a7a8488494a6a630719c1c6bf5116efc9621eee84a
dfe23fc1-1802-4cba-9fdc-e76626baf1b4,train,9057f91597cb424b02b63a4a0bc5299aaceb1c7983f092bdd9432e5d1e96705d
dff08ec7-8a65-4c2c-bcb9-5fc005859306,train,f4be6a6ec0a3a5c767c4c530951ef83b84cef5bcadb427091683e089c112e2a1
dff29e58-c9be-4521-b74b-13b778978613,train,f0c2441b1e37f1241bc44d9d262990347282886400636ed2af89ccce1305415f
dffa3e3a-5242-46d8-90fd-488ebfd73ced,train,c3be7838adc1e5d6d703a2ee2c1c046921df6ea49b4f931fb366663df944320b
dffbeb97-c253-4239-9a27-e4a63e6b690b,train,4a80a24255da9160fdd19077c750ad110b58f318dc1788b28c281cc78d372fd8
e009cc6b-d734-415e-8c0f-6ff74dd771df,train,7dfbf591573e038f642a7cfcf928507938877b04141cdcaff30b1a1f910bf39c
e0103014-cfbf-413d-9851-c518378bf827,train,8cdd7975193f29f6b33722af6aec22d8dc117e30a2815c27a16f8510784eb13c
e0145325-6631-4174-87e6-6057fb96ac03,train,07b0d14614c783d64704cc52683f61f4c7ce0386330ec1b0a2fabb28c47fd022
e01d3a88-103c-466c-aaf1-7e1b4baca67a,train,a802d21a8fba36f609e3745a73d54e55fbf9877e47065302d3fc39adb265bc13
e0264b13-9782-475a-9be4-4d82bc9f1016,train,f8b2fffd7fae57d72972eec7b184f6e34dd565231841d3797d062dacf80ccd51
e028eed2-5ad0-4749-9f9a-3f0df39b7e39,train,99b2c2e9a7a3fdffb708c1813304e8454b6e68019fb1a6da2d68ff9d6d24efb1
e0290ca8-e85f-4230-bfbe-40dc9987d4b1,train,78ab847497449daf91918609bd641ab0f742eab0f14015998bb61bf8c1f30853
e03805cb-8204-442d-8aa0-777b9b4ba5c2,train,c07365ae508f1c2a169d0f0db4d0a887cd4180c24ae54fd8ae475a306ebee296
e03e9f6f-3d86-4c1b-8eec-4fecc0d5d7a2,train,dfe979411f5de397b07ca46082af8240768d82e78c84c93388c1136e37e62dc5
e0464894-3377-4e5a-85c8-6b8646fb5ff9,train,e1367f95a7350a650f51f701cee59464cd4c16e758abf6f4b10bd319532c67ea
e04823d7-e3ba-4061-a146-9c37831b4f5d,train,18367acbbdf204521c1a2b161c041c18d04b9914aaea71cd13e7f155194146ca
e0490671-f96a-4e17-9b5e-c5cc294513a9,train,fce6e280f035250cf6786e52d96b7337300dd4e2068a5eb27133ac2a64af07b3
e04c11bd-6d1c-459a-8e4c-40d319d24591,train,0e1f6ff050517f1574dd426a34e3381791a3a4a83e9c63faef66bd00cb436afc
e05e262d-860c-44be-a90c-d8813ea8ee5d,train,a757a4fcac30562404e396d1dc633797efcae8ba68ba317b66a036600528ce6c
e063eac5-d704-45f7-9771-737c6e7f48e4,train,0faa0586083e94763258c26003a862aedaab2332ae731b205a6c968f51d26a23
e06eb635-b509-4a2c-b408-4e5cddaaaaf9,train,bc933eb02f63db6a5382cbb6a36bc8889171e28abacea65bd2173d36f1923b14
e070c56f-10c5-4dd2-b652-69bbf30cdea7,train,2dbb1d989387379fa1dd56cf0c70332119456a945894cdedf6f614942f4642a1
e0837c07-530b-495d-a6be-5fdea7ee83c5,train,9473bdfa375715fbe8a2ceb0672a57f8907922a192791c82f28499dea0e662cc
e096bba9-af8d-4e6b-b7c3-5ebb2bbc08dc,train,30eeda6516dc6974844bd9df3f27f7229c75ccb087cd61938fe7fff077233891
e0a94063-4261-4134-aade-53b7b0b91252,train,0c9c1f8137ac2f29aebbd2bc267aca08dcb09fd5ac1ae386504a968d0a037a4d
e0bc7f09-4d64-4964-a66c-1d9f497b2591,train,dd75da966e900b93de29f6cae2896d268c5e01b12c068af57b462d8f71193175
e0d5832a-7edf-4c59-923d-998c3d9f8695,train,fe9ee8c637f8aedf17d545492ccb636ed43cf4658f726b86dc044361420ef68f
e0d6626d-d405-4156-99a7-5ebbf5b55604,train,d1bbdda91f2c5001fd5938a04449409a650497982fe3c32d38fb3ef93f389b44
e0f343e9-b640-4282-a557-edf8fa7e1a7e,train,38f850ec0cd4d70cff1ff7263d7b94e7b74ddc44b6f8996316cd4a5f201149a5
e1065963-08ed-49e1-b747-5a0b2c42ae94,train,2598b3092ace27a3984b1e533907d69f8659d18feccbe43ff5764f7f9709093a
e107ce6a-1925-471a-8f6b-cfac54e2ffb1,train,11bc622ff24756d383ee3c9ceafe5a64c5202ded64ccf58cd65105986e2d145a
e10a1ad9-941e-4ed9-a5ee-73addb2e61fc,train,10fbc78fd26d7ad0aabb2a95fb3802c35e89a8c0bb4e73fc47f3586268d45a88
e10ae03e-2ecd-48c8-a87a-5d9c02456330,train,ac049ccbe3b6dd7cca2d758b0b25ff3b8a57ecc40f91b79769703c3ccaedb49a
e1244877-19a9-45be-9d28-0fe64dc88d81,train,82bd98c2c009d68b88636d29fb096b1aa95bb22f4945e350629dd74b3da913e1
e13e759b-7867-4e85-96c1-0d04517b5e5b,train,25b8e74600fcda7e1c6ea289688d3017e87764ad1383a689765c8e09277f53ff
e144bad8-3ad9-4d17-a946-10ac0a8a8d86,train,9c1d212bd1c446f4ec8993a39a58cd6ce235280943f260181e6438d7cba97429
e14645e5-01dc-47b3-9805-bf81310005d0,train,c9b0e21b34b9fdd0300da7df588be5f4688565d1462bd23a307761537e1ebf92
e1477f5e-ec7d-4bb6-ab04-a9747421cb14,train,e700d3a7d7e8df4702152d40211c4dbf0215fe4f9fe59e3bf33b5c687377b9e9
e1538b6b-05ba-4e21-abaa-c394dc56c29a,train,ceb3697506ff922155d68df2ef59df76382630c4a1defebe0d24091da78ece81
e153fcf0-a9b0-47a6-8fff-2b906015838e,train,6e366a52b9ebe846034e7f044bb694b641ac6a2ba91acae4ba9fe342a47452e1
e159b268-fc3d-4f12-a723-54b8bafb27d7,train,9536bf97a904f37ad1a5a63627b0b5692fbe6a9ea10ed870ecaa0acf20502075
e173f264-b1fd-432d-a7cf-a4ed09e5e8c6,train,e8db3d4159ed1bca145c6fc48fc9ddf8234bc3c7fc0eb68f3efd4a7490d242a7
e174ce0d-75f0-4cdc-a6f2-f6bef510f7a4,train,df30d9f3a7529b0ebe2ac481c81068f6a0ad12478f918254fe10e96a047b1cb9
e1784e47-9ce3-4fae-b4b5-53fefd7f1b34,train,0b101dc5e6763c41ed4ea5bcb1b584549eb98c4b1d057cf0d2772e78fb26ce2a
e179dafb-4022-4477-b837-88cc2f1b4fa0,train,bf27ebba67ff7b4ca40bb46060af56559aaf35b97467ab5bf58daecc0a2ea88f
e184f0f8-85f2-4d60-af96-12a3ae51ab83,train,bf6deabbb81ac9125fe61d3ec7ceb06991ed4862878d28f4f958133b24233a97
e185a3b7-486e-42f9-92d3-531e9a2a4efb,train,1015bc0bf693f9c2344c24c440db1aad1e4ad0be9d3466bdd79bcc18f74a659c
e18d792e-5f9d-4f1b-93a9-8df692ed7bb2,train,1589a9b9d27b3378db08d44a598bf64c3fd6fd1ea6b9f22a331ff8b681c14bdd
e18fa25e-01a6-473d-b553-70a9750b3a1f,train,13959d71e34ef1c07cbb653598489c3449080a2dc2af4c98218da4d9f8479063
e18fcc93-52b6-4f08-a541-8c65b7a10733,train,4136047a8d78ae4888d75dad261c7bdf53fb085eaf0183921a958b091bf3d10e
e198be06-7694-4d93-b2f7-61d71e91ca48,train,8a76974f476d249e0d0920491e90a908fd388b0d499555374da5892f55c9fb20
e1a15c8d-aeab-42ed-8287-d6f56d898c8d,train,da4606b19d750a52adb5cc93a4e02cb4e485d51b137ffe5fededb28da1258267
e1a3c76e-95b0-4bfb-9a19-0a21533e8c09,train,c9fca557cac8e3e6962e21df071932cc099d492c1ebf5d87510b7472efe6aaea
e1b0fea5-b13e-482b-9af2-3fef98b53460,train,65efaaf86ac5baca12758b2eca14e230487ba0bbf58285bd37179ff4023a2595
e1b901c8-4bb6-4a01-98db-13a9dcb2b821,train,4c3fb1f2b0099099179cc00ec976a51161a3b9a32b66c1b96627258838fbc428
e1bf6768-1962-4336-b618-2cee62a275d2,train,99f7a56a208694d63d3a44259d655c0e929dbb9a9daa4e423137f2ea313e5be5
e1c6ffba-025c-49b7-8e85-c29ec3483d79,train,112f95ad507fe925cd72ac40d55cf75396003fb15200278484eb43e67a070c0f
e1cc3b28-7ec2-48c6-802f-96d33dad1f98,train,fc2c6b10e90c5b727206f6379f2d2f0788eb89c6aa8eb28b4eab116e51c74697
e1e578a9-c0ca-4f18-ac41-0972cca096ed,train,360858ff8d79a585f509196306efef53541bc1998e5f01ee630067844ff47b30
e1faf4eb-ed2e-4997-8331-eb8000271e5f,train,4faeb78029add78da100c712f4713063c1382678c37f6a6f3f3b1d72e5c4d532
e1fb58b1-c2cb-4611-a085-1cdda28a8b58,train,0eb794881205a9be196c206cbab2828699c289119ec202553b3a27a38b0cc6b7
e200c39a-de91-48ed-87f5-b110c1585b44,train,e60573fbe83279160589611c759bce05890f74758c649e65f1c2153e2bf0633d
e2073d63-018f-4389-ad3b-9eca7fcf8e31,train,83be3ebf8f896c291b2a47f309361313fc7741884fcfbff5d6039df890be5d61
e20740df-b779-4927-9756-a709b4d8f117,train,8baa0fd39a81b7d37e02991beb7c61f22bbd795b667eb8783f013f7fe41bcca6
e215e810-7a7c-4d64-a95f-d041747f554f,train,47d55d0d65be98662cbf592f090d436b66f6f3af829b419cb3efbf69a29c1b6a
e21bf7d3-8ac8-4f46-962c-ea78df3588e0,train,05a766e3a5c37ca8c1a5fe0cc6883933e2f8d2e343498447976acaf85f774f05
e21d8854-4540-4e96-b0eb-758bb54b112e,train,ca2c81184a42d285ee86f29541b709197a45b32e58dff879c925604e2df2a0f9
e22d4997-3be6-4950-b7db-3323e40a88b5,train,310629816376e187a20a1164116ac4cf82bd1e33a53dd6faeebdedb2b62b73ba
e22effbc-e2da-471b-addc-6a2d859f31d2,train,d251d9c91b31c18603c3e76642e81700cc28908e07a34b65d0b69403bcb0efea
e23cb7b7-1058-4476-b82e-d25e8a5e8196,train,416b902358a49d93347e990293159540bb7a9e18d7a21be19a24bf14901be4ff
e247a95e-d573-4549-9182-122b5aceb51d,train,d37a797f356608c70803bf2cf3965fd25641b8540984cef2cb0166baf59d3d95
e250506d-5eca-4b2e-aedd-9d828727e5ec,train,ba28f0d6f3fe14867065de79ebf339c51a873c5db71e0e2e6ac1027982559a86
e253a9d0-b29f-4a50-ab6a-a088aa09d002,train,9f14b7825781f5d0b863e28aaf38948c24ae4282306208cbf70802950b5c1dab
e253f94c-8f32-451e-baaf-2fd97f87ccab,train,e2376e122b2feb99e01f8914431c07bcd79f745152fdbc7e74db8608979f3fc9
e25df206-b5e8-4302-9906-4cea8762a0a7,train,06fd0fd5c5db4ee2b266bf9e57b97cf6e534ea892cf98dc7dbe8432da203b6ca
e260f93a-a466-478c-befc-bc957dcd5ed0,train,391d87dc8104553a0a18d75ee5e1fc9b01e9fcb2412df88493b95fe75d266e65
e27d5d3e-e027-44b7-a941-209f1027902a,train,a3125c5fb8305e95208ab2b78920f8dc01a5df84d57eecd728d777c74373446e
e28a7941-bf6d-4c52-bdb2-897828cb25da,train,0f342ac1ae1f623012a9a1cc1b3d345dc3ed01dc7ad17ef1e486c12a062f04fc
e29235f7-9fd0-4272-acd6-d6ba990e2f52,train,5523e4f898d5e199c950e59072fa8b29c6419d94ec673af3b95bccdb33268571
e2988e68-7024-4aee-b752-c013876890e7,train,3e1d55af8166877792fa3f14499c3b1febad86eb9be1a4c2bd8570e2db747c7c
e2991bd2-80c2-418e-b839-ccfd3e09a887,train,328dbc3cbe20279c5078c0091f62bf282282961190291fdece4bb6588e32ea2b
e29c4ebc-9058-4834-8d96-197b0fe0b771,train,ebca108800ed3fb15c04206f1818881877eb5f6a5d7fc7990a0ad3b71d74dd74
e2a27c0e-964d-4dcc-a4c1-f6b083170f47,train,5824e9b469e0921cb2ec8126b686af1aeeb40b1f94d4e1370b579d445ee0a7fb
e2a52def-f29f-41e7-bbdb-739bb436e2c5,train,9a0388edc97ea8d19fa24afd312c2d44ed448a60e6d221f50348723f4c7f3c78
e2bf025b-234a-4a28-9c3b-39705fc66319,train,9487d5a0dc926094110ed447b471d841f2aa9c2d5c2f6ef911cc62409ef1be14
e2c586af-709a-483b-845c-d2b19b764b89,train,af31ad9bc70930b13c66157be14be7ed05cf4ba971c481c3a2a2a3ca668a5f7c
e2c93dc0-4316-4987-9a8b-f4c6f3ac1234,train,1c62624f911a48f09fcb4eb9baa70b0ad16d786e6bb77087bd0cb90eaafd72df
e2ccc086-7ffa-44bc-9c8c-6b148fbf8422,train,e8f15de00f2d54eb10e0836e8cf742efbe44dc14e689db201884164f020ffdc4
e2cd3188-4edf-4673-a920-6dfb6cc0c791,train,411f29eef3b88d42427d8f1cecd09461d8e14cef35157259e7e5fd7e665d6629
e2ce53ec-786a-4e2f-aaae-69c387304d87,train,03f300ddf914188debe6bde8b5292df57a7c6c613a93c9954aadb8c163612916
e2d1edcc-c565-41d5-a94b-5007d2f34421,train,e62e28677f89496631ada260d302bccd330905720cd1cfcce74b694677b20311
e2f36de4-d173-47cd-bd9d-b79b9cbbcc4c,train,d741e32201fe1bf1deb01d30174907666076f67b68ed242cf7fd55d2a2d5ae72
e2fbee09-4582-4ddb-b8ec-0a29df1a6dea,train,5e3e6f72b0ef9e58437f45209193d8f6bec34cbf63010b9fc0d2ff9bfe707feb
e309ed4f-4f98-4589-8424-55ad189ba7ba,train,3c88477329c19e6f593985065f4fbb1ebdf48f4432182af3ccfba7c42d339489
e3134926-bc1c-455e-86b3-2342433124ab,train,d6fb8e6ca4f58bc8c3994387597c398034f543268facd8bda6b84f83b22b7ce0
e3137dcf-8e9e-4ec2-ba2a-98c70dc57583,train,41c25db361e75f4b78ebafbdda79f0440e6a71c2b65eb7f98bbe8efafb220043
e3240433-cf80-466e-ba63-abde396fd17d,train,73248349636652bb69cc7347befd8049b08233896c7a3fb22f470c964554dcb2
e33908b9-42c3-4e6e-9578-6cc2dff8052e,train,1580299e2596f03bef02ed630208ea93f038eefac4e050500b3c2066e2e8c44e
e33cac4e-ea7d-4393-8c2a-603c9ecc7458,train,5db00554fdec353d8c2386d4dd6ac12f23fe59c30d66ebf4b6d531f94e8e813e
e341afe9-de70-4d89-bd1e-5ef2fef727dd,train,e081ce784c4d2ca83cce6144803ea50ae623edf72ce4a0ec6f13104d174dce67
e34810c2-6224-4761-a240-176ab8536012,train,f0b0bdbb348cc42f7ff11c55f7b1324c6c44078cbcfa6024d7c9bd43e99b89a7
e34c6b37-eaa0-4a37-b865-df7aa40db927,train,babe3802b2f9e41002e98aa3eb1d9740cb161897bed267079ceaef80ecfa3429
e354e4c6-f816-4f42-b0a5-e671f3343322,train,ea70cc2ca2df97c50341bf6e706b8a2217f3c65034727f04ae119c5cf2f86137
e360d01b-4355-41f0-b66f-20d3251b2538,train,dbccc7485e935194f83c5c1cff0d63323c45435e3de2c80fb1575df04196e990
e36f9524-476b-4673-9afc-e148d58927f7,train,f6d9c649270c2d185d9c1ae849691b32995ff8a9920c05c687bc876f8ed53763
e377b713-e9c0-4d3e-b678-093188d4b851,train,2c075625cc52ba08dd8f3a0a4886c1ce7e420dedd7d0cbbedc2c1483d7427af1
e39240f2-27f5-4536-b247-d5d139d49061,train,650f4cfd5b0e18e5b8f9b479b8fa94be6db2c0764102f31aeaa4a769beaec3c0
e395b198-6a3e-4d8c-9a60-3735537883b9,train,969cea2dc6cfb6432c2b488742d28042013968665817d4fb6226e4fadeb57246
e39d018d-08d7-4a3a-9a40-b5c9e4ee143c,train,e8d4ab0b16102666834f1ec4a3672fc7eedf404fd67b99c8b4b069a75c704ad9
e3bdacf7-4786-4647-a09a-2f79ad68e076,train,ec76a3420dcb69df4b88902c62d7be5a468af70700d65e728dbea0beb0bf8516
e3cce7cb-402f-4faf-8b1b-170570c5b333,train,449579529c1e2d8718f897a6d053644c7e46dcd4f663b73892446ecb51576a83
e3cf60a5-2a91-4433-9ad7-5b3fe7d6feb3,train,4a910f42e142b020bc2c40395647fc57149573df1805eb1b2c035b3e78d119bd
e3d1e828-0a41-4b5b-bc36-749ad79f7953,train,e19f9c279b681c51afb274929d669abe5a823544150ee9b96702be1ed3a46b28
e3e5f3d8-c2c1-461e-84e4-0df814d0973f,train,ec03898ed4b83625bc1c09f5b1ee1b993cd6e140bba347cb46b1668c96595eae
e3e7e6c7-2f60-4bbe-8a18-4629fc7859fe,train,6fcfe1ffdd82d6bd8ef689a7a829a66a54028dc5e34ce6d7998c9247eac81831
e3ecd58b-61e0-4db2-81dc-8a4518d7ff85,train,c5c5b346aa9013fb8ac0927693e64755912cd75d698bf5dbda2421f8d9179986
e3f5ff68-f683-4ed3-844b-b2ac99d71f08,train,fe3945d3729b74bd490db0f7ad4dadddd9a6827f52eafee64a8e1bb9e7fb446d
e4122cae-dc12-466c-b316-05b7744ad607,train,6b6c05359df25252b924b16aacbf09e0a68030f556f8b5122ef73acfb5232c3c
e4135471-fb17-457f-9f46-40016ab33b55,train,8e89cd667be434d138e7d8ad28bf9f98d7fe8445bd3702c63743ef958358d4fb
e43d1336-cd9b-477f-9803-e812c0c47376,train,77c145a023049ef10092b77667e30c7d60cb68145c24bcb98feccd13794dba5a
e43dbfe3-464e-49cf-9818-6c4658b49b68,train,14c94daf455d1cf23bd96095bbe6698e295920f8200b0a5e46e3cc359a51544e
e4474d4d-84a2-4105-a119-91c8ca15f27b,train,279e034ee7b88ab86d794184706b527552051ce2ee25ad3e2278fd313a887a2f
e44c16e2-6664-4cca-80fe-f9fde5d728db,train,f5a59e4831e84725f70ebeded119540b25a41d703cc22dd776bbc2b67ec4b2ab
e45ee341-3dfd-4836-b7a8-8b6ac59cc858,train,839b27ad51b786d1672995d2812b235718063ce4ea23a8fb2ad6fce955ecd84f
e47196aa-f574-403e-84a9-329084aaa57e,train,4067b68af9a9477ace960141bcdd3ad976c3152131390f33f72b9e33940e82f9
e475ee22-0ea9-418a-aff0-bea28e8e9d30,train,e936ff7b78d79c03ce2652621677cf981606756c41ce059eb727bcbbe53dc0ef
e480111a-1333-4d44-bc08-d289ec4c6f9d,train,b8d391859b4a56a99fbe552f5a7f998b8d8e6ab2715d47845a7af4e0d9a2f5d4
e4a1e11f-6270-4d69-af64-f6737111abcc,train,a07b90e0f26e61449d0c02baae45bf245f39b207ebd5bf1285b78c893a5bda6b
e4a5ab7f-bd47-42da-a240-a5d0bae8ce59,train,1d5bdff4fad0cd65176e44cda37756ca16074c0b25864d13b93a4f53b7357cb9
e4ac3737-0b7a-4243-ab1a-634336907682,train,06bf2ec52670c30e4fae2308447358b7c0886c12c53a75422351b7f928b7d501
e4b02b22-1d97-4414-ad6e-8af9615d13b2,train,1a3e737f85958a7fa6ff676685151c946f2bb2c84466631401bb2d8b99730e3f
e4b0d42e-0672-446a-881d-e1f9ac7e872e,train,1531291c3333e8cadd2850b53ef78a61a1223d0b49fe8b8ed6f9ed4e523d24be
e4c6664d-0aa9-4483-b685-ea8c5184211e,train,4b24cb069fb539ead4ef466909d714b64327d538e36f30509e0ef0ae20f41394
e4d5e898-a05b-4b55-aa11-579bdeb12c57,train,74100ed4fc78daad1fc7ebe4dd38b8674a6d773225ba86a61b7f50544fa5e25a
e4db424f-9a5e-4fa1-ba42-fb6dd0e54306,train,6a8c7c51062eaf2f65074af74d8021ee001f831318f8167e14ea4014381779a3
e4efd078-b533-48fe-b2aa-f51969672d5f,train,4ebfcde939757fffda7e8673c5ca8503e249199fa9e911f01e0fea87d5356187
e4f5a4f7-a28c-4ee5-a85a-1546a1526a56,train,b2cc0097dadc5f5a88f5cfc08760c7f7bde0adc07f8e6d435d06c36084b1b012
e4fc3b95-4b1c-4bb3-b4eb-4d7827384c7a,train,8d0d5a8ee544184791ac15dd32cd045dbe003fccd881cf34c867d98eb8bef19e
e4fcc4ed-82e6-420b-816a-64efc8f7c232,train,e93a5463ac4cd00b3188c4965198642d2a5a3e2612ec2d43bb63dc797b70b985
e4fdd0f1-9653-4340-8ac6-59f962d03555,train,f3c8b42671141e312d78bf918ba228ea4ac4c14031c502b7139b92e93179e88a
e50bf110-911e-4cad-a2df-3540ac81882e,train,ac2a5f151b1fd97c7adb2c3e76e31ab59d5b53d6e47e28af5dc1d69522e431a6
e50f6e85-59d3-4449-a1cc-f2dbceed36ea,train,dd82e6057de2b2da406376b83da1c39205efe1e4135d5835a40d34f1969fdbeb
e53b6321-1a41-4021-9baa-44737401ca60,train,32992af71e982e43d63fab27a648b2a883b674b5674a068b4bd8e44c4c2f58cf
e544462a-d045-4691-8a8d-7d67c0890dcb,train,390e25f2d006f5f4cc96993611a53d75a1d4ca9691336774eb5a4a7567440917
e548a058-628c-4732-85f0-953d83f996f4,train,a2884ee5f576cc311741b8974011f9c6be3d7e60db7ca08be692917bca8d8c4a
e563689b-05fb-4ef3-b33a-32d7b17e0de0,train,32c91186db78848d11da0fe4d8470bfa25192db7e517ebbd49dbb14783261519
e56d7f94-c0af-4e00-8c83-0f3135441ea3,train,0631fe3c2198f496dff1bc2291e4a6090213185a674f2d3d0c5cb8912f36f103
e58abc8a-0ae5-4828-b9ed-e7753fb4ef9a,train,f7527bd0f460ff07adf38f46b96fa3543a39af8ba721b2db9d6240eaa1cb4c31
e59e97df-a34c-4a1b-a6fb-c1772fca0db8,train,175e1af4a289eaf0254623e0bfe943ec08f2ae3d0319f78b5c1e5a69083fa178
e5b20c62-becb-4a5f-969f-0e72aca497be,train,df0d6beec4ccdf89745615ad7e333c068289812292f875188102af04fbb3ad11
e5b416b2-f26c-46ac-819f-e8653a65ccc7,train,d003fd4b74a407f4d385859b35f0b7b4b16f2c4560e9bdae9571f9b4ecc1bb17
e5b76e1a-4ee7-4bb3-8c7d-cbe27af9fc06,train,28e3831f90135413f37e4ad1c67de298b6ea4334bf47f4b386840c41ecd5174d
e5b8ed9f-0202-4eec-8cf6-52698815ddd4,train,b662687251bb609c651d610db3d432d86e9b9d957ce099f02a77f46ddae070f1
e5e2edc6-b50e-40d3-b25a-db37c68720ad,train,70af344264a96482fa3755c003f62aca7b7838c97fc6a64e863b6912e6afac55
e5f74293-5780-401b-b427-757edf28ba47,train,944e1e91c1c9be6ad7aa80738c9836f31017a7268be405536849cd80db55e3ee
e5fef233-0ef1-4eca-8a37-e3f44a2e0179,train,d6b9f91ad4be5c252d897a1b74066e9ba5e7800233761f6c3f6e22d9e9a800c3
e6054dad-8255-4195-be6c-51084a0ffdd7,train,4d0cf72ed09d021adf2acc77632ed22f5ed40b42ce488b4a6d8afcf10c357b7e
e61380dd-66f8-4c35-84f8-9b24d6e3e289,train,bdcef8b5c845864479b8cf900311721599fc490b9c05d38716e63998e400fb89
e6257645-3c4b-40a8-a8ae-18290b3079a6,train,d1879e9830be53a6487f20fdbc0167d8c5341f1314cc58f330139e727372e7c5
e6272ca7-4a1d-4b9d-ad2d-62664b8cd758,train,9991e101269e864e576215e26893b3e4feac31e1b0dafa754d2544ccc17bad01
e63e457d-1289-404b-b38b-6a79147be2d1,train,f2b0fcc6482ca6938d3d1e5a59b6871b729d313c715cad18dc8c5596d6c8b068
e646f75f-3396-402d-912f-b8321c49bb41,train,4e451585b01c738198dcb68c66110baec98f8e1aaa0b4cc9d05715ea05373807
e657bccd-3722-48d7-95c1-4eaa2d535423,train,f9608dcda3bdd8655af3835ad36b1e890b374159e1214bed1455b05339469d30
e66b595d-16c4-4552-9300-ceba5cb949d9,train,5d477d47eed0b31092195ae71b2d2a029ead9dda94567ea012f78bb62e6da959
e675503c-6759-45a2-a0ba-e7c88e43ad43,train,f15f5e86866090c0c61a8490510c3d872fc6918b7adc8ecf303d113db97e7668
e67b01df-81ba-4a85-84ea-43184598b289,train,0fedc729d64c25502706d9cf94eb3da038039b355c8f40f732587c2dad74511a
e6875a93-08a0-4015-a342-c14a85dcfc70,train,72ba1e5f1c22af012b2bb7e4c752486ec12acaa908e24decf86b3d1ac7032d27
e68a0889-f0e4-4a97-8f62-f91899621801,train,bad7ccafb5df22af9c025494cb13fe4ea72532521a358f1abf3a76ef5b76dad2
e6abe2af-5854-4f82-af49-9dcd64117214,train,17adf2603db388c3e61e934d084ea6682f6a7e51895939d01b1e6cb6a357cfb3
e6ade0de-a25a-45de-b963-9d1d27e56460,train,713b7f7caafcc4d8b39f2c23f66e578c35f07f96a6eb80ef56901d168273328b
e6d4bc31-5f47-43e4-acd6-f878d20baa08,train,dd1762144b8b27c4a7aa423477d6857b6ba87594a61214731f7d3b6d36ca9ae4
e6d54ec5-7b17-4a1c-a966-33d904040f67,train,1a08a92c23fe8036e835eb3b05543c4fe38bdefce033fb5666982e8c54c90052
e6da5a24-971a-41b5-947e-c32a798b667e,train,7669a61d56a904c16cd77ccd174448a36ccb0f15d0c316f0f0ad5c89c0b363bd
e6df7b85-fae4-4b33-95af-4567c2fdab40,train,a9d6c3607db7b12c646083e04f43d1577a4ab834cac3677719efa050a3268614
e6e03d34-12e6-40c1-b1e4-ebe2d5181f67,train,d5c7cc6211d7cbcccc5b0e26d306c6040cbe5b809d3f97ee74b2ac0ac626e7a7
e6ef1b11-b426-4a63-8b54-4ae5fa07fb62,train,f3c2958df0fb92e19f0c05c3c6c5cbbb61080b71ff8ea3c4d83faaf885cff2c6
e6f5102e-e6a0-436d-95b9-4a127008e658,train,d98c06a6eebb36b3f719d57a605aa1e21b0eeb457cfa13aa49b33bcf214908dd
e7028e48-91d3-46d3-ac45-32ef371ddf9e,train,e8df84f642f4eb19810f6554db1d00b4055a4715eca4c242e70cc7f380c48ed2
e7086259-f409-4d17-91a9-60eabb505586,train,ff7e569075076069cd9486bc09b9741f22cb781f945e7344924e10e589901e7a
e711f69b-5fa4-44ca-a4c0-e0de0eb57077,train,755f70ec5406c0fd498d24b33a65a43724833bdd86b53223e2ef57adae13cb53
e71febe7-f319-48c3-bb2d-a17e2a3276c6,train,74ca1dbfe8ef3b2505c041f6111b95344b98165ec1fdf5c627fee7f7b1a56e63
e72f4774-9a75-46d3-b035-70d1eff07be3,train,77e84126e45651937a27e2dc9ef9086761ab3ef2f818b9e779c6226b50b1c65a
e73b6700-ae48-47c3-9618-cdbb6a2c0d78,train,37b9a732a4576df0e8baae298ce9d7d4e0b53bd6b0359b4e03cbe1ce048f8e45
e73d9cbf-5b18-4964-a9e6-a2751f848b7e,train,e5c82bf8fbe05bb0421f570bbc9bfa082bffc926db9282f8a18e6d503b9b0c8c
e7514e62-bdd7-4d6a-86e6-2d26f40b17aa,train,e54f583cb13aeb98d305bd41bc3fa9133bd59700749cfd63be9f661d160f0ffb
e75a3efa-872d-4006-abc9-8fc2e3df619a,train,cd49c609a61102b18f916e1ae1752195f6b29679cbc72aa9c2d99d25a90f39c1
e7644004-c807-43de-863d-04085264aea3,train,5574478a459eca8986b0aea99960065a88c2da437bf7cd9adccae19c02c9df5a
e76e0e16-8b12-4be5-9983-e0a8d7ab7a35,train,47ec2373df6b9bd7faa8cbd4cdc00a208baaa0c3d0ca8e9ddbddce2498e4eb11
e77aa81f-0ebe-4206-967a-2032471a3041,train,b53785fe9162bbd05bad6dd13f5d3cfe773c5b223d56723b9c1a1abebea38589
e789c12f-1070-42cf-bb66-9e3a9c63dbef,train,246abe5150fd8b4f146003ac7880e3e308374c940f20e96130cbedee8a4483fc
e78bea6e-10af-4db5-b47a-140a96168321,train,9fd48a90331626994d0393148a03b10b02616dfff2c5cbd4163c79f008e9ff7a
e78e385f-8aaa-4a12-bb4b-3e5120d10281,train,c09a23a32c648408f2b920f4bf6e5bf76a31980d2a9e061cb40163e5b9329bbc
e794be7c-1408-4f00-8425-ad87b9dbb432,train,5effdd2cef8728b944c199ed28bb75078dbc70da3c2fc6f3b9ed1ca95e1ce52a
e7a4a28f-7667-4df2-ae7b-eaaf0ffaafe3,train,a48534f3ba861d9f55b94627f23b6999d006f60b446004611fbf6df744527b69
e7a8627d-ee9d-4fcd-ba81-38ec2909a053,train,97db48af291be3e73ccaa2549a8de257c9ecc2a02a873c75a9ed1f258cec5728
e7a91aca-5ad2-4f96-8674-2fd8a63e0439,train,d9242d7a171f973aa06a146dfb067563e41ceb944d34e680b1f7acf8044b0e52
e7b92d22-fd73-4baa-ae52-31dee47944a3,train,880579de009d2462bc19a7753fe726fe5a0bbc3139949611da91c54a13707679
e7c7241a-63ca-4785-a300-51c071237c30,train,e0bfbb622f64d13d19bdd0192d9e666ecfa95b44acdd4e81ab84844df783cab3
e7d5595e-69b0-4ba5-9d1e-009eb83830d7,train,9c2fda323f875c64e047519a0e6772b167f8fe14055f75d40c3fd4cf3a014da1
e7e6ef4f-36b7-451c-8430-e6ad42c32331,train,f651ec36d9e4eeb70f5dd69d236d395b2bd67eaa5a31c583dff71e3a8fb38f78
e7f3f18d-6984-4ba3-912a-390fb241c0a8,train,865a5fddba438daa3b0af665061bc02c3b95491ad2e9b6df9497430fd73d5f86
e7fc1b08-6c8a-4b83-9fd8-6705661051a1,train,b7c6d568829fbe34116633a35bbda399648b56337209280613b4f9c29a4c995d
e7ff41cb-68c4-4c85-b640-fa83b39f4377,train,93eb56f3c091c2017d1a2fd1a3217cdf8d982926398a54f5fc93b9d34bec0c02
e822a3ea-8828-4310-adae-44d13554b583,train,7847de45277e83c5366fb68b0afa041d1eecba88a5fb10963d448f40a7019cc6
e82a7398-1f88-44d5-ae73-22fe68c69e46,train,f934ee7418f6433e2fdf7cf3c311d7606e1ae952c2f33b27b22bd26ff95637ba
e834f1f6-8d79-4841-a066-82622fb84c1f,train,823ee5a08d49eb502056c69ea7148aab0ec3e0e4abdf424f74dfae68a5e0e5c8
e83cc6ad-00e7-4b0c-a73e-236a8589f88e,train,b2c634ffe9e8f61f976baee51fcec65ae3f6c71915e634f76c01971a9a60634b
e843d833-3a71-480d-b68c-eb49f3f34fda,train,e8427c99905e929b30bdc52de991b1eef2361460333d3050b9adaba85acad742
e847543d-cedb-4a95-91a3-e718b19d519a,train,51e108bbc4cc7417ad5a61b2cf24938d506567c5c97d058d2f2bec6e6d8fb95b
e84e43a3-ea9e-427b-9f33-7c913fb3a4e0,train,e929fb3638fd0c87eaa2da0c540836bb9d363527963495276b0a18d78ece370d
e8613cab-dc0f-481a-b060-6dc564831c0e,train,f451ff65634dfd93d5f46c878b60bf5e7a7130d5a207b7e13d446bd57a24a34f
e86dacb4-6213-4aca-979a-cc0904eea0bb,train,7bea279942d289dd645a983da01aa73baee139d26939612875aec178785b25cc
e870b7c5-73cb-478e-9b90-c24c360200f4,train,e06e35078df3daf01bded27cd4e7e7f583357bae05223d6ce46e979e877c736f
e8939e7d-3a6c-4ca1-8366-b0a24bb493ca,train,d800085785d54b2985111ba20fd0f0f73fbe106355ff83d350f2a436565e90c2
e8a12e38-c92a-4ed7-a779-1322dbb3038d,train,06a8074e8daeffdfa1250851d29b90f0c33ddd07374b4a4ed44e6f4ce33cea03
e8ae5761-c1fb-402f-88f2-114536e1108e,train,f1d6526ac25339cb9a60355f791dc868b3d31a1140199aec97b17fc6fa7d5765
e8aeed52-c779-473b-a9e0-831f7c1eff98,train,fa52610ae8bd6e1103acd44aef8219d9c179752116ff9c4c8a4aa26c124411bf
e8b51d45-2200-4b50-9610-e8d599e11bf0,train,410a23333a62a8ced84cde5e0a1248de13d5140ee496a471bd2b3872a1827b0e
e8b7857c-e67a-4ea6-befb-f4bb4ca4bfdb,train,16c1027909f13a2b843b593319b38b8a0014ec7b113b243410a6b9680be5a934
e8bdffcd-3c7b-46a1-953d-7e4955ca62d0,train,0218917e2706078b5a92512caba26332a58a4de51babd2d45e63b44cd382775f
e8cf2b81-e2cd-40dd-9114-117bbec2c132,train,d10e618c00d87187860c8213bfca244d16167f09d4fc6b668c45998881e4ac71
e8dfd362-8ce5-40f0-a132-5c6e1e0bcc10,train,e32f41c2dfb0983d2a783299d13996ff4025af02c96ec71b4ea1f73baf4374ae
e8e5afa5-eaea-474c-a428-86a5cef75f1e,train,0eefee4e5946ca7ca2ff2af4cc759f069fe28144f3f45bbe9b30bba65773bac0
e8e894bb-62f4-43aa-a80e-181b4f39b049,train,a357514b643f62f105f9add3be5bec9bcec0eaf3efc50c657fbe1a1568a4e1b7
e8e9604e-1ef4-44fe-a46b-83eb0d238caf,train,b603b944299db6494a9fe1618b5ba52ad44777222a67595272f7636338a26c09
e8eec207-8df6-4240-a77d-4da936b9d858,train,d89848e5ad0f2c5ac4cc420eb146c8ab182cf5de40f7d7cd2bf39af521006eb5
e8fd8c2c-dd4c-4c6f-95f9-78ebf2d7cf48,train,1d1d2b735d1605cd8176ece36c6373d105fcea3e8ca80aaa55aa7155a9da0709
e90658ba-f8e3-4eda-a4ac-0a1867a6ec16,train,79913e3956af2a54040124b80a82bdb1c20fd0db3953afc64c0e5fc2b334039a
e90f8416-10d2-4cc9-a94f-e11e88a0a5a4,train,45dba92c50ef3c149162750111bc7227347a21f85f242b5caba6a272dac6683e
e9165926-05cd-4c87-9958-e6bed9a96df9,train,61d1f36d440771f928d46fa443491047dcd58d3c9f6f0638e81a7ea1d6e65345
e92574ee-f215-449e-ac36-1ea1c66c17d8,train,1c00ad33a7dbf2c289da8e63e44ee9d2cc3d9c222f38334bf1a2d897f31120ac
e92a63f4-c7a0-4170-b9f0-d12fc3f296a6,train,57fd7a53202aec4a1ed5ce1e9c9a6496b1358da60581d5b21458953a9e1f9a4d
e94adb41-64d1-48a1-9e5c-2b6c439086db,train,9a240a134a571109f2fde881ce051527e8a306687d07e0047407a2ce4ce96b0f
e95aa679-a9a2-4a9e-b28e-f3d45bca8773,train,c84f252a57a519fb9042e9b13c475d7062bc075c604f30781f8e8657992f3b75
e9706a3d-9406-47f7-8c87-8197e6f0d74a,train,c41a2e462e6f59308a1e7a7002623405ef312ace8c3900177367d407d72ff32b
e9722fa1-fad4-424e-ac56-8606a89e8f84,train,4bea1869a6313a69d1b932dca4f12df2b01a6e3f12c603542e04cda194780107
e97d9c3a-74fe-45bd-9fd3-a89a6c8f0a97,train,3d4ffbfb546b3830e2ff3ad309de25028b5ecf0b3633699de00825eca4cd73f1
e9814080-d132-406f-aea8-6b0ce258aae7,train,ecda372b97f8fd65dbb83668a4dbc6a7b8d7943916fcd3dd56c0debc2af94624
e9836a2f-6ca4-42d6-ae61-ca8616469c84,train,a835bfe9030a6b48a35bf349f0e1cad2e7eebdb0c0960a9e5cd144e536048051
e9a018e2-a340-45f4-b92a-3dbc34bbc1a7,train,7a346b95d9bf7a7081033b7998f0fc3600a9dbc9c334d46bc97a7e62c24861fd
e9a25326-2d92-4dcb-aa1c-fa88c97e0c6b,train,a969d744a297d72df41c594126858191234e19d110c09c92e0eced2cc937e42b
e9a2a8a2-4e3a-40c1-ad96-b4d9f9eea8c1,train,7ca4f8935316deafff5d34767bb0f222a319dca5d8d98845737e8b6e549e146b
e9ad00ca-b054-4e5a-958a-2c6ce2eab370,train,a10360605e6bd3812f4a46dfa4b612ae2cb53b6c03935f61918bea5db69b4a79
e9da4b20-e4f9-4d44-8490-106b9c1099fc,train,4d261206d5b5ed4f75000b53d8a905193d91e4cd120b0a50079332b23c0710d6
e9dc2a30-d1e3-4b85-8993-234d0297cb09,train,13b01158806839d6d75a87ae32f80990ede89b756bccbb04cf6743d8d308dbff
e9dc3017-af8a-4645-be4b-23434be8666c,train,741d99741877d0d8a2a2f9fd6eeddc8418e5c940dad77d591a89e2fb0f5b1c18
e9ddbf87-fb50-4ca6-bc19-340db4d6324a,train,520a0d81a1d78ae605270f718130d7bf9e14d4da3976ff27917c8650a6a6ae44
e9de6491-c87a-431d-aeb8-bdeaf542f693,train,e901f63d3f76b9d705625687e9df5d50127febde4d141e8677bbc1fd843ad0c8
e9ee1e15-871b-4b7a-9e30-33f1a76aa0fa,train,170c39ee21e072399333d9722f8c81b68ec9a156a6b25608cccd239190a8885a
e9f5ce0f-c6af-4941-a909-447d81258c7b,train,8895927f3363ed2a26110e704fd8170acd6537ea140cc28d0338b6ebaf537576
ea04cdcd-ac33-4a99-be88-1fb009938990,train,9f1a17a70bedeed3306ab49af622a20b21f6165f39ee0c680e3b649cbc12b75c
ea10e144-a5a4-47ea-98b6-c768c823bc7c,train,e8f3cf0cb1c4ce1fe79e5201b6b17f5cd225abc3f9ed56d04a85918d9bbe790e
ea24216f-7ef6-4c91-b9bf-cae0ab2ef954,train,fa4dbc14c6854f557c72b0e4c5b61f559d820d1153b1fde1848650a5c88b674e
ea4d1138-a573-4abf-98df-2ec876c71ab0,train,bb651b5f089eae0cbae486bef440c512a8086ce46234dbc2df24711769afde15
ea538fbc-85b3-432f-9435-f6c69c4bc23a,train,a7ba291f5d5a4c82d68300486aeb974f3b2026bd139ede0090eef051e28a6611
ea5ee9b0-a77f-4e77-bbca-82295564129e,train,7c65e4ecd0a5b8495663f3679b1a649e8270916bd95c3d4f1f20ad324d317b8d
ea64f63f-a641-4692-88cb-14861e538f69,train,d3f1edbb77b3feb4e933048076f734c553fd2bd9cd2f73dd04ca25ae30be3519
ea71bad6-0d5c-4c5d-a384-b1525bee95d4,train,1280c9b00912cfaba73ae9e5a47817b5194ab272e780d024422cea63bcf2eb4d
ea7aabfd-f2b0-4e8a-95d6-28df29210ed5,train,e1f58b38e75d68d9063f91e7f1f386fb091dbb3c6da790ec3c3a47e468e5a9c0
eab0dea5-7a27-4b94-b194-6b35013d1790,train,af09e87f2cf2e8a7059f4ce03b98a809ab2159b17a363da0b8db909fc1a47730
eab9765e-7216-434d-a433-cb7299d94f4a,train,a84e02cc806c6c4739a974c92c7dfd7e4aace337a0c7077f969a63d5d2039c1e
eaca14af-4936-4921-ba6e-0b0b446ea3af,train,1d7440f7ed1afe6c659e23dc29e7e9fec5564f65e22b5a9be2273d56cc87dc04
eacf5be7-37cc-4d3b-9fcb-37b6af84ed48,train,ea086b162bde460b1e9fe3bce21326bf3737429f103a6a2abf3fa067dc17ca55
ead1200e-64a9-4256-82cc-5e07bf30503c,train,01023d5c44f401d3a5b5fc3a487d0ca7c7a9dbc1ada92630f4d9e89f584c7dae
eadbeb9d-10c2-4364-a23e-9108d4cd236c,train,74e7ed35af13e20a308c370953ee1383863d81c0e74c3d5912dc0cb4d2f8d897
eae26a0c-7037-43fe-96ea-f3dfc650a068,train,7497542344d6af149cd82704fcbbc961b121ca69dc11aa18c2181c5194b4270c
eae5952e-62f8-43b9-a3d2-627cbd2b66b7,train,b1dff8d50667da7820bef89dc9f62317141cbfb496e0418e73c0bc057cd81390
eafb08da-872c-4ddd-aad0-c3e74c175e6a,train,1602050802687ffeca8232875e5cd9adb34d0a0239a56497ceb801b9b3f5ee70
eafbf433-c56a-4307-87e9-76d20ec86b97,train,02062f466ae35c368a98f04e109a23acf1775719009696e2802d65d356f83cf8
eafc1513-7086-4f10-afa5-2519350dee47,train,3e520896267c3e6adb5976d0a1778ca0a003420133c0905b5cac62714bcaef25
eb0511e0-4aea-495e-bee1-75c843580086,train,0ac7d36a7d89e437521e09ba1f1e5d5b0741389952a61a990be5cffb0e8b4d80
eb1b7883-de08-4838-b3f5-bdf2062c3dd4,train,af540cc5937cd84d495242107c434df5925348fbf63c2bd501013fd88e0b8534
eb1ec868-958c-4e96-b095-90d6024a28df,train,04d0fce09170e4e6c848c07c7d82e6803e1297e2754e5f2edd817a9ddd0dd599
eb2c1a3c-c535-444a-804d-6e618971d268,train,eb1b502d2f962d1353da11d3c5ce1c29b18dbfa6b3f897ebad82f2c22ddfc208
eb2e54aa-f28d-4425-8970-2066ac4537aa,train,df0d7838a417114062c5a9f1118126912e299cfa2a9e639e7b9818770cb34e6f
eb35bbc1-7a73-4bcf-a570-686b0fa22470,train,9a5a2dfbb3cc7587d6773f0ebba32c5c8ddab4ed0b66bc3922b12cc303af41ad
eb360388-90c9-41ae-ae1c-febb01b2da5d,train,43f81545cc910cbad981e693beaf6ffb16ceb4479dc7ec505958e7b95099683b
eb3c3d10-69d6-4116-850c-ee5867c6ebd0,train,e7a4de227240b69a8dfbabbcddad0327218f4e8e40c98ce629e370428b69eae2
eb6535dd-adc6-4a56-aaa7-baa9ac6651f4,train,40604bb66f2e825cb0f42f4e3ec938f3b82b209bf68391de4845ab01ac8cc626
eb6dfa4a-88e6-4b7c-b82e-ccd8c1c21c4a,train,a08761fb776176eb268cdf096cf2aef7dbea4bfa037eda85360b2110582459dc
eb770e58-6438-4a9e-846f-e40343dea8c7,train,25da8ee77556a108d3742b88617574fb9384dd81174960bcebda7b149ab91cf8
eb95b51e-3db8-47cc-81b1-e1d9d73aaf77,train,8d504074de43bc8d4f2ce787efb042b84b693ca4cf1ef830d2f1b789dce45064
ebcbff09-cca0-4f90-aeff-cd92267369d4,train,c00bc443c4b8a5ab41f6b8fb1cdc48071d3678f4ed6a13987d62def88524d48f
ebddc4f1-e365-48b4-afd1-609f6ac86918,train,9773919ea4019a832f35ebe0f17198e0cb601c2a6ed6ec3b269db9ee10983150
ebf455c9-a19e-4298-812b-37d58e36cd3a,train,ded54d55643eea0f5a02e2a0bad65f215b1803317250fc64a4bf241ba60b6bdd
ebf6c49f-f759-44b6-9368-4bcd8bb3d8d0,train,eb06bea678d97299a797d7e34adf176a6623b3c9636e5c54b6aa686f44c9719e
ec000278-6f93-4a7c-89aa-39f76e308e66,train,0d2af18597a3b3d0fcbe41cb4d058b484b342faad4f9115a944c0aea7125bcba
ec37ad03-a35d-4b8b-b890-bd109812379f,train,a619c382581484a5ed969de082a30dfd2986157d4ab57c423148651eaf9c21af
ec3c9930-da96-489c-821c-3205e8a17ce0,train,f6027a52c62446b04210c19bb1ff8f67d0d86d605688d483a3e9a53f7c968165
ec658f2b-f99c-40f0-8aac-3f8c33c0fc7f,train,620e38082acee24866e01526ef41393b6452ca7efc885fe12dd362739cd92129
ec6b7191-759e-4f13-9837-2b3ecb73f4cf,train,ee1bdb4943947d303b7e462cecd3c81f291d79fe48e549ace3264fecfa648437
ec6c8514-bc2c-49e5-ba50-6da167fa0c49,train,9fe7622c5ad5df4ba360675b10d6e9227aca1824655262dde4e18c86ba523756
ec6c8e64-618e-400e-8b9e-845954bfd46e,train,950f2e25c09b3b72a7a226d91e2d0b574ed7572b8b28a5b9d2d959ca8ad943a4
ec773be3-c6c0-4050-9c02-87ad8534133f,train,646cbc7f177ed3301670a43f3223229464d159de271a4013658856e6facf8b8f
ec7ea276-771c-4c6b-a22f-0cb66704813c,train,3dcb44420c4d84d6c08ccff09f31f37f2cfc42e05e8eca16a86bcce2df9e4dc8
eca610b7-1237-4b79-acaa-f2c604e3fcfb,train,5f2853ab0e4755ba21681031b861e6ed1d8b2b02a1c9d5ff0245b0363fb03ba6
ecc36c5d-30f9-40d4-88fc-dbb63e9b6729,train,e80d3670136a1cdc2a4a0402fef7b48e193e65e06ca339c32e7358688ffd1822
eccba7cf-d5e5-4921-af54-d053dff63591,train,d6bccb9a3530a31f5d9d493cd126b292fb9b30aba0f4c6ecb04dba50b0040a17
eccd5762-3d3f-415e-9aca-c2db7ee30f35,train,1a0a2aa34c2191726fa700c0948149d9596b622e2425b515f6671aafaf0aaa34
ecd29c2d-704e-4370-a31a-0769b31299ab,train,08bc8a524bf0aaca08d343799f3a7fbf8ce1269d7d213e82254ae2e9566105cb
ece14a3b-7e18-49a9-a292-8cc51da57537,train,bb010bbd7284db174aef5a22cbe96d0d5a6252f3e0db2ec990be2a27210e5330
ece2aa66-a2b0-4801-869d-aae41f4a5f81,train,e4457296804616392488abd937bea72bdcf351df5b668d7f45ff7faabc07f1ff
ecec34ef-d504-40b4-bbe3-6fa5a0e7b419,train,713536fa3d8589720f2901914f667e79835669c705dbe40bb84dcc302b45778e
ecefbce3-ef59-427b-bb93-2c90830f730b,train,93e027e0b26ec04d5cffeefc25680b551666f81eaa1b92bfb591e08f64b49107
ecf49345-77f9-42e6-895a-1871218b9277,train,c07b6b8d33f380a02290b7c7da33e7d83d9fd91f6d6a0bcf0b1adb7c09aa95f0
ecfaaec2-bc12-4a65-a413-51ead52abaec,train,af08354ffe0eaccee28233f4471236b08764f497e276b33751d74404250e5957
ecfe3543-f697-40ad-b57c-9a5468ed3132,train,ceda01b4376a075f5c4f7989661469839b4cab108a127d8775b0196380314ff1
ed06284f-650f-44e6-8306-c210805dbac6,train,9ea0ebd9fe986f21fc70d6c3bdabf663fb510e1af79052e96eda5893214f1ba0
ed07f713-e430-4c17-9904-90b6fb165fd5,train,18084dc831c76b3fe6710532b5d721cfc656be32ec7f26db1c0cec8ba76d6f2d
ed24f0a0-3f0e-434c-b9fe-2c22e65f1fb1,train,535e86cd4059c4c85476b3e5a7886ecca7b9118c75f9162ec8db65e91160bb8e
ed26a984-5cb9-4c94-ab83-72f2308ef118,train,45f89e429f71bf48b8ee2779de07c12330ac8ecd6f54ff48cc1d11444ff7c33a
ed2724d4-3bca-4e57-9797-c03f42962bd1,train,811c0ca1a588f1a4c6cb2964ac0c1e79cd3ba275c9a1b06ba252eede2876aa57
ed46e2ed-2e30-4844-b61a-6f72b13f0808,train,3324a428487946c817dc9951f04d09820d4a6593ffe107d7ec3c66210cd12a26
ed4e6e77-d910-409f-9169-97850256a272,train,7a912256ac6dd6f4cb3515a8b80b5b769b8364013a7fcd095d33d100dcd10c3d
ed5e8cda-8534-45d1-bf15-b400cf926265,train,463cff3088a3e2919dd5c5a628dd30158a029ed2ecce4c3e207a36dcf5efc70c
ed71d3e9-6190-4ca0-9d53-b60b7d631809,train,3d63483f14f772c0b3c18529e5afb2fad24ffb7b06e95c8e2dc63753df3dbac5
ed7a86fa-9a84-4426-a1ff-3e9839fcea71,train,5d2a06cf24a55f9138a0e9188baf5ce29742c8ea10ae1d0791262237d966fd56
ed7d6f9f-8000-4270-a9bc-09101df3915c,train,1a44fedcba3d572ff1587365551ad26d5e477b2a550f0e90f04b7aea282f8ca1
ed88cad2-da99-4048-9a2a-31fc284ec507,train,c0adf5c88bb0bf954ea064db37f6ce5657a15e274a4e5e4dd70242065ceb6459
ed917810-62ab-4907-a1c3-103e683bce1f,train,11b55f19475b7cec4144c428a49a8d8db1162bd09176bd72ceb64638f2336502
eda131a2-8c63-456c-8e8c-00e142351875,train,fa2df01a8f1a837fd76f9e9d39fd83d9319d1c454d0b5732ea847cecde8e249a
eda29d2e-5d30-41d5-ad07-11fa26c3dc98,train,60af5f4795351c899c9941b935b4588dfd63de3d7d72eddf888ec1fda972d453
eda75085-8415-491d-8bf6-03cf59dec985,train,9bfb224cc32ccc77498c08cbc672d281339ee2be61eb708322601062c7e340fa
edb27407-9c12-4580-ac69-7441a25305a5,train,04faf1933977309df5e3cc06c9e898c5498997d02428805de21965d5702812e1
edc66eb0-fae3-46af-ad41-0c38236dc402,train,319d2092b1429a2b70388ae8ce1ef78bc44a978408555ea7367eee04136eae02
ede10ce3-8526-4708-b6ad-5c5ca4d26c0c,train,9c4d0efb186c4e33e1b121fb77ff6145326ec24266de4aaa7a72057fbc678d60
ede1db13-a2e5-40bd-9c5e-f64a94f6ecde,train,b50027c8c61c9672e477074f7ebf0ab6613efcdebf5a1c2fbf4d9a0080b98acf
edf4df1c-24d1-4e32-ae8a-1a37e505c158,train,ebe008fbc6cb8a20c7db4d81266362402a7106c78300268fdf1c63369bcb3139
ee071f96-677e-43bb-9dd4-331685c903be,train,73282cc76b6727b3d2d54e511f5ba8b17362b09e06ca1783a5a158919d5b1b97
ee2f5016-d1df-4e70-ad35-756a53013f2e,train,f22ac3ee1056945dc63739eca6f3279cd33d936fd09b80ef43504237316ec000
ee329538-11ab-4906-8366-324db01ea971,train,e17a3f93f353aec53ac695f5b7f67c502b9512b284b13a811bd1d3cd6f3ef6d5
ee3d1e26-f926-488a-bf32-bb9b6ed9c533,train,9ca159262718896dcb850f90d985f5c228741f80771121155ba0677b73cea4ec
ee425402-399e-436f-a750-737003ab3f8f,train,dbe8bd03afb9f873dadea46d102ade694310a596828e2ee6d4f3a20044efbf28
ee4b8fae-b2c9-4495-8f16-1d66c5fd53ca,train,42434f5749ae2e8c8b998537f437f9bd151f69312e449e941b846ef04ee3507a
ee4f4830-ec77-485d-993c-f4943321b4ed,train,7a4e286a05b650f3c5b133fc838fe7ef79af4669c13759207ff95008b3e715bb
ee582436-81e7-45b4-968f-482c4e061f6f,train,483df69cd7145489b77aa0f9f8a4c7466364bef56689b59d25f0f9f0950e9415
ee60ece7-483c-40ae-8a5e-2139dee446b5,train,81b2238d5db27949e5337adaa8668bbe51a8fa71a214c8ac98ab05f847f4fc9b
ee63d6b2-1b4a-46d0-925e-25930777471c,train,2cc33cfa296dd04b662821131b3f83f49503ed59dbc1414e110f8ed2fa89a96f
ee6ae87f-1295-48b0-bcd9-8878f4ca772a,train,6a296f449fe74114f11477ed5f6b593bb58ac7c83df51d97c6bb88365f82f0e9
ee70f780-5851-4942-beee-2241decaedb1,train,a4f6206a41a6258f7f89b49244ba999d5fdcb195efd7841eececcaeb8afb1532
ee758f57-bf13-4cc6-b430-89bd32c72939,train,d144a5cc4376d11010d2c451141ecad19038ae006944a3598a838c2302a7a8f2
ee8ab851-c771-4691-8701-cd8d1dd9483e,train,3fa92a54402371fd4077ecb77a666b7f26b06873c94c82db07e2cd2d69e9365c
ee8feea6-e6b5-4b6c-870d-347c4f427462,train,01f905537bf1eedb0c4f206eb06f508577aa7892d22e6059d6765d2893074eda
ee9353e3-2936-456e-9a05-5fe1a069235c,train,ffcafa7248e1c1573ad90561f395f8977bf4fc10cf2b3059c306a402e7b9b184
ee94c039-2e66-48f0-bcee-bc4bcffdfe06,train,37d18e1feb0ebee9153b1f4f5fcf5bdc425cccc9881f5e66b717f1fa3bedc8f3
ee978aa5-d791-413c-a463-e5347ac614e3,train,fc464140d91b29d64fe49163079903f8094905edcc5ec87641af44a7398bdd46
ee97a588-6d8e-4f2b-86d3-2c06cc26ec05,train,8f5958a9eb86babe1c1fe433c6f7c2c65e1b6d7946b0ac2810e8e2d9bb95712a
eeb181c7-4c52-43b8-81a0-ae5f377f9182,train,4ff3dda4c3e64ae35f8000735cd1861359d71dc4007b1e8ddfa72bdcdf71c180
eeb58ffc-0506-4f28-a34f-69cd41d0148e,train,d0cd4308e2dac05f43ce7dd6ac65daf3f6568c7fe880a3c9b5fe4d574d9ec888
eec8b612-f504-43af-8a2b-a3016eadf13e,train,36b4289ef6f3a4564a527fa59e4bc6f8799a847a44b78e747117a2ffd583723f
eee096b5-6831-408b-a184-9e3e76a9cabe,train,c85686cc57e5f116b9ac641ca69b2389ee67c82b98ee368a724807a1d05d47f8
eee443c7-caf6-47c8-a06b-3f0a5eea8bbd,train,bc357551d55feb5913d393396e5ad5d7629908ceee11bb704ce335a5b76f35de
eee9ff04-82b0-422a-ae35-5e8caf86830f,train,695f3cb14fae9423e477edd7b78b02a4428390011c067265f7d8df8376f5c6ce
eeedd69e-3915-4876-a5ec-99ac5195b038,train,6289930e97bcacaa5155ce1532422aa69b75920cb3f2dbe8ce00df78ab3cc9dc
eef1f20c-ffb9-4186-9c1c-28a75d843744,train,286a746670ec24db083b91aca2e5446b6658d0d3ea8d98939694cb82e5b21804
ef03b121-03a9-4f8e-b860-f86f55bc7330,train,c1409c15e853f3cc701ce864a217e15b9b1f582f9f2573df8a280237708e4d0e
ef0c206f-9b6d-457f-890f-b69126eb4f6f,train,7bcf8922721dd59bbb2526cb6daad7137e7f076d5566b31f991d153aea3e9ae1
ef0d7aef-4820-47a4-af08-938b20591557,train,8b557c1be99a5e76885792d9b8e1a2aec0ce68c1415b875fb29ac35a629cf5b1
ef1ae9b7-78f5-442f-b085-03c10b95e056,train,af8a20c9872fe32f16b7d4dc3714af2bca5d90f029fe1b753b65a78001dc07e8
ef1e0b18-12d5-4b4d-99d6-8e6f1807740a,train,392158b7fd3bb68d025206a3975dcac2368028b7301a83186cbcd4f2fb7848ca
ef33d265-c9ba-46b5-8213-b168a21c54ff,train,f91e68ed9a2895cbebbc8edbd3628cd1b3ccf66b9e88ca660c6475614caf5dd5
ef39fb13-61dd-4ea4-86be-a2823afdf1ef,train,7fa1159c44af7b162973cec6d15bbeaaa0d33141120fcf023828c3a49d6e9a03
ef540897-9945-432d-80d5-536490c0b8c2,train,acdf2e58477939ff08409974251da65f947961272177e45e60bab9be465db187
ef5c0d42-64a9-443b-a656-fbae7328c106,train,5de33012486bef311d1a7509c8dd9a9cb545a3cde8b334c19c2f0a8c061356a8
ef6175f7-0a42-4c0b-833a-62cdee118097,train,e111cdefb505feacf9fa305c017b98061e7e8a655479134d706fc6599a1d1878
ef66b740-d25d-49bf-ad62-6518c2717b4f,train,1a9f333f4e5d394cdcd1f196d28969fac684b3f806026f457b9dd6827ba070d8
ef6ce470-6e78-4721-a0b6-3d5bbfbe899d,train,1ff7cd94182166d13dbb31ed79ed9b03aff7cf0c40e84389084d9a5fcbcb5a0c
ef714e3a-b9a6-4cb4-8305-a31655e8c25f,train,e6992b5c2a42e1aa5ea4e7f33b35e8d5673347e2984bcf9a20a1268a1d816a9c
ef75c82e-ba7c-4f37-aab2-0af436a0176e,train,449795a15c94575af26e14761f7c5766237cf1f722259e2ab5c4eb55c739940a
ef7be35a-53d6-4b12-bd16-688ce1d0ecf3,train,50831821437ac4d300528fa2ce42c7b5196a0d0784e5797daabe3e787e056ae2
ef8d8937-60d5-49ea-9293-c80379028b43,train,49b54a5d38119cacfcc76e9d175f6c72af963693a197c2ed3055dd7a2adc5de7
ef94c5db-ef87-4643-aaf2-4e5fedb0e2d9,train,0f652f9e66ed150ab04f05a620b8ea21f400d0bac1cd0f3191406f5cd76b289f
ef95475a-b923-4743-8969-353ca39b0753,train,97125b3913a448e902d1a4976fc4a3f091d0b0830e2b6c64e3e12f6f6b2f4d8f
efa7e697-9398-4dae-8423-44beb9768a28,train,b35ee4eedc2c9b2c996ef7307be5827f0b4443b0e037a86150e79ced9f837e02
efb250d5-42c4-4def-8829-9669326aaff8,train,0d51d98556786e54b31d1e6a70fb36beba2cc0b2262cc6b91849e9758ec90059
efbc5bb3-3fcf-4b3b-b3db-f71fb0cff390,train,6ba29c8448251c140c356d56c14c4038701b33efbdf95c955ed7e0cc9b16265d
efcf9c9c-48ac-436d-9455-eee77aa07570,train,407c0a8e5513549fcebb85414a900bd83119ac65842b86da98e81812aeded137
efd2d922-5f43-4aae-a9fc-06885bf476b8,train,69bcb9ad9e7060c1ceaaf86ec394630c84114b1c60dce3c61f3e8929b4f7d39b
efd52e3f-23e0-439a-97c0-3725ea79cd78,train,01f74fda5f11daed61f9d896cd62e26b4d33f7698f25396149c54264573d3e8f
f00e8482-a6c2-45e3-93a0-ff40ea8d3719,train,c4c08cabffc2ad748ce257dadbbcfb4bebd2fb592c89b0ea81e3691f3732ba2d
f02b454e-1e61-4c44-a68a-492a7b3579f2,train,265fa17602fea8a5169d31f8416157a688c4e4df4a32aa6e551721601e74f7b3
f0342470-b754-4117-86fe-4e2c5d853694,train,77f9503f5184b837708e270e4e1feb275d57fc0729dab3308262028fb2f7caaf
f03b685a-2b89-437b-a9c0-fd8502aae958,train,3246c69160d98f9cd992c04be5d99b0c0c57c03bc9d9c4249605aa524872f8ba
f046bc6c-ed29-49bd-924b-900681ab0bf6,train,7d4bde49920c8055a9904fef1938a28ee0c744266bd22b98e0a8940876291b12
f06f168b-5794-4148-8185-bf6704cabc82,train,09c5eace3c0f889ff9f3e88dcf2e60ab3eba589d958d8274b36f55f1250c9969
f079849d-0ec8-48b4-a048-47cfd3dd1831,train,91b1a74cbed7853f6415cf08e4ad326530789e29e2e30968fc999205f9bf7e98
f0a4fd1b-96a2-49ab-acf9-a9b46d8826b8,train,3ef3d0e35c1cac5fb0337082963e838c58e8c3b176f8bebf8b5405d8ca93f8fb
f0a7459c-8710-4cce-ab85-65e68ff3d938,train,d8cb9119d64923bbd6c35ad162006d6624d98ae6310d04a0a321d29bfcef09a0
f0aa0d09-7358-4230-9516-1fdbb1fd2a8a,train,d752c35a69c9cf949f1e8473a255bcf863c97f94f4227ae855772debfbee1b44
f0acef10-a5c6-455b-af7e-0f0585ffe1d8,train,c0b9dfdd7dff29ea8306edbd5ae09589867673389a25bf9c28c8f33fcae8bf2c
f0bdd3de-6c16-44fe-bd7a-0ae4f88be499,train,30c549dcc6805b8bd41f768515a939f1f34662ed3c4e65185d0f5910420269d4
f0d6be10-327d-49ee-bcbb-4a1048f50018,train,5f1926f853da7d2cad8ff452c0272747efe2fa9854533e50116d0d85c3ff0172
f0da3e92-3484-4b08-997a-605fe3e16354,train,0bfb2d8f698f34a3898e08a234889606b987eafc654173e1599b9821d6a210e6
f0e2aea3-225f-42e1-b27d-47de86e3150f,train,2a281f7c612a41f0c281cece32cd71f25449658af8288993d8195375b311dfa4
f0e3c1b4-0fb4-4fde-b974-0afb7facdacd,train,887710eeaa247d502fd6c1c4911089aa5956306e4ee4af101f58da6437f72edf
f0ed2ae1-f87c-489a-a509-af974bc165dd,train,5e4f1da7d3109c095937919b92b305406d3eac1c23d9fbdf8d83b0cceaa0d652
f0f1d60f-b177-4568-b654-137124703232,train,6922674f85aade5b6164d92fd76cc093b20a47c38cec9566c3cf6f2a2eda6e1d
f0f9a854-b65b-4530-9e32-467a8c767c56,train,89e5452481fd5576fa23b744802cac3fd1c1eef5de3d9adb5b391c746eae9653
f10fdba6-cafe-4db4-b2cb-1f90fce0c6ae,train,8bf7c274fa06965e61aaae9f273ea40ddc2d0cb0b5354c2cfa9f1ea983f1e3a9
f115deed-eb6d-4b1d-86a6-3c2870d0a973,train,21de2d69cff4afe557d60f7a5013c8d0f781c18626fb19d7c254c372c2e864b2
f12ca006-91bb-4d60-8ead-04eed8949e19,train,3da201401df18a0bda942db4ba3183606eae2696d32e9a8fe529e112b145f123
f139406d-6116-4206-b847-1cfae091a0aa,train,ca94e79e55d07c193285428610ccf8b6ef45d5ef09c0700155609d5f9b4fdf41
f1411c30-e398-4f6c-a174-7d0f8d262cd3,train,2f9f8e6ab4dd7faf1031c11cf9f0d0ea8b0c1f96c796e953432032ed0ac3aecf
f1829b72-8fe0-4958-9bdf-f4c907d493fc,train,eb1d3e2e5f0eb7b3c9ff4d80a592f410756d5c7b6b393ac461dd5774a333bb72
f184e4f4-e768-4d71-842f-de1d9f90aaac,train,8d121528c9bb919a904396b91034a1b4cb058000d50e58a8a16a6c85d9a9dbfa
f185f6ce-6020-4b5e-9170-59b6edf35302,train,84d49e17435460276b25e88c49c8d8c809437f485cce35b58bbea073e948cf84
f18b33a6-27d6-4f87-a848-f10c396ac17d,train,dea1bf1d2e51baf5d8b7ca7e68edf90ba77ae817119931d1962572603a36b5f5
f18dd1e7-1f3e-46d0-b0c3-0ed0140737a4,train,26c4ed2b0404391ee933972066df68781ddcc190867640ed678dc0a77acac81a
f1920578-f1ec-46b9-b3d7-a1985a60a95a,train,b72347d1005af769a371c0163cd3e532d7dea19854a500445bc3421530f4758f
f196035a-51a1-4cf7-b5ec-2763929170c6,train,012919208a4fea06dfb38838df8b86747ef86468bef518abba8d7aa6b2334c35
f1960a93-b293-40d6-9975-2999188f3c3a,train,e6253554ab72d64ba710a874fca4d5d0bbded3f6f34c03b50e8e39a53fb64043
f1abad27-b63c-4e57-9d66-3c051e93e18c,train,a574009fe1a0c887108471e29f37929bf762efc1a484b3dac20e0c065658a53f
f1ad555e-804f-43ea-b283-92799b176f38,train,2837535fc8c76218f37ef27401ae7e6ef641826cc3f46f284742b41a5cc23ba2
f1ada26f-4689-4b60-8e58-ebbed3f77f72,train,462fa44979a160348a0bbb8126738c0a46bc25f931a30ab7cd2ff544cea7f3b6
f1d03e57-a12a-4569-beaa-57e6c27a19b0,train,e5e9c6501152be44bf3fd63257e272bf620be43dc317893e5a239766f60d9118
f1f1098f-a1d0-49bb-85a0-7622017b33db,train,fca5dd934be2a08735c4665b649f74c2f2e2d26d2df511fbf783516de7084311
f1fc31dc-6a13-45bb-a7e4-6fbc59846db1,train,292def3871dc456ead1c1d80134ac3317675d433dcebcddd98638d0a6222dad3
f21209a5-7dc4-4b94-94c0-237262682302,train,154ae50c23e35a1e3493a7f22f2a19798858bfcfe227241068b71ac9c531d8c0
f21ac85f-d3f9-43d6-b9ed-b5ff60e46a3a,train,03ffe70612af66829fafdaaa78214961e4fe979869ea6c53b4cc14e079ca9527
f21d5f25-a6bf-4208-9950-b1f14f19194f,train,989a0c8b3a044568cab3b6e3a71a266a7cc2ad44e71256eea8312d42c11c0a8d
f237c5b7-d81e-40d8-9e9a-f1594ae1c3f6,train,89146430dd3f6a07fcc3fb98980cd4f11c82ff708286b444814d704af2393481
f239ec51-9a02-44c6-b254-db94bc4b08da,train,9a68ef16b08b700cb1acb6af157661fe7ee241dad0abcfb6146cc85e3d827fda
f24b8b76-0fae-49c6-bc66-3eca5b0441a0,train,5d54c71865496ab9c97f9e1e5300f78f85bbaa87ad169d80a1e0f5313c1d04ba
f2547220-e98b-446f-abbb-8790c0cd9884,train,5cd3f3de4ff81275942cde95faae016830df4cabf8e1d5922c06b202a39be0ef
f255756f-df22-4755-844f-698544317486,train,ff31a5ad093c90db379c19ef1d4fd2202b1d7c6be50176c8da1e8ff29a8b3c3b
f26f73f8-ede2-4c1c-8b57-e2118186549b,train,82cbf04c706556afc9b948064c9225b9b76e0fc968425990602648ff5fd48309
f286303d-a88a-4d8b-8022-0ad4bff02b53,train,3dd73eb5ad95c2413e229239b4f32a598b1db17b95df84b8b94e85cecadb2ad2
f296d34c-54c7-4fc0-b5e9-d2476ee6b7a6,train,a12d580b490de052b167deb16f6f811e56284fc4a6e766e507e166fa6551a4c0
f2b87fd3-1490-4f2a-84b0-58a8716d3231,train,7013b8b8d4ed7e0829ffc73a2a652e77dc563fe099d2e44dad0ad911322e8d9f
f2c71ee2-d079-4b26-81f5-71d085ce0d19,train,2901ba9a3ec18fda904a0205b824c23d1128cad4d05b59a8c2624440ac285992
f2cb546d-083c-4c30-a4ff-539f358dcea5,train,875f43e52c93d45c82be77772c070d5e6c05f37f7ebfc39d5453b6445521972b
f2d197d4-60ba-4e0b-911f-0207f34b4271,train,588ed68a2575f25414b6e2441cb35cae844e21e3552726266a9752f5e8dec569
f2f6d4e9-2681-459a-a82b-cc632493daf7,train,056abea182a323b4f1542e97b5538e7954ae14abb1beef8ce9404b80433866e1
f3008830-024b-4803-a391-c1b62e7f3c47,train,12fe042943c86c3fc56f7a4a596f66952e2d2939ab4711a2af3f02d6ad07e77d
f31113f5-de8d-45bf-b759-2fdb4daaf212,train,ad1dd2187ba644c30b745e9c8455020569f0d8e3ed4d217a04360514e234d6ab
f337d849-cd12-4d92-82d3-203dfd42a5b9,train,aa665361e32bcd0335723d5b9d65120627dbdcf0fb9c6c7a6a94b9a1df72665f
f33a3f0c-87fb-4790-b6ca-c8095929fd6c,train,723ff7b8b34cf3f3cb70df906f6d7616ebf2a69d028476fda1e2d058ca127008
f34f5bff-2585-410d-bb01-d92b7c32683c,train,4a4579190375f4116bddd04a0e7350d2552a74c3568ef2cc8a2d27301f8f570a
f359c3d1-86ec-4a68-97d4-6f0623090667,train,a33f4fc1bcdb938f17f4114e16625c7790218abd4c7b22fb0670dbdae851967f
f36be81a-b995-47a5-945c-e716b15d46e0,train,ddc8021e90fd7c284421b27d22e540186f11e3ffedc3c2bd2affb91c759210ac
f3752733-d13f-4d37-abb4-5be8e248564e,train,2c19ceeb20fb4e287380bdb2594c64bfe2c481d1994cd8c0fd6e97a434132b5b
f3815f7e-a2c5-44b8-a5dd-1ae91ae581b9,train,0e60364ac8e3d96b647b8e8bed18bfc3ac8e97e08696bb84f3495a7bf0c52327
f391f8a7-c13c-4818-9d06-0683151a37a3,train,d0e464a8bb034b34395e345ebbf6452eacaac24c1e7867d16c357a16decf5b24
f3b2ee4f-d33a-46dc-80e1-7eb10f3eb981,train,7504c55047c4f9f0902929c6380016b3024a4d11bb7c376425f18a23d944093a
f3bfd9ac-dabc-49ad-81c5-fb7daf035e6b,train,0f075d4dbdf2b5428ce1ead68d6f7e4ececb7e7a574b68d0ec723f07a9ddae9a
f3c466e5-917c-4332-92d0-e03f865cfda9,train,f98b468bab37c2dbf6e420d568b1668332766435478676c0ef8c15c18502b45c
f3f37141-d9ff-4fca-8b4a-49974cc1c0df,train,f0452e42d390b8129993e52ce82a51c50e71f0d5452483dd0c63a889d7a0bc49
f4063e79-1376-42e1-821f-3b9ab46c7259,train,07b9f236c6dea94cbfd23dc7b844eede915102415e0d9ba6e6c38c85f1523aa1
f40c1ed8-b62c-4a10-aeaa-c26d7688bef1,train,a63d075f137840035a0e6f2e90f81ef8932a7fbfa188fa639309fc3c0fe87e47
f40fd23a-1632-401f-b8b3-9fd254f851f9,train,cc75dc5e4dfc80b1b9eb678f18d9431d9ac1f1261bcee88f70d22078aa35a8f6
f410fbfa-a011-4489-8ff9-13aba37c4c84,train,79fed60dd13076e4082958a2a31d61fd6685eac3f71671afb772cf764859eee4
f416af67-34d5-4958-94b7-2b50a7e53ce4,train,a2507e291fe256359e90c0bd4ba4c3b0328fd849a9df0e6a3dea2f8258ed3334
f41cbfb2-05c6-4c69-98ff-729b34480d68,train,7e836c897cfcccb3c8725ea32f3e3f98dcc50aad0dc9a151fbaa517897af348e
f43e95f3-d2b1-4644-959d-42bd128c6c9a,train,e66903fab88cc3efbbc92e059a8e274175b20f00ddbca8595ac7fcafd406bb20
f44c745d-7326-47a9-bd59-5e5ad3794439,train,15b0824ad247650c8a9f637cfb693e592ee814e438295f06dae13337db40c2a7
f44e41c7-a290-460a-83d4-078bd1eb7e2f,train,6084c282e44a2f61b4207f78935bc87c530c98187c9a3a15e4753e575b010338
f452cff9-ee27-495e-87cd-f259fa4dc9d7,train,8facd8c0cf806bd7422f13d90b703eb7e45703c10ced5b5b4ea0b0f70b72a5bd
f45873ba-448d-48ae-8cb6-ad39b5e86775,train,5dee4e074f64358c36aae07b0acb0a220a3fb69e6d9267362ab6ec09e797b6ca
f4638c82-3808-44cd-81ad-b76d0d9819a8,train,d9c9e9a417ea34f7257bd79e0ee4473bdb6ccf291fc8c3cb221811c20e75d138
f46516e6-5c9b-4d93-95c0-fa8232adc60d,train,cd84427235a7b3db378db475f8ef47cdc25ff080d3e3990fda96cbbfed9ff868
f491c43b-4566-488d-b011-ff7bcc7807aa,train,978a99d008c3ef4333761154306ff3ac7cd9040d4768bd543e6a358c90b8d927
f4a310e8-731f-4462-997c-8d0a2cad08a7,train,4394145d3f786fa508d64d86b56b6704c026e9a14b3408f100370f9ae2cf9888
f4b94b5b-3451-40db-90ce-2be3f0f849c4,train,2a455433832981100b3b7387af9bf89e06d40d01ca49f6cfbcfb2ba752e2fdf4
f4c14d29-5487-4d80-bbed-1e7a174c73db,train,3919a61a606411017373b0ba055818832cde2b8956e7391f39b6c872ad05b166
f4d1ba75-b263-4440-8e2e-ed529da80f5b,train,c78172fa6c5b52cd682e2634406fa922fbeac3d46d373a5651db04df827b738d
f4de1027-f4e2-4ddc-bd52-ed48e594e03c,train,74b004f2a8852743870a5791d04844393f41f7c90e21f0434fbb82754ce32e1a
f4dee7bb-8d43-4ee4-a394-0e4b52e18d35,train,fda0b14d22f0e6285929e5348802efdae3579598387449bdfa7e1f4646fceb70
f4e07605-2590-493a-9267-6f18f81b0db1,train,26c4b3e2d7d260e895830230b964f6d3612b045ddfcd0db73146ab009bc7ff22
f4ee607f-6414-4f02-87c6-bbf2e6f28146,train,b6dcdc76a3d029733ca5f20d2215eebe7a9bef2a04a140ac0ddab6225f6fb1db
f4f3dc05-26c2-4cc7-aa95-f37204dabb0a,train,018843acd256a5d7b19698438bddd42ce02715c3b33215e9e93b0da135dd0813
f4faff4a-d335-4e83-8426-58e1a9d1e21d,train,15e2e80dc6ddfdf636cff0e51f98e157cfc12a4b51153ba14a1a1aa5f1060cd9
f4fbe67c-4594-4f9f-ad00-4fa65b8df440,train,b020faae8868c3129a244f328754dc69b769ba2c8cdd96f454a2d037f1f55020
f5038f5f-66e5-48fb-9315-f4866bf13c88,train,88cb1dc6f59f15ef1d8d04b2749cc132395e0cabcfe32d798024637a67f2a921
f51a3214-9964-4c81-8b36-dc6d87d4bf15,train,8fba48ab8fb7b2510f78a61eaec15a7d9ff7a7737ee59d55b909410a36c64d72
f524a92e-09d2-4819-a237-2bfe51b4cae1,train,5a7ca33c8ee4e985dbae5bcb16a4f33899f44980c50d5506cd27a56ee509cd8f
f52df970-02b5-4925-bef4-6513e052df43,train,ba3fb38df8c45a794d386bfacf60cf3da33305d1122b03dccba62747441c641c
f54766a2-ff10-4bcf-8e8e-370d138efe7d,train,40e437b25a522eda511e156ecf70d03fff6671016d40052cf1e06ff77707caf7
f54cd279-21e0-4555-85de-509b11959478,train,4bd1de7d0bc35e0152ea0081c39953d2182b406637ca373c1b3fc52dd31011b3
f54ff605-0af3-4460-b19d-19bd9d8af0ae,train,3d794a80946a94ac200adcfed810318c3a606b78b949eee9adbcd1d91b051067
f558ec38-d0f3-4acd-a7c4-ca3e1b85b964,train,6e9123d8909dbd2bd70f514676a06c199a1ef3e2af05b5e2bcea25f9098fd49e
f5667762-058f-411f-b701-c41e276829d7,train,17e54c74bfc6fc3cd8fae84e7bb901af0f307d5944276c67da0443ff1242388f
f575e942-f242-430f-a908-a4f4d8348246,train,ef05d842248ecf048560fbcde916ba9b0c5d4dcb13ff7e7abaf1dd7e1ce05cdc
f57bca45-4d15-4911-8a9b-e0d641cffd7d,train,ad81434544e648e0b4b4c6cb47b0e7f91b7aa15a446ae6649806638a23700533
f588275f-0653-4568-87a9-ef7c4b0755a3,train,f2aaac8e326efe42ae4993f93aa78ae32223297e5f4d801e2851432beaa4b214
f588f79f-28f5-4ab8-a095-6b6e7f9a6b6d,train,3f73195f0e2aeea7b4b69c03a2ca90dbf3e87f8bdf029aed9addf1d27f6ab3de
f5893035-54dd-4409-8d1c-0d902b938b86,train,3d88bea4c22f48ba2279568dc1cbbbb4915a6f2eb74516ed65a8910fed7305b3
f58c69c8-49fb-42d6-a62e-49308c6faea9,train,32e0b6f6fae6692dd6d1ffa46a4864d16aafd48cee2be6842c3bfc081bfb51f8
f5950815-a348-4cf2-806f-e87c084c5605,train,09dadf3b93a4ec0f23b1c5bfd1ddad2b0d8f182ed688c277338b20854051d178
f59c873f-bb5e-46b0-b008-4add4c9fec92,train,1f3e9153d12d7a84d58d73956b1099e54a81d5236417bab5a12625aeda43bd39
f5b68bf2-0a73-4f33-ac93-1a9e24f2e4ba,train,23438c6da8c1e389e66336693a9aff99bd8406ba090c0f741a86338457918b0b
f5bb8609-c823-4785-bd8e-fa0281485ad7,train,301eb4d62209217986531be954f24889a9da57f252c88475356f46ba87cf2cd1
f5c092e6-7c48-40d3-b655-0befee792048,train,beac9465dccef0509e8643f79b5d6b6cbefc78955f1d155b1b12577736b1bcc3
f5c41e8d-8a91-47fd-91ad-9ec395a2f2b9,train,b309a910de432f7e39f70e5b386c4eb35d37a7ec85ff822ca0442fc6080ddfe3
f5cdc1b2-a13c-42c4-9234-10d261989977,train,8c4a18157c21957177702f614613d0f72f0cb543c4bfc654b3bb716e72b1d83f
f5d247a3-07ee-4476-bf18-86ac537d8c3e,train,671230e397ddb2ed68d7761aa427e5217aa335a1a0d298cd38e5f4f0eb525677
f5d82f6e-2dbe-46e9-8e23-cc342241d1ba,train,1c619e7a0b4716fa8e31afac05ce370776e633436c909a7ad0293fdd96bff9b4
f5df5291-e685-4101-8fba-5cda871db686,train,6ee30ac5a8cf155deaf3a7b3416dae112ae677fb8870140b390ca5469559b80c
f5ebf73d-9a41-4fbf-aff1-cd86a310c94f,train,006aa914e6a048518e043bc5973ae9f3aa0a8c06f1dbb4ec9b8be1e19f3b96d5
f5f4ab4d-68bf-405b-8a8c-c9299cfe4caa,train,d67a37b5787654555efc7ad2021d362a2eaa156afc3c7d98c045fddcb5dc1e82
f5f95bd0-ef94-464a-93b5-275a4af4bb21,train,efe2a4dd184d3b0a99075be33263f547015d52c8df2fa6be74a89536d8957e67
f607a71e-9530-4fb2-979e-38eec07dd409,train,bc1aef4aea51250cb707897f792c83fd14edb46b8e08fc153cc7c7066c8aa0eb
f624f8c9-e6b1-42a6-8555-23d565f4e2c1,train,9ad60c6e5b5602931b91711b7ef3428e663424d8bc6023152b659f944ffdc15c
f62fb66d-7f62-4fe3-ba62-fb83f0bce177,train,318631f43c4788c458c4a921eda3b7b4d59a833324f0a05b1703366cd7bd1e79
f631640a-1ecf-4137-8c64-44020646d58a,train,ca8644d7dd5572b1d7e2a5880f23a4dc1daca667374a47e1775fa548fbd97b71
f6416006-14b5-40dd-9fbd-0d0f71e3dcf8,train,f42316549a8fab778b010d211c81a8d4b01b316a1e34fec82db4b875f80ffa2e
f644531a-5194-4231-8e3c-e95db00f7586,train,1b08a5e546bab141ce5cbd5e33c4cc135a79a3a9400abe811e726fd8d04560e0
f6446059-2a3c-4c4c-a66a-4ff2180aef62,train,ffe685eeb19bdc9a6b176c71d908d1ed6f33d5f174a0ad6265753541df2ffa7e
f6468302-45de-44a0-bc68-e7857292cf31,train,6ce769b21b9691f9881633d21a579fe0607a0a95d5cf3ab61ca831c6e21e76cb
f66a63ab-4048-4046-bc27-99dca0566cea,train,48bc7c9d06518190e055c52c4340cbedc48c6b578418572116a9c8441c03f360
f6738452-636b-467d-8fe2-8e5fd1f7424c,train,a1f7850ef1a33860c3dc383dc16838b5b13d2042fb282e56a4cb1c8ec3ad6983
f6799387-c0ef-43e7-ba0f-df4dc9b06b6e,train,d472ddbce83bd091f31f2b0b478f2ce4b72ac3b075e6ccd226aac7960f9a7d3d
f67a0f4e-ac07-425a-a769-a95d632344a6,train,cf8934017ac71be403062743631bbb1d8acc3833498a2e36f465ef7dffeb4c22
f68c7231-45fe-4ea5-b137-c11f8f628cc7,train,9b4576dc5aa5c9a0b5f7244d4f40e065735d3be7e5da5f1e854acd89b8339d10
f6941748-f38c-4e88-b7e9-2ea47195a543,train,bc2cceb65d6382a552a693822b765512581b7070558974b3925a3cbf5b6116cb
f6a5f6e1-eebf-44cb-9823-7b01d44160f5,train,dd46cb433e347ccbc1b0e56c221a7ba37fb4827bc1517002caf7964933aeb2a2
f6b25cbb-8d6f-429b-902a-68869434bd5c,train,92f8a6e05850275db794cf760ab72d18db1f4bd0e21ecdbdeab6b2ddb77323b6
f6b32ff7-f2f6-4d01-85d9-9f5288166868,train,8b62067ae0019c4b9c6f608bc35009e1e7dea746dbbb885c44318edcd4c7262f
f6bf0717-d22d-4fa4-92cc-65fa76ffdff8,train,cd9e4535a906f93f11e3d4191039e58652d702eb48976c4de7bf6c083183da3a
f6da8364-f813-48e1-808c-10c9bd49a283,train,9255852e9102b459057d571fb582910d08d25cad6978d73c5d709c76337c7277
f6e4afa9-8f2b-4f9d-a4eb-acccbf194814,train,46ca4b4f3021d107721d169090f2329c371b2df07078c11dec4d64927ee2150e
f6e6e8a0-8557-4255-8d7f-d01fa3c46ac6,train,5efbbe6b00326bc8d75a99382c5986db50ce456bf36316f990bd725e5e7c61fd
f6eaa3ef-1491-408e-a7b0-ab89084ad8b8,train,38479bd770c2292dca3d344b22f5bbc99d84e7eabd7ae200c9733bda924f9e5c
f6ee119e-7948-46fb-a561-b92174385d26,train,b98462443083e2014fabd878a9e8312779eb250980cb38e3ccdafab0ddf7392d
f6ee2749-d8a3-4ae9-a535-a18571da343b,train,8e7ad60a3c99adbdbad418251616667a918f9d6cb724af80a20f4a26d2a73b02
f6f3f317-2847-4940-9cc2-c3169748758b,train,99ee01ec8ea431ae0a0b5ef0d029d2e666d1b1daa3e79aa9a847e79c5ff56658
f6f51ccf-9f00-477e-8494-36519289e4f1,train,afc4a81ed4e2b6ff2d966d430be9414157558720a4d78d376f5c766f35eecc44
f6fae1f4-423d-4aa0-b3ee-fff4083b6deb,train,80f1ec592119e15407a5129eb04d33327778ea758169b428e5663933b996753d
f70daecc-83c0-4635-a9ef-8f34d55bf0cc,train,fe40baac1b0eae3341885e372a776241b991ef199ceecc9555d9e7a0901038ac
f7263789-f6f7-4036-baeb-d249194644ce,train,2a22a85bf9dab2dbf8c1654efc215808c71213d3aa603e066fba1261f7a978f5
f72642de-ed77-460f-8305-14bdf535fae2,train,48ea2e1651704d923ae8a495e597d9acbbf7c80648676e04093853034c452cfb
f7278422-26f5-42f0-a70a-6fc5853f0c5c,train,3cfb78de74496a84a2da16efe9c21bf7cabcf8d3adf002035eba41ef3e35d832
f73bccba-55b0-48e1-94e2-0b8a77e4ad55,train,4acf90e0b6a3db234a799549c3ebdbbcec2f95aead1b0127043cb29a310cef14
f73f419d-7c9f-4710-91c0-812e323283b6,train,34c6207a3bb0e83e14b6bf8f8ca8c9d4304be969f892c2d3cb2e36cd430a4ace
f74a2482-26fa-4a4b-a2bc-5bf929e8d7c1,train,e18f47efa86fe18cd4a4f9c671569567d55f2d219820ac8d05ac42c01024fea9
f7559591-92c1-4a85-ba64-c1e19a8a2168,train,2eee35756948b51cd53209cffd3f88caf929e8b7ca1a4d7fe330f2cb1700dbf1
f7674ee4-ce2a-497c-ad34-0f9677393726,train,1b8fe9f4794808adf74a976216d30a5e84b35c3263d81622f3c7eb28841663b5
f769d12e-1bc7-4349-b354-08d44d50d694,train,b29a8d2a1c3252a964484f1f4a3063aa9f0554770a01a96f4a63ebcc226a437c
f76b44a2-ff78-43a9-bdf7-e8a17f46909f,train,af0739debbc7dc1a80053efdf958deb2a9e4dbd91321daf3541b130abd853ced
f7717b57-8a51-4439-b36f-2a909a344417,train,4e0c5d2bb15cc11682a94b2bd0ac39926e6dfd2a406a80330cc2834a1212f8b2
f7a2cb6e-c354-4abf-8e15-96177ad65f55,train,5a88b7ceef5883dea87363eb9f142d0cec0e67cdf263bc190cc7200bf82adc17
f7a45381-cdb3-48bc-9c5d-25919e1d3247,train,de84915e218431d5909227b119179df77ad87d535d2560aa452209b2fc1a91f9
f7aae14b-2c6b-4421-8aac-ad2570e3c22d,train,fc7c44e62f3f728c836ffc3b44aa517947ce2b6bf3ce950899de094bf893c620
f7ac2669-d932-42e2-9c24-00fcf793548a,train,86cdaa6dcc2448e6ea9f0aa0db3fffebfb0c33ec0781d76be6bdd0ed6980b53a
f7ae7709-e4b8-402c-af1d-769f5b46b7c5,train,ae8a9f11d35137ec5a55d028cee7138ddfdd453639e8e15b249b81d2de29bf07
f7bec59f-0502-4333-a7d0-52a6def13242,train,81dec1ee330bd894760465c3831a045c0f694f0738f3450daaa4c058cd09f380
f7c18f30-8708-406a-83c6-5bff19f66d84,train,2a31ade951d675fabcca151fa17b66f5c3f7d1a92aeedf646bdfa5fdc85dfbcd
f7ceafba-67ad-4cff-88b8-204878d321ab,train,f3b8a6e77bc3c01ded09639d1d20bb43bd799e16044b3537f79358ad749f0d54
f7d87d3a-ea8f-4ea3-8b73-ddfa4d3802bf,train,c27ae29c9fb04cbfde5123eb035703c9fe916e64448b85e24d8bcd8d027c393a
f7dab851-64c9-4bae-9c06-5c3f66a5c4e7,train,47bba19eea8c88bdcd8552696e6a7e21c60de80d121ce20c891e5a1a4e3e622f
f7f07896-8546-4cd9-b443-b3665249ae69,train,d0943819deb77a36d4a538a6a48408310acf0c3451e0b958f75b555077f154ed
f7f16750-fb4f-4df8-a11b-adbb59da832e,train,bf9decd98dc07efcb2ff17a90a12b56373197e1dfea9989e09016c062e9794a7
f7f9d01d-7f68-432a-8d7b-fc0c73155c87,train,2f7ae05e07c9cbf53e87965ffb9a869c3e41e790d88cb4b9a6a13205b0207289
f7f9ff17-3b50-43df-8ad1-04b6cd7ef79a,train,3e92f9eaa58c77cb3d66ec31fcce82181bdfe645b9b069e2848ef004efe02629
f7fcf625-bc34-43b6-9282-93541863138e,train,db184b7a278b7c7998b8a0d7f599f1b09ac75e959780417cbb0a8fb2a8a2e80b
f7fe5357-3fdb-4fb2-8e57-83da0d7a494a,train,f634d19dcfd3cd61447a72ff84d44cd1022bbe52076f2f242457f8109562d37d
f802eaef-a15a-478c-9994-9933ab0fd952,train,4bc8f6186a112477ca0e6ab246a687f7518f0199822ab527a62fbe1039c8ddec
f80f7b00-8844-46f4-b04c-62269d365dd0,train,000819bde511e1725561b0f2e6d02817d2c6825eb53eaaa5e3de1a2022317f2f
f8134b2e-c41d-4416-9e16-374f16e9e56e,train,92a991244abd0f908c7307f177f6a69dac75a960b1904084f654b5a33dce88da
f82083de-9fbd-4e24-8382-6ca091d71bc9,train,b65e4f85f1059a57a618402609e460c9a860a44fa7b0602062e97a9a6d31aaec
f82dd69a-46e6-41c1-a65b-85c34cd563f3,train,6ae72e132062d580da55528fec72074644bde30edad1cb028f60402f7bde08b7
f8306787-30b6-4b49-b6ee-bedba57bcbc2,train,16f447b4231f0b11616591f567c9ebc32ef1bbaf70117ab3d043951ec004522d
f831f26a-f339-4475-a4a1-b28251983ae5,train,b44bc51d0d19f4d230aab998973d3eb6fe6a43ad285432ed97ba305bf2c1587d
f83be56b-4a8f-4f5d-a166-e9c1bd9bb418,train,a5a4ea382d423d28d1407c4dd2d16c6554ac1902227a709be4aaf4f9febd84fa
f8461583-7589-4305-acf4-2282e0b1087e,train,f768b86b1b1c731465ad20a7ffbbe8e010c2b669db24e478bb23a322a08e1a33
f849fd0e-8e33-42f9-9849-5c2915df3320,train,799da1a22ac9676a070f06ffa834f2c3f0f3de71c7a8e35f4d2c6691dc1acb06
f84f1007-67ea-47fb-b270-d56e22adae44,train,1684d7c89b9d4888cbe5d2325f92cac876f4e90de26f930bd9c01ceab331069f
f86528ed-350d-4c0f-ba03-882fdf3eb0a3,train,1fecab8e032d0bb7cabf3d0a2f3786c2bb1cce100fc995789241dc2df05b2650
f86b4b87-e278-46bd-a429-e01ba50d39ae,train,53c8ade5173c132430417f341a508ef7032fc3e0ba31ba39f515bf81a9e41cda
f86f7df6-e84c-4420-82c2-f997f977cc39,train,667f03b2894a439e896203df4da96e23284cb76ddd1c49feeb31b37fa28d1850
f87c984f-06af-40cb-ad6a-9ee2ca74ca5d,train,f3141f5a5ddea1d5706e09aef5abf5c39f9fe43366a4376a3252ad6595bcc273
f87e8441-7684-4405-aa15-856bbca86cef,train,9c2f59204b8c25f79318d86065e4e1c7c662025dee1912216b0f06fb9db5665a
f87f4d76-03f2-4745-ae3e-6f7b0f7bbafd,train,3c0b8ae97ac08c7f93bf58acc983d6eb138efcb539fa703bd110e64752b1f018
f891f28e-7bdd-43b1-b915-de7d95908c5a,train,c8e5acbd36cb42800ff0f8e704202c6f2a45edb6110daf43e43cf382a3736b9d
f8926bed-9358-4722-8dd2-1d0a4cabdba4,train,faa54aa91bacda32cdd19b261135f47438d5f85e37746e47c6781550a317e134
f899b041-5e2e-4ab1-9cd1-29bfb5a28270,train,d09a04ec12f5cf12e38c61b0f77ce1b46221be9cc6c4547210e8fc86b273291d
f8a7c9d4-f7dd-44bc-8c9b-49056cda57a2,train,dc346dfec805d41a4a6a9ddbde4d145f6c3025d647cc13103ec329a6eff4796e
f8a87709-43eb-4d9e-9e4c-1951f6ae0613,train,8d4b7d60d8a715beb8259e6e5653b16c8c53ec209b53f79883d7b0570f29a48a
f8adfb36-b765-45e0-b36b-4fe5fdb9c7cf,train,670553c8e63eee7c5d351c0459055f97ea0c62fc89991eca79b9e4b173970a5b
f8af0c03-ea2e-4c34-b18b-32a7cbdb46e0,train,1f249036a288d5107c6feeddafe3c644cd92b99895c16e66d6f7deb8f60fada8
f8bcf945-f670-477c-87ee-1efa54142cd7,train,8c0ffe225a32d88e1014194242c00151add70281d91a0507629a1a7f44226867
f8d27490-4666-4be4-9209-da7ced0e8b09,train,3d7768149d48a05b1977fdcd44af4e479db136152919b6abf709dcf03b4bf613
f8d9c08d-3cff-4647-8656-13194ec6613b,train,34e65b0b1178e77d8f5cbcb4128f28b1e34002d5c3b46fc62b80157958431d42
f8dbe073-d595-4ae3-8b2c-83e15d37505f,train,10411f85c53bb8d878cbf95ef7c542c92e0345d7a404942d7626d4ce58241e88
f8e17e63-21d3-4ff3-9a20-3b71a3aec906,train,497618833d97dfa6b2d0dde58864f471dfad835a6dae53d8f24b2cf4bb2cb599
f8e3e403-54a9-402a-a5d4-2f59d6ac2852,train,24afbec50ce2b2671232292ea1cf9bf0d1825f6c7a4796ee080b2f4605f0f58c
f90fbc3a-49dd-40ff-a1fb-8d27df90c7b5,train,eabdcc709eb9f8e6a1fec59106aa3c6df1813aa64f325c3c851be3a39a9a716a
f92535ef-66b5-493f-a348-df5ba7add651,train,0425e8b0d7b5b63052220cd554ef9425d4a3624cc18e15cc2bfdb03c6909e077
f928f4ca-34d7-41ab-8b76-8e816bf050a4,train,5c9b80509fed821dc2b155fe9477057dc537d7f25474b450e3756100a23c9d61
f94b0553-a3dd-4b61-9bbf-6b804c913cfb,train,05ed8bfb52155143cd98f63955882c80ebafa85fb761b9f0ef27cfad4aa3fa36
f952c6c2-ca60-4558-b5ac-af06842648c0,train,558ae3630f99c3ababca7c123d8e7d8cb9d54e9ddeff80972c8ee369b96db90a
f96666e3-42c3-47f7-98e8-4362abd295d3,train,2275f97f0e09b748736a29e321dc78e06e3636f3427d2b3b1506744c139554fc
f979b0c6-144a-47fa-9c9d-3a1a7b64977d,train,bbfd977e4d06d81c6b52ea75bfeb3923dd1966b0f74f5d98b73b400db58cb47b
f9869c86-759b-464f-bb58-6e1519c8d09b,train,e1f2af70de5a684617e809e4919c9052757e1589b688e41f16bc70d8ed33c742
f9975130-e8a8-446b-a165-889d2d6e29ac,train,4627f7293aee0709e01f6cf57ad2e7eba68cb48402a23c22fd0fcd99b14b5cf7
f9a5640c-8827-41ca-a580-13bba16e2fb7,train,bb159481c6a5f0bde255665b4f2b050f3d738ec3fbca384dd8ee2816de2043a6
f9a759c2-18bf-4ee6-a127-da7257136bba,train,6b5fe5d9487e593e2ed0158bd55c4a0ad7cb6a7071778ea91a73ce3d99b1064a
f9ad30f1-0cfc-492e-b805-5d4ab4beabed,train,53938c62eb7f67c4d32bf0aba64f884a4374ecb24b6099a98ad6a6fd61dc12d9
f9ae55ba-1484-4866-9db4-729462331155,train,c7c721417a7b19229daa18fda4ee069105751a056da660e4ea4a19ae635b849a
f9b2f5c3-e507-410c-819c-299ba50a119f,train,b47766213d437de739d02dd3e832d5af1e58c2356e2e973805332a362ced39c5
f9b7ce18-c87e-4308-bd7e-bebc23995426,train,cba77baf7468c89ce56a8bca1a02f6610ed02ccc004cdfdc60669097e257418e
f9cbe185-e353-4f64-b70a-63d6907a08b5,train,b15e224718f99f585afd1216e3e658b624efcc9117017f0a8e3946ef04f842c3
f9dd7fd8-bda7-4fb6-ab3a-d1760f288810,train,cd5eb532165ea810462c24f53ebdb89788951da2fe19cd457b86a0dff701547e
f9f8dd64-5fed-40de-b97f-58373946f54c,train,8eb2e84f79eed04709ba95798256dcb349a08db1fdde8703249aaa498836bcc7
f9faea6e-9a85-455f-b8e4-2934f9b3157d,train,5b14e83dd52b737e30cc9f83cb1deef6a3f470a055c195e631d7ecbb4a8c10c3
fa0a6b2d-4508-4170-87b2-dfdb0a9dd81f,train,5d654002bf1593198c9a560b563772ba57ba1d7830af531bb891001afd6c2bb6
fa16de41-ef47-47a6-9864-fa94421c9cd3,train,5e3b2dbb84034eb138b84f5f3d8365377b0f7f394a0b712fe8defd77b452a764
fa2283db-c6d7-4a95-98e7-dd23ca2c05c2,train,501bbef196ebb7f03af026de455a8c811a9b38f34f71233c95411dfe15f975df
fa228658-9a84-40ae-9f23-db0a09d78834,train,1715f4c1553e7c83aa6466acc5762edb43dca2817e36b7db71ef8685d3806893
fa243935-7115-4bb5-8059-e792e5297d22,train,0a7d96e319940101c46452a933f6f5b7a9761256a32f8ab039eba6f40d5a5a52
fa2bba7c-3947-4523-bb0e-33dd1cc9afe9,train,1a593c67ad7edeb4714820fd7b2679d371b0a6e7a52150ac5d3661ec82219293
fa4fcf9f-97b7-41b8-a716-a4e9e0b14cb8,train,2990865ef3666fa819a41dd4bfdb9b9d35d0e1475e532652bc692fb3fcf64671
fa58ace2-96dd-4bf7-a3f3-d913b1508bad,train,31123d5a578fb6ab0f9ae9b81eef1a5f4dd281651903aabbfae017334eb53c13
fa83b228-46e9-4822-aa1a-6c372add36bf,train,73eb18976b43af74e5881de86ba87e6ad70253988970d7758932fe18b1355c11
faa4fc95-8f0d-4552-92b5-345ccbbdf8d5,train,30de38bf3fec9d94ac5c658f2c8170c5d6bd8be0fe8b532b38e3629fa74d1a66
fabc3ec1-7fd8-428b-8f7c-3901dbb5c8ca,train,137d3cc67da2958444078b129a7b95eb424837a950b0b7065ad73fa318bc99cf
fac13225-93f8-4da6-b152-90bc433a7974,train,406797ae34e082f372ed13ea7fc0999c4d05ee01e2d18c6f7ea39b61d7509c31
fac84b64-694b-4228-9222-843de73cb875,train,6e7a172f104dfe7fcf0ffe3fd6fb138197ab4254ebe0d368c884678ec5df1a8a
facfd662-c425-47fb-bbc9-7794fb0837f8,train,92c8c8bcda0be989de0d7208ea7faae58f72153cdc8e0c30d23fa6570d5f7e3e
fadeeabb-bb89-4447-be1b-5107f01c8896,train,65bfb7336b0dc09e736008d59d52cb59ba4fdf87fa958656e8a2f9388b03b967
fae0885f-87e9-4d81-bb85-2c28f4629999,train,5a42c29db81dd44594499713fa798ef5fb12836180e8e64cd931bb8880546132
fae20e9b-055a-4908-b80c-d32ad7df6071,train,a36a08fb4c02aa3a9b1e6af87e97137bfdb79b4db9f2746dae925a965cc82583
fae5d552-daa7-4b2a-8448-ff23f6975e5f,train,c1917bdaf24d9c954617fc982b7ae871d4b375ad77d2c3064ec89d69c1fef4f6
fae72139-5f3f-4d37-8feb-434b7ea73f5c,train,81a5cc2756c800993a6ca7b80fc55e368c0b15801dcdbdfc2cc03358ad16d640
faeb023d-bdf1-4b0b-b1af-d08ce46001f0,train,7e5d10db62cb8dce74b378467be1ef607e594fa1eca8c33e42f85e5f2494b9f8
faf1d656-07c7-4606-b2ca-b437abcda93f,train,be33256a8280bd0026896b27ccd5a84a2fa9f1f0b2be339b45fcacd38afc7827
faf584fe-d1e1-403e-8bd3-f9fbfaca43a5,train,a8be24ac048c1e90c6102f30407104499ec697964eda8efd44d4ac4cac1220be
fafab61e-11a9-4cbc-bca7-b2deb2fca540,train,403f7bad6d9b1d02bbaf18da0726e2c8c3f5aa65894bd8687032d2fa30817001
fb0b63dc-55ce-48d7-8457-56d7356cc21d,train,1e07bf1ef5e8a84c5e21a45b0e5f136d49df4f962bc994c85e37ae4507902ec4
fb10385c-c5e8-434e-b316-8f1acdd6fbfe,train,23a9f80dd7f55cc0493324ebc8b559bd825270aef02b3cf1984d1134614d68bc
fb15d226-71ee-4483-8351-0d6d31dfb92f,train,6b7c0cbb52ae13045046fc3425de2103ae19b966d05396c8dbb033832d089e40
fb1ed50f-907f-48f1-8d10-ab8a003c28a9,train,96bd51ed84077f47da312313d6fcf1a27224663b29e7612b56b690cea6cf44b5
fb2c5186-3ccd-4f60-9297-c89d06ea7857,train,a7a8249014ed47e6303dfefe743e5fb7d650c63009e97724bc623dde3f531368
fb37003a-ea1a-4b1e-854d-4b89019ee4a8,train,1c36ecc107625484ecada1dce6a90fa5009023d373fea4e02f3e342517211ff9
fb5ba2d1-fcb1-45df-8f01-469d061f95c5,train,e88ad57e98b76849dc65e1d861ea2c4f0e58e64c71b40e60a7c06040c0a00ca9
fb5d47c3-5576-47bc-81ec-9a6fc31569d6,train,c83bfdfd0caab323e75a2b6715b086ff941c3fe74ce5b6c1295b76a5bc8357bc
fb5dffc9-6cd0-41ec-aad5-5851c188bec0,train,55be3b4f7fe9a381a1a01c53b120cd15131a7849edaa6ff080721289a584bcb3
fb6d3d56-ca0f-45fb-9ccd-0b9fed8890c6,train,fe43a5928c80d8bd8d5194a3eeced0a4c4fb3243d287042b2a3a69d74a8117a8
fb84c4df-0de3-425d-8d05-df0b6f10a9c2,train,f99fda417cead768286a5f4051215cd8e4260c56e291aedb67c2558639273163
fb8caa4c-abaa-4405-84f6-af2124ae610f,train,db1382f80af18002273d151110b33a0df4b65372ffde7d45c93c4f29bd404b86
fb921586-455c-49eb-97df-bac13f89b71d,train,3e96c477d96ffb6104960e64e88a238744af18f19af5e32fb2e75db360b79350
fb97a937-b4df-499e-bfa8-70ea4cbe2163,train,5ba96eb0f2330f915c6facfd337e983ca695cc2d75ada908fdb6888b4f292ed5
fb9fe21a-d52a-4918-917c-6b1b5f647a7a,train,520282e948be7ad0bdb7b963c64f0d5a9f095d1f11101557f51bd72b8ec220c7
fba32ec6-3a9f-4e35-a364-c8c82664080b,train,49265b5f11ac7f5e8ba3c54b39b17fac10acde6c077d9033d59a5013c7a71e18
fba438cc-6a2c-4258-8bab-dde3e02d39a0,train,a5276c1bae7cf767b10c615b5b2c4a1e4d4260c2e2563df6fa3fc38fa5dcece6
fba6a72b-37e0-4631-8f3f-db5c254a8059,train,7f16e2fc53d411cc526232d8e82b7752de2706bfe67e228a2f40f540293fbd84
fba8e653-1c9e-4bcb-be6b-a9ed532e5328,train,989a1629a10302370d60618f9e500f47a4d06b62bb23557303c00f4056af2674
fbad25f7-cf75-4560-aed4-85a7d98a7104,train,0d28ca24d85c01b344f33fb2edfc630480ee62425143dcc16589d633435d2576
fbb930dd-08a8-4328-b43d-285c23f94128,train,62286d9e2e666c8e5df373e97d22da9aa9509d4bd2f2e77cddb39c09798bd2c4
fbc9496d-5fb3-440b-9efa-bbdeda5576e3,train,5079f0db0f7d9e37bca58671efdf57679ff4990f8dfd047d79b90418c080fdd9
fbd3f2f6-ee35-4bac-b779-e8a205ca94fc,train,dfa21ef26fcafb74d1ae3589ff3e8b57c5e4ff981e62deda66bdd023c225cbfe
fbec350f-de99-4c6f-a8ea-924e1241ff7c,train,aec0d2268c77e2f85e7aebf3683006df2243e2edbdd08b357fc6b563788ae9b3
fbf60084-fe59-4b72-a272-3ee59dfbf629,train,3f705edc27c7ded8a7e567f384cad4c95b5d4b3e9c8426746e600b4adf533dcf
fbf82b95-12a9-471f-96a9-511e71d2d047,train,46f84852fe8751c652891d2ee8803dc20d4731646a9b3c5ae6d435113f1de85f
fc006d45-9e00-4e36-9278-b8b9db566850,train,b8d4126a9a117d502cf51b8f068f3baf51226206858054d92777cd5c7954dfe9
fc017342-4654-4568-8a3b-036ce82a99df,train,4ee4a9ede1aaabe8d40d66852bf1c21100059bdada2470cc84e12a5e8c760004
fc0363fe-0ec6-4be2-8a88-146c6dfbca04,train,f1bb05e1b9a93121744947880d5922f84770f819d56667bdbb090d5a014a6d71
fc050a98-9776-4c48-9a36-772568d63b27,train,42d6e2ed7cd0c50886ae073a245968c9b3d0631924f62c07c969ee098eb4b13e
fc0f2c2a-857d-4627-a694-49733605e305,train,0c4afd70d224ed0ec4ba804015e426d30f212d3d5d429785edcd25cec0048cc9
fc12690d-63bb-42b9-a887-4c09418f1c80,train,86066922ca91f21a090429e8e9641de88159fdbe8ce911477753079aedb94296
fc192e26-cd3b-464e-bab7-c070f0c58b27,train,047fa02b0bf925124668809a1067d3540e5557ab64b44fe630bb0b659896b009
fc1c9d3a-40df-4f67-94b0-8a3ec84f6542,train,4335eeb353e2118b21b3d42162313c2a7e276476887a9797d8096a44e9c2a500
fc34c816-5f1c-47c0-a8e5-d6753f2693f6,train,68d5bf1cfcccc9b76cea6d8e94ad8f49c6e1505e74748437fe6e0d45a8ac63b2
fc35e18c-ea8f-46bf-8745-dd675d6d89d3,train,64de3d5695cc6d8e76c610c3df3015861d21259e99ea5100b9a2ae4e22f6f1fd
fc421405-669e-4c1d-a6e4-f6d4c4386724,train,f0edc466f710f23ab6e1c72ba271e64a15e2ce4bb74bc5046fb75a82f09cee9f
fc48d4d4-bd12-4399-89b7-1d615290105b,train,c95bf346cd27a4e7889463691bece36b413e0ab9bd8330bb04719264f6eb6d5d
fc4f2333-423c-4310-9a9f-cbd3c28e3274,train,a2fb3b32cc2b559231c399a2a110147d2107effa6fee0634f5b87a5e7929aa13
fc506f75-1a1e-4fbe-a3b9-6202f144ab68,train,ca40422af7ee4ddc8abc85712eb18e3d2d7a1728a6d8fce015435e0de62849d4
fc533194-9d3d-4679-9744-d283b41e7100,train,a56adc0ba378419e50ceb6620162dacf62bc3dc9f773a62a619036e7acd99377
fc567f00-6650-411c-9c77-f3ef4d4c9189,train,b74401ccd329564628aaf658426d71d1e516975d6ca2a2abfc734104f1f6cf4e
fc5b9e3e-1aa9-43f3-b990-4ff41f0ecc1e,train,792c2fb95e893c659a1a0a199fad5afc6c10991cd920c407cae5a0db028fadbd
fc63314c-8e4c-479f-8636-92d16612c882,train,d61374770247432069b5347cfcdb1f5b217a1ab4361807862920f972418b8d36
fc66de7a-a3f5-4e8d-97a6-1f42f4be618b,train,92c692489e19e9cb15a4e6a8a13b1d4f763dc26545ce8545b3c67df701ba2d9c
fc69d567-7cfb-4ebe-8b3f-44c4b38f8b78,train,a8ba1907696212d9a174e66b9fd7ff2af0d9ef19a90cb43e0f716343a2ca8cc5
fc6b0e87-d468-4ea7-b123-fa11f3e99282,train,65259d9beec2950507caf47c52924759709d727beafb950584a2229f9d398183
fc723354-b5a6-4a2e-b92e-1b2e7cbb62e0,train,8b0f80cd0e4308ce7329aded66fc6767441e81e3c5281680627a69a0604d4fb5
fc76d7a7-721a-449a-82a8-1465ddec727b,train,d9943b7496ac8b046b897cb684215f3cabbefe3553be3ae7f8fb6720667290c3
fc841e28-7266-40c5-a8b6-3d3179bb825f,train,3d811b8dfa553f75586c57e231657b8e5cbfb4ee77453b581bbe90356c6919f3
fc906700-6f32-4386-b73e-741d6b6da87a,train,801dd9be7284a8db9cc041561faceff9095dc26b2b03cf8d5ed547a7b3226135
fca3d9dd-aa30-4ba1-8d77-f97a67bc2d32,train,94922524163d51f20f97b48c08f85ff38c32d0ce9773c4751c7a6fcbf8803913
fcbefc1e-9582-441e-a520-097a2a2b12a6,train,26349e9a853976989d7713d2de97f861451efb072603f0ede56016cbcbbc582c
fcbf4cda-c1c8-48d0-87a1-6b242802f18b,train,8ddb9b7e675065956549d19f65088b7cd2e4ba2dee2b5e6b5cdea908f6444801
fcc17d1b-7315-4bb9-9917-cafd951e7f38,train,3d87b7515c815ab86c0b7ec50eee13b4f9d08103d44fc878b3680157db086a37
fcd59d57-8a21-42da-a4ff-c6fd11835ec5,train,3cd61a3b26ac5ad343a475273f085bc7aa7c5fd1a0bd76aef2041a7ef9d84310
fcdcd8e8-a8d3-4cd5-9c5c-a8660c12eba2,train,672cce82bf3c1082b791c958fe02966ed8d7b0d36d3a86b9513d45e5c5447770
fce54b51-2e13-4324-9a05-15af27798ee2,train,101f39161a88f3d6e85814a9e33c1b982edc3dc42a82a8773593ccfd2c479ee9
fcf1076a-9927-4d7d-b2a7-110f843298c2,train,1a868e307055ce7ad747409610f8bd003ce838d2906a2c950b565769ab00a457
fcf8030d-eacd-4118-a66d-8af1a1fbc4db,train,da55fa23c0d35dd4a61719d3158e23534990c59befa86f622f36b3fa043bd586
fcff5736-9740-42ef-bfe1-ba3db4ce7687,train,1e8c8778b3c7ba1871329f55211163c088c6d39f6c1f61f402c773f1b464998f
fd093036-f735-43fb-970c-a5590f0b62b5,train,fb126dc323fb90cea2373ec767791adadfe12f4a80e483e7a13e54a60830fc41
fd0bb0df-fb45-413e-a4e6-52880f50e586,train,5a1c0f643f7776638b16349d9d5e4903a13f499e210fecaf97c7b94599304880
fd0c2722-cff9-4d67-be22-16b3c05f53e9,train,a00ea36a41d0a68590b0557651c7f7f0aa9c9db7b55214c0b08271147c6a2783
fd0e0a67-1f66-4401-95b4-119265e0f95e,train,d21e01930aeebacfaf9553d91700a012ea4b50a3757a580728dc5469597153b3
fd1f3909-2987-422d-8dc3-ded3a6afb29a,train,9194906228090bbb5ae13d67570c011dacd8c639e67088f8f0cabf8ab7ad15c0
fd2ff980-1762-40a3-b4a7-a64f8685f094,train,b49a3ef63ac6252dbb4875d34fc342daaf98251826e77a2138761651df7b7377
fd42a8b9-5655-4139-8d6c-d0b0bd61e817,train,79af94f034f161d46723129f3178e880b237d5660b90f86051351b9c3e688f62
fd5ca0cc-dad4-4185-89fd-aa6388fd2d00,train,0c5033343c23fa2cba79e233b57f13e90b37f7bd6cf8c6c5385c30fd0ea3d0fc
fd9e8b3b-f8e6-4c44-9ea3-95f4a1e20182,train,fe69844a1530015fcb267b6b9ddd894c226a8d7ed516b06b7c17f8ef763a0662
fd9f785c-af82-4f16-9005-9056f94853dd,train,912ffc1f6280ce3f58427ca4974dcf81f4d111268643ca94a1a9564ba55672a3
fda3ffa7-448f-422b-8746-014d20787a06,train,6c5e688565e1fd470927179c76fb083bb2f746c44d03cc9c09a977c2ea3d8d0a
fda48f34-aac3-499b-956f-19d59f7082e4,train,7d718938bf7cfae234abf160607f263a5b818e094f52617b93fe3c6219e34579
fda5d74d-a52f-4ca4-b9b4-3a02f4d89ac6,train,b16a76456ac62306d46ff0855cccdc450272cc8da73c3e7d3095b27277b5e87b
fda9394a-3471-4d05-a413-b8740c358590,train,5740a5b72d7e72f0239c2258456dae511cbf44533f0f51c85e1ee170cf6aa7e3
fdc6c82e-b661-46d1-bc7c-16135c690071,train,06760f2f014f8d14e3e819ae7d1267e61657e272a80d95f55b323b0ac2058ac8
fdd55241-10c0-4d9d-a9fd-a246f39b81c1,train,6a5699284b87677e2e314788f61fd78066d26af93463fb08c99a74dd7a577a6b
fdec8ab8-44f2-4dee-9566-a0d08e83f84c,train,afacfadcbf07e17c87e8ef0e9f2a4cf9271ed1c0d9d94d0e284512c05476b14c
fdf1f25f-da1d-4489-84b1-c27b59c8c511,train,991486f9997935104b393bec317b8b48204d3597065c6aef523a271762c6f776
fdf3b9e6-460d-4cf8-bcf0-2f8b698edefd,train,858587a750c5f6ad8d43e598383547fdd9d63be52c285243cb91845d467af0c3
fdf9c7ad-ec65-4fe8-b5b8-7b23c66e9c1b,train,1fda421768db6182372fbf79331c506b7273ff2eee6394c5bdff064756f94dc4
fe0440bb-5231-4be8-b02a-95f3e4cdd5cc,train,4877501e10dc701dce96f044f25f41ab0b0b05bb3dec69dc254ddfcf437b3d1e
fe095a90-4168-40fe-bc1d-aac638b72d65,train,87c7e039e660117fa46901d4bf0414988cc9033b6089e93356f656adf4023255
fe0c0be9-cdce-4ea0-b53e-1a6a4b95d0c5,train,7bf3e44ffc1c98a151d132954a708577827e61aa36bff24f57c77a3205c9303b
fe19559b-1c10-448f-9e39-cda80172e166,train,717a883a2a5645db7a120fe2c798970adb7821640fbd0cf8a4f80c8560c8a30a
fe1d5459-e17a-4db7-aa71-49c1ae7af1f9,train,8060298b0c94620ff05e4154e1c5efb8927bbdc31627456d4da29b7c9e58a0bc
fe206004-d900-4a71-9cfe-498041c960c2,train,93eff431d9c42fd30b5fffacfa9a430320b5ee8e3509b9530ea426184327388c
fe2bf851-d668-413d-826a-c5effb5be9a6,train,5e14d35763b81284ea6e790f881c47902b20469b4b6cdef079d01f3de6eafac3
fe3934a9-aa9d-4679-ab6e-44d18b7687ee,train,67b1cfec053290bf5272a0b799d6500dc75c40f9a1ff6f87fe009ec270f15280
fe3976c7-d26d-4c21-adba-02b59a151167,train,30869765cf0d12e3f473178908eef98b32fbe135290db360541fad3125e1c279
fe44c893-b384-41f6-af8e-ab5f76517b2d,train,d88e3830b92496ed137df6367be2694b2c258959fda25714351520d2c85572f6
fe4ea872-5a72-49e9-ad1e-c639a0f73836,train,5ca33ce00602fcffe7edc24ab2c27f84fbf313b4337ba21adfedfd4f3a510ca7
fe570bd3-3c40-4ac8-b916-c408712e60e6,train,6b72e1a8e6145a1f82db7268df330368711388c41374bcbb2fe73e73e89cdbbf
fe5da306-68e0-4e0d-a6ba-a00133470007,train,d19aa902dffaf520ea4bfa3a8694991b02b80b903b77970e88e149b1ffccb589
fe5dbe35-a74d-4860-bdf9-b3142bde083e,train,30a23f586f0b9054a89ae961a6601a998e24da5a7968f6ea18ffb3ee3091c5db
fe66eac2-d2f7-4d33-8774-5c4689d0e723,train,d74d9416d85817e7b1bcb3eadfd57ba89f43bd6f4fc8cc0a9423598c24b6b454
fe7345ba-be41-4cfd-9af0-8a259cfb6bb2,train,83295ba53ca669dc75cc68466fc07cb44a59ea9486a9f7e392477b2f63fae772
fe92a81d-4111-4d55-830b-2eff62718a74,train,d8d71a4b39c55ad5e39c3e0040590649b04baf0631c5f95861062f08d1f85c01
fe9e0671-baad-42bb-b938-b2cb57ac6457,train,e310a42800596093b5905e021cc2e073383f1b1a89a3b81c3b32785bf9929803
fec8a832-7d6a-468d-bed7-096382589715,train,439df8677b71a2d8b51f8b67f751d9f62afa6c0efbdddaa53a1e515d5914186c
fed53a3a-7c4b-42ab-8b8c-2768d4e36922,train,0648c73c4d9ad8b390384d3655a848ffbd099c1801b87ecfb098a296164445da
fedf70ed-ec7d-4d40-9fa5-3152b44ed661,train,6f88d285c209d2b7d29dbfa4a51171717be407b396b0c91fcedcc551fea39659
feefba93-91d4-436e-a5b1-79b5677894ff,train,0a8ca815bf3d8311a544e76316c07e7ec55658d84db4c176665e9e28a47ee95b
fef57e66-87af-405f-b65a-93fa06255413,train,de96c21df02683dd06f770bdde538817841e6a3698f66533d575ba0e412d162d
fef9d8ba-692d-45a3-8574-ffe42fea3cc1,train,6dbfd773f711589ee7a845c10b1585a0cc176c2343952abbab1d2b1d4fb9846f
fefd918e-989f-4cf9-919c-d96c20a791db,train,db6fcde953120860238a8aa57c368d7413bdaae570cacd3b49323247b4fddb3f
feffad6f-c728-4f4a-b38c-23f9713fbc2a,train,bc80302d779033c8711484fe6bd6619a6beb83b8a98dc049cf6b80d983408ea3
ff0d85d5-d529-4a4c-adce-330164d63613,train,000e2bf7ad70b4d048fad1faf023d3962c77354fded134c02bb63693ddf6a96c
ff1e37da-77ca-4ae3-8a57-ba66818b9e70,train,502fc8425860ea9df93ee4c469c6ec674551ef442280803ebd0375ba5b951096
ff26c979-e362-44d6-9621-f84f4d00bf51,train,1bd449bc360da0d67d27568edd382956520f2726907ba852652c86d26067a6cf
ff43950d-5e83-4a58-a54e-1a23d3afbed5,train,f2d8258502fb5afe25dff1c831f5aa1eba8137cd3eed9da74e685a53c07e09f2
ff5db22c-0431-4395-956f-eacee767bba0,train,319f275a9bb0acaf5fa06f4562e5b10ad9e224c36bb41aa8de326ac95879114b
ff5debef-5031-4207-bfe0-82f9d7059f0d,train,2d9ad03c9e1322cdbd0aac9b554c5aa292a60f0c50136f6b8c5adb6114f40fa4
ff6557cd-82b7-45c2-aa81-f2373f593980,train,d163ed832038d4cdb72ae3aff4a8984cb7c5180bca5bd06c1f6b6be6f9eb51f2
ff71ca3e-28d8-480e-b69a-b7e483847a83,train,31076c7b840768a09cc822d6a8e4d8272b0b7086e6ebfc76f93a3eb1dbe2b770
ff964d28-6ec2-493a-bb4a-e4004ed8a9b3,train,0ffce0ca89224b009addf91af4a4393b674e2d6875184561fb0ff1b1a98c2b5a
ffbffbe2-b86c-41e4-a7a2-4a70f7d5ccfc,train,8b425cf03628875df294b8070e9a266d1e1da2a6b5f1887cd8ed7ad595b567eb
ffc05e5b-f5c7-47b3-b199-08bde7ab961f,train,2c02aa85bacaefc7bf9b84939b97e40b251037846f25dfe6c0ad0b3e4926d224
ffd230a7-bd64-45e9-ac90-c06a12f81077,train,d06079bfb06a9765d212b70c63cceb109a4931d60409f13105d5c81f665c9de4
ffddfed0-2ba7-4a17-b032-b741bbf8ba90,train,2733bff74120bd36a7eb2b3705635e2fc351098a3ddfb909d6a34dd678c10f11
ffe07546-f3cd-48d3-8e6e-ed6dc3a89008,train,603f33a8f3dff11bb0178dbad677ea7bfcb2407288c5a2b32e1511d39e8f8cbd
fffa25b8-ee90-438d-996d-71a5a9f9166f,train,1f370f97ccbdc6aa820d9d332cca0937c97ed069225c014e76d443744f40ea24
0024dc8f-a2d7-4556-94dc-6b4b0f46ca0d,calibration,4d398bcf61bcc9c0849ba71b758f0775705a8a81563168d88128ba5b27ae7d26
003f01c8-d5e8-41f7-afdf-12a1bdaa1f83,calibration,e94befd0f910a8a670cb894b8d7a9a8917eb9e9c350b78d20398c5d30fd72333
006351ae-ddd7-4481-a956-e057f12e1862,calibration,ac8fad21bbb6cbf3f4652c2c32a8c756851f7959f8ca5ebe10aaa60165fe7547
00926245-61e2-42fc-906b-74a5b4be400c,check,10087629d1b7e3e8d85d02367c0bfef56064cf66fc5189412b1516321a3403b4
0097f843-e0d1-4db6-9665-fc581172faf5,check,ca53c004bf9dafff134963b906388d26fb01cd9278e5f0f1355271f373f14db9
009d5025-bc57-4f6a-b6bf-42c07e10b612,calibration,53902444bfd90658e6bef2e86a8cbe06e2777955d8b5ae04cfb88aeb9d6430d7
00a2796d-f862-4fe1-846b-c3e0761294a2,calibration,6c664285207030c2bcf8316327d9f3130b97b678dadf63596216c087a5e6c967
00bed2a6-8bd3-429a-8190-caed58cf3388,calibration,e057291afb1162ed7674feb2c7a16f20fc1cbf36417445f7bbbf9e63d880895e
00e88467-f509-40bf-9cdd-c1a2a27d1a5c,calibration,b0c2d0f04900c46e8c605fecc301be8961bdaaad769ce137a1c8bd9b6a620d4b
00e97952-975a-4cd7-b33c-5d6a0f05678f,calibration,7e267871069aac5a60df9555b5778ee48f231c56c428758124d000e75e92db1e
01154d1a-4fae-4c2a-a749-6fd55252d627,calibration,c132ce5d1a0dae106af12e3d9ace7fde39a9c246847e44e6a3ea5c0a5b799ea9
0130d1d3-e1d7-47cd-88d8-d8c2ed594d74,check,21a316073ab17c7fdb1f1e24bfeca522db2de2a1fee5dd240482ecc88355c905
0147add4-7fc7-411b-8c83-7fba999fb3ec,check,84216339a4b08fd879f055c6df61a3c355823390208b5a6f30a70a6b7b965a17
016b2acb-6851-4234-84f3-4eae932c5496,calibration,340a47095c534ede8fc4fa317b425aa6b357478c1bb4a45a338061a5ed27481b
017c4c1c-e426-4854-b57b-9f19cff79ea8,check,8cf13b79c49907a054dfe5d156a8402d96b7e5cde990db23c5e60264839f31a1
0186902e-0d48-40ab-97ad-2a717825c9a7,check,97d7d5e99fe0d1514fc3989009e8c1a9f92b27cb2749fb89623756d2130b43c3
0188d4b3-8393-4626-8e90-fc8bef38741f,calibration,01aac472493ee1f2624bffa751d437883b1a9541824286ea6f49fd003d7067d2
018a073a-d8cd-41dc-bbdd-2baeecd4eeb7,check,6d75a3e110f13ba9367c1eaa82a9ef0a4ed0aea074c691710266f48b19514f5e
01b0b82b-0c83-4b35-9e28-0330185f4832,calibration,9ffdfaefe6cac42fa2244dc11a064372d81c339f25f9a23a97fbf60a15674696
01e6eb85-f97c-46e1-8648-daaddd958fe3,check,573c9a6bcad7387074856aa609a3b8eb3e52dd09b653fc85f4dd5e6803c39e2f
0203ace5-12a5-4ca7-b8c1-461b8bf9fcbd,calibration,e37f847eddbe577f076be916d56983aaa4d310c42cb436df0a5628b941a5c0a1
0234f9b6-ac04-44a7-8ac0-c62104cc88ae,calibration,41a06af80668fc5b35866002611368b90d3ee3fa49fddd0c4a69251453931342
023e45a2-0fd2-4f75-aaa5-185e34b437c0,check,1f0fb8f5eb1fb3c2d0389b08c74bd95ab6292c723f047921ca2c6b267ff63485
0242c848-4d2d-4a4f-8f7f-51707b050bd5,check,7cac777437bdc97384c7ee46687b31f7e3ecad9097fd02f40a581d0a6a40c085
025ce41b-e644-40b6-b4f8-f257e33bcbf9,check,4e426ebf58b78343e675bb66bd904c031c902cdd2e4e923a4b9aced8f218a2f3
026fef49-f684-4d65-9f4e-1769e551f0ee,check,bb43c47d8a4b981a35268a40beff7574c76ba0c74658865e0fae765753162a87
02714b1c-6ebe-47d7-aa75-756cd63b4b68,check,14df88e337c8ef999d6a7a87b2f5f96af2682f67935647fa9f0c3b8b7a095ad1
0279fe9e-94ee-4964-b6fd-d54dd3ae90a0,calibration,b8fc620bb9378b21222b52da13df1ea2d05e413625b2a3b4ba4efff2230115f9
028c05f6-d507-4529-a147-2310a802f461,calibration,0c8afbd71e7e310a157359ed63ccd8c9b2428d9fe1671f9c1e4c89b4195e71c6
0290f239-5ae9-42df-8ca3-8667e519a6c4,calibration,a02a0a4d1849a0b01be8fcb8f6ca02c5289d863eeb90a460185fca0d9375f449
02af5750-52bb-4330-9288-c4fc00faf667,calibration,3207b0672841d20f6eea9773624520e3f2e5a31118fb70fa76d0cd790cdf996d
02dc776b-201d-4244-9be8-bd2db8840caa,check,11d4f07a036b567bc054584e58b48d0710e6d2903e498a399a2c786ed1649267
02df5d2d-90b5-45e9-8d02-b18be654a036,calibration,881619472ac411918964502dba8c1bfd1d8ec49cc679eb37424783cb0a9445ea
02e5eaa3-8f73-4564-9999-6a4c41682d05,check,7555ccf7d133f2c8f218046095c83951f19b7417f0ba057746710ee8d0599321
0316764d-43f6-44cd-b945-68a86b7b0d76,calibration,cdf5676d0626c23de9ecd0295d6d54a73bd04ba1db535c6a704f7f01d362f964
031c5b36-c0aa-4f7c-8dc5-dd343e0dea88,calibration,4feaaefb9c512c6c2bf76e641f095e4bb22ef930228a87d73564f2633b9816fc
0358aa49-dd8d-4a82-9f47-9aa333d3a7fd,check,0c00938acc14c50a592fe0b0c24af3bc93da32d06e2270b3638fd403b12a26fc
0362db56-6155-4dc0-b541-4dc8b476518e,check,e916ef1358dc74dfb1d7b77baf5d1a2a30472d42b16aab7b4286eb01ade572ae
03785158-8c49-4c43-8dcd-657fec5dfc36,calibration,fc41341ef6c64df2b0732d57628c5c238df9ed9c28577fb1c34013c5bfc8fdcb
038b3b96-16b1-485f-bdce-ed9b68280735,check,b89f1a16a9c8c59f7a99bdf6dffcdf17b818aff9b4264785c36faa20ce22acba
038bfa7d-7659-41f6-a01e-c540dd571106,calibration,963ae8cee1e88507fb8f038a21d2d76e6b9f3079047f9edcb1c7714e3b27f896
03a8c270-7ec1-41e9-ae52-bd86fcdb1249,calibration,83f4234806c1a4774dbab0febce0147fb9a0b248c7df3fb1e0feec5746bc3ec5
03adee08-3eb0-4a7a-b709-7a29b83f9aa7,calibration,3be933ca991dcb755a6269aea40871e86e0f86797d07b30e8c0da499ac68258c
03dc6137-981b-4ed6-9479-5eb9476bc435,calibration,0907694cfc848a26004d15d4cf84e56c9e0d3f2c9916d5e163030e33d59025be
040f4842-d6ca-4672-b24c-0df54aaf94bd,check,fc1cfb1e8253f2079f74065992148e24a343499f37d36d011814bee1ebd4d795
041919ba-7f05-40dc-85e8-34c6d910d0a5,check,aa8fd8f425adbe5b6b1a6e0610c5d1791b0730b5981527584a5dd87ff604dc35
041a2569-c9da-4cd0-99d9-d693260154b2,calibration,60ae912aabe9ad7ef2ac866b4daba508aa6830bcd0b2eb07cbd610c95ef8977d
04202323-1e31-4b0b-9f35-e84570fc0e7e,check,8299526a6654cc20b1e94e340c5cf9776fb12d5d4a01d71a65c12c2024f495e4
0429fc8f-405f-4fa7-bf35-d86807146672,calibration,92b7c9058a8ce92ae8dde4d3131dba9fb12d8058a41a691b2887a99e502725c2
0463f4f3-dd81-465a-93de-c3868c3b9d3c,calibration,5da03d86de379c620c1468f607d786bb83701d64763676ba38bd47fc4b727cb9
046742b4-0493-4505-87e0-0f82f9860195,check,bbde7e4bc77950a2f1614221372e0ac1111b24a93c7e59c603de53ca668a0dc5
0482e9ee-25aa-4221-80c0-bde14d395dc5,check,80a537f2288c548eac9095902027aa5d34c1cb2e61a09057edcd54af4a1b3b08
0492772d-2269-4b8a-a93c-36e4cfe5bae3,check,287eb2795620fe43ae49f100fd382360a56dea7b3f73ec2f83d8036e044fa3a2
04951837-ffbe-423c-bd7a-5a01c09de5f3,calibration,4408d73ec8b1acc654b513b5e7f57a4776d9635761d1913f77955f4ca0da1ede
049e2579-bd19-4232-b268-735b52fef19f,check,1f99e2604160bf968a1d929f47344ce9ba203ff232687cdd4e3d4280056fe147
04a566af-04c4-400a-ae44-9c76e731d82e,check,334430367be5cee48727311477f8604d4eefeccffd551a8fb72ce8ff20bebb29
04c01ffe-390f-4b89-b285-42d826b9803e,calibration,7fe5507bb3d2ded36b71f6b23dc9610bfaa97968c95303ab9297948a8ab7631b
04c5047b-24ed-4683-8458-30279d209c93,check,86b1ca7a59e53531c9484cf391726bff3a2e9c265d512aa1a4947035108799c7
04c82447-7b9f-4010-85ee-5638800ffcf0,check,ba5603bca773110d82e120cabd8353c54c398415bafcdb3c743188fc17e4a113
04de9a1d-12d2-4061-8bed-14cd40f7cb6a,check,e32454791a7a6ea46de31f8ff15c5718dda4f8775162fd2510cd2af11b473d61
0503074b-8727-4ab5-a7d3-5d7ca278f5f1,calibration,a627edae9a8ae07a2fca0c094e94498264db1f62f069bc1b625ddfe1ad6509f8
0512363a-b1d9-4743-a239-2fd8c01b59c1,calibration,1168c16614a71a540b449f3fef519c0d951539a1b6098d476356d7ea342a683f
051f9f95-16af-4875-9826-105176464ebb,calibration,4bcd1ce861af43f7968cb43601eab5793ceacc7043810522cfba5dd7f286cc4e
052e1cbd-d061-4eb3-88e5-e2148b677d76,calibration,276be812bc3b3b9aab3c881a1d7bbbd1ed41ed3ef1010a867a597dc44794f056
053681de-44f3-4d39-988d-5b6c2e3946ad,check,73bb7a6ff39d5918cf690c015cbc511f4a243cd01e2ca653c42ae9d94130a69d
053c69ed-b1ae-46ab-92aa-8ba941aa6bef,check,6b742fc5339dbb60841672c9dcdda7b322896916f9e33f927dfb519c8f728778
0542f185-2cd0-4b78-9223-9910918edc76,check,38dd89fa7a3ad8d42ff18bc52a11ec75e50e982becacb565be01dcdce14839d9
0547b46e-6f8c-4c72-adc8-8594c3bfc3b1,calibration,6c9ee46ffc3e892e4e8d9a6b3f6ea367189ead1a4dd5c549018d8cd602cd27af
05514ca3-c233-4722-b060-1233ab5fa48f,calibration,7cfa67d05be8f17227bf7a4716d79fb83513b90446648c80f318374abbff0754
05704971-3f05-49ba-94d6-a0af32513bd9,calibration,f87abfba127e88f116e7582181d508bb46d9ac4140c2259a72b06bc85f7f24d9
05797f76-59df-4bc0-bd0b-7f7138822a08,check,b945128f8e6c1c325eb14aacb5465949564e9622e18d569b485ae1a99eb9d301
058c735d-6e01-466e-ba5f-750b0dbf4091,calibration,519f53b9b445f019542fd354039d63ca8d5a9a482ea77799d2ae5a436aec590c
05cfecfe-a1fa-4c46-8780-54b406018c15,calibration,c072fad7c374cd27a2d9ddb480d6cee6d6b2aa6ace3f34e8c6930b09a2190266
05e0d3bf-4f9a-4bb7-970a-5042a53f309a,calibration,00da27e3cd1eb4136838bc78e287020b17d08ae905c9e566428dd61c5014c4fc
05e9fa7e-b021-4920-ad58-b696e397ac58,calibration,7479798c6d0d1bea8df1a902f84fe02b153d918a34049678bcd65d4487b41916
05eac92e-9963-446f-8df8-5f6bba49cdab,calibration,c35e174130c7e0549868fc50e5a44f4981a0175b79c7dd798997bd947ebb7ce1
05ec30f6-01bd-43f5-a699-ff296b739996,calibration,7131fe327dc4e5d47c8f2d714910e91922407a10e2d89d8ef8ac857ba8daeca8
06056613-470a-49fe-99af-469a422afc73,calibration,487ec5b37990bc8d1f14f0d67809e96a725d563fa76c1a612508625e6876ad53
0609fbcd-10cb-4d1f-8bf6-b01e8e1644b6,check,38a26cb482da83a649389719a9949b61f5d99ac5f85b09d9325e0f69d9c2c66b
063d4a74-badf-4435-b89c-9880e94cb833,check,09a5948e0d196c404ed4461c4b671c849f3ee9f3c274b52366bdb81531380325
064464af-002d-4fcd-a9d0-2b417f89cffc,check,0768879d13cce7f74684ec4549f68e6ec432f9c349bca5b2ef9207eaa2069af8
0654bf16-51ac-4be7-ac1b-6bf66613e120,calibration,1e162133b15a921037a03dc753074c3e4c8b97151d23903effacebf9bc5ab4bd
068a102a-1fd5-48bc-82ab-aaf6e582519d,check,586ae6ee1207ec2ad2ca1040bc86b949fbe25e3b749369aedcd7fdd53199f632
06994353-a5d1-4e57-b5a1-86b23da8b717,calibration,fb463885a580dbb3c98b1246eeafbdd0e4bfdb55c16ab5c05da1f3666ae57ee7
06abbd55-fee8-4e12-b63d-352004a3a5c5,check,bab9fe5b82792a7bd4ba844237ccf18a59dad527544c264de6cc779cce28840d
06ae3eef-f187-43d1-bcd0-650f1247ef6e,check,10b543fdf3a39935701f5d696fb1ae86aef09c91200fbd3440dce29f135dd2dd
06b5d46e-4dac-4629-8afe-b61c1023825a,check,b116a5fa6789988e3669867efec2342651a910a01cdba417285bc0a6c6e4725f
06f86fa7-945a-4133-9998-70e093c90e20,calibration,900c3604fb40ba3907e5561cac5e0b513b904855af6e0e0785f2e77469636b9f
074468f9-54cb-4f47-99b1-79f214024544,calibration,004e9b1d743d93aa8157a1878e6a98478eef41fb8d7d394d6247a9d39b21056f
0763f63b-5ebe-4bab-b9a5-ed758e242ab1,check,c881cf5a9d4567f1a6875a8cf5a095f124aa14a060275cea8b80b08771da7505
0772422c-2f62-4ef6-86c1-6e9c42943e91,calibration,8af130250d76a0a10c416cabdf659150b6836c759ed60b2b5f7335938122daf6
07803918-193c-448f-9df0-569501223289,calibration,cdf5257d16b688f4d915d2edf5c20aaf7297494fe6a8bf2613ec2291f5f3c24a
079a24eb-a15c-4446-a625-a57d7b93f1a0,check,61523af43ab9592cd4f56daab9e1c08048d2de77d100d8bed80304d496864d2f
07c1e5b3-5854-4dd3-add4-8fd77b90bed7,calibration,235e16061da381aa30d0c57302a334bf7b6660d801246dad230699e1ebd5f550
07d10896-d82c-4d28-a1ea-46c32e8a9406,check,a7750b735c9b5a0299d218e90b8ead0583e5b97d3f29dd4db2e66de4a8f4fa52
07e04253-2eaf-42c6-b2b1-6868f8c2828c,check,a483c9022b26b4ff0c7dbf0514c06d5963ce7b33cb97b4c5d6784cf6da4c4f33
080bad3e-4c2e-47cb-b503-04e108eb7cf3,check,9cdc93cad5f42a9ddb08a9c0c138311028a74a8baf89c646a387b1566e4e8344
081bb96f-d0ed-4371-8ad4-a8a64ff1fd6a,check,e5d124cb0b03fbda4db4416052f53ff5c40d31b961f18aefa21ee131e039dc86
081cb8df-ac1c-4136-a7d9-59fd0d2ea08f,check,8d9f62edd3b16ec3082c80f0e667be963197e8ab12f9cb20f8182983e97108e9
08354473-d157-426d-9331-387f19710a11,check,95208d107ed4c73a6de1ee401b777a6ed7d12b9b92e29ee5406639dc4690c0c2
0842a846-478c-43d3-8bd2-553ffb6ed101,calibration,9aaa3cd12a82a11641cd33b278c9c7fde6cdcdb689b576a4e5431f5164c0da90
084d04c1-754c-43eb-bb40-c0ee9c8ba049,check,40c038a79509dd8e8d891d30470baa211bacdb9b1875476913fe7464b6e21d6d
08689b73-17bd-4ccd-bf36-6a9a905d3a94,check,e8b261648c25bc039a00555446578b87d7cc9b806bf0b6e3b7b8c3cddd76e636
0875d9f9-da22-42f6-b72e-35d5082d144d,check,7483eff7b30ee47d073d307b3d206ed7160b26b163348b07bd81e4c3d857e3b7
08803030-4b01-43b9-be10-f8804c9e3dd6,calibration,5d1efb45766671a25a5985dad31049404c4317bacfabceba298078c08c4fca8d
08c031e1-c5ca-444a-afd9-d7295ce964a4,calibration,3b490307c37ee0341a248e7faa13598e975b8cbf1be83117dfd4e8d97dcb9d5d
092903d4-5941-4b16-9eae-36dd7abda490,check,18ca0b98b9af361c367e17ab4ed4c64d55811b88074dfc2d1fcf909debf12483
093ac16b-4265-43cb-9775-91f17c68439e,check,6f736d3a5559f1e142b8318980fb6ca03b622211b0f428e553f19dd01f953b66
094c3b06-d555-4a16-8e3d-bad1e42a5e2a,check,2925d9c9a931af12f85931c0dc78d9b035fdd6c4f38ce97cb1e3cacb976ce6f9
096c5ac9-e2c7-4133-96c9-d608c077a96b,calibration,504d3b5fbe72e4eabb659f56a29f84c15f64c3e0ed273fdda8f2c3e9f90e83f1
097bc2de-e09b-43ea-9412-d2b4ca5de3cf,check,1389dafbe08882a321ea7e61a53bd06280c0340da558972c724661697171d800
097d0933-fe33-4536-aacf-c271d3f3e2ad,calibration,2e37562ccc8a95d90d642941f4da6c4e356061316021d89c99d36415a3f673bf
09941383-92ed-4465-ba3b-40bc6e8d0b47,calibration,82b3590b7fe5fed5bead040feee016c6a69c44a3cb3d6e3d65932ddbae45a0d7
099b4601-767f-4ef5-bcee-4dfd7af2c193,check,7c11e10d9adb79ffd411c5ff8ec26f01154758e873696256767d669cdd73b12d
099e272e-f4de-4a48-b9f9-5f4b2861b98f,check,6bc5c98f90de3273605ea48c6fe81340b745746375e756ed06e4520dc543dc9c
09a17ff1-9d46-4892-832f-c3410a7e2c56,check,94020978e7ca47521a5e46cf34f0f3462c959fd6676231b8b35c982b14e9423c
09b112e0-7eef-4bf1-bf47-5531d185f67c,calibration,18fb6e4f14ab6faf8a010ed2cc6d769129d226ca1997ae3b558033a703f44339
09db36c1-c421-4de2-b673-2aedec38817c,calibration,cb69c1b2ca7b7022f0f3ac8a2b68d1a2c5795dbb3622e8a0ae78841b0fa9b172
0a0dd571-2711-4810-bcbc-07663876f57d,calibration,da57a2f8dd8be9b8f4fca7fa9dad4cd84f4384522a9936998c77c423a03ca7f6
0a293739-362d-4590-ac58-3cf66de25184,check,3fe1c71197b53efaaf16fd48c751fdace1781406835cfb606000526601768ba0
0a295cfe-1415-4b19-803a-9076233b03f1,calibration,b1f303224730baab125861f1f33b5c03df4bf568d4a6511fcca6b38743759c78
0a2e7d67-5919-48e5-8063-8b8245f0217a,calibration,0556f42622c8457d546ddc9c3fcd1903a1a75ea5ff77684154aef2a57f960ef6
0a5268fd-d792-480e-b67c-395a8f39bb98,calibration,d9ecf4ab7e4aab9f6e68b28fcf92a7d9b8efcaab91907f13884a817d5b377cbf
0a702126-74f1-483c-ab64-d548c84e1336,calibration,dddae0d61aebd6a9e3327ed408ddf41a6d9f9ff0b48884e760c3fd9ae2fd15ce
0a7988e6-da20-45d1-b830-17bd96f38eb5,calibration,c081ffb364e20226683c9f41361d1b5a14ec7d09c8686b37f53946d27bc48d36
0a88a483-cd95-4fa7-ad1e-3e1e077f9e47,calibration,35aecd495d31a7cc704d224626494ccc9be2abd14761d03a6e3368fbcb63ff6d
0a9d12b2-b275-4b72-9a90-9c8acd5bc98a,calibration,60f8a323159a1adcdb25df8850fa63d1bada01ef21bcad17c7a90c205c29e0db
0aa11ed7-035b-4bdc-baef-aa6e1842aa6f,calibration,a03d6c59fd5bc742fb66caaf7a26ad372e0637835bb8866d6b5be111e03e12c6
0ab4b484-fbb6-42da-b9ba-81c8e185ff5b,calibration,4e21959ac61c6e4a1a9b24be503c105ba30fae9136720185d416159bb0a95cf4
0ac6de64-0fcf-4cf0-bcb3-f5f0237fe78d,check,a6dbb5947490a6d9689883ca21c0b24ddfed82d91643c234bc89348cea1b7bd8
0ad0c8b4-2447-40a6-9660-49f62fb34591,calibration,897da6837f7c9b7910afbd31a218801ad3c37927687907b0f9f3b8a5a80a5675
0aded9e4-8730-45f7-8e04-8857d9c27738,check,be7bf58f6e3fe54e0ef353e176943c9698e3da779aa1f479acf509900f73a8e7
0af28aab-0246-4b32-9467-f9ba033a16ca,calibration,1980a08e8b73439a6db7554f570e930ecc7952a6bc7400cff3a55b55cd183945
0afb3570-e16c-4e15-a782-96ee32de29dd,calibration,e00d28f181d57c34d396bc0ec534190dc18dd9b1257c6b57c8d136ada93632df
0b03538a-f288-4a4d-bdf9-57a3a42b936b,calibration,bf81da9d77aa689c4d29340e7d9d12b5cb55755292a693cd85abff3ae3feeea3
0b048f69-0b7e-4d6b-90d3-452f41513024,calibration,9013af90e63c7270ceb7e941a38f86a8bd642253bc9c0a95dc86f38f9981e83a
0b3f9014-aec1-4859-ac2c-9ec0e9b11780,calibration,ea5c1196c41b78f6147e5b95824b27d4fb3a3f695a98d85ba5c1a59c289898d9
0b651617-8f34-4239-a7c6-c2a4c45b6410,calibration,1b8ef1fa4e939065410ddfdef3013dd648b4adc4a8ee8a537f45963506bed552
0b6e0364-5a24-4b5e-8266-d19627043668,check,5adf3e2257b55fb5e0fec51fa20840dac6127f34bfbc08a1750dfb43588a3032
0b6f81c1-08b1-43f2-a9e1-49b1ade19eb7,check,f298c68b457e84d2e735b8e1924259e32f19f790f1bc264a659fba6dd4d14eee
0b81c51e-4486-4415-a1d7-8e75d6f22dbb,check,2c44581f8c7470360afbd7b11ef5b087336d59859c4aaf26aee3570bc2bd0920
0b88a093-3589-475e-8e57-9678fead5bcf,check,80dd613a68b0ed9d16aed52143607faa53b7a6248ed30abc08fcb085ab2f372e
0b88c65d-6992-48ea-8049-8f7fbc63aab7,calibration,f9174dd31ce51d7181193bbf21fc3d8cab832ffcc32524958dfd52dc26fc101a
0bc5872b-f7e4-47ef-b1b3-bf83837e63d5,check,7088d78b79629e778a1687761431eb9d06d080292414626b918721e6cc18ebd5
0bcafcc1-09a1-4646-bbf3-e05dfb22199b,check,950557509e4432c529a7e008e3f66711bc5c1da56c31461645e055d08973d633
0bda6c20-d76b-43b3-bcbb-dee83f924ba6,calibration,34a22420087cc3ac97ad28c584360c37d5234eccfc1d8f64ee70f423abe0c4f9
0bf602b9-5a34-44fe-9cc7-c4ef287447fa,calibration,52e01c6d6f856d2d87cad01abf4d3bdf244d130bd6ad08afc3358cb903b004f0
0bfa716e-9dd5-44b4-8f66-96c7146520c3,calibration,0e6f591f1a2c618cbb62700910ff61f04112bb7fb51d38f8b7ee87f67337be1b
0c02847c-39d4-48d0-abda-58ef8b0c14b4,check,b7d6a1bb280d7b8107d3d7a8a3907796bd45c71ab526d33be2508cc4ab438e18
0c0faf6c-4774-429c-8c5d-7f224d52fd15,check,8af5a137ae1fb6a77df98098c412d177940d65f0fa9a500f64bc73ee8c90d8cf
0c29decc-355d-4f7c-b901-52c90f8a7bc8,calibration,d91f086e1c835d951affa3d5fcf133cb777cd0803d073880bca4d284393e8a52
0c2b6813-1a7c-46ff-a8e6-899ba14af0e2,calibration,886ea30c25c5e280018fc7bfb4a8a79385d1033c5aa4d749adabed8256c1f583
0c549181-a683-4616-90f4-7b076f2857ac,check,e5eb2c69241cc10196ef92c6988d11cae5a57e8136250580bdd0903941186693
0c5b7806-a079-43ee-a281-23ed774b7699,check,d557231783a996e9f93c3af17f28f95fa3abbac03d0b99961fc129c358d0d820
0c88eafc-97d1-4d7f-b1d5-6468a5b101c5,calibration,5e92bcd92fce7e347807d25323f53c08a6ffdcecd7a727b9485ff1778622e14e
0c8f8960-79ca-4e9c-8119-fbee416ccdec,calibration,1bf61e767fb1457e1b8045d7dc3f2d195d5dc562e9567a36eac7f6118ca2de94
0c9c07f7-f134-4cd8-87c4-ff9a37327c39,check,04e0221874fe9c7f4663011dde6e4077c9295f8aa53f66cf145ffe68e2b5f490
0ca27ad0-a870-4c63-9d0b-a272f3f1ec80,calibration,87d584345ecc7d957a99d8612148f922b851443f4ab93436b0dea56c5db08a25
0ca2cf23-aa91-44e3-8746-9048e760e0b5,check,21e81f3a49e5d8c4ceb8de96be734856d8df0fc72582662787efddac5430f807
0cc2cb35-f1aa-4f83-95ca-72d9efb56f6b,check,2aa206584aa5ebd093f9ddce608461b5e6a12e003e92edb445d2e2f95ec0c9fe
0cd78903-efd9-4791-8d5b-216ca9e2d176,check,b303b06c42862d10ff7b31ad27fa937fe30c8533478ee60d53c72599c8244a92
0ceace7c-ebad-4125-9e75-d300f674f0b3,calibration,f1a92ceebd151ae69e5c33d53e2313054dc3803b34510438faf3a661cd7ab46d
0ceda016-b172-48db-8bca-0c1c22e1fc44,check,573c2bd3a1d9de8e6b7b262c6f07e83d07a6460d02665dc322967f0ef8bd3ffa
0cf44d43-8d54-46a6-aa5f-39ced0d3ca67,check,466c9e065c5eb111dd01ec72a32b4284fa1ff46748c6cd9d39cab6a6e248b4b3
0d23fc71-db9e-4844-aa5f-e9b75aceed89,check,d9120e8b5140cf386b7658296c8754be85f15cbb2d63652dc61d0e1296db39e9
0d35113d-cea7-4bf9-862c-f326593b27b0,check,858ebd40f0c2b4997634aa863eff99a22bbad4aa6ee23f6031ddc5e9cf4a58fb
0d4b10d2-9904-4e24-a518-9155550b7a10,calibration,8da21ab26bd46ab16986c78399147db616214f0aeb796ad222fba952daa80907
0d6fa1b2-f2cf-482b-8890-937deb7c9e9e,check,d0029b009e437a4b8a5b11178027d0552dd29c6fd4abfc4543d6b342bc5684cd
0da04199-3ddb-4b33-9ac8-1f90ae802dc1,check,b3b60fa3586532f2d3ce7ffd12358f70de96432d846a8ed166f7367ceef94224
0db4e762-04c9-44c7-bee8-a0cb87c73d57,calibration,694480ccb3bd76a73678069604a2e6a88d940e0378f368582636904fad07125f
0dcd5ca8-4ed8-4c78-aed7-ea91690b02f1,check,7ea93f4ab585ac885600f543d6d25df3ab29ac889174638a22c2dd93cea24ee2
0df53511-7b91-4bcc-ad5e-f394e636e879,check,e0bca2ba4f3d53cd851f3f5c4aada418318b6cb5e6a1652313ebec9142f33eae
0e11f112-23e2-4ae0-8729-4e0914bf8f2b,check,2d4670b5804cd8e60afce90f66612b9f21af89e7c69b20cab4f0394c4b873367
0e2343d1-37cf-4e38-a2da-b913cdaa7624,calibration,1d0d7f2f0d6ea90362bdfec8cd3f6e794efc1b4f1294cf044ca6573b09f9e03e
0e373633-f935-4b17-85ac-7dfaeaaa6028,check,308942a75caa6acf2b87d8dbc158bcb7e2e63cb6dd3089da6a26e4c1fcd6e214
0e4b1906-7639-458a-8eca-89d1366d6d36,check,8d08e340f4735055b14f6d39d018ecb43d863c93addd419843881525b8f223b5
0e6c1db8-7138-47d3-bb41-7621aa51e34f,calibration,144fba253251226caf54aa54b38fe027c23f0d559fe973121a422eca198af861
0e94ef03-66d6-4f4e-9168-e27c75d67cea,check,302dcc66d4498b61481a074612855f5be4f36ca55f8c6a475f8bd794b86df8ae
0ea2e3c3-625e-4372-b52b-fc715633ecc7,check,9354cc1b2aade21cd7e14f6f9803c6c67bb7eb973ded4f8d82542c78498a8f2c
0ea372bb-2366-41f5-bc45-596eb8fc6a46,calibration,c8b1a830b3c8f0447e067f43844c225c4515e023da46480b2a7411922b095f35
0eb869ea-1ec0-4d52-ae83-53706356ba44,calibration,c4aa410bc75b2fb0e66aab2b1f07a5c7468e1df2bf462e846dad262f19644c5b
0ec57618-d610-4b34-943f-b186055716b2,calibration,239c8cac00cd6df8d2aefe177a8c3607083915586ad7ba668b6097f9d0fa5ede
0edc57f1-1ead-485a-805a-a20af489a0fd,check,7f175457aa76b31bac37d74c34578afc46c1db1bc305cbec0814560c621ec447
0edffa7d-aa97-430c-b2d6-61a0ef888e39,check,03cd7d63751e10d60a92d69abdd3362770cee6e197e93a6d47220073b12ec2f3
0ef872f7-2448-4722-8e83-ed13c1feb3b2,calibration,c1f1da53b2f5b6f95ea8a8a78c615523164e9a4e272e9c7b5c9078cf8117aa7a
0f052325-644a-4072-89ea-677ee93b76d0,check,83a929c40e67bb359f8d5dca7bfb6fe695c19ea3c9875e75af6bac76414380db
0f23c10e-b14e-4a08-9633-eda2d966ae6d,check,1f687d8559458f970b4ec1adf23cb64a0fd2461ad04c3e24c14969b741045256
0f25b65b-5576-421e-bedc-0919f98d29e0,check,67ac4eb7032d394a748ad376a8ba663256d03d5558f759449516af2ac0e084fb
0f3de0f1-a6ac-4282-a1a0-151578792fa0,calibration,b8bb41fa9a039c3c71a9cd7bcfa056b13208ff6a788b5c88afe24631b2623d58
0f79c078-a45b-4c2a-aae7-2ccc0f459c52,calibration,fb7e51a17a7a1ed0afccff3e8915313840877389a45624dfffd9bb3e226353f4
0f81fb6f-3239-4f23-97fe-55e52f6039bd,calibration,39e45112db5803635300bcd8cffb8e3c327322474dce879223acde483b4bad85
0f882f17-31f7-45c7-bffb-66ab00834062,check,d2ee83edac2a308ccbd34728d343267fd92619eed05157f5d0a801ba111cdc29
0f9030ce-c2ff-400f-baf2-448c74e62ee4,check,13bf894048f3d554da55988733e0df6f57da3e695860f63bdbdf2f3f5b396eb9
0f93a395-d3ea-4449-817c-32d682a8c7f1,check,6e40bf6a894ee6b6bd6f42558b1984a76b625c040898571a3c16603f5e77b6e4
0faef96d-de48-476e-af77-55d3f93c998a,calibration,8fdeb35db78b3168f0c6ba4d0d1bd1ecf566ed381a5e36dade1f7c670b43b258
0fced2e4-63fc-4c8b-a727-2c46e1313ba7,calibration,090b0308318a3bb65cc3beb683f0a71687aa49b4e5a930f87a838ed67d4a8017
0fdbeaba-9e1f-436e-9855-a28a74f34a78,check,f33bfe2b91719c42f9dff55690a0dbc38ac414027c175339513a05daafe9a4b5
0ff82019-2f3d-4813-a1f1-80b95c4a3ffd,check,60f4f72576061106a538ea6f22c5e5a8f97cdd854eb78a6068c48a9a8a3d4f29
1004d947-0f29-41d9-a221-13c23b8c1af7,check,506feac05fd24e1721cb26b8210dfdbc9614808bcd2fd15a3ee4b4232fa9a855
1016628a-deeb-4bbc-858a-931f42b7dea8,check,e4d860a696dfa347e0821d55f351a13732ce1c9ff9bcc9de39ec0e859973d4e2
10211f6a-5ede-41ef-8785-1a16dae0b541,calibration,c2681c16e8a6fa7b8c1b1101424a58dc98939e1f7945f16a0b7fe9b88020210f
103e45f2-e931-4c24-b512-d70e480be2a7,check,e5e1dd666b0c198cd06091a60a80d07ef686c45f89f2378b8e1b3e92af92f214
1096c113-6058-4a89-a966-b0193f875abd,check,fdbbcbaf595a392c294c0e9ed590b9147fa94b697ec8380a8b938cba5d544fa5
109a14f8-ff82-4b66-809f-21d1a5075415,check,a5d70c5b1d05282aa39f5a6e98a8286f71d0a36b094d36d00e918f28d25ea0d2
109f906d-3aa8-4aaf-bc42-0c4bf8b30681,calibration,2c308ed806e71ef4498422f864dc78c1d724c20e077f2e81e67c1fd06a5ea771
10ec981a-787a-4423-8828-a5158568f31a,check,afbdb3c63850f48b931899c17e7488ee6ea4b9d94f9ece10ea0002979004a7df
10f09c59-78a1-4564-b8e6-f98d96990761,calibration,1147b1edd80dbb526932f40c6af020c58b26de1d3b3e1c56bf8cae800ecdf90b
11024bd0-62c9-45cb-a907-a5fc3a096444,check,0c162a3e1cbffd977be5717d275be1eb6197b4b74e6459fbf3720e45cc704f7b
1161ef98-a034-4e61-ad97-81a844885cdb,calibration,7304fcf3b2796047903b579f430f71a44a922aedd11ecbdc4f840375ea2974b2
116d34c7-7d4f-4698-be38-f218ffac14f3,check,c4589f31ec0861a73599ca1960442667cd283d1978bf7c1406931fc6cead1c78
11722faf-a8a8-45a5-aab8-227a2159f997,calibration,91527a610aac7cf662472f9ce825dd8fa42d303ee112b74a9237d2f07789f6a2
118647a6-7758-4c44-9b4c-254db8e27e05,check,df7e10aa18e0148dec8d955854ccbb3b686100b3e1126575e2c3473f35fd30d2
11a9bfe9-0cc9-49ae-a7af-a345e6acc849,calibration,3074ce731ef4285e181c158530e0f3de29ecd6e2426d3f6abe8c219cb2399f0c
11b185a1-7b5c-46ec-bb91-1de058ccb3da,check,b3217db65ee86111e7cfb8b0a807adf98ba5ae233bd926db20db9138e4e2fc18
11d79f94-521d-4955-8622-d1a18b998a91,calibration,ac4eba2f0954abcf64527430d1095ea05977a82463821c43df8c705e626421ff
11fbfa06-a777-4dbe-8edd-7b35c353f2c3,check,7cb1bec30614d96b1d4d199cecc0e20dd64060834799822572ae5fd59afd7ada
12034eca-803b-436b-90af-f931171db968,calibration,039a8efa72e82edfc0862e4593c2696f050a6179735425b1b97018843eedaa7e
121637f6-0ae5-4156-a439-e5e0fadb234f,calibration,40fcd5b5a1d3745e93ec6b2b2c76c6528cf5d5cd32d1f663f77217adced2fc83
122a7f15-046b-43da-a738-55f5e6eab37d,check,55c2f1c4a69b8a1457b63ed45bfc9f2a8cfabd4938c7a0c3cbd9cbb359e18d8c
124b34a0-0062-4eea-b524-a3be311286ab,calibration,77ed99030d67c08d403ae2a0b103d3775ae2b61803780b6e77cd7c2d10e2b908
124ec893-f6ec-4f6e-a3ef-d02156a12a6d,check,0e8d7e0f0df4b8e1d2bc47e0acfa13ad2d773e74c30a7ac2b41f6dd13dc37bf1
125e6aa1-4a95-4b7c-a8b1-7ae1e754fa50,check,6ab455420292555ca4734c3c0557553485bd77bb4f10ce562365cbc18770178f
127c4d70-aadb-47f4-98aa-d893aca8b3c4,calibration,10d629125fb754c8f60f1a38dfb21d426e349a1bf118d5ad9a261949ea54ed23
1294b0b4-54be-4f1d-a847-e74d45a5bd4c,calibration,37f3f967b5e1f13a9fa82e6cde37fd25f0ba81eab6830504f26d1031debefebc
12a23951-1daa-4bd4-b5a3-26bb46c92fdb,calibration,b22d0f31e5c5262cd16fc7080538edf445a8d11bade9e3c1e6c76a9be5e653d0
12ffa022-543e-44a5-bd00-720ce3ed78d2,calibration,7a250930c674ab3ca0f033cd9c873ce2927529f5b6b28c00aa36ba3f3515ba49
1321bbbe-a14b-4be9-8b8d-0192b03228b3,calibration,4a96ab717af1ee3aedbfec8e19d2969930c985eb85ba2e175c7a06dbf01ab3e5
1337c220-3bad-4069-9218-399fefac71d2,check,52764255ac845ae36ea6b8d3b758aed3722a6f0f08092066c3cd6e36dee70633
13a9cbfd-f315-40da-b8a5-15d0c47910fa,calibration,72b276d8f5be75b4b82af1e3968ab3c6007d3725214e593502f5d9739afc0d94
13b03e22-380e-4679-9efa-baba06b2167c,calibration,37cd5bb32f634f9b6686f2ee39e799911d1fe195fc5849b4bab20f67c102407e
13c4edaf-3cc1-4a2e-a0e1-d193e30b4df1,check,22688be6c8798b055f44292b94e4f990dfa38ffd8b9bc20a7ab24a6961397afd
13c6c9de-8e12-4010-a96d-c8543a5c4417,calibration,d8fc2dc2605d9c3f382ddd25633e34556ff4ec57d2f5542be640b87b324baceb
13df5056-11fb-4f84-8ae5-441a2b51d8a8,check,225cca2932a898b6677ffb234c56073bf947d48535275b4946f61b8920dd17d7
13e85778-5b90-4194-9b4f-fe2cc4fc39f7,calibration,638681a0dfcf4d064707bd4de92ab7cad4629a26bd36d633c711de9ff8aa35db
13f3bce2-274c-4485-b125-69a9fd9ef138,check,a2d7c65ff4124c454e7301cdf2b94edeaef4384fb1ae13f3461000d2d710593e
140d5429-60f2-4e87-a8a8-e9422bf66526,check,ebc9d83b402d179e2681cf979764ab03f1316f88817f80a2f59786151c9e5a78
1435eab4-c961-40db-aeb5-1738b7a307c3,check,5a78a9e990ac0a3e7838d5ab46dc8efa22c131485d763b97bd0a24f8929275b2
1472c28a-2994-472b-aa98-a5b2f1bf7eb5,check,e660d3fe7941aae795765d98b5b6ab90a964ab3f15f28b5549f4e3906a1effad
147c5985-f5af-42b0-a5f5-bfd80a271725,calibration,12f0fac0ec233ad89b264bc693b94ff86ff10eb7a6e06413997bfe11efdc240f
14829a00-cdf1-41b9-9ed6-30b78370c4eb,check,49a86ae7c113d06efd8d50c1ff58d8e4626996e4057c13dcd055cc9d2b64171a
1490841f-4c78-4722-b1cf-8dc20eca16e7,calibration,0f6aa831a156064a18b42e0381d1efea3f70c8cb48be11f3edb5658e70931ab8
149ce811-bcd4-45bf-979d-aed2cb627d7d,check,48f407c03209e9d8833d6832ced1f27635ef08310ee6f6e894a4f7e95d855c00
14b25565-ee86-4b12-bb53-e102c3d0c022,calibration,7404587bafeb6dcd6d0b2474ffa1d9d5c6ecb9413b5b1791cf5f60bb2e5f280f
14ee5d07-c9d7-47d4-b7c4-de963739c733,calibration,ef2eac88a17b21ab19cf35845180d0ed6238188e000ec0c15e65b47f7e6ed5ba
14ef5dd5-7bd9-4a7b-bafc-8e0c18fc5d78,check,77fafa257793e716601ff6945770a1d629ee9430bf822c0ce85c7ea38ba05995
14ef98d3-712f-4a3c-9d8f-76cbb6f279cf,calibration,386a405e55301beb22ce743f1873ac09128f4a3a4edac91b674476fc33280607
14f0c103-6d87-40d8-a425-a58a7dd980a2,check,d11fb9aed8032302a93769a0434293940f4bc36a9492360aabd83345b72234fb
1507247f-a700-42b3-96d9-75aef5e570f9,calibration,829780a68e33fb7b1f3963fadcb94a6387e861e359b2381ec3a18739969bff17
15118def-38bc-48fe-80f6-72058f357685,calibration,e781fa558829a2fcb765b5157b8619308f6c5168579f9914f827b6e1f4fc4f40
151306f1-17e6-4de0-a5e4-d44e954327b0,check,7d514c9cae6753fa14058e923f0577f95928f7b6cc83d6931bdd026d025459b2
15200857-d0ba-44f1-a62d-3cff049f4d45,check,68358a8bfb9df23de6ea39fb6df20b05d5627d00f79574d6ba0e678545ea1158
15292c88-c67e-4b35-bbe6-a203df17374c,calibration,7dacbb2aaa40108c9d7d026e2d6d965429593f0d20fbb8384d016d2b77f20a33
1539c13a-4152-41d1-af7e-8d6fa38567a7,calibration,3bc98f6f03e58e095a90675134cd8a98ccfe89c6e0c46b0cc8d3fe6f9eac430a
155a088f-1ddc-4655-abb4-ccba1af8319d,calibration,c378429f9b175c33f4fd2a73c267b2c334eced3839179ba279af3fd91816e8c3
155aa0b8-8864-4bfa-b6bf-ab6206019d48,calibration,616ccfb6d3dd9891314c5a5bbf8b4fa91ae808e7fe3a299b819fa14cea1dcece
1566556f-8b1c-4344-8320-d40cfea21789,calibration,81f4eee28e1a172718bb0ee5ac548b61064f62f3f80a88fdbca48ab70652803d
156f6d71-4fca-401f-bfdf-58bb627d2de9,check,186bc5d6eccdc0af47ccab1b6dd7a8024be433194fa4b222e464b6b539ae5810
1591068e-32c1-4017-bb1f-76b9a3b84ed3,check,9f4886918e0df8a2aba816d4f8d18451c317e6ca13766964a8282c854229c67e
159472d0-442d-4050-aa29-0475270f9514,calibration,47b0781679dfa6565b49d081c472097c2aadc20cdd382426fa58bac99a8eb668
15968b7b-5a35-4afd-a0d5-b1c749156daf,check,34e4d2d37b28755b0980c03c82898855c0a432e07a21c4adc9c75e6790cc4646
15984113-1aba-4602-b809-10636ca87fb1,check,5e00a44884fbba7c143cc3a651fa9afd4661b3083c3b89e6778d688a2ee82364
15a1aedc-7c4d-4163-a953-5f05247a1766,calibration,376b7bdc1774453c09ab085b8e61274df6799e1909e8ee7786d281c17c0701ff
15ac974a-2d97-4fe8-96fc-754d734c291a,calibration,3a1602b15ad3a1c714bd364ed0930c22672899f348a23a9bfda3ce6c048e5a66
15c250e2-ab38-4440-b088-6d4c7fb3b7d8,calibration,32621676890612a93d5d64a36cb0a6985af5d675298a3983d37d946010859fa9
15c745bd-072a-49e5-9cd7-ab30e375341a,check,80996b572bc8fa276a87034ec6a8c1704c402bbc3a82501aa71320203320e7e4
15c86f37-d93b-4172-a382-cccec33da173,calibration,c3bfc4c94316e4d168aa9bf505c186298a906350b72cd8d5ae3ade5276287181
15df0028-a352-4f11-9b99-c7d7dd5f2e29,check,35bb4e3787943526c3ec79ea27da3193f6ff78b2cae5c05b3f185153a616b321
15e1aa2c-d9be-4cc7-a671-6d537e7ccdb5,check,b4d16d0ce530f68506aa2301d64cfeb2a0df29110858aaee8eaa7cc230569762
16221f42-16a0-4f1d-af3b-09e8ca7f1926,check,ec94530b3fe8abb977b353e508b47dadd8f648a3a5b604300cce48feaf7dbe92
16309110-b64a-4479-95cb-afc016299744,calibration,1a9feb3022aca2b42a2c054e83f9945b13586f1c491a60a6dda33904705d923d
1640dd9e-ff6c-47f6-ae03-f19c97031d8f,calibration,1cf350d2b30665e9365d0020443031aa41e42600292e6a5cb43531c9a883daab
1688fef9-ab8b-48e3-8eb9-3cf2c4a95ecc,calibration,1a3c7f2a2539aedf393384662da8d80cd1b9d164bd5264b6632dc677acc47262
168bc8a1-a904-449c-8e3b-5272cbaadd98,calibration,7117bcdaad41b7e184305ff69f8d5334913a117d71fb479c71ebaf0c875357ec
16a89dfa-7872-46a5-b389-4059ac880f60,calibration,01e29c5a32ff894921bd4e803e98d1c4af2371c3816f7f550b71b9d539f66eae
16a93a6d-371e-40de-a66d-f324b63cb99c,check,c3c6d0d89c464a44114cab861aefd0e53b0b0dcec8ae24aa5413e79717c14013
16b9da3c-20f1-4a60-a5f9-52a53d80029c,calibration,163c49e675336c4344ccaf8b35e371958c015ece36c660659b39aa9ef3344676
16caea7f-7162-4a85-9a28-572c79dda4fb,check,699860c5bcc2419041a83565751ae62a08c73846d19dc9a7e5d1799c99c205af
16d33369-42ca-44fc-ac09-e8dd91f8aaa1,check,5225b35b93b7780a97dad0f8e7a0f550781943caa2b04caf479b2a0a99f7b8ca
16d3a8d1-15c0-469d-9e0f-cc22ee9ba2bf,calibration,0d81e30507f548e0cfdaa50e97b649ca9e6376ae4b8535e3f092d0e44a842c26
16d95cb0-206b-44ca-b0bd-a39454b991e2,check,20ea689c4497ef6569f8810fdf8fd5960fec2b5b44a9488afa0c60ad44aaac07
16ecc9c8-9b9c-4f6a-9dc8-ba061c374392,calibration,9b4ab5ce352e041d9562c69e61acf69361808dfeb8296e109f21ce7871b7c3fd
174323b5-39f0-486f-a4c8-b0ebd54e392b,check,2fd96e2508591a484d64c0687b63de8772c8d50d529baa7fc3fd56620f9b7dc8
175311f8-5fec-4973-ad3e-7415a9428936,check,653d161184bd6ce7f86e921150ca7a14307d16086c925fd0cc176b3b62b82814
1758ea7c-eb45-4a1c-8b5f-0d8c7246958d,check,22b8529777af3ebc2637696acd8d87e39ca2deb2a4d8c6decef04ed977f52b56
17a0a4cc-aa25-4914-9ebd-35f44dcac108,calibration,20edabf7e9df38637c8568df2211728c87f450fedb0d61ee69b25c168f6274d2
17ce17d9-a93c-448a-bf9c-f4eda9435379,calibration,30cd8ab77573dd0471ac5c9ffe8142f54c7f50511daaf911cb40db45e785b50b
17e15068-5acb-458a-909e-87d240ed2ab3,check,ecfd0aee3bfe15221a4994afababa41d422d30855ca7bb8060dc9698e859b026
17e643aa-9ee9-4863-b97a-fb6b1adfeb66,calibration,6954fa09f8620b26b0ace4d79fa3e2d48704c6247d388c1b66f18195b12f712a
17e64d48-7ef7-4917-8ad0-61326702ca9b,calibration,78e49f4c8ac0d451bb524b99eea8c611274b611bf9d46710ba7fe1de8f659c87
17e796b2-4daa-4ddd-8073-c0d29e2f205c,calibration,9012f8c334fe0671e8ef47598592cba1034affac5672356273bb9a1074dde30c
17ed60f8-b191-4b65-b81d-bc05f6d2935a,check,60fcf561f35287383bba79c14a5751e6b31291ad0569dbb5d3deaa9cb1d67ae1
17f1e1ee-8cec-4946-ad97-dc997024f716,check,39d076d7d85bd33a11dfe1ab6521405a6acbae659ee22721bd62bdb308e723be
1812789b-bf5e-43cc-acd7-1a051cda2341,check,3d1a677fd3c34dfc3e8685978105a54d5116a213254e51061a34d0874623fb33
181dd70c-2eda-49d3-b9a0-128701599d2e,calibration,e6ac004444a74131f6c612e796af3c123ad420e97f1c2b4029f2cb18a678f6da
182bf6c6-e4e8-4e65-a4fc-294d6f7afcf0,check,1c04fcd5e944368976e11570da0f53df962c214583d1d90f1e34dd245b38c64e
183fc622-6e77-4d32-898e-6553c7b08b21,check,2eb1cab6266300f3d331c9d4da2bc6f7d5b2dbc062af71a671cdc24675f483e7
183feca5-ca12-4e25-a93e-32a236ab2f22,calibration,24c8c4123a7a78a9b91bcf12a4891b91cf25d7d0bec256868ee7499a323a63ae
18468cf7-e07f-484c-9b9f-f7be2bcb2248,check,070a6daa424322498e595bfdc5e2131d2df7ae67461e720c3251f4d0d49c2b66
18550d8d-90a7-46e9-a1de-8d1785fb135a,calibration,a99d331091b72a52ce8b96db343658e991142e0fbc5a9329faeff3ff43513558
1862bdff-b928-4876-90d4-4be3d9c600a6,calibration,22d888937ef75f200b1eba17aca0d2ec50ed6b6436205270fb66e980b1bd4fe4
1865b6ef-d58b-4111-a380-c8d2e4f31d44,check,1616e94e6589befc8c93679e4c948896427882fe2538098584be4fbb7c9a31f2
187a9db4-101a-4906-90ce-ecb343fb635b,calibration,4c3840bfdc62fe475d3e305982df9b4083858efb57d4f6e40d568da015c07c97
187d4954-db23-46cc-9be8-0fb9ddbdb669,check,1703d1929b74ca079c7e79fb926006069ca2e1756c668ec6f433531bc1e8f230
18b29356-d907-4f90-a2d3-4a80826fbf30,check,04d11e64aa722996e12cbbb7f35f88bd6ae14d034fdfcb9e114d27fcfb2c2fd4
18b5f5c5-0ddf-4de9-9a24-62fe62aab824,check,60e431ef6988d4f5129cfcc5ab3f0acbac925db03e50d93c289b23671f6ef8d6
18cac3c8-2b60-4d20-8376-e296082fbd30,calibration,881eee3acfc0ca85cfe0e08fd683b026ab78ba7d7098f1aaa97ec0e68f76c416
18dd02aa-f7f9-4375-9e8a-87b5a2fd7c86,check,e76d755c4f4b1feb055443b2b0f4c8415015980dae21d30c638463e619e02bb4
18f84cb3-a0e0-45a7-9aaf-153956cac13c,calibration,10e9b55c9bf51ec8afc3291fb3b5f79b732ddf46846d856bcfaddf026e2ef782
18fd4a98-c97b-41c8-b198-e6f38f27841c,calibration,0be71cc76373d24e3657645bb9a83a67eccec9ead3de1de9eca3f979a77c5385
191905e5-ee33-4577-883f-847edddcc597,calibration,290485ed96cce0037c3e8ff530f80fc7857f0e2ad63b5c70b986591ed0ed2282
192a9b11-5332-4c14-ad0a-284a616afef3,calibration,464e1a0d6e11e1d566d90ec3bfb8e2c97629b3e9f6ef25875e1dd16867377cf4
1951478f-eab4-4617-ae94-75d94c636fb9,check,9b0f9690f682ca5ac158a49e170c790212308c8550f9456f137d424d5db37233
19758187-7b8a-460c-a0b4-f185ddb94a72,check,fd69fe68609adee93d425e6081ea5377f3005c8ea94af4901179969fbcd396f2
19a9196b-37c0-48d9-9b4b-659d832908c2,calibration,b528555877ca93eeef27773dffad16db97248eb8a5e35dbeb8ca9de44b3bdc2d
19d0a1b0-f5af-4b05-bd7a-f16b208b72c9,check,dc93f895464b56f225608cb332c626472cfb4fde3a9ac690d87d47a915d799b4
19d5a62b-8303-4e92-96c2-35b52a9669be,check,21a92e7ed67878bd58d701d008c79ff32c72a09dc44d4478874738b4e956cd2a
19e240b8-e326-4c1b-9a11-fc6ba01ebf3a,check,08049316cdf7462ce1cd24d06690cfa972055a157d2bab6ce8168ef9fb42633d
19efa1e0-52c1-402f-99eb-9064020e9e4e,calibration,1bfcb4bdd9fa294400d82bcfe65959a5cfb8849984f1146420e917f1b762b33d
1a0b0096-f92d-4668-9758-68c550610128,calibration,a4c9cdc70dc00d3012788353f1f416a2add604c24b0941d8cfa836fc5b877745
1a362273-2704-4302-bff2-7ea683528c8a,check,0630cdf0e530bde29d2553b00dd9bb8cd4629766edb0148d3a4210caf32b9ef1
1a3be5b9-f645-4d72-a0f6-0f153101be44,check,b8162e1c629f5be72dc24c4aed6ebad5f518a7e605540530b295601fb954b1c3
1a4d1bcc-7cc1-4113-b5e6-933253b7fbc1,calibration,b316f719e9b232da310802167ed5cfc276816e054aea3a12c2b519a9b50f9485
1a545558-dc3e-413d-935f-be9a13195090,calibration,7b1749c91082f5cffe86cad6ab902c5e6ba0454c77aa74a164b0b3733b8ef962
1a5eca67-82e0-4101-81a8-80e8454cf330,check,3ce234dddcd450f47e714fda6016bf3c1a18eeb6d6b771183b781c905a6e2ad6
1a6794ed-708c-4780-b202-a07183f1a763,calibration,e82c88eb9906dc81e736ae7d87cfd3db248d35dc4a1ff675e97ad49a7a269966
1a7f775c-027f-4f9b-ad83-6b588d66daba,calibration,7b82e26fc1b9d77a47a18138d51524140ed80a806de8240d58708eeca39eacdc
1a82e9e9-6dde-41b9-976a-e92fb7ad745b,calibration,dc9307e934876d6285b142c3b58132f76e94f1db5b7dbe4abe8549636e2e5590
1a99603a-c445-426b-9597-11f99aee0843,calibration,183e4836fb617c4db9143a3d5916dc3518f3b7b2c20f3175b2758c6a2b6013b1
1aafe3e4-d7ae-4716-821f-cb810f2ff986,check,e620e07d80923897f7c212c4bb7f6368a402436e41d996f2555293f4761a082a
1acb1148-5f83-4eb0-8aa6-3a632324eb4c,check,878efe05c2ccc686a624cd3b78162612f57ef9df3bb565a6cff4663145a0f87f
1ae7a80d-a121-47ab-b294-84ab9a4c6320,calibration,a843776bce4043e7dbb33a3b56e66869f3e82111995fe9557368c8b721fa6c42
1af6d912-4600-43bc-a75d-15ec5ff196d1,check,6054856bb581ae4ac7b604af07771247f4633adef9992f4a9b823158e20e9ac3
1b0d0609-e969-4c18-9ade-30b507b43469,calibration,bb1c519438823e53e735a72bfc095e04db9f5a74a06353ed4b512e55d9913fbf
1b3948a9-23ed-4b0d-b12d-91f5da9c9f3a,calibration,2c3c81515f21480744fec14aedebf6df9f5db169d227965bf846d18425f6042e
1b524861-a54a-456b-97ee-09dc3146217b,calibration,3fb4bbfe3b9921e2c7f775c1ce2c2dd4eba69518ee5ddf01f1d059bad5dddf9b
1b6fc441-d5d4-4b45-8032-3d0c254a93f7,calibration,0807d5bb7a810c89744f64a4a7693a915eeaa9cfee70e00c4bf66ec720766f64
1b772835-ce2e-4163-bbf2-1722318bf2df,check,fe97a8dcb98b07bc4e2056fe7e2e10634db829ef3c8fcc4743628ab827f1b3be
1b86e9e0-4355-401c-9fb3-cf902e50830f,check,d7f90779d04e2b9cc7a865fc7a16228a5ddc8d55547d5e98d22cbdd3a29c0ba5
1ba14ece-7f2a-4c3a-ac56-534c9bffd61a,calibration,11e76599dca9b529c258c691d00936968ac1894d61b4ee568adf4fb98dc57c08
1bbb9d75-4fb0-4c11-ab42-b68cd1b08ca0,check,e840f755b29fafb6555616f5c9d7a8f619fc9ed5c601967acd7a2f5c67ebf839
1bc2d359-d00d-4dcc-a5fa-9470da57da25,check,c041f787b272fed4f48c9563855a27a299bf98c80f5cd9dc3700895ab6fbf1f1
1bc7e2c8-c26c-450a-aad7-b92c79f6a8d5,calibration,28beccecb8cc9d22c058f8d793bf1d87b061bb5ee7a01b872bceab148c4c3449
1bcff384-9e92-4f5b-83c9-e4cf7d68cae1,check,6d7719c0e37528dd97bf73b75bc100522cb64ee9595083fe1f13af894ee1b5d8
1bd0bfb2-8e02-4638-8da0-919a5a306c1b,check,e4abe470ce439b946a0c1b971117f44d5ac0ed66ff1718ec886800d35aa22f5d
1bde53ed-060e-4dd5-977f-5e91b81e17b6,check,2daf763013f65e3e7b889e9a343f5f3083ddc1c1934392a4236addd8e9e4d9dc
1be9a77e-64cc-4335-a3d2-5d5e2fc7e88e,check,e1629c7ddcf90aee848b267581315843e9a75f5e87f8b5d2c54baf909fd29d6c
1becce62-e46b-4776-9928-8bf32f801c02,check,39e10ce1a9757c4c2bd5a72f48a6582e4f1baaae530bc66524dfcae7433320e3
1bf1a4f4-7765-4553-af05-0e54109f1752,check,e360a69aa86a872e9b109ad6f98e9b1492cbc9bff7466cf44855ab6b5e5d28e1
1c131b6c-5616-48a6-a7b9-4be3b4fa86d2,calibration,416b815ab7f8f70269420b72b72b0be53a938018c40f801b9d1d65e00fd447b3
1c231e24-049e-44c0-9d99-dec4b9c73585,check,ea5e1e5205a49d212dd5877e6f05880c92439e441cccd1eeb6379af435c2efbb
1c527586-df5c-43f9-80a4-e760d5282400,calibration,0272b77a560049f1df455dc633ca452a03ab87b7fcacb1a82bca6c44e8edaca0
1cabf827-2253-4082-a581-ef1f22a2bde1,calibration,973fa21ffcf144a5d63b61a70b7f7c5a7ee21e78b9d9085e454587358ef96e6f
1cb1ae4a-f5bd-469d-8e40-dd598cf6e4c2,check,31c1675fa03e22d5ea922cf00937c95a5202bf23fcbbc81ad46fd05ca3c9f28c
1cc14700-6464-4653-b744-9ddb06012c75,check,88aeccf5b45eb51d4584b284f35daab5678ad4f1ce9a12f58b2d58d017e02e32
1cc166c6-8ad3-41fe-b06d-c7b3d65c20c5,check,1244a612b3f23912ad7f1c4dd1b5e074e8b4297838c94d59ed2b95d04a280753
1cc7f827-b015-48c5-8ca1-d54bbb0a89fa,check,dc7fbf24e9bd2e70e2a5887f9bc69ad71fbf7ace591bc7ab53631aa858ee93c8
1ce05ba4-b909-4d67-b6ba-d3836c280de2,check,c7e460b6728f47867d681b84f91ba9f7dc786025a527f7e28bf9de310b51f7d3
1ce3c543-dd62-406c-a414-380117a33db6,calibration,ecdd6e260fa6b213b25fb811d54e5967d64f12b24c170b7eca6f4854e60d4e17
1d0d5e61-aa37-4fcb-bbb6-792cfe644164,check,2d3cc29c332fa8e5cb96970a70b4ad0eb223652eff144305e98be91c8b526fe3
1d124d13-1a78-4a74-8bef-672a2f9f7dba,calibration,5c30705386155f1d68b1bb3e01ddd87212e1251b9db5cf8c5c97f8586cd530a7
1d16aff6-577e-42ff-a046-8cc129aff70c,calibration,6e87ff928fb53546690a47d7366755340f07d8e3858c52a20bf2c4a3fdf82534
1d386916-2996-47fb-9482-1c7241333270,check,730d4f371e0548f62dadb2f7148b98b9dc91e6a37deab8984e3ae2bf76db2ec3
1d648336-31fc-4871-82d2-c7c93ed147df,check,13dc773d373f6493a663829aac2f289ea2e5f0dbee820004bdd62ac3cc96195a
1d991cfd-762e-467b-ac77-edf76900433b,check,338c388eb7a651078fb05d44fd2b493228b82454a0a96eb4effa8e2b421a3cc7
1da3d938-5b30-45e5-b7c4-e84c02a09044,calibration,059ce0373ad0af3efb655892fc45a57061061dbc275e11ba6b5d0e0c2badbfed
1df33def-b1e5-4a87-a652-c1300048f829,check,4a06b2d90475c5f3f7d736eeb40932b05fa06eccb7c8df782577e48706bd1801
1dfabd71-5afb-47b4-937d-794e371d9e38,calibration,e61e4ca8275832770949153f167dcc68d42fb51f8fcae32ae917b514d682fe7c
1e0b7575-a43e-4f91-875b-dddae6fdd1da,calibration,a80814fb891d404a844ef6ee0e51b10d19d0e68d45d29a8eab678d3d48d4b41a
1e0fe1e9-2f1b-41e0-afe5-595509fadec1,check,44072458340033043743abc6c6afce639adc03f7a23f78d47ee6aa320ac3ffc7
1e2dee9e-9ac9-486a-9e2c-1b78e16edf15,check,3bee71f6fdf933b4b9c5f657c6e1180e0cf03e9223b32a882605bbc6dea7f69e
1e36ea8d-fb05-402a-b2b4-850cf99a4cd3,calibration,735a31cc0cf09b1abdeb282fd04032c4b1e8f61c294dc5d8b52924b95550b8ac
1e4263c5-5972-41fe-beb0-ba44aff5c3a5,calibration,06bbc823520013bc6d85e5ef577701de6d77d126463e1ac9a8aed79df2dccdb9
1e428ae3-42a7-49ff-bd12-a54fc30ac725,calibration,3b6a5797de4c66a93ab3dda669569a525aa8c9448e1a0f388a72492341d06435
1e42bf12-80a4-474c-a3d0-f0897aecc213,check,faf93e9b82a613ff84835c8902dad47ed99357bc9f93cb6dafd72d75d00cd8d4
1e553612-67ce-4022-8f34-2a192cfc446f,calibration,8a35bea80565021535ba991f8b248b129da81c7a418ac3cd2612fe7e9a952d4d
1e5b4f7a-5fc9-4966-998a-9978b1debadd,calibration,28b48052bea6199def7a941941f49511b502b770bf569205898dc276585cf607
1e73316d-7e97-4417-a254-e31cb523005c,calibration,0c3f79989d81ac0d2b2ccbb1523de3e6a3bfc3861f904dd99c8c33c29406e45a
1e7405e3-6193-4b34-9a93-9e08ae35aca5,check,2ca900f39957440c38b2c32c4e17325a7282273f5c6c65bbb9ee121cb12d19f3
1ec15000-0e81-42bd-94bb-c24413c59c02,check,48bf81daaf2c49c0c78a447e63df8c528c61fb51bcce90f2bd8a31463b90019a
1ed243e3-4f33-44b2-a1f3-bb9d40bf8d8a,check,84d4372c7a0b644a2aa5af5081cd3ab013992f40bba9ac9c53f16f2e83dd4e96
1ee40e3f-9e5c-412f-98d3-2dcaf1fa25d9,calibration,4f9c12f478dd4e0dfa5c2f6af3df08fa9dbd5422cfdce934ab929e2beebfeea4
1ee62f44-ed8b-41ed-af4f-ffc524423bef,calibration,ac67be8c2bad2593bae7fd605ff6374d50184366d551e30e4208ff14bc6a673c
1eea9886-e17d-4703-89ca-d8a23021013a,calibration,3bfaec73864927b9ce1667e5e90e9a85fb94bbf5aba5bc8ea0d9e36b157948c6
1ef5b86d-4ac6-4425-ad99-bb81f6edb29b,check,3243878150084aeadc8402f7e8a3905e1ab523a91e199f55f8a6919f6ba7db1b
1f0d690e-d668-410c-b72d-3c041c8a9e8b,calibration,99dc12e94a8f986160c851ae7d66d833126efe38f5cc74856b0625e88c4b47ce
1f153ef4-81af-48e5-a5d3-9eab3a140480,check,a7279a1a9f7651071c84ee0b8ee42bbd046fa7207cbbe76971873d923b86e959
1f382828-c6a7-4a75-81cd-2d1c89d2db56,calibration,7c9513785ca6fcaafe571a8e90b688c1fd1bc4aacd76621bcb7520ded8435e31
1f41751c-22b0-4250-8a48-b80f1d2362d0,check,a77baf91a0fa4b2d5c17a7cea31c9c8e9e1b2b8d99ee2db54e75ac2c8c899360
1f43e459-c2e0-4798-b3e2-ac28202da4a5,calibration,6337083afbb2b123104b0f571f189a37ec582f67e4aa874a47711ddfa18ac582
1f664bf7-4699-46f2-b580-d0dfdb1f69b1,check,414a2ba4de633de495887ca037fde1c78a5aac281f3bab080189651456eab4e5
1f678aa8-f0bb-46ed-a5e3-6ddc0c5a39a7,calibration,f2d35772a4b726196907598e968aae5d60f46e690e0c2572deec470feb2803e1
1f75c850-e17b-4ffc-b935-dfc4461530ee,check,28cdfe005f9cee9a60cf7afc931a6403ed8ea753865af0a542976edbbc644a02
1f7c285b-0a10-4545-be75-ab893020de69,calibration,5cc4a8cb8359ade7abb56e59c82e57a879100fb824dc09af258145983792efb3
1f8aa7a0-cf48-4a07-95df-65a7f487836c,calibration,547690fe22b44c2a1030bd7d13e4077848725e3aa2175419ad40676a446f78d5
1f8db0ac-09f0-4f91-9be4-2a478440bf4b,calibration,d732de691604de86d31e4b707018cca700857f44be9cab5ca22e530ccae34063
1f9d01a0-ddad-4e1d-b223-3061f9bc7d39,calibration,4555016336af3cf5a7a85ee6ab3c6222aa894ca4a0b81837f785c1465a25107b
1fa020e7-bf55-4fa1-83f2-b899a63137e0,calibration,a7255bbcd3786073bac47dbeaadba8ea890ec7198b85de74ff27cd4de179dd05
1ff8b224-cd8f-46b9-82f5-8145df7efe79,calibration,aa42946c00b4675f2d3e0fe262b120777bfa9b8f748bd0049903cd44a9a4953c
2010f6f6-2c9e-46f9-9184-4d6fa6a56a0b,check,8e59bccc74d8d97668357374497dce1020608319509a1b1ee4209bd33675da90
20367c31-b9de-4e75-a2a5-510e814dfbf1,calibration,9267dee257a09e45598978c33146877424d78024fdcced1ffa5a4ff07f35afd4
203bb33d-e4fd-47f4-a821-72474ab69c9a,calibration,7077baa023792dc8a592333cf851d6d0cb96b8dce0c2b0564e3d5a03d3b6ab0e
203bc444-500b-440e-8b3e-148bdf970d5d,calibration,8981c3607419226dafba7bc8766c929ddd6479920a378597c6e725ede91b3ec1
204b2bd5-127f-4dd4-8dd3-23be36f6b1f2,calibration,90b2566ce3ad8310b2e8b3ba1b31b21559759258a8b190f2941bce258a30c932
207e5dff-b460-45f0-a713-a1b09315b6d1,check,1bf268e8a03e7fce5c442653d7f9eaf64658a184135808579bfb797fbebbd082
208340c9-389a-4ab0-b53e-e41634a4935f,check,f3b5586778be1d798a5a37c337e09319d5b7b2dd9f59f4d4a9349af5a172bb04
2093edd6-fa06-44fc-b6cf-e32a0ffeed70,calibration,099127ec1e3295729eef89529b8146db8dd46e842840b9eb8d5b05793e7b9d95
20996c3f-b77e-43c2-bee0-1abbd9725e0f,check,b57ba7b2bd8e306fad4dc7ee03237126ea46ad5f68db40ed18ea76681d007892
209efa71-4ebf-498e-ae23-1719016a28f7,check,da98d9bc56f4de831368784cebbf83ae22b3c005e213cfb97f210f3a2a93eafe
20a27967-2a2e-4866-b9a8-09ab29759309,check,d17ad1ca2f473812188be10ad54261f9c7f5116b21e35d912e0d49928cff7abd
20bdc8c9-b4bd-4346-8c3a-7a83ec7364bf,check,acc772bd9c01e6b3b030665ca6462e71818526480d699bd60e907e4bb4387d56
20c2893e-b107-4542-b93f-c1bed36010f6,calibration,f62d931b202b4a38e8c64c126b86a2e52869927aec6c92f5a668214a29377b15
20c9e5ae-a46c-4b0b-a01c-c94972b8880b,check,489a3b83a218e716f3166bd39c5aa4f3151ba6eeeebe01b0ac2173a7de9ef18b
20ea1021-e663-4bcb-925c-ffdd18eb980d,calibration,f1b0f2ece846a0dab3c483b9c761328e2c04e7d3b228bd2c4f7ffea12586d3d2
20f22b3a-69c1-422c-997e-084085f2beaf,calibration,0ab8172466ab667a9d95f4f959f05befd53e094eac6ccb7ad5b7770530586d67
20ff18a2-e11c-440d-bf73-4c58a7af7862,calibration,fe314f796e8d8d77f993c905d67cb099272c35cb01497870206b7276f628878c
21014873-957e-4830-83b0-cc1e11efb7ff,calibration,f958e6f791fc7e6b7bce7d0a70a0f872b33f21a25a0036dc6af765c1323c2529
2122db5b-ce00-4563-8ed8-e61a767e47db,check,5d51a3d0de7e95dbaac08180b1c2f6007fc0165f7181834ba89038ea479ddfa7
2129c78e-9594-48fe-b685-eaf9076769e5,check,9d3930606b95026e65c6ecdf7997889f9ee067c6dd4176e7f208b3c68c312215
2141e8dc-fb6d-4389-8da0-37c8e358441d,calibration,def74788686e500187453f6e16ab8e233a7e79c0279868df42ce8b8bdc07a765
21453e44-1419-4665-800c-ca0dc0037448,check,1bda8f78b5e56428765a7da4af34b79540cd3215b618a45ade0c62a5b16783a2
214f5b81-93a8-4801-a17b-06459490eec8,calibration,64b8909424e4403f069acba3a05798c539697fce91e4b8d5c2fb0eb8b86985e7
21582411-b8d2-48be-851b-c25f53481a80,calibration,689c61082e662aba0b75b81759ae0ba64ee3e72db3f8695ad79f378c24fad695
215ca069-07ce-46bd-8616-8b0e072bde40,calibration,ebf2850d44b1ad7b10584712d3975e27c4654bb4905a4f28d53763ce4e779bfa
21600590-5480-45ab-a4a3-277eb492f398,check,711b18d0343e018ba80deaf22e840cad469fb0101f8978843abbe85c7f5e801f
21acd676-1ad9-474c-ad28-8502b58d44ab,check,819ec90fe66443e4060e97cedef8ee2c9d9dfda123bd488a69ddfbd1f44f39cc
21cd2e2b-74b5-4a54-837d-374b63fee205,calibration,ff8079f037cbfbb853974c2b73615dbfde5f631bfc03e1efd35989d312aecd4d
21e6ea2d-479d-46fe-8d88-5928bb3b5187,calibration,e18028637f02c31d22b566154110dc95bf80fb0c5fad3fd75da565ab972a4705
2212458c-ad38-4f92-b11d-b6cec34ba751,calibration,7e2ec3e27a4a94ad7310ba03dbd4a79901b5ff145c2410dc7a235582f7f1aafe
22461d01-09d5-4eed-90a5-97a94ce7d9d8,check,207cf5da7c702e1394984348145eb7ddf3dfdbfb7092cf5069fbb0b46b3d5976
224a5ad9-d831-4f6f-9efa-4531020568eb,check,9dff5cbe5507b823b5b9f05bf011c7c644a213b791d87970c765f231c48f4388
2271dded-43c8-48ac-823c-e305aebb8139,calibration,b7c7ef34d091bd3e785ae2801cc204bc73ca549d9b140f40df3fd4ba7c7dd41a
22827f48-21c5-476d-8830-5b9470304818,check,ba34ed7bcb2771a0d6bc7aa109fa144f0534cf7e9edcb5f5873db577573bdbe9
228b6c4e-a86c-4428-a348-458281690bee,check,d764b6b74ddd7a2e86bab28bfeef08a497dd7f50aff89c9cc1e76bb6418390ed
2290683f-779a-4d13-abc5-a8262de61780,check,f8d774fea207c81720c1c82d19b521d494ddf89d74acd30348e8f0c2c8092a0a
2295e6d1-2b0d-4bef-9c40-8123eed09bf3,check,835a684115daffbf256cac98937e5a6e189f203c5201d06ab07ee864908cc7f4
22a62253-f72a-44c3-a9ab-742cbe74bb38,calibration,016a3fd59f1ddf996dbf30ea7a1867b218d5bd89f2a72db4efecac2219d8a628
22a725c0-03c5-4e54-b6ce-00c2d3ee177f,calibration,c85cf99b8737df0e0a6f211f68aac70cfcd20e878c802c4aaaca22831ca0b7a8
22ae55f5-bee8-430c-a0c7-da59bd17b0d9,calibration,2fe1cb6e3fbcdfa9f34bff9e1234cc498dc82337a26dc5e2ea62476907669730
22afc9f1-4af6-476e-be07-9ab82c17bb05,check,6247dba4c2988c78aaf182e7a79f219154a3b530f9a5aa0de40495d8ab677989
22c527d6-19f4-42f3-ae4a-5da7ef8f8016,check,42015ce94dc5aefe151628c5c40f25fd75f0f69e0a09aab9704347c19362a3fd
22c940b6-50ba-42b5-86e5-af0ee112cfc8,calibration,302b5d2fd48eaf4d61ee5de4fd79d6c4e7a60466c3a9791ec49009af66a1c56d
22e1d3b7-a287-4cc9-9d36-be1132ab3a90,calibration,a02038a81213da475ce416ca99c1642d760e0145a4547db700d0a6b0048a8881
22ee2534-1025-430b-af72-ec4bba49d03b,check,0d081f6f612cdea7fcaea4361410064a795594723766f220addb7d977cda9b67
22f3ea12-38e0-48c9-95d2-11fb0629c037,check,0faced4bcdc48b5cae870f7ac42e9e444a1aa8e8493bd84272377e8e8b4febe3
2321f85b-bb30-465b-a263-feb804d11068,check,d0c7b87df126d6df750e9e3a771a50d7748a57e0a4d8f4b56b46ce4bbb9187e1
23457e4a-54ca-4659-a8a8-b592a2669e30,check,da1090d2e87edfaa784d679605e46faaa2bf5e8370e140a6ad650cf04a75784d
23713cf7-a475-479a-86fc-6c852608f312,check,5dbe65417511081224e689dd80d53585425009e5bdb5d23c9509c1022bcb0cca
237ea330-41fa-468f-bc8f-40336323e4f1,check,5e4e5adcb1edd8cb55a12a52e0aea3f19e92d37ec56981254ab7bead27ec2f04
237fbda4-2f2e-44b9-9b02-b8b950cfb50b,check,106e783ad1f27a282cf4f2287001deb1e3e06bd2a09c3cc967ea8bf4859a2950
2397de11-47a2-4c03-b801-2aed1cdb10b1,check,521a539bbe674503533b449da63d7c305b56a663034d484d8b69edf9014f4dc1
23a110e6-4e1b-49d2-a2ca-b9c0346e16fb,check,21b67cef31d518cc8787c38c3f1bc39d08925df1f43ea77414ade54d2baa2192
23ae5cbf-8215-4391-a299-84619de87e2a,check,e4ac173cd24bc63554c1216711e114366d8c1ddb51315d759e08952bafbcc501
23b25660-dd40-4c06-b534-6f6693e10359,check,646242c460fa9e1d0e6fadc322a1f9c213d32e27eb10b3e53cecc77d89980280
23b7a8af-9b2a-4b13-a454-69ffa79f31d2,check,08fa0e1ed2b4e2dafad8bf11a70da6745aeac38c47878b3a3d60eb8e123639cb
23cfd8f9-8592-40c6-a627-d40c91e5c9b7,check,a6401c77cc3de73b6a48bbe833bc2f661be86cf013ab13d7c728b30664cce759
23e2aeb7-07e8-482f-9e95-1b2dae10fc96,calibration,6aec3b74cd1c03cba29e66191ae5d7a6c60a9e15a957ed9e1cdfd59a9b0469b9
23e698af-5a37-4b25-ab60-257d030b3dff,check,5f61792437dfe7bd2fbaa81d26042c6bf4960ad10fc3a9209f4764d4e05969d3
24081e7f-07ba-4d1e-b28f-81b26b136d76,check,f2ee2cdc4469cb1c330ad4afa7d4b22c8ff9a3fbb14a16bcfc65bf44197f836e
2434151a-e8be-476b-914c-14691176ac2f,calibration,41e47408de9ca5cfa5f62d3b0f706df46d67ac24f08a4b55bb5e6fbf05b95609
2452a8bd-dc58-4590-b6bd-8366dca91912,check,75fc52bfc965a2c22428bf5f8b8a194ee54122907533369f5b0d7cd895b8c84b
2454088c-93ff-432b-8934-a3895c62f8e3,check,f9de49a19c45103f069124908a3f9bf6a9b262d297993cb2a280e93ada14b151
245961ae-6d14-4bdb-8af5-9536ee8b5ac8,check,f8c2bcebf1f63178051db088030eff4d0b10e2bd4c50fc90294c080d6a21a480
2460eaaa-c9e6-4807-a074-1db38f865ee8,check,85112fe2f87f6bad74c34a706136d518e6444a6779fefad9681f35caad289056
2461bea4-7945-4935-934d-24d4b0c79ce3,calibration,e4a3dbad7b9119a8c1672190d6f4d2b4889f359057359378df0c1caa75428c71
24653a6b-4505-4380-8978-6b175adbd63b,calibration,d1b04ccdd4bf02c1bfab03d602acab71dcb2d2c8867f9022adec1534ded8588c
248a4ef0-25a8-4a7b-837e-36891d19c4cf,check,1f1f71a161850f93765f0e4b7c2daae68b0f9c269e55a3129786bf35db8dd856
249bff06-175a-4540-9a3c-f84b66c125d0,calibration,ae6930cb6dc5e5aa27d03312a474ac4c952c407672fc4d8f87cf2680342fdfdc
24c155f8-b214-4bca-bb1a-a452dcac79b8,calibration,45781f857e2b1f9a3625ca712abe5e556a4b6c7a331261fb2e52920b6991fc39
24ccf10c-519e-42cc-8fe6-aaf20094e498,calibration,1ca4fec2880d450a5c55b2fdd18f4c81dca2b7a698b32f244d4a819aa5e05522
24d02418-889f-4a23-bfac-582f96b32a4f,check,45fbcfb2c7d234868e94075db2c43fea1ae0e0f90e5e53356dff39e9ca29b9fa
24e25e81-f4f4-4d6c-a9cc-173177be1f22,check,1befc2cd6ccbe8075ba867956f49f69ce6cb12c5cb8c91b6f26059ea5d8554ab
24ee7ef2-b2ac-423c-85b3-b107324f71fe,check,7db3364a789df889c929ba4242a3b62b8e5f5e5aeb1b2fa7dc5a66ebd4055f72
24fb7fee-f50f-4540-b22e-10f531774ab2,check,a5cb46e4fe6aa5da2a0f896d6b05922baf27a389b8146b5cdc8dcd3d57a35648
250f21fa-f7ef-4391-8f59-d0bdf2f87f0b,calibration,d64a7cd06529ac7cddb93ce59a51448af50fb87585bb12cedde0e619cf03b114
25102fc1-b09d-4c06-b58f-c36ee51e3cf2,check,e63ae6112374123f8a651bd407c43e5baae9cc68189b1f4796089148443d37d8
25135bc2-daca-4919-9a7a-6cb86992c5aa,check,af33dac57ec8f5c27219fd4d02d1045e56fcae8bd3ff91adf394f0979c8bd8d1
2531ffb0-3680-4c89-ae3c-d5764e9de24d,calibration,c56d3cbb5becceb73f306fbcdeab0451395b080bfe7cad149423f006ae286267
2533b1a9-6e53-4308-9161-07d3077f0dda,check,d6e5c533eb2d4dbdb92201f18b0f5b1ff35aa4c7d387b330b0819e2b2b88babb
253619f3-7e18-4e10-a0dd-07d14d0e653d,check,df3f1f3d96212fe8957f045b5cb74e35eb2d3cc0de274dc9f052f2dfad58d926
255a451e-3bb4-48a6-849f-f206ab656cc1,check,1218efc23b44a2bd2dc0b32c8cf889b5cc4db9dac555cf1a81107b837ef419ec
25741387-1ba4-4842-ac8f-71bfb641c1e4,calibration,837e2c833527cdd21d270cdf87e2beb1301ce50512a568eca86ead1d70ac1a78
2588065c-9a28-4514-aef0-16785a6e4811,calibration,a5a8c10d3ee353720a0adbb2c40175bb40708f31ad4e12f1abc3652f27608d4c
259a3af4-9155-44e0-a156-58f869e34b18,check,5b0ba04f232337641525e405d5ee932b61cae2d0dd96578dc0536c03c8f43c88
25a261f7-03ed-4433-99aa-a38181a9d567,calibration,2869da0fcb1e0edd70d589cff5dbad0f91ac5dc0a50a47e7ffb84e02ac3d385f
25c549b9-4084-4121-85da-fa549b5c53f0,calibration,deb56bb4f97dce39b13f9bd38ee285f25a4119ed90278867fa6e966c2341443c
25d778e9-3728-4a8d-8188-d0c47f76a3e4,calibration,13e8b1551e327691de4a961f3ffa4a973eb553a4b14d9f1643725361a590ca7c
25e90115-651b-4ccd-befb-c1e59b236f29,calibration,1ccec8cac306ec86ad235663fa10c7036faa5ca3f424a59dba9e5a8cb1f266ba
26108409-3c1e-4db7-a20b-58146034873a,calibration,b9b6c153c61df693db72155640c239ba1acbda567e830eb2609313e4ac0826a4
265950a3-bcc6-4569-9b7b-f77e3155554a,calibration,a23dd83e9ec8081c982b3bde3ebea40f0324fb2f531dc9ef6b9e4a1fada28165
2663c39c-ec97-413d-b950-8ba67fc474d3,calibration,a4eb35141859e1c97dfef554f9ffc4ca3ebf53cb673b4d2bc722478b6f840a1f
266ccb45-3c4a-4443-a3ea-147e89577c3a,check,ba833a8aae33a4c6cac5b56dc2f28c5206175eea31b2977cdb6a0197d609d5a7
269a94c5-5059-4f95-96e0-17033ffd5e87,calibration,6a6ed6aa15ae172f69f276846438dd2b61286476956245b6a87994cd66b511e2
26ae22dc-9569-40a7-bafb-1d7b13ae877b,calibration,2a6c3e6238201a67601008eed19e628a073583ce0f19cd7f3ee5bc5fd4662f98
26b8a12b-1941-4c13-854d-dd89fcc4e044,check,677bebf703303f5a4f18b6f70b16c34c86192b8ade2e91d7e054b15068740b89
26e8d94e-8f96-4ba5-a732-ef631a17af8f,check,e93b469d766d3db48a9cea2b9bbc545ce4b33df15495df6be56ad4e07b8d63f2
27196ac1-6d8c-4d5f-98df-b8bacdedb801,check,e2fbffc0903fcd368be1a9813fec7d2ae5cf8a53a3e274d92a0eddc9a60eb6fa
271f0366-b393-4109-9537-6b43ebfb88c2,calibration,89941356436c5086654cf162f47ed68aa616bbed5b7e23288b16103e6a6b3139
272340a1-abed-4edb-b656-d519894e3a3d,calibration,cdbe70e975c404a91140d9431a77a99a39e62d9890f0f2f1dee8e8416e21fb5f
272c2678-fa2c-41fa-b801-1d0965323014,check,040d87962c374728e00b5c422602e6093a5c89a67359634090edd0d31979c434
273765df-7816-4187-8cee-bc5addb965fb,check,26f1c33b89f5737137122c2af3f24a1deb0001500b064c825104c6e2a61e2b97
2739935b-25d1-46c5-aada-40b9e9434614,calibration,4e2705bead2f753ca1541641a4eee18ef74e0ea3671fa836f681d271522747fc
274dace7-18b3-4157-bdb1-a81bb907c47d,calibration,2c35b0053ec8bed700eaf0cbcb59e2a538a938233565f546374223f7574445e0
2757b9cd-1f5a-4b53-8690-37be88fd8448,calibration,18769f8878672e3bca8b91c66b087d35b3b88c6ce77973cdbf76a219ee3527c2
2762ec56-a51c-47c7-bd39-1151e4989c1c,calibration,7fb004ba2049a03903531359d104bcb91827982dc767b940113f3b03e91e9880
276bf463-fa4c-4e19-a7ef-c7f823cac87c,check,271b472ba3cbd22286a0161760b9d9de3c80052ce5762dc8a9a108bbf339cfab
27a53cce-88a4-421c-983b-a9b4a218ee9f,calibration,309637a983b772a40a5d2ab60b1454476d8e7b8377f2243221392f7e389534e5
27aadd47-b4ab-46bf-a0d6-a16a9dad7029,check,3ea9894f9d465f1598f93f588a438a03b51493a35799cb307b96b5f49fe48d1b
27ca1138-ca66-4976-af6b-4f9451c39319,calibration,67cf86b343102a51f67eadf0b123c25fa8b42312fdbaf60fe978c6a58c282f10
27d2bcd9-34d9-44ed-9274-3fecffb53472,calibration,a3f076bef1637b7e6b35577febaae1a52a8eb245d5a5ca5b91b77c509248a075
27e18fc7-98f0-4996-a9be-675d010f68dd,check,d6bcf037d2415012db6dd0ab9ce5dd7aa9f769a5b3aa28b9faa54119e8b4e6a5
27e20309-df65-4542-bbbc-65445f871128,calibration,0f1fd268eeb4cf91974b32083cf79640c8eaeacb8e7808111ba7445a1f89469f
27e9a35c-93ba-4113-8ecc-494890b72a00,calibration,49dde3111f5544995d35737c76a52683997a1bf97d14cc08ac1d8e5a9dcb64e4
27f00d8d-23e0-4941-b855-cfdae11a6e51,check,e9588b378d76ee93b655017e2cf685650ea488d02705d3e6763129acb5e66653
280555ff-cace-4cd6-9425-7e429ca34527,check,3579eac3e0ff6803d8edfb456ffe6669a60a65b51048a544dc52e87da9498847
281bae98-88d2-4fdf-b6be-7f232774be93,calibration,e245b79c736e87329745fdffa3f9ade3e878c5385a3493b29c13ecfae38e7396
283618e8-d9b1-4360-9ca9-6d0da1af1bd6,calibration,4b1e5a24bc2dec13ad239f405280cea0024f742b58f1c03c9cad4de9b9ae8d9a
284ace84-7d5b-44c1-87f5-56498872e9bf,calibration,b2d35ba2fc22f76ee3c038ceeef0e90ef7fca76d193435a3aad08f66ac7e106d
284bedfa-fc2f-4c0e-b409-0f0d242d68f9,check,d0a1790526bd2cb58ff83093183082d9ce69f7aebe273154da7e5e61ad764cb8
285af642-8bbd-46ed-a01d-7de47efb5c75,check,c7b619ef9cb7d4f865439ef5c0c7ff0e75051fe18612467ba1c488f95ef18455
2863312e-e693-46da-a36c-7f40aaf39042,check,73ee516dc83b7e3aaaea70cbf7292196da825ad01e46b00179ab0bef1aebf7d8
286b2ec5-e841-4cc2-8ca5-7a7828f79b35,calibration,204b90c90e77cc345bae3c2dae10e1a60b6c8fd810da0d9de811614015a7038e
288d9615-f404-49f0-905e-dad37a81b5cb,calibration,c2665d4cc0e0405229990a1f091a5c888c14986111751fdac8694b3d2791e853
28960bdd-ac8a-4511-9d76-9bb74f829a81,check,b6e784c9abe40b81add28d0924cbb005e69c39d927a7799d8e430a3f482d112e
28ceae3e-cf26-4150-aece-95e9c271108d,check,7b4e8e6a51f80e98051b412b3522df49a61c5a53d830f11b5676499a64e36443
29390c06-9410-4427-9321-643616d14528,check,57204625e64255b3109eb8a48df5f0ed68df22b1339e31f47128f8abb8af0576
29884da9-7aee-4fa5-8ab2-a4958126e5b8,check,600caa0fbacba0faeedd04f77bc1231707e6be053cdf07ddb74039e2dae1066f
29957dd3-5aa4-4dae-a488-a05b3e87ad6c,calibration,f01c2f0cfc615f1eb39beb8209c2861a4bd3a5f9e2f817ae9ee01e4eac02caab
29a6553f-37a7-4495-99bb-9f4bb68ea7da,calibration,2cfbdd23f9c3714113128e668805a0558fdb188c5dad8404aafed65ceacb934f
29c15873-e708-4d0c-bd5a-71b90ad5eeec,calibration,99146aab84ad5780a782a11a3521276e83089468f7a18eac5444a190949434db
29db791f-4d3f-43fd-9dcc-e3b4665761a0,calibration,3d47b3e3c30013d1847f24a006745877c7dbfb809855c5e34c608e752c255739
29e05d04-d871-40aa-8986-0f48e9ac5e83,check,589109530c48cbed77d15ab0fa54548106ab24dba708fa801922f1a4563eefd5
2a043bbf-2959-4c4f-9884-100dca56b42a,calibration,8dcacea7667e56b9f3a82aaac5ce51e96ce86a667906897898013678bcd76833
2a1187e4-9ee4-410c-944d-ca5a4aaf2afd,calibration,86c6cb738804e25f2459b36e3125a988382ef79e2b25433206ec0b66ca6fdf31
2a2024af-b20f-41ef-a82e-c9ab82f6192b,calibration,5f6f8c9b6cceaf25b05391009854121f021f499eb4018540837b827e62b02ee8
2a24a7db-c71e-4e10-a73d-02985bdd9ee3,check,a59d7d330b03c66ccdce8d7bb8a2571223b925354bfb24915732f25010171c66
2a307d0f-ae5c-4b46-9000-0f776ccba80c,check,bf9f0967cd66764bed1f3282e71754bf108080e34d81615d8d9caad4c4c34b32
2a41bf53-f1ae-4cf4-97fc-a720015b7384,calibration,7581e2f02cb0cc6ddacfb9388aa49f349cd310c1aa01e6b6959fc6fe9f48e897
2a52578b-8499-444b-96e9-c6881e13892a,calibration,0850091d310a914de2a53bd93a4df2fae1f6368a55f06c02ba9533753b175c41
2aa2a8d3-362e-4e8a-a8c6-e7fc21364944,check,531c97dcbc3a1b0835f2cef97a286a029618192230ae84b9be67b5887af99908
2ab24d54-13fe-4e59-9cb2-c088f07ab3c2,check,73bc6ccd1b10b66ff0e991eb8145e4f1c064f76b218acaf58b5a1d26c53f250f
2ac80f2d-6c1e-4ef2-9fe6-0058cf85492e,check,131a403408fd038cb215fb3c845c3b75ba190ff78fd6194d6dc014aedbd62b0d
2ad3dc71-d13b-48b4-af4c-a8b80c8cdf7e,check,b12f61f70c5069707bbf4c82c99a62431ba761ce3a29d7827edb0518e1d303e6
2ad3df7f-bbd4-486c-a9c0-aac6fb8924ae,check,cfd64543a3689c771e36be9ffbf8da98311bc2b69b17052b6725e7e7a54d836e
2b02eed4-6d07-4e1f-bf03-b3d9077e44ff,calibration,0d6132385400d43e403b34e85e1b1227a89d9c2c0827f77b01be0f100540ed3c
2b0bdbcd-5446-42e3-b9d8-17c8a9476a01,check,81bacd4a47c32fbb4778cbfc61026569ddd5160d103b37ee85af1cc7820d3f4c
2b17630c-b870-46ac-9e6c-0a502845d670,check,cee967a85280812a216af5291148a8fca4f2d0419156f45bb4b8353b2de15696
2b437868-0120-40bf-bbb8-f750cba16c80,check,45437eb1f58e95e4c4b5823b49ef21ce952d0d7c0ef9d2bcccccf98c36f6f1c6
2b766238-f260-404b-be7e-4acda895a524,check,ee569153388766445dd5cbb1f356be2a50d4c3d6f63d965909c450b21bac729a
2b7f6a34-8f78-4236-83cf-fd0a5803b00c,check,de20373dcb3051a1cd20d50a19d7e4f7e3987bf11bc991e216c410759fc01053
2b8d4235-cddd-4aa1-a2ee-a9aab11c18bb,calibration,7997458b34398ea4c2649c538ebcc009d9686dd87f8c773b33985a13777c1d08
2b9697e3-5203-4af4-a1fb-ee381c721c96,check,53cde8e653aec265b541d29cb695606dabbd24be87139ee5e30689ed5736b4cd
2b975b9f-f443-418f-b23a-917ab62245b6,check,8f30d3a2ed15112a69a5a6dc1ef53f9774089771df8ef63ed1a25b8d270e809d
2b984577-8ec4-453d-8269-295577111ca0,calibration,32f915362692dadfc78e0b4ccd50e76a3ff1d2432bd9cd4e953b7d553e01e61a
2bb68aa9-45ed-4484-9b7f-5e9638eb862d,calibration,a678cb9ce64ab69931240f5423daa2a398119f280c9714f78234c7344c3040a1
2bffba08-22e4-4d85-af7e-33dd7b39cc3d,calibration,34b8cb8f89130def45530b8f031d420b75e27c56b949bfa7e9d33c3818066755
2c38fd2b-e6ad-4add-adde-068a4d156022,check,5b2d534e82a48aed2a8baa01436cde51738d51cff6a7d713f53e3260616d386a
2c433a64-3fb4-4d32-bdcc-7208683153dc,check,26081c1fb5cfacdc43ddae887a0c9dcf1fb502268805e2587c707be16e85b5ce
2c4d053c-96e1-4749-ad0b-e3cdc73a090c,check,023d3027783537fd82744ea1ef2d532d4f88fed59c72d7ac05e78324fb0748fd
2c4ec962-cd4b-4137-aaac-106dbc58b57f,check,fbf61f8e931b6d397d1fdbb84e43aecc051f8d824901959f130fa39715942b22
2c571365-0b5b-4751-b0f6-cb33c01ac511,check,c885eea26b04714914957dad44a18e6aaf905ec6925e42b6a02ef1828069bdcc
2c70bd86-81d4-4c6a-859c-13ee4d582d21,calibration,9cdb9a7be16c9e469cc2bd6c00216439fb11a5a7c10770d9c3ae3c24aafe1379
2c7185e9-1c52-4ef5-8e91-79035cac02c1,check,f2e2617b136b474f2c2dd2c4f311bc2e0459688671e48c4704394c24e296ef1e
2cca53ed-72d6-4beb-b6b2-33933ebc11f3,check,59727e47f79f36564c5ebe9c41ade1c1affce0a6ff97cbd633c07aeb5b56f867
2cd54378-4c2b-4118-a17d-41a0594eab53,check,7e5b1b606869cca8d041a8fa8c197cd42140547de4f728bd39694081d2f3e663
2d059ab8-9d9c-461a-8395-f49080756b7e,calibration,ec1fa81e8a452f269f29f6811bff3246a165f6be79e886d1bf73df337bfe266d
2d29a82f-5aa3-4a7c-be70-113b5ef0807a,calibration,c6564c5921f8ce81218c40d9faf35598ff0988e04415c5dc7cfdf0d2bbc4e5ce
2d3b9f0c-3fd9-48da-b800-e28280e01449,check,41f1cf115bcdec0f8c9301dc208c8bab4ed7a9247b846718803e71c9ba63801f
2d8ce632-794a-4076-8346-bc4b35922d44,calibration,3f58852e5eb67c8000ed52d0517195a24b44de14eaccade26ff96d631273577d
2dc0251f-1962-43ba-964b-6369d912bc6c,calibration,38e4085709bb8766e4071cec00ecf8c4e54d39c9b6fbcc2c576ba595b3a4b12b
2dcd1a8a-991d-4359-b2f7-ac8ad35b67a1,check,a1d0247f69f54b1b7fd6fa927126d5320b0280f5f858416796b248eb0639b79c
2dd550dc-70eb-45a5-9910-81117c79c2f9,calibration,88a831558ef6909cd7216eb65e361e397a63eea065d388ae3702b7a8c19b2478
2ddafdf4-709d-46b0-8014-61574092c481,check,e84c080a15610c171bec34b13e3762a32ede9b6f150e7273f0a085bc228625f8
2de021fd-6e8d-429e-a67c-ca85d9f42b92,calibration,c29abf10bfdb3c16e9fb663a2b84e376de9a668444051721415fafa2439e6449
2de8cec3-3506-4232-8fb6-b9713f47eba8,calibration,5f18e4590027b04fef279a0794ed4e46ae0b131d03f1a0809ea949ac5f7836d2
2dfcd100-b523-4444-bf7a-4131c9f0769b,check,ed2670d5f5e360551fc788adb51c56a6d68de0f1d8866c566cb4b591f590b8d1
2e01eb99-c8af-4b5d-a80c-47f43b49c4f1,calibration,f0410c468d3bd75430345c40372f66d5522b1cc1af4b14aaa9dc2b1c02315c4d
2e08ac05-f626-4ea8-82fb-fa4f2eaef8f4,calibration,1fd369127f32c77111000b6e80fbd22004fb139ca36f4f7fb0ee2f816b797151
2e3cf381-9314-48c6-a0e8-cd9f556be788,check,c6a7ee0692f0d8b15a1b2a9ea159d3290cd9e9032e5365123b5bbf1a2225bc80
2e588401-2636-480d-aaba-7fffccd233b2,check,cdab44745727cbae6636c661f0200534e0d236460736c2e95360a6a11bbb3ad1
2e5dc577-c931-4886-ae96-d40c009b46a2,check,0355627109e365e385976ebe82c52b96421a129882c56a5e12d57e5ea2efeeea
2e626d32-6bdc-4be6-81d8-1ac04c692d02,check,364c7ccb91f4a873667c561515f1d51b42f5204c4e74f2f4c59fb30f6c43fc34
2e676e38-1405-4163-b6e5-45d6ec4daad7,check,cbb5c3ce06acd1d93b815aa44a5fc43faf88feeed0044bdd0b7ec4e42f7fa3d3
2e6f1451-3155-4e30-a06f-faa57a94464c,calibration,366ade62fc27f750429ab677c811485ffc3cd8a26a207b4718dcc92f500a87b5
2e7e7f3b-aa06-4e64-81de-d37cd56bb693,check,3c5f10e11abb39ac4a6c972f0d55f4e9a125377ba69cfd4ca13f1d662532731b
2e8b5807-ff94-4d59-84a9-7d3eb66928ab,check,8da0b3b31165cc3836284ce29a8e8e0837c543c15138323c0bb0dff4ecd086be
2e8f2b75-2d48-4809-8803-6c6bb358f302,calibration,a951e04d29b7a0260e0355864b9b196bdc03a3ae32e44f4865ce86826db1e789
2e8fe83c-a766-44e4-b23b-996039d2dd58,calibration,6cdd1ef28df3f50f03503aed694fa9c52ae2e7c4c14728fd67bc359cfea684bd
2e955ee5-8806-41a5-86f5-68aa807fd343,calibration,7f31cc915a2ad7230ece1d7685916b4921a9ad56dc95fccf793e6c513a141ee5
2e9ef7c8-ccd7-4acf-a7f2-b8408de3c33f,check,92264f64c4df809e2682bbc725c9f93768433c240364c0a9a8e74c0495980735
2eaa6e70-077b-40f5-aa16-67b674eb709d,check,06457257742ac05e81e02b478abffd5923c5ad69562267a123a5f777ec4d3c76
2eb06eb2-f27f-4a53-aa1d-2d51da321a28,calibration,7edb8f057a4348040928dd16dbe60bd2564ba6fdd53d872d80263014b9037c05
2ece1dc2-7487-49a2-a6ad-f48fc4864854,calibration,42eb82fcb7810e6721d33d3b848d3ad1f258e00413393ff8380103d3aae94739
2ed97a63-26c0-4d8e-a349-0e939f86bbbb,calibration,6a46ebc3ccc607139b5cd00d2a74d2802e35bfeb43977bc5eeb05f47334044e9
2ee47a26-4415-4923-9254-8d8de867f9ea,check,45932ca1f90f55b189662f11c678fe86bd64b2a28469cf7262d2e9c131ded020
2f0dd04c-c2be-420d-8429-1b6f5e8f454a,calibration,37f0bd62a799a04f3e8e98cd8a3a204f49af89d422e637dc391308ea31a92141
2f1acff9-3afa-4a77-8403-2c2f4318a914,calibration,65f9b5fbd5672a397c9dcb0d595a14e82de79d7866082ed10fc617f726cafa4d
2f2ff1c2-1d75-4fd4-b256-f948e3008add,calibration,32151a4c474e6be3c6462b3a0e4b1683492562ea10f2645d6450ee869f1af6ca
2f676ed0-7aa7-4ffd-8a11-8dd434f7f3a1,check,30d9c0ef6f0157ce7742256da5f0b620cd8db9bed90632fa587b018b3ab119f0
2f7bc022-dbc5-475e-b2df-2ddf42fd224c,calibration,9ec84ebd290fbb536b789baf6ce2f4c42130089b3be24a13660f153a4be77709
2f9ffd36-5254-47f8-b2b3-2b044e8dfd88,calibration,b6c3169d4ee7dede99f44f644dca5261593fc094f8e82287ccacd46187046607
2fd1aca5-fbfb-421e-b69d-e228efe8d9b9,check,bb133a6f39ca04eb51c1babb7ab7d013410234320872942f8d358dc3867a9cea
2fd798c9-d30a-4f37-a703-cee92ab46bbd,calibration,d9a3be53206dd7b3ad999e3c841595a88362a913a9a82329488324f58f7035f9
2fda2ae2-c5ef-4e95-ab45-a4625a4bcf80,calibration,3c4279c640b5067eb053cad93c89020e6e4b362d91de0b8defbbc07b1f9c6678
2feeb281-4b4a-4b96-bcad-7ec40a3fd171,check,d33d78d5814eb5530c83413849e49c5f56ece803b00653bb0a4744eec73d655a
2ffdb615-d378-4e3d-950f-1155912a9405,check,ef4a36a5f89974c81fa2867b1da5665979d64024009800cb4ad3e65860a9f31d
3038597b-2575-47f0-b1a6-fdbe84a786de,check,bb203ea4727db5d1d711ed96f977339ffe82cae32b47c060c7e3bd9ecce89b22
30477cce-3a33-41a5-baea-9206e9f4a5b5,check,d5d7595dc43ce0aaebc4dd548ebfe64b5c395202971ed188829d410260502d28
304c2ed3-af50-4a20-97fb-37aac18a1302,calibration,60329b56eae34ce49e1f31f352d873298d842a26a857180605f8e8d1f178a2a7
306976a7-934a-481e-ad4d-a0907c3f6175,calibration,bd76de1da0d541bfb87809681276efbceef231e9d701894fe078d00c0477e409
3089ac83-5943-4bc3-8f3b-97d72210f23a,check,7b31280f1f4c2ff63daa4367ed9d7db997a7264db93fba8f75b26a57674c0855
30dcfb04-febd-44ed-88d8-df1b2324f581,check,9a464b8861a7390a1975d00da2a8308f223a55d42450796bc3b99eb3a3c077d0
30f50adc-ede4-4a73-b440-09645dd329aa,check,c4b559e1e5b4eae5fed8fd43140a5a478917556e7ed474640d9d19b329a01264
31175989-8181-4124-86b9-b02bcd3b63eb,check,c851eec40f818c9e81c6e9ea8732853713cd0a84bb65a3468e73f58a32cc5332
311a4219-b460-422b-a7a5-61382b66bee8,check,da3b8b4ec3dd6ffc7f5abf866873e48786c2c94745b428ada5c7c34ae89bef67
3124b7ab-0993-4614-86e9-51d775eddc83,check,16a71ea78fbf7ec4c4a7825a3cf9d7487d85ff8707ba4f3161a75feffea491b1
3139991e-642f-47e5-9ea8-1bd54f421774,check,7509d5e74cbab94fdaaa9e555d8079df6c7ef49978032e9af230a930e56b3ab7
314265b7-934c-4347-81c3-a28741efac9e,calibration,a9c785d5875441c08705f2d178ee1baa7ae0de7b926e4c6e2a3cdf31725d1ec5
315545cf-003c-4dca-9a1c-4ca9f0b79d9b,check,3aa1f7ffb513f4598d808dc9d5f6ec220289c564766e38ab283c9f9e3b3b587e
315813d9-30c8-405e-8ce0-8ab0b4420001,check,38061badf035f5e5ae996d412d1d228a7dd3386a26d2efe1f16bc7fbdcbb226d
316eb6cc-2273-4fdd-8be9-25020113d20f,check,24576c45f2111ba3c52d52fe3566252f53b3ee42a250862c337a9124f286f618
316f137c-13b0-4a28-a9ee-b23c1a9a4b5c,calibration,2d5c9a367e8b41307ba6330b1c56b57376282170e4e4e8a3be29b156db11a28e
31ca4557-9ab7-45e4-9adc-e144e7b49c61,calibration,48d050c47476648d1a45bb8b148d038c24bf10f6de9d622cbec710b5950eb59a
31e78e63-b357-410f-9e92-163342dea9e2,check,417f169bdbe332a483471adf3de55410f40afa80ece76532d1bc645ef1a1d703
31fee1e8-2fe3-4b3b-844d-4c650d4abacc,check,193e664af20607b36241dea8a7fd0910891c6faefcdabe1e24a2a7efcc7f658a
321104e4-eb23-4d68-aa6a-7b51dea48c0f,calibration,379e1ccda404d54422012cc5557546491d9d0b5283ea63896070a2954fb13b51
3214241c-9e58-4f77-9c12-a7d3a1c7d0a6,check,6e0a1fa8988f650d25ebb0db1c11a1b1bbe7b4bddd9379ce3b5becad66a7c551
32204434-8ffa-4e13-bb98-01292cc05fd0,calibration,0b54c11fb3525469d2cac59abb5438456c16813c3c9bf2c7f6552882812f4a28
322326d3-f77d-46f8-bdc0-8947503edf7a,check,1f89af40113be960c473f66078f8721c0197b4cbe8c8c9e49f5440f8133e68cb
323b92e9-f913-4857-a86a-9ae7ad782d0b,calibration,c14eb3d5b6501db39b29011470d13100b5eabfea0e1f6044aa6ab8edb1db04f1
32579f24-d1fb-497b-8af9-8b612daf367a,calibration,ac97afaefcfee836e18491e09da108787099f4cb2e3837a51486580cb41abd96
326a76d6-be24-46c4-9ed0-e1153f5d2f65,check,ccd893e7a2e2c1fd0c05cbf7e9ea138f9880fd41bf879a7adf108826d999260d
328bf42a-099d-4ba9-95bd-ee327962176d,calibration,3a75bc0a28bee3738e9c3b9fd7c97892868592f770a952d2b084fa3bc63a4546
32a05d69-cd6a-485c-ac70-b8b3624cfb01,calibration,4a6229fdeb7f8b2f33885474a8b115995ecb65d448fd1b0a477392b0f6eb9730
32af5239-ac83-4713-b3be-550fd2d0c6d5,check,298cce5a492db56a4197df9cca863fdf7030c4836c3b14accc2b1c0c65701e4f
32c0843a-9a3b-415f-898e-bf89df5e9f77,check,e6280ae1b763887b85e83d9b7bed86fc481ff3fb5d7c9f6b93e785fb7f8ba90e
32cd1430-6f18-4da4-9196-16faa9181302,calibration,a898a163e44e60738f7e0b4575ac4af47788e19df66fca58e2da36a1d53be1c6
3308fce6-e85a-45a6-87ad-23e84eb2c0da,calibration,86a7720dc22ad5737b06dc0821c6dec680b42138a67e2d67cc5950b1c3dcc4f3
3339e5f6-937e-4478-a64d-6817d3ff7595,check,93cbed4267cf529a69e2087293a696b707f2078ca94e217747581deb32ce8508
333d7a96-d8f0-4e72-90df-d6c309dbaa48,check,23183928293b43c99db76da47f7c71ad71d9720fb066d44c676488a52a2d201a
3365e99f-9ae9-4143-a7d0-fdb357db567c,calibration,2128ad896351a4ccc944487677097856493cbb7a2bab1afbe602adc8772588cc
337fc5f9-d25f-4d50-8003-219966c945aa,check,b01885d7b2736224234c56043003c8d9e600a50cb13ec810912fe914943fc01f
33a6a9a0-d39f-4d50-b853-a21ba26b5f08,calibration,1d6577ba04423c9f47747e1ca8a70011f9752d67c971650393e343c6e8ede1ea
33df499b-ab01-44b7-ac5c-59f922a4a0fd,check,92b0b9252662a5c280646c292c693e3ee370d5454666dbf6349c35a420548587
33e24d70-6545-4587-8aa8-3ac8ccf2f8bf,calibration,fe0dc29e09e7c8cc84cadd446ed3296529d6d5ed5e914e521e35d456a3ebf0ba
33e3259b-1a39-4c71-9d77-6dfa89ce965d,check,cf3b02924c3899f85c5d4f053ace1f6d72d57d9579c15728db2cf2a8379a753b
33efbd05-5057-41b8-aa2d-9abf6725b437,calibration,940dc5c131263a5ee9e97adec3ac96ed69b9c0d8ef84eeeb645a0adf9805a187
33fe7c05-d3fc-4327-a774-7ec45c490016,calibration,37b6d1e6d2b41617cecf751bc0aa55c25cf59ce496963e7d57d58c3478b859a9
34070f32-62ac-492e-a33c-0a3557e817f1,calibration,53d17c1a7b4f6d6777bb0d251f4a46e07a761132e05f51ba107c158df69e5abd
34272532-c9ba-4b8c-8bad-1b28b8e7242e,calibration,5368dd66bbf8a412fb7c753e5715634e4a49f3527147fb24df44c979fb580344
3455389d-5be0-43b0-b88d-b4cd45b36d06,calibration,8f2e178e02ea85222a383e7631f15a6f853c203eba682a22c4f7bc64351d83fb
345e559e-5e8c-4999-8efc-a5db01e0a725,calibration,735e8b5c70d388a1fe3d65874513af03097afcc246d209e4c5f71e05f1b69630
347125ab-d3d6-4032-8639-0a3231c97d2e,calibration,942930bfb14907cab5c5bccc35c360d553e829f235a3dce04ad80c309dc85fe0
3484a6a7-9dc7-4c51-98b7-1c2e81caed9e,check,b5732b4f5461fc88b8aadd5767599e030cd1c4376e14ded59a29c760ffa1cee7
349520b8-bfab-41ba-a6d7-69ccfeb71471,check,48aa3c73f94131a458b2b6891595559da1cad54a9825b26314abfcee5ab0ce5a
349610eb-79d3-4c59-abc9-6bdd5091287d,check,9931cd057fcd7e17576416bc747ddb035dc915e4e41ff98cc5d1b721950f990d
34b7c9ec-cf16-4cc1-b671-a07eb20055b8,check,ba20421b91651e93512415ef0c286a33b87ce5c11640f01666c3567956ebfacc
34cbdc0c-fd66-4bcf-b17f-147305d0bf5e,check,6e950fa8fd17db7b8f772e88dd4567d604144f9900901a72f07539e1499fd1e8
34ce07fe-6f32-428f-a46b-fb1123a9f3b7,calibration,cbeaf259a392b8bb65700bdd6c31000084341f071fa0475f5ac99fc6249ad24a
34ceedab-ce1f-4764-8873-dccd74a46005,check,aa68029cdca066affc519b7bae567dcf3b335b8dbad3dfb0ae78c84b779f1efc
34e9d7a9-c38f-4095-a5f0-42bb68a9d965,check,fc6e0ca9de2e6ab6a2b29fb845aa2f7934c014c049abd364de9e249518ba0e30
34f7e469-2196-4f2b-adac-ca56b887a6a9,calibration,25e3a78b9ed5fd75c252f295b7215762720575e7e92af7436ac0c12889b14e37
3504aa49-7571-4fdd-898d-3d1cc0f272ac,calibration,6a686401aec9adc6e986e8db4657281473c06d9d2c7bcce5ab2debc8f7419017
350f3a98-0d68-4421-bf57-1d706250e9ae,check,675d2586faf209b025f64e2c29e7c013ec30734332d9f1881f7de3d768719d92
3510974b-1086-4a18-bb1f-b0a1d2dd3184,check,1cc9af9fd5be9fab93f1eb122bfb35d0fed42af7876fb60be02e7f88ecd32853
35199173-6221-4742-bc09-ae1b8e1124f2,calibration,30beb364096514a938ec69f98dfbbcd6f2ddc71f110264e3e33efc84cc958d06
351f106a-d18a-4c4e-82c1-0ed450c050a1,calibration,efbdc047ccbd1b64a579c1e3266ac879115a93baf20a60e3653ed4ab098eb84d
35286914-bfea-445e-8178-15aab0320772,check,219646827762fd0f202004ee8b0e30c65881c5fbb91ad303890795e9efa03167
352eba31-2d15-475c-9464-3f7237686936,check,45cc0354fd964a83c1aa291c7a332eb8a364c8c08d80395230c219c6a0129ff4
353390af-938a-404b-a3b0-f54096f04dec,calibration,590e678d46b772285302701b7dfedc61776efbaa444e70917bf7f1b8fb275286
35391e3d-67cd-4f3c-be47-10a0189bd253,calibration,1b3b7bfcd49bfcad1259d7a8b4f37bb40941eb7da61a48f763ed2fc842f32fc8
353b01f5-d9e1-4ad0-9952-92fbf4548586,calibration,134b89dd5d17b793cca3b6eeeef495c15d8ac03e1b11bca45c0540b671fb43a8
355334da-a769-4340-af5c-b1f89631be7a,check,c036dfd6c1c4b0ed70c3a2745e020e327312ae19959440b9fdf66b8dda03df36
355e65be-650c-44ec-9b0b-501d5b06715d,check,205849bce9af0ecb8117531c22c30e60ca9f87d6ce5ca7286db9982cff9ac7e8
35a8ae56-ed62-4f7a-8af5-448be4cbc8b4,check,2bd4f19de4f9f633c04d4119f60b6c068f8a1cf7ab402d7ba91ed6269a74296a
35e9b57a-68cb-45c9-b6b5-7a0edde0205a,calibration,9570dc427f90b33cf1e6f30d681612448326f8b6f5ba07284796f28bb25fdeb2
35ec48f6-3d8b-46bf-aebd-245fbc6e57a9,check,5b8ea2e1bff0aa7a17242eb1ddf044a8a356119f7fb813d597efdd2401837464
363968b3-5224-43a4-805e-91f13cbf4abc,calibration,ad78af41d98ef48cd683d42fc11b1e3b5ad424fd71ea73199526539ba9f191bb
3639c56a-8c23-4c4b-bb5e-4b5ab356f7fd,calibration,7a785de7b292728821b2c606e11d09ad373dbe5367b392629e42a34132c137e8
366d5305-899e-4a84-a904-e7cc7a94b75a,calibration,cc0ff59f0f8f1724c16fec25e6e8075e5b565be5e58f877466f1b90f71feba3c
368815cc-e45f-4da9-9e4b-cfe09902a331,check,1da9f9953d3d26c705dcd8e9364259b260859cdf2ce165d987af0d0579baa537
3696fab2-3c16-4d94-be21-3ba7fce70225,check,a0033e8bd7fe5fea33f5bd9a296f59683bd12f9b04c66002a2f82aa79c3dc87a
36bac23a-a3f7-4d2d-bdad-3d7828144877,check,3f763ae3d62940e95bd5a8dcffb6a9485aa628540147ca0c2c678d5c16bd28e4
36f8a1f5-da66-4f3b-8385-bf999b930924,check,11f18b435da58a1574d5a943363149ecde38a3b63a6cce3ecd5a8e485ce32dce
37221015-c8e1-409a-953c-f7059b221bf9,calibration,a291dd52cc60af2e11889662007ae5a86ea5ff7f910e29171a58a0e4113bf607
372b2b9c-8f38-452c-94ce-aad8b26a76d8,calibration,de0e7eb88f699fef2ede1047eab3b071cb29c3d319a3362965bc54b0f5a23eb5
3738eecd-e399-48f0-afa4-5cb75de8d204,calibration,aded76c8c338b41b6ad9a8ade25b96caf8678bd0c094808c01147a881877ef8b
376190c3-0823-438f-a463-e53a82a08350,calibration,448b11d547f7effb121ffdc22fb972039e94d20cba67a1a8149ba7ca529b595e
376a1d40-5a5d-4f8e-83d7-a14ea03f18cd,check,f1bfd334be9ec9e8a30cf8efa7b731a2a682f538b6329574b5c116bf46fe0f32
3781ddf6-0fbe-4b55-a258-a40b3892f05d,check,2137ef31d455ed753b0ef7033c050fcfa07813541e2f7c7d957c0fc75da6a411
37948780-54f7-4ea6-a439-7dd2c1086d17,check,088394a9d143f39030677f1acf6b91e6a2fce95fde1d667130bc991e1ba24151
37961222-972f-4009-a652-4d1602e8c32a,check,adf2b597970eda8d1946b901002835e8728befdff768d47d77a0cb5a64bec225
379b6d6c-8727-4b1c-a180-e02c363037d5,calibration,01aef8bb1a11c356b2f54e5a5fad2e5e377a553bff73634ce061fde1440992fc
37af6b61-2b29-4890-a715-67fad7663a54,calibration,21e7682624886927766b521d286e857557a7412e3add74700a186b138bdd1fa4
37b91063-d901-4a1d-9d65-e5e2463455fa,calibration,585c1a4bb497fca797ac24ee88f6536dde5f42ab4c59b50cab927721fcb2fcd0
37bcd784-2354-4ee2-8c2d-fd816d1cfbb7,calibration,177446f8a18d162a64e6ab530e0a90d4176758b879f86a3334c98e997f9f7398
37ccdd91-4b20-43b6-a5e1-b8e70864c464,check,f532c167580c60ca6670ea04c051e17c2bf8e052c56e7721e5350068eb759de7
37d3501f-48fe-46b2-ae84-b7365f368f91,calibration,6951d7b79b9c5003e2434c8707736871113ee093323397b82b99d89d8ca273ca
37da42d1-6256-4460-a434-d9358e8d2871,calibration,07542b89c6f47454933ada3fb924e90fb36312e85ff6917741e1ebe9dddb497c
381b642e-3f2d-49a1-bc1d-610d0e85b8c8,check,5f4dc174d472ea3828f70ade01793de22920c2605bb8eaecbab5fb2ded2b2852
381bf624-31df-4eec-a4b3-17e5394ef13b,calibration,09c59140ad99e75d1977a889067b48aa105f9261853415ca6a88edd04faf9975
383ff8b1-e772-41aa-8111-28b4b17eedde,check,6dff363478506329e61b59b353471761b5e793f2d128bdde9957d8b2ffe0bb96
38505aeb-d07a-4bed-98b6-9ace6e93ede8,calibration,ee42c8fd36423c3b559e0776ec04a528d2a06640ed30a6e71fc49b7f27c7c321
3850ef1d-6b5f-49b6-8cf6-01eeffc10184,calibration,dfe1f2672f6e6b653affb27763d6c8d7f431fc40b2ed02b8af30f0cd986cf48a
387044f8-c037-4fea-b539-3370c3e8f8b9,check,d0807214861e86224db0a177eb56fa24d4cb2bb6ab18ff6c8ca1e27d5f69a167
387c3c69-bc3c-43e9-a1f4-4d071277f147,calibration,cc5da2ac6ffb3b4f21caa4fcd0b1634aa3ba92ab9369e5e9e7af1ab46b5e9729
38a25013-8baf-4e76-8acd-17107a1c7693,check,a20137522eca8451ae67dd85874556a9500e8e822f46af0a8e67db6bd99c3aa5
38baffd7-5aba-4c94-9d28-7b89cb3a5321,calibration,9c67b2e553eb52da13fbed1d23202a93fbed733e5885e7330035cc1c5d3e5133
38c43e9c-0769-43eb-9b6f-8b642111500e,check,b0f0d37c82ffa976548b011ef5aea1cdaaac728bc6141010ca5f60bdefc05fec
38c9dd8f-b9da-4a33-99d8-506f2a88b2d9,check,41414cace45332a5a482643267f246d46f4b9e1937294f55fc70cb0210cca328
38d81eba-7cbd-4129-a574-b22dcdc5b6ea,calibration,0b248872621ab4e997f50bdddc687bc49c8c5f1b565df5bbb1a3234f4a3e1fbf
38de8c90-250d-43b9-921c-d0296f610306,check,77897da0091eab7fc6475462c2aa408f3a36fbd49c0d86b2b50ce8b0ca84121c
390efb88-94d5-4d66-8c2d-2684061cad0b,check,ab4a910cfd21975559b9b2e9fbbd99470e065ca3d78089a6292a487348d3b571
391b2c8d-edc6-4a6d-94f5-0806e4a0d897,calibration,1de8b72774abf447ec41442f0946a0fe3c22e5ce773f9a1b20b68f432c9e949e
391faddc-1f88-41db-8895-ddeed15d117d,calibration,90a8bce5d8ee44e1793873ebec0fdb13df2c26c1fb984add9cbf439862e4af6d
3938462c-5859-45ac-9d12-9e4c72f8fd73,check,780e0f20b99edd9c23cad4b7f128b126d623009a2897c87a701f6064b10a0e96
395aa2cc-43d2-429a-a85a-4988fb0a505b,check,fc68babc55874ff316b3045eea78bfd1f0e8c21a0c272e83c3d12d5074738363
39877a18-d074-4ad6-8b53-12aadfac8acf,calibration,b73ff0a6ea66b96b17e02f354c382c6c9fea139df591cd964f899e26acc7f22c
398cb998-3432-4ab4-a81b-42099f6e4c91,check,4ec8ee499d2f157ca79a315b37b0ec1a8b15ae83e0665c42a2f0ff03893350d3
39aff377-d897-4043-8714-ff03cfe82714,calibration,f402fb11414a51e2053818fcf918a34da32b4d5135bed253c6f57d7779c9064a
39dbd6c1-2f9b-4260-a214-933c177962e7,calibration,cc8afb91acba5cca48a16f07a1c667e8da90ceb489a104c336235f06e3edb17b
39e23e1d-f12a-422b-9182-7049ceccae97,calibration,cb2ca0d55692afca9230c5d10bc74f39aa8fe0e1b820d11a7171e118faeac23a
39f745ba-1121-4bc8-839d-7604baf2f7d1,check,d682d84998beecc475106875adffc4ecdebf51a32076b7c8bfdd69188d8d129f
39ffe973-dca2-4beb-84e9-6c7119d57a76,check,c7dfdf3d022a7a97cff46ad8483c86ce54fecfecc8aee433af15075c8ae74b37
3a03dfdd-5ab4-42ae-8b44-602bc8c31735,check,572ae8c9bd1b83414aff4b4a967075e0697a72f6c783a6d3c44513e3e598e9b2
3a04c36e-623f-4af3-8661-56fa581f59c8,check,a15afd9faa050662b27e5f0c3046403d28ea03e293c64efbe30e3597038af390
3a06e6d1-2c79-47aa-8d20-9a9c78ba19bd,calibration,302e3417db8c9b1fbe76b7a8d9bb473ae3f332bd323ea8956c801c2504238d74
3a3bc227-33c4-48ef-b71c-3c85288dd668,check,d8f40f701f5316ce1cd6187d437efc3c9c344b751a7d3c673e210984155c960b
3a51cb38-4193-40f9-8439-d0225266621f,check,387bc7cd43f9c14e615c80ea80f5598689a75d91582da15682b669b28ac35936
3a955b0d-1998-49b1-9c22-3ff22fab7f77,check,6880394e14a692af54379243b566c8e6d234b212e6b853a86d4bd13305ccef1e
3a97133d-fb46-457c-b828-820953df7b14,check,b070f01db71d00cfbd79427f6ad3a69f89387ce8c8eb55ce4bb674a0863d7242
3ab67a97-3d6d-4d82-b2a2-a61a1c9eefae,check,f490a8ec95515db59dcc138cb7de647f75637a3e0f0849f5df13cb4d302c192e
3ad2a0ae-7791-451d-8a4d-5408d7002914,check,618f8a55206435bd815e4a41b873e0469745c8aca9699043c664bd4112339d65
3ae8971f-46a7-49c7-b40a-0e9824b30ee4,calibration,67f3873948f1a58696af6d3861cd5294b3d9f8d47590c352db4dd817e3402fa4
3aedb33f-cc60-4d89-bcc4-7cfad587c033,check,46782049704db00303c0456d70cb9b6881da7b3bcdcc41bed070cb2c85bdd7fc
3b1ed9c4-e24b-43f4-b340-9141ddd916b0,calibration,094916b10fe5b7be4d839519b1348a7a6f7490f1ebc17d7eea3327b599fd0874
3b204583-a94b-4d11-930d-c9bf266f47ae,calibration,319ce7c24c9f6e4782885e74f08434f2c7979d398302e773e141a7483e47b810
3b326f6c-28fd-41ff-847f-8299a488651b,calibration,5bd7df1363562e0164c426927c97a7dc5224a8498d75b6a82787e803504eb477
3b395c95-463f-48be-ac7e-93b5ffbdef5d,check,e32428de5880b375fd15a34bfcc9781169b63ca9663d03b1f00f2e48972aed09
3b3db19c-5571-467f-ae3d-9bac7758907f,check,423c8b1f8bcc96e30f12f2286ecf04449daf94cee97dfe541de099bc57ddc612
3b51e629-bacf-4828-9697-2572acbdc4ea,calibration,e211f4c68ef54cc3dfec3434de6dfc3d1d7e2074dbfae3f2427efacc5f10eda9
3b56ae77-dd45-46cd-997a-36bc72d4880f,calibration,fbf5924a5d117532dcf2115cde185203c33968769c1c3abd1b546d143ff023ed
3b6f6cb3-4922-40ad-b354-198f680bed11,check,df1e6732c45885299abb83bbb1b552befaf1f208164dd909f64cc0326d9a44cc
3b6ffb42-fd67-40cc-83d1-cda7508d512e,calibration,8edf4a54e258b4f430d50b442ea4e61664210cec98d8936ff6a99ee2a273772f
3b754134-6346-4f04-b131-e7f6c6453b3c,calibration,8b4588fd622b9fa9709c7c960ed14fa1e58e6f388e849a704a95a9556a58a73f
3b82703d-eede-47de-9bd7-7378d3727747,calibration,abfbcccb06ce2b64f9dde50bab21d975d17d21a0415d2447ed4ebb275102bc88
3b8a998e-f891-424f-9d16-3be86dfacafd,check,25091cc9ec4afd53462c3c788588f3af6a1213c9c8510bf3a72168e8836533d4
3b95d7a4-8047-43b1-b47d-0af022e86c42,calibration,9f00eed873f0838e08c432fc78d7aea28cfca4e4da62829c289c0af87fa418da
3ba4153b-45f3-4c31-99ec-29773caf35e1,calibration,163a3e466dea51e144065ab1512cbe2e32ead080d95b7cf7ab79f03411689115
3babaa16-1bf5-4fd0-b36b-5f9e8109eeb9,calibration,fab88f37768a01e06cc2cd5e3747cf9af28e629190b356eded521f71296582f3
3bc38e6b-53f5-4254-9b5e-3b3557304a57,check,472976d3a866d00928f966e1b8803d77e663f5fe280f8605dab8b0219b801c09
3bc6773c-3e43-4c31-8394-6249e3d37148,check,032783622b704acefe487f8dc860def3efceb4d57ee3cb27ac428436f56eed9c
3beba0c0-9a43-4ca2-8045-f24e6d650d98,calibration,e3de4fa9ab0a7baf149739796447b9fdc4b2ac679eca0bfd672abcf6f91b5dfb
3bec7bfd-e1cf-480b-a46f-86aa9f412e91,check,ab818696f0729563cf0e7b273635106367954f4b32d5fc1522ab63f1a49d8a7c
3bee6813-aec8-4f16-911e-9faa4e1a1a2d,check,906586e1ed3550c92d0c2c458e349e9d09aa7c1715978061f0e4381b2239144a
3c0c102f-f9e3-4d0e-8a26-963b645dd2cb,check,a0c8cf44431f77621fe65514631f4e57036fb9c0065b3dc6a82c6d70fc1ddedd
3c345ed3-d3a4-4d17-aa9f-b44520678c0e,check,55910f8bb5da74ba25b3746705fbb8d4eca1a8978e1492e1e4bcf7cad66f3219
3c3e1dff-0a3d-4eaa-a7d0-e96c37103995,calibration,dd192a3fc4420e1362c14908a5d0a18b1b29464656c07409f6d51e2bcb5a9cd3
3c3ed203-7912-4b5f-866b-05bd9dd5d21c,calibration,c38c9a2bcd748cb4970d30254a2e2e56719193663bd1d0ad07b6024b416f7b60
3c4c6597-3504-48ff-8fd5-a1828c9c847a,check,0a77e8726f1885c8583c7462f517e48f5c3ad0a33e06db0909598388fd74bf1d
3c664358-1fd9-41c8-ab46-2220b0e06c11,calibration,726fe20626495cb35d90d7dcfc27f587ad5bab2ffd8e24e4e44bc8215376bcc7
3c68d57f-0987-4f2d-826d-fb3f2fa9e7c4,check,fd4df3402493fffb3f415a5f8947bf5b2ee5ccd1c819b4f3ed4af54917e46b40
3c77b372-7592-4a91-89dc-dd09856333e7,check,095bd99258171110b68bd0268674ed5c10f9421885dc891ccc26960c791f6e62
3c7d1edc-9ceb-4b2f-adf9-ccdc901cf0cb,check,0a1c0870861ed7901376f00b6a29eda978eb4451ea81a37ca35ec0915e0594cb
3c855e31-5dbb-443f-a600-8d86dda5808c,check,c1dc81ab332b83fde088fa552a2477a7c62f3ec45aa195be94bcac46ccc6a7c2
3ccdf3e4-eb36-4505-977b-25fdd6ba9ad2,check,3b791fd0fcf8036b895708b4475c45594e2c8fe673742feea33299b17f81e24b
3ce001a0-9170-409c-8b06-b863c2e8bd1b,calibration,277b6a3ff63f53afa2b0fed34b628432fd9487adf398e1f74935328f5bbd3a94
3cfe2d67-5b28-4d87-b23c-dfc97af3685a,check,5ed244040ac28a98eadd6dcfad53ea9c3a7730ceb9a47ee36249cc0bf46ddf96
3d020872-81cc-4a49-a67c-612f0eb447d2,calibration,443cf611988c3cc069fcb1c914a840e9532286b7f327d907cd54f47b9c071f20
3d20f80c-5fe1-436b-92e4-eba889c0705c,calibration,32f4b68a284baa2fe2906a4ed22316f029aee2fe1f5ae45792ddcb8edd094ea1
3d4157f4-9a88-4e69-88cd-f964ce21baeb,calibration,c2e50aac91ee86bc327304aebda5a306d9a68effcbc5cdd40234ef4d9dbeff56
3d428fa9-3690-464c-9da7-a92f349a2711,calibration,47fd2944c51452b0498550dfae155fa3654a17b58a4145ad93f3c7458d07ba8e
3d4b7b67-3c77-4a4a-aa37-e6483184600f,calibration,04fd636e659f2cc9e83b3a92ead0b0900c926bfb014994946c76da20fb4f77f1
3d543b38-8a0a-4f32-b98a-f540c1dc270f,calibration,dd14ab57f9585e8a1af141036413c977e9f506eb6186623f432f7522385948bb
3d58be99-6a8d-4f68-8323-8332c08b81c9,check,97519b86dfd8c33af937272cbf41e774df6ee6d340b601f0877413bf8169d70f
3d7456f6-baa5-4cc9-b0c4-32aa669ebb8d,calibration,df3788eadacdb7924f4b7d6db404d479b3f311207d9c8b9ea99e3dc75ab77645
3d7785b7-7730-4263-9b88-3f74721d553a,check,3ea9119d343deb240d2757b5108f68d3453b6d4178e456132a7fb3aa91df12d2
3d876568-8d43-4d81-a9d4-789a58640358,check,35d520f8a03cce4c4d569a871cc71ecbd329d9b49184f6af297108fbf3472004
3d894754-053a-4470-aa9d-17f7d66b151d,calibration,59b273bbde3fece519d78f0e0cf74e45492be11f66d837cea796480ba696af6a
3d92046d-e021-41d2-a7e7-61db5839cf61,check,d18f36ce7527163f0d270ab4331af3435d13dd125e1f0fef0f31d2284ac4c01d
3d950b59-de67-44be-8139-a54755acd39c,check,130373b6cd2624ae0631ef07ff830bdcebc97fcb73cbd6880e4ec4863325d4aa
3d9f3f3f-52cd-4a26-974a-c5f6a5564538,calibration,18f59fcc24eb26f415a239664eb90220c2197ca04eee413470e9ff873009f6dc
3da97ad5-0a7f-4e0b-8c04-76f95ce93aa7,calibration,52e7a2d756281ad857437140aa5bf669f4f6e45027ec9419bb356a353765673c
3ddd2428-8a4d-4c3b-a577-d66d49100824,check,d520f474efac7a809b0e474c6da547446f3a3f4331855baa78ab0c5e2f0cc442
3ddd4e6c-e39d-4ced-b74f-2ec91fcc8789,check,6e7417904789b2e413e721eb2c5b49d4bb184fe5682b7ac224e573645dbc5205
3de476bf-40ad-4f44-96dd-5dc25c700a42,calibration,267bac9691006a4fca28217afa97300ae9b2572a24145d0bbe1b8452ebb9b5e4
3df59d26-dfce-4bfd-a17c-7881380633b3,calibration,071a34a6681ea0d4da691efc058835a7f06cf98ad515c7e81919781532a9c5b7
3e2f3346-e9b3-4326-8dc8-f27d2a0b4c72,calibration,a274433298674442ee19f7fe9cb8628131f0330294d3fbd32a89f48701256b2f
3e38a67d-ca24-43d4-9c04-c1085f451a16,check,19b0246887ad047ee7775bd1f668eaca15e2762a3ce4b2c72811e0cfb1eb8ec7
3e7456ca-0624-4c8f-baca-5ad34955a491,calibration,44839b8f50c51f6e884f1910171a0fc08941792fb2ec4dd29623ec6dcad2e226
3e76a024-5b0f-460e-b29a-65fff2a06688,calibration,6cf989d32d91bd2045be2b797ea96e89430bba813fd452a6d188ffc4d5d11631
3e8ca567-0290-468b-8bc8-d10f71b73e88,calibration,1a47672880bccd987f6cf0c7417eafc87ffeceb58055f687c54410f97d669fc5
3eac886e-4d59-47f2-b026-7cdfe3b4f1be,check,b97d66a18ec00136204dec538ccb455c3c2c1b139906f78a3d007fcc1a108250
3ecdb682-81c9-4e5f-9899-1515c1921002,check,6741617902475a2a9ef3743754612ac24b6e9a185aa44178705e1081ee1b3656
3ee80cf0-50e3-4124-b8b2-b037510d3871,calibration,24303d1ff6f15043f6e990361375897cb73fae3f0c2b47d179ea7009b5ebc27d
3ee83a1f-003f-49e9-9ddc-4de8157eac43,check,35aff8bdb896fe31d1cf6c811d3e4f633c6f2ef94a5bb7f34c8c7642a855bd11
3ef02784-775d-428e-a239-bbb3ebacd974,check,3502a6ca479296862379f3798d31513b0dd26ba17e3e7c8d1b344fd314d679b7
3f0688c2-ff2c-4764-aa48-40627ed0d577,check,4bd7f71b5ad815a60cee92c2a2f16f9f1dbd0047a2764368121ee6a243128ac2
3f2c034d-dedb-4209-ba25-6449987ee1a9,calibration,4946553373977e0eb585098c9cc155f00be4defe146fb9a0055dde7b202b15cd
3f3852f0-840b-4956-a12c-95e2e2a9b172,calibration,d181c0efa79364e10d6f1ebd15e3b3638b2fd92d49ae51273d736d1b63bcfbae
3f4297f6-7b37-47fd-b27b-18c2e084618e,check,e98b61ecc45beb386daa2dfd9eb29366194342eb96e048402821ef0832ecbbf0
3f534715-80d1-4e2e-ad3e-db40646e950f,calibration,4ffa64888b10e0425a167d7f87eb7ab769d9a586cf092c7343c979d4c38ce4a4
3fae474d-27cd-4114-bbb9-55892b4ce29b,check,dd4393cb90706292c103700ad04516701b39d06546277e74b0872ec38ff31e59
3fcd152c-24d3-4072-995c-91d9d2798a54,check,86c275dde1202906f22e9de60842f0021ee7815485d47429953f7430373bca79
3fd06916-3b83-49b0-8fd1-b3101e94fe76,check,af8431fdd4e39d9197eba7a1e37a3ad708817618a492ac1cab546f3949c226a1
3fd3ae05-8aa0-4ce3-ad26-f86a6accc1bc,check,20f47a9ce8ef91d62b4b148bb555e843c3b018fc231d1f35504aef7e8be445f9
3fd730b7-7c8a-43d4-81a3-665aa11f4a17,check,46972a98e2be62084a621593e2c6c503da3b536de65e76ad2ed0b57ad302309b
3fd74777-5a12-4443-a8db-bdd4e3281228,check,fc18cbbbb2870d98d40d005ecf82ebf6be39b26b676565065a42c08977989752
3ffa5faa-8604-48e5-a2ae-dfbb2e92e991,check,023c3209b06d7f68c8594406932f8d992e37afd5422c65955c990bb73483a33e
3fff6a9e-a16b-4a3f-ae1e-c878f23e5d1b,calibration,b2deb2b05a35d853bf15cc8f53b5f85eec315d0be63e64b27860c6dc9f12123b
40019f14-1e83-4a9d-8a7e-89bd3feac40e,check,71e21b7c2e7264eebab4a3e066c3cbe745e3553a6fe8387c325a06549e044257
40054216-57d0-40d9-b817-54fe0911f468,check,6624541ed4e02635cb1d28d78251758f6e553c6199134a5e8ab9566d0de8d9ff
401592bd-2235-438f-86cf-231942185271,calibration,bf5620a6fa4156b002f4d79f3adaee1d61bee00598e5dc12f51f27c137954b92
405f0c07-ad96-4bc1-8bc4-78b984337701,calibration,c23b73f1855c78928c6e18b68017d3313652bba402c3d23dae0befcb5e91c69c
40662045-7913-454a-b192-be83520379b6,check,ab9009b824e84b31420cbc8b5cf2dd9005c45993674bf4dd9435fda4cbaa5ad0
406acdfb-8556-491b-9f83-7eee38cabe12,check,845ecd1b5199d847d9c87739785cfba591ce758e4b8b0d01ad2be5dcfd5e23db
40d54a2b-38a1-464c-9e0c-caf728107869,check,5dfc05e9e452179c906361567a0b175ab1be01dd403d8ac493f4b0dff695c8a6
40d64cfb-847e-4c83-82c5-7bff13bb5692,calibration,a635682278887b7ae597b1046ed9a4784b5a86427c2b9a0e7676516b8f60180b
40db219a-5287-43b2-8840-590c69c238d7,check,df545ed4fd7f385aaf52f1dbc0863edcf4b5b562c59a717502783c5006829ce2
410aa37c-25e8-4679-ab11-0afff32fae2d,calibration,e46391fe8889f55f75cd25f82760132c69f6c772416f0742ed0c5140688c9a4d
4141474c-33b0-40f7-9751-ae0ddae6d0c1,check,e979c1b9b17d3c89e93ac18727328780c6dddd22678bc284dbe1491095f33b8b
4168b37b-5da4-4a90-aa57-72b2e5099790,calibration,830bc311291d0b506d8603698e9dfc51b8b03b12a4781a0748b51aec827a9f18
4177a99c-5f03-4911-845a-befc86903512,check,22060e90042d51a2193b675ede7bf2460829b4996dee16ce89bd2582c2bd2cbd
417cce35-7050-4ca5-bdc1-8e4b0e05e758,calibration,627a66ce6cb64eda710785c9f70121988bc9159358ab6bace71f975f7bfb7518
419cbfbd-74cc-418f-89b1-97e435afa865,calibration,af7a935d44c856d533147b648123d7f89f4811e080f9ed199e22e074960637b7
41b600f4-b7ae-41fc-99f7-17014152cad7,check,04e64e8414cb8409d969ba08aef8bf4c8898ee2beb8b741d56e888d3479c5cbe
41c6fa1b-5d25-4cd1-8508-ac15e96aa4ea,check,6af5cd57150278f4393654309ac3494f8b92cbb3410ac44157f711889eabe0e9
41d7eeda-2d4c-426d-ae49-6961efac7118,check,16825dae4f608fcd702653e214c75ea192859481115c26a35025946779684a6d
4205a66c-f994-41bc-a2cd-0376424f32ab,calibration,19e7c2da4e8525326105f4c438189807653f9a850effb0a1248dd06326e2e679
420c96e6-b130-4535-9c03-9b2f0eb956d4,calibration,117bc0dd6381a35ac5235e78bc70dc94f37fa9d86434c1110beaa7b5442f39e5
423c4d8c-8935-44a9-99e5-47ef75e5896f,calibration,a571ef8d4f2da6c19f3d014a378d31240cc76e5db98fc77fa41c3a807dbf8d05
42549883-503d-4125-a41e-66f5e71693a2,calibration,7297fb07ff9eab0a97e554fb72a4e2302ec10329cc7d979db23753153fc67cbf
425c2e63-5162-4a4e-a7d9-3920fa3d8c2d,check,a3e16e4c3a6c31548f2ee82a406661558ed626f7b0a41436cbfde42a14dc4bf9
427a34ba-0192-4c9f-90bd-1c9880cec876,check,89e1e70ef86d7db16f586b0c075225f76b82f3bae5391922d254ae34ab9be041
42b857b4-298f-4c73-a561-c302d9093f31,check,5a9e8475fde94320fb2dd9001641d22f403d61579633770c03732e810f5f8eb2
42c08097-e50e-448b-a28b-8af03bd16412,calibration,aa3218996113e702510dd2f1d9e7aeed9d84f42de4e67314086b113b9871377f
42c6f7aa-a62e-4dac-85d7-b2448c0976fe,check,bb9fa48799a2e017af26baa22b5651d6f2fb03d9dee96b2815788fbb89061b90
42d88ddb-6432-4d58-8c4e-6277958543f1,check,31b3a49bc73f5c98fa4a49c27bc942ff0a792ad9acb5475210297a0b39a2f3ca
42d9e67e-d28c-4614-a5f5-6a390efcc52d,check,21e32877cf82195c17bb1c2bab106654e068860820e68f8e14b8c991fea0294f
42e19dd6-685b-41d0-8437-a85c53a10558,check,d0b5eed010c7291cd2764d88ad66353bd545ceb09b22a5bbd8282e69a14b0daa
42e41175-cb93-4509-b108-998085fadbeb,check,3517870975bd5057ee9408337ea1388d0aa3ad32d77e88eb9f407b9a517054eb
42ee80cd-9c65-490e-845b-9fd60ae8dce4,calibration,aa4213e6fb2e854042afefda46d1d86fa343a1ff7e11204a38d1f51a2031aa71
42fdcd46-898b-47d4-927e-b7bb3111623b,calibration,11aefb2304a0c01e8c187fdd83e70493a4e5fbee19ff1dc8d3cbb39331764ce7
43007305-f796-4ae1-a819-b84a558b5470,calibration,0ed3fa700cb3109331352ebd72c936c0ea41a68419eab6c1c69d74210d14c0a9
4300c510-4228-46dd-99ef-eddaa85a0cb7,calibration,7299b310c7f575877d7bab424b3959f869723fbf2d1c2ed5bcea6bb682f97be2
4301a28f-405d-44ba-b341-ab089466ab5a,calibration,de1e4e5e54b001b4a9f0440cd4fe9c36e123bb194deea26326242b62c64488d3
433448da-cc7f-4287-8810-0f2f40dac091,calibration,a8cfcd4bb833e6ed6c059edbebf349af623929c25b5e32ec91ced58a3cd71fb7
4344055b-f4be-4dd2-aeb3-775b5d08e645,calibration,67cb91d7eea2a6f6ff4ed2578ff4bebdc1baa60c3dd376ca1ffa34120b70898d
43480c2a-e17c-4480-85a9-021ed1f501f4,check,9878be76ca0bbc0adeef45daabfd3cb735fe8b56fd1abebce3855fc507cffa7c
43506dbc-d633-49a6-95cc-674e3aa37dae,check,53b7d2d37043c9e8662c99502c47de9f83135dcbfc903821a7db3c3f8591cbe2
43593708-d512-497b-b264-7dcf1a1b577c,check,3c07a8d868854ea9d67cb1868a91b5d5d1cf0d45e4c65475b79d6c6b6a81aa9d
435ac830-6575-43c7-a916-4dd6b982a7bc,check,34bfd3b7385f1373188c4a569c4ca6bc5434f37375145de9282746647d00bca9
4372dd1e-cd48-4b9a-87a4-93ae99e13a8b,check,099388d0f5f728acfb5c36649231f5efa85f02aa377335feb89e1476e3a47843
4397a296-ab75-4be3-ab43-3b3b738329ab,calibration,d629403122b28c3383afa3cd8330be80c31e4582d5a7ed88508539c090bcb92b
43aee384-7cb8-4658-9e6a-d84421d63df0,check,c80af7f5298b434b64b88a696f3f44054901d27cd1e09657717b2186d6c1db1a
43cd8f5d-f5b2-43ab-8089-d5282008d625,calibration,d86c4bfc7404e67bd56cba5a4707d6c9ef072bd8e58470860ef267ce606c9452
43d3da2e-bc30-47eb-990e-230d311cade2,check,2b26f5cc15011d5ee406efa2e408f775a8ba5d7d1dc93d4999085bbc5dca53ca
43d512c3-1630-4add-997e-d516ceb9f5e8,calibration,9608353435c6814d3748f060d712bb9832dd4238d40a20e06d83bbe30c125731
43d993be-a23c-43d3-a839-f90065ecf827,check,4e7170179b4c62e48433d083ae9c73612576a285723d9fab5fc490ce53d6f85d
43dade6c-5c1a-433a-9a7a-3851180c52df,calibration,8455024469c3287fdd29325cbe4e6ab063a5c2f220d3bf88d52b0c0e6b42681b
43dec682-30f7-44ad-a3a9-1032a19839ac,calibration,949cdd3c29b54239063e64e859326b145aefa7d53e0c10a5872b5887f9a992fd
43ee3c27-bda0-4e2c-b9b6-73723f362e80,check,a58b686a04e68304cb796487dd9f53b6db07e7ac28fd010e83079adc210f06c6
43eff708-fc93-4d13-a0e4-b1beff9edb4f,check,3db6a8c6b84ec693ff02a75c1bcfd6bdc6301bbedc3032851ff3a0636a4464f5
44180de9-8e6f-4756-bd01-714d6c80dbfd,calibration,3e84971c240eda4b74e8700a7740cdcfd32bc9fee3d0f3d8751c1433aa2a9edf
4423341b-a660-4684-88f8-40e6b034cadd,calibration,1e2d3330d05d9e7c5a5ab0d16e7714cc781f8656382d4d8cbe13747eb6c426fe
4427a981-55c5-439d-9d1b-28b7664295ba,check,e2e11c994d6fbe8283b8df5d7b9338ee2a6e0a7679d04d2b25298f852cf27a23
4450c07d-05ce-45c5-8cc2-42d5a0b40940,calibration,028de3ea193e60d8f0ebb94f0b44b89479fa8d3cc0ee2af33c918f585ae69912
44577a4b-5126-477e-a825-1feeeca26cc0,calibration,d70bc71398dde96523b7a226d032d3e8984a5feddab589f8dbf36fa2c982cfee
447eff81-8ed0-4400-ae2d-575b947e6ea9,check,ba116e52a3057b9c3dfa87a327cc24973d3252e245a1dac5ad6c6dfd396721f5
448970fc-42a9-439e-8e26-d2fbbf729d75,calibration,25883beb26d5e58ecec94722e70e92426c63ee2c02a783bb5bcee699e64bf804
449c981c-df4b-4527-9cff-c8cc9a6ba952,check,fb8fb69f6b4ba4bbafc8e87bee1512b01faa11f78ffff8a6c5218dcd2420b3a7
44f9d32d-fd07-41f3-9113-1a0a1ac04777,check,2ea11413dc8c605a762b9aba6d928a8662a057280ca631b7af8f160c0c7e2f9c
450ed899-14ba-40fc-a1b0-ee709943281f,check,26d99b9c72274f2331cae9fa3c43be42f3bebcd389b5ca7ad6d3c764df5c674a
4515df0f-c6e6-4e92-9b5f-1e131f637089,check,0859e43758bb72830fd9cfa428d3fff227c52c59a6cd02a9aa1dbebc90edf6a9
452655ec-30dc-4249-a870-338359d489bb,calibration,13f3f23a898bc9689bb0386eb666033e0878ce55a175d060213bf86274fc9a40
453c12d3-ac3e-4f81-8876-2f3b3fca2276,check,f8cefed37c9e2378d82f867ad480f5385fa9ad55e6b37b3ba230ba01b9347348
4548607e-1bf1-40c0-b2a8-1043b8d7d5d9,calibration,fb5cf0af22572314c6b489f031193a6a64593ff4a41843f29270638aa3e99b7e
4548ceda-6c16-483b-9171-40390a990a3f,check,bbd90195bc9a0e02b219cb1c8c48a9e6b9592a27939a154d79cd92079a6d727b
45619aa4-e6a6-492f-9a8a-c1f43d8a5775,calibration,a81520df636205339aa1232c6e7e4f011fca1461134f9b8b86b037da702f4b97
456623bb-73a3-416c-91fd-9a85a2d7105d,check,205e448a7756c5b644ab5ff4348d01d1474f2187920c0fd5f4eac6a8a0a96c7e
45769102-7070-44c3-9a92-af88a122f0e7,calibration,26ef5575741c4810481b44adb150acc6c8847d057a8bc08d35a596afec5238da
458e3703-7a9d-4a19-99b3-f40105b8b094,check,2de5919c145dfc5ee4942c85a6f809032e219c9c4379fafc632b0eb585491c07
4590666d-61fe-4da6-adf5-bda8e16f30f8,calibration,6c787b75a20142502534a6dc6d254d96876881494c5c47aaa351ea01be0cbc33
4593dba5-f58f-46d4-b65d-592718ac0173,calibration,d81c86c9a17919b858579575107e97c6aee986009442e651ce62a4bc1504b576
4594c37c-10c3-4b59-aca0-b02f597e8adc,calibration,79cedd8d7968a45a3d90262ee2de91517345312e2c66dada7caf3f4409ce63c3
45fdc059-13c5-4f19-96c0-d24714cc56f0,calibration,49cfe5eb532d71846df244845ff14ab3411d2c7a9fc416a39b7a7c396583e674
4604bc29-0287-40c5-aced-351979bc13a0,calibration,ee81e67fcb797ee3ea11b4c90f8602333cee299e788cce817d04122e6a016fae
4621d4c8-a28e-49d1-913d-4808c809c6c5,check,04891aca545d98f17addea96beed11edc598affc485c973933e8edee62a8df67
4626852b-5650-4d60-b597-a97c19bec2fb,check,0ea695c52e0f9c5a1a6c402c67ea33f3700d4a2ea5be046dbb3934d13405eedd
466ea4e9-8446-4f3a-af16-1601c4b0ba3c,calibration,0a27f4bd02c4c53a07bcdaad0d541a6d61c9e857989209369f6c77d547d27828
469d7fd8-9692-4d59-8f14-fd71d3554567,check,0dd900edcf7bd4ccfb29233d7c7cce7c91120375c0c8c3f34969e54b9385a940
472c12bf-7a8f-4d6a-97db-1db31433af6d,calibration,efa6a41545aa02663277ecfe52a11fcb0a4c19b0be43f617087a58745f25b80b
47353ad2-9d84-400c-9b06-a2a3c7dea0fa,calibration,107b6760a77011be39d9609b97a39d2d328b1af91102ee347ced2e55f4485942
479ee2c4-5b3a-435b-9671-93852c9d47a3,calibration,6d265d7885a2407470970a2c4729cc39cb3bba0fc594723866fec8b2f04aac86
47a9d016-19f8-4c5e-8283-ff5dc6877091,calibration,e650f45e487f3761ffc6e71fe31812092acc365ad28448e84a3943262adf41c7
47aea8dd-cb3a-4f1c-9d24-0d5cc4c25a16,calibration,8587ab0bc7b7d8b5a11eacd5304adbf26c5df231a5a7c2dc1edac5439cfe79d6
47bc554f-67e4-481d-88bd-cf370cb1fda1,check,7c01da8becf13f357a0d43431bbd7e3d097d26fdacfbd7d5a82255e69dd6990e
47bc6e12-0181-40b7-b270-8a019894023c,check,19375f60ca31a5892b781ae93b914760ee68f2c81e7bff0cbe971e66e7f1ca7a
47c1d711-5f93-4883-8ec3-778b640809f2,calibration,a7e528b585de9c8a7b4a41407df9fe72d635d47687d986af65cf1a98524f6356
47d0efaa-9c75-47f1-9b8e-0e7e2aab807f,calibration,ca09d3cd4e4308a2a276c7ce751864b3c247366c4f28fed82487c83bd672a57d
47d2fc4b-95c0-4101-9b2c-f6414adb7a5d,check,a5c29db4cd0e2c635a2fcbb1d14567755b163eea90c242a159b4aec2e44dfab8
48226420-5165-40c5-8250-6e67b3a770e2,check,4a123d048492ba4cfb5cd68454dd721b63e83736c2d9540e61c2c16a1f13f1f2
486d0942-6dba-4fa3-b5e4-afa627e0d850,calibration,6eabfcc512c93b05ce1bf02eff939533e24e5e62514d3f287f67799d4ef50ef0
4874f054-6d74-4348-b5e3-f66d9b41e014,calibration,8e42d8fcc9dbfab4a01b58f0ff38274edb4f241b382e15146898650d5ddd35c7
48a0ed15-5592-4dcf-8e46-c41b9c1ebddd,calibration,43a10a25363df41388e96f4c750e978ea21112827696da6048d583cd0c45b83a
48a8b505-84de-4c15-a695-cb55ba10d10f,calibration,4fa0bd6e3dfff304118fac97dec9086ef9678011c1bf8e9824e938bf411f2258
48ae06c2-b206-4673-ae3f-634c6812d0ee,check,db8212da95df3622ac95160842127cd0e63488cf8962f5ee1a7c5a62ef65dee1
48d6de56-9818-4216-a7c6-d6df99a385b6,calibration,279da9f2f0d6a7bc0f3d6dc2e5906e4289ac62d7d0a1e5d2293aded8e5aca793
48dc9b55-5ca8-49a7-8ca0-777beabbddf2,check,81b497a223ca8239b986caef74a7d73181cb56533b9bba2379ac260e93e188e2
48fbf612-7dcf-4ab7-be3c-ef272c35bf06,check,a057726d99517054716cff6736149063360d735cab8e3ca2bb53d7caf8d38693
491e912f-587f-45f1-97c2-4c9954104d8a,calibration,fc2c440a0e23c75620ed3b4bf86ba6e892cce9c1efaba1a00c792129fde5a135
492030c9-030c-46f8-9da2-3d456cac5f05,calibration,46e533e3989f70860f725ad89d0a4a7841fdfb6815362fef8ee2398884f3a1b6
492248c2-fe3e-4dda-91cd-dde15bc85707,calibration,43fc969e45ba4c213fdd6d8e4927d8446272fbcf268f5d5b65f3045c6bf0a96f
4933a166-5940-4c23-87b5-9eb26dd1474c,calibration,614334d2d405e8612fd150e1088d6aa034cf2f68c2d4a635d6380b59d498e08c
495632b6-a81d-474f-bd6f-5372860e0b49,check,6e48e1b18020b19bfc54cb4039d095037a544f8f857a26bd7ab1bc6bbc265e3d
49615543-cc04-4b79-9880-5115c9d0f085,calibration,072916eb38b843b38455c51d97ad0e3acee60aad36ae4cf060e16cb0666c3bf0
4983d386-9a89-48f5-890a-145a50514a78,calibration,a512673a3bfcfb070a6b67569945d7d69079841485c303ce33d63b2702566438
49f56a83-a149-437d-98c7-f9ac51e499bb,calibration,d4e4d9dbccd0d413c135ba2f10a1290b98f787cc7005be4afcc48853c0aff102
4a11d48a-62f2-4027-a525-8b2bdc78d478,check,8779706f5a069a565912b5af4d9ebf1d7f96fb0685cd74da10227bc6608bdaa7
4a15a5d3-935d-4a75-81eb-5ac76d5a539c,check,5f84315d18e5fdf7e832c5ce124fba863a1172746721dd177c3df00fefc8dfac
4a3cd60d-2004-46b2-b6c9-08790b154aa7,check,963954f682f6d47ec64e0e4d3949f1c3b676b52aba75be2dbe02f4e594d4b6f0
4a4d3822-a815-4fca-aef2-cd1b2943c5f9,calibration,cabb4c95edf3675d5dd31f5979af32e66375b604986f95b0ddda92cd287c8fcb
4a5e8c3a-c0b5-40f0-ba8f-a2f8b6256c26,calibration,f4d875239fdbd0992fc15e3f956965435f2411b0165e75ac56eef0173da24906
4a5ecd71-bf8f-4671-8aad-cbc03d009e40,calibration,53de07805e913fa52ce9dae52b3e438c40384be0098b5cdd06c8925a47b11df9
4a627979-5035-4182-84dd-3b96ad6408d5,calibration,2a4835042727c9369ff8e2af82b8a2e022b8baf9b1b14b41fc633a41e9a666bb
4a632c08-f5f8-484f-82d2-1683da0855d8,calibration,eb3ac5382ab6c7425f506c5c4b22333f572a71c00bd53992042db5402618d4a6
4a645d4a-0bba-4f4c-9438-3191b5081b4c,calibration,a70d69b7f8b4cef3af17cb24f4d92f3b6d32d81c67d2b4805545086bcf64df27
4a90ffd5-d20b-4314-953f-268b0f0fac05,check,5806cc9b49fe67db33cfd22280d78790a1b9212edb372410f0371e7603f2ab15
4ab37a22-24e9-4712-a60e-2686699656a5,calibration,1097b7572e4d65bebb54f8dc21867b40791ddc63a6f90b5fcef9f5bd1744b454
4ae4a8ae-ca3a-42cc-9700-66c94768e405,check,24a26fd31aa7e7c1c137ce75c38a77b08dc306511058fc01ffad8861ce20d5ff
4b0f2d4b-572b-4e26-aab4-3c28181b4be3,calibration,06405681f7c1a52127e1ba1efcb7f22006d1e0d8025b8f49524caaa12b718b40
4b2794d4-9e9c-4b46-9ac5-d6dd948ece87,calibration,37fce543a800dd318243106bf8274a5ba088122f24eb76ac04a91e4f46552eed
4b2eb5f9-0da0-4f0a-ae63-f6c41d7cf0ff,calibration,e929768c57817cb54c5a6633ace70a1bcecd93061d908589726a34ec899c77ec
4b3d7dad-9073-4e20-a6a9-1392203ef77d,calibration,c22718670240265c8433c4655808c7c07a6ff81c167f0307dd8258e86cc75b39
4b90ba69-a7f8-4b34-85cd-937f4e6de1fd,check,71a4893dd3cf55b5d757e7f256d33e864d8f391b7f0e2222cc8dcc87b66c94d6
4b9ac713-5d94-45b3-bf64-e96b45e42c49,calibration,7d0acd307ecdeab31427b6e1c0ca749d726c088c62535675c7fce35662e60a2a
4ba56c93-1acf-4435-b542-90cba36768af,check,c1f4705ceab79f0eabef0624edde440e3552f8eaeb9e0e715efd5fbd84b4d25a
4be5c961-8ab2-472d-a3da-339bd8e7f718,calibration,68f7a26da7a11360f6ee31c59c8421dbeaaee92f95e7d4b7aaff638666226e5e
4bea17b7-e0a0-4341-a727-5642f316ccb4,check,9f423e094c96564b33527d9f6a2179323fb4f9370dcada3a205445728e7bd0fc
4bfac32b-c977-40e3-8624-047705a58a28,check,b4e91c92ce5972ad9a34057795074a3b41ff052d904e83f75d79668e57c7dcd0
4bfb5177-e7d3-4e13-9dbb-0ac232a3427d,calibration,f2dc09e612afcf11bf8e27f941487143be55b85f6f70f6aeed741946f453d03c
4c0160ce-d044-4468-bd2d-2e5889f4e317,check,1971e6455a2fce37f00fce4e47e31bd02ca271f1f651f11536741aa3c4598c39
4c01c01f-9e05-4c7e-a4ec-535a912594af,calibration,55998ca76d0660143f926158470be28b3d2d85686795e3142737de9872e37e9d
4cb45501-b1ee-4aed-8f51-99a5b02bdf62,calibration,4c498f3062a5ffdde9160d4299188f3b5caea047e658a6e9bedf7f677396f682
4cdbfdd9-94aa-410e-a8d1-5887a0e2fbaf,check,20ed814c16d545922d07453613da1fd7eb35b503e06e6a8aab18c2ac7ae2df39
4ce41c26-e138-441d-b857-ad837d1025c4,calibration,c16fd576927dad83d2b642cc7cd013da705238aab578b2d31ac7985bb130dbbd
4cec2ae2-fe22-437a-ac26-f71afd25717f,check,fe43b68c52471feb1075697888107e93f8acfe7e6db3b23f0493ba9179edb21f
4cf7a1f3-22dd-4738-b1fe-627c88164d10,calibration,f1a603d6f3c1f928ca4a45d4a19559cd48a03940741edaf580356f92fb4047de
4cfae8f0-0a8e-4358-ad9e-06f92bb1cbd8,check,3f7afd082861fd73fdc984302578968789d4a7772236a91a84f49412b2a356c2
4d003c61-438a-4968-baf0-fe8c3f67434e,check,63dfa0dfe3a94b3aeec5dc5232cd4ed987f58378543e08a2fe511dc06fe30e36
4d1fd484-c08c-4bea-9955-1f8c4cf826a4,calibration,441491bca5ba5c46ee2c91d0ddecdf4aab9490c56a1577b6cce1c63d6050c236
4d87cfbf-6af6-41bc-bdfb-342bba0e4e25,check,48f691c20517bf83eeb9b58c7533f6fac9f69fca1a646bd527d8c7b53e17b24c
4db77d9f-449e-4157-9160-89a46ac59889,check,0bfe85bd67c6eaaf09f178f2b9ac66c8fd738c1c32e9259c1789c5ed0e7fa4b6
4dd47f60-5260-4873-bdb8-7d6d94a91a7c,check,ed7a24919e61e79d95186fbaa27eb8d93d52b2b0ca9eb7b5d7235161e5fd90ab
4deca500-27de-47f3-958f-847637ae347b,check,a504f3d2f2de9c53456a838740793cdc650dc41d3a380fe0d6cf440ce69b770f
4df42702-4c0f-4b8d-9361-0e3a3ec87a45,check,5e0080d2057a02b138e5f8c9f2c9a324a2f0eb872d152485cd49a4102be53bd9
4e02786a-99a4-42c8-b66a-72949d056142,check,7faec1a3fb20a6c6da6dddf859cabbb0b63f40ef401dfd43f91a471e9fdab284
4e120065-a03d-48a4-a36a-c7f8d03d595a,calibration,c2654f7ceb62e5358cd4dee196a72a4be7097da66ff00acb0f13eb14634a3f4e
4e2d4f6f-1bdc-47f8-8c2d-18cff481dd38,check,0760b5496002289aaf25e38f78d5e4348a65948ddbae27a49fc998ef7f520058
4e47aa88-19bc-4ee1-b16d-72fee2fb2a1a,check,3d813c672d5315828bfb9b2e1347926d1d49ddaa308d3f8699bb325d88412fbf
4e47d4c6-8824-4b15-a8b3-f80d05a793a0,check,15b09cf61772ce7e1baf5a7a6e6d6f6f1991b4fd2633cb599639d9d04481ece2
4e5a54be-ab87-48e8-bbf7-05afbd61617b,check,448d27566a2ded85522eaae90e9f4a1b2cc3d170c18586d9991987d0005fa027
4e7ef966-d9d0-47d5-adc3-79aae1279c9e,check,7992de8f15f35e997bdc102b559b35667bf00eaa22b07f505cac0708cbf6df30
4e8a5686-369c-41b8-b7ea-305b3d89766c,check,931dc224e54342f3400699740475ae0c95ca7576179258875cb5f1c687d123fb
4e8d9cfc-29cc-4766-aba7-bbbafce4f23e,calibration,44b70429c7b9ed5fec6ac7ce5977cafabcabe5833e1bd5f1941dbf321b483931
4eac4897-7367-4631-bf26-393bc6d5e4f2,check,9b9b45557522a802b72222342af18fb07e3ca336fb474ab866e00006908fc011
4ede9bd2-9c2c-4d38-8d06-7bca560cb63b,check,8966ac2909e7a238358f2888e6a221fc1378d388c8050415bba8b47cca6d1418
4ee8d41d-f29f-4572-bbaf-79a572a2842e,calibration,09412c8d8b41ea066ed832babd8fe43b2a9c8f8727cd0b36973baac0be4714a7
4f3b2b43-7931-4e80-9e4c-9ced26e96e4e,calibration,c9aa371b1d95146231ad43cbcaf1578083297d71c742e172a199734433dc8c69
4f5b7490-a23b-4e81-9c65-8df30f14c5c3,calibration,d73ca42f7054b3d24da29d09d72c14498d354de4f6ba5c29d97c2b772c673db6
4f66c4ba-e938-4c8b-ab78-bdd79c36e098,check,9552a8f38753cc880290aecd2dc643b55a5b73a58ea6121797a43dff95127840
4f809b38-4afd-4aa5-b0dd-4e7e0a656c68,calibration,9c35b04f123eedb3d635a90f8e21bafaca790d044182d9e4b3e6635d599dd71f
4f8975c2-656f-48af-96ae-6e1b6589fd81,calibration,a4953355c5b12a800db21eec8174ab66cf2c9b82947bd1cf23e80c031e541a65
4fa1a97d-6ded-41e7-a487-c18cf23b3c87,check,0a5e29125cf3fc47ef8c0401ecfb14c226fe5c660533ec62caeff9ee8c49a06f
4fb8edae-006f-4958-8750-096524b7f649,check,e92ea2f4f91473287f4483bee37ec38648f09f5a3303abcdfbecff62a127892f
4fd483ed-600d-409e-a1fb-ddd0caa4ba39,calibration,818c83fd40ab005481c672a1d0aa6063da2ab4600750e1d9ebc2428da0d43d01
4ff2b41a-59d8-46a2-93a6-6c7485ec36d0,check,173cde036238bb77145292a5405ddbd5b899f3f7c1521695e33ab199ba58e697
4ff8446b-fdbd-4755-a925-598d69f4ac0b,calibration,50f6e8379c8fe00ad1cee831073f9538760cd61fa8c025bd371d767dbd70802d
50328adf-abd1-4d01-8c75-06d7752b34f0,check,d4b9924e6888b572edd5e21c8b61b770a113eb4c2984f4449fa0ad978f1a7e1d
504c3533-a10a-4b89-b3b7-64c4775355c9,calibration,9521ec5cee3a28de72a44a0154bc542a0848b1760e4904b086597a65de575734
50654732-409d-4ccb-a74d-c8e982adfbc5,check,c023500c9cae9866479f53e9d7335051e0e4ff079414011b64a2b69317de6941
506a999d-ad49-4ca0-bc02-4a7f152930f2,check,ca5fc8660c25b98068c1548b95fa460db990d3cc9659ec9189f324089cdbfd59
509d6331-a863-484c-8e4b-704f410c1ff1,check,cc22165dc11ae18cbaefcb4e184a39e726c1d15e965eecd8ea238a82ba26f634
50b10ad0-3735-4c5e-a55f-dd7f00321827,calibration,873a742f4a69a722eb1c7008a900a9c9075084e9bdd9aba66d0e6bf4bc008e2a
50dea502-a24e-41dd-b93f-4a0a0d52bc38,check,d8e0fa6865ed24f5193c95549beca282cbe06733dc79977aebdb41b8245681b0
50dee2a9-6565-4c64-8e35-2a5e04881915,calibration,5fa875bb043a76e113d41c3b181e9e706e74f03ee6174e4d41a8f857bb8a2465
50e59467-365b-4c82-b02c-8f3ae1b839d1,check,e0fa56f2eae0c48b6711a870997d1ed5ac5fc633086f3b4e1819a26baa2f161f
50e626c7-ab43-42e7-bafc-69bcb5ed1303,calibration,aefeff3ff03ed3bd415edf2fc7fbfef5ddaf94d0439a9df1939d01989b4958df
50fccd0a-694b-47c2-a231-49c5d0aeb956,calibration,82349f9cfa6ea0975a443b2bf30caa6db758d9efc00b7006a9ee75ce68cb4158
50fe27d5-5fc7-449a-b806-39bc9142b98a,check,fcb036320add3616df93e3f341aeda3c44a3d789e043127804fce8c362e5e581
50ff59d4-a905-48be-af7f-3d6819e4acf5,calibration,1c08833c88fe18cadca0f277a241db1a4994f8bdfad6d8741f82c08d9cc55010
5127fc7b-8ed9-4477-9f1c-47705ee20a69,calibration,664707a378f91da84ef588cae2a1c1b975a8e6e1289ab3e4e6a11e0a324c75aa
5144b42d-1937-4343-87e0-a2ad184b8265,check,0ba1c7844c951cc75cfe05c27ef50aa20c79475bfa4987b0d91862018b31def4
51524ffe-faf3-4c46-8144-e3bd977c9812,calibration,8d51ecd51061a1c13e240ee6e09a24ac0f5f9c510d7a0d5080cb5005da4d99c2
51652122-c57e-4130-a8e0-85da15f57e6f,check,4920d3fd97a9c024c844b43c522a65bfd7556406761b554ef31bf7503cc3b5e3
51659f3d-726a-4538-a3e1-08124b5ed2bd,check,f0168e85596faafd722d526fed959c4ce43ccce290bfb53a36b11583449a3db4
51b9872f-abab-44fb-95d7-ad016057b9ae,check,8cd153ef00a4c1a0e940487f4cd2e7f3fbecf2f0f7a40b15b7de4d64da59d261
51cf26f0-d638-479e-91b8-6f40c497b2ff,calibration,26a9c9fff9021a0e123b4d4fc2d2cf4ffa2d9302905b075c14ce1d6991fac031
51e66ff8-2601-40e5-8ce8-1806fe8351f3,calibration,dfa27f7408c06b66c5854f7ec9562471fc0f2ca3aeb637e1b11ff9b8421147b0
51ef1f99-b8cf-496a-98e0-9ca917c2e87a,calibration,23cdc679f147786d5331a4f02c58105516a2590f0b6d55fd7d1bdac93378f0e4
521e21d0-37cb-4d57-86fd-5af4febe6d1c,calibration,02cc6490c10494a9faf0005e6c730e1662bcbc7037bfa259633823e54b6d6766
521fa29e-01cf-457b-bfb4-d9a86cd33210,calibration,64bc3fec1d3637322f3dc7194bdaa1cae57969990a5848d0e9257ea5c23d9f06
5231454e-e865-424c-a028-6ff35ec2a0b5,check,6fa81fa9c9b40a4eb381bd1f6e3a6ad7c646be520064e51a80e76315ce66cceb
5236f610-02c5-46c9-a40a-381a56a4732a,check,74d2bd20b7f56aab1f2dbfe99cfb5dc9f26493c18a5aafbe1563819c741d3ed3
5250afd0-f952-492b-b6b1-57259b28c91e,calibration,ed19cc85d5551507f155472dee5f7d9067b063603f9bf70e984af29d203c54b0
526f6e84-7788-421e-a1c0-6604a04069c6,calibration,bf0207ffdc2b90bbcbf0996f857e5038c3e7fb0a9dd7ae65823d549d3cac45f2
52785f7f-40e0-45c1-845f-fee00a445829,check,74116652c03bc90014bc94e8ed9c50d8b223f0d8f5d54a047701f9a08fb745fb
5291ba71-a050-440f-8e8a-11542774b67f,calibration,9caa53e262eeb0bd5054c59972513503573aed3be8b2fd08c151324af56e6263
52af1400-1824-46ea-aff8-0a99d29afa91,calibration,b234eed6ae22d00490d013f0d8314b222e75563f96a49f6fc059d4c4812766f8
53159fad-b25b-45b1-bf29-89760f38d1cb,check,89d9d4dd63c3d4196635bbead4e1e60a9266edd982e09057328c71a56ebcf0bf
5325af4d-ae81-4804-87d2-951a3aca5fde,calibration,cc46713101b8575a1199aab882b04d322b59c3c220ddfcfeebf5e2e58cb92133
532de29e-89a2-473e-ac82-2f2c868676f9,calibration,ee7b216feaeba0e8623effbdcf9a2c0379828c839bb053c35e71c3cb715d4dc6
534d1a5e-e95d-4445-b732-1319b04c1eaf,check,b62eb2cbb7bfe5c8699118e8050461ce903affc7bca64289e9ebf10e5d11e670
535a45db-26b6-41da-9e59-a3d78c2d1f7e,calibration,d14e34e081777cddc872812e5c891ac83d8932b023c5dd0ece2f7fcb3a297768
53809e02-77ee-4f5c-9429-2e899400830b,calibration,506ff57324c926585dea03de15909761efbeb63dafe575cd9bfb58b70cfa1d7b
53c44c35-0cb0-43d9-aa18-0029ab3e0d85,calibration,f0fcb1a2af2e9a2b41d44ac76b6436f9cc1ee74c200e78a42949772f76e9ef8a
53dab795-4390-4d8f-899d-73398f6d78b2,calibration,2f5e71aa9279edb7e7e9e157362be13e708a37f16b0f377af9064c399f171603
53f03e80-b375-4e9c-be3e-f5a936cc9b71,calibration,4cc2fa8629ab21df7edf4de60d07ac26267562f426e68e27f46baa642d7a746a
541149db-99d0-4f42-8704-6bb36f7bda37,calibration,362da849d91d934bde50c858ef8168dcc77ed1a8e3ea2df49bfd24a017088db9
5413cf4e-f8da-4bad-bb7d-167ab486a82e,check,4517e159ab2b414f7c44e125272708491d8b1a5f077ab53cd0979683926a781e
5425e6a1-5ebe-414e-946f-188131e82294,check,aa7472b84c5f74feecf01167c0356fc4ba8f2d7db32047abe97be443216796ee
54515796-8140-4a79-a975-c4005f4d6124,calibration,0d4231f7bed994411f5bbb1a4f166351a2f689bf3d60bf5e95ccff3a05fab547
54589c81-8293-46c0-9f71-d38ea0b46563,calibration,a441a4709ebd5becf14a569b48c053ad05334385952ca4513a63e1c1188c900a
547613e6-3851-439c-8940-d75bfd968ab7,calibration,2d01f2d5e6799ef36ac9bd6096eddc3bd3ae65fd8200e1d97ccc9c1c80f4501b
547a5e6a-a2e7-4790-ad39-c5ae51def285,calibration,a345b9beb1f1f6fdc8861160ec5c87cf7e5ef0cc05b4d0e6609636ec5fd2dfc8
54c66d41-b62d-45a9-b7d2-b386e4019b96,check,f3739411b5552b5f83d280cf8b2f1ba052b162613c1351be71565340ef33ed75
54e5bf3e-6116-485c-9174-1864aad836b7,calibration,68e2679cd3b136c7a11de13d385ec53c8199d3d627356ccd5ec72413e7fb5074
54ef7bf0-793e-4dba-aba8-10c028feef5f,calibration,b64439f28456ddaf76909ac6b41c58e9bc468f120e69f3d04de2240777848ae1
54f60a8b-ca32-4e38-8b53-6194c88c42f9,check,9c44afd7d0252c5f97d763fb881d75fd31fbd5dd222c0810cb768d1d30b26485
5510f2bf-75f3-44aa-866b-3dd2bd94dc13,check,bf670febab6282e4383e517db2c42f7486fa27337d74ef62b6eacb9edc75b214
5512d81f-84c8-482d-80ea-b3b9d2ff3f53,calibration,0d2081225af5b67c64dd3b6567f7ad9a049766e907dd120ddf423500f51872ae
551ba0a3-b0b7-4776-923a-e23aaf41f5d7,check,cdea85bb10cf83bd66fd263314a828f22f7c247fc0c4474dcf9a98ab62dd2b64
555e7171-ff44-4894-a8ab-329463b4f98f,check,35d2dc887795d5238b5aa596cc1808624822e202bff7b52de4a79e21f0dfeb0c
556aa709-89cd-44db-8532-0fa2fad2d2e5,check,559be98354052fcb55a7f597d70897506e41ff5ead1dbec98ca25f5352bd70f8
55c25a07-dea9-47e2-8194-c7ca3857c2d8,check,7f72539b106803409f9b56d5e26c764b03334bac7d9ee19a097a2eac11eea4ea
55c9bd84-938e-4e7b-9021-517e310c331d,calibration,a34553a6b6477afe9985dc61dfbddabbb37105c99b753a84dcde10ff5b731f1b
55ca7cb4-933c-4be1-bb0c-4b30f3632c10,calibration,52ace1cf0885beae82747c87a9f6ec56b84e34002742308fe45ce7f4a145056f
55f9ef59-cbc0-496b-bbf7-ec2360554e4c,calibration,f38186578c67dd1d873bab227a9b28d5cff2f07ab42ee68164c254137fd08b36
55fcadbd-6845-4520-90da-9750fcb8b872,check,ff44bab7881460f89f683448da0006cd5e5040ccfb72d77cfef77bb0c5c05ff5
56014ca9-1736-4246-821c-7b37b727c0f0,calibration,658208fb88643dd9cc08cdde251fa97437fc73884661720fd5298daae92bcfa2
560ee5dc-14ee-4c6f-8ca0-acd4be9d37a6,check,59aa5c7d7686dfdbb71f5edc8f91f7d63e85284dbd4ad2816f757498d3f850ce
56444bd6-2e18-4300-b564-c4af8b09c772,calibration,9f9caf4d3c0d5973fc8b7a95b472a45a5b0bb21b9f029ddd76948e464a9c4517
566f644d-2399-4830-af26-33c3b43ae3a4,calibration,a3320916c51d63915ee8298faadb45cc5e563981e320022b77ecc971e2ae0174
567a0626-a54e-4c59-838c-868aa55da447,check,25e5e05d9b40d2069bf03f1a0efc07a755b7996ce4cb189dd24b2a5474532ee5
56f1466a-4b7d-4e54-8f7d-21fdd2ead679,calibration,e372eae82ca94a82141f8562d34ed1cd62ccba3af1335c1785e2af627033e556
5709b5f7-ee45-4756-b1f0-034c0743ef4c,check,84add77524cf1d15bd5dc2ffd539e380277a143d7e902ddfaa44dd07a21ddbe2
570b9b33-2776-48a8-b0a8-9f7af197a9e4,calibration,3267c2b6f57667ec8fe6e6f1abe93f303880b24473b373437610f4ff41a13d15
571b9f8b-437a-4a83-973e-ba1ff3110870,calibration,3ccc3f18398fd0ffc2d9d4de43e080686af1b489b2dab3480594959190662b0c
57238f56-c98f-418f-9553-98cb95534d32,calibration,73474902ce1cc144b0ec5713787043c8a5fae2e82f7a431faa064089b7b8a923
572cec33-728d-47f9-a421-15eca6c2b4dc,check,8b662da82ff66a4bd94bd30c739eea23b5c70f05af4f909059906a877c2c18c8
573475e1-b1b7-49ac-99cd-36c73d8fe33a,check,c0a8f7ff20b62dc731b47bd0515c856674f0471da490e8bdc9c900f5ab0e1acf
574053b8-26e0-4ee0-be61-2d4745ccbd52,check,bcb7d00ebdb87cf7fbde751f8f7d833a6e9e3bc91ef6baaac4bdd1efa759ecb2
57716ce3-ba54-4343-9734-81c9564b801f,check,503d74b8749d20d8cee00ac2360c12959065f9e59f019bf1b5c0e77670ef41ff
578da2d7-319d-42ed-a07c-528cf63f38a3,calibration,9508af5ac09a4bd31b38aeff210abbda6b7db5ecccc0fe86404e01512b289c89
5791dcc9-a7c6-43c3-b4a9-314a5d3e4627,calibration,7c3099aca802e52a5b1eb30db1890c4680d220940b0cbbfbbf49e653584f9438
579baaa7-b7dd-47c3-a6a4-1e72c92e741c,check,5a28c41e4f4d3b79bb5a23d6e7aff1f514b4136915917a6e0d66b128d66ee298
57c06258-8904-4729-a16a-06d962378cfb,calibration,64fe2e97663acd21c2979ea01e4038ace54b194365c3aa092ce99bbfec2b4069
57c4534e-8efe-468d-af10-f9ab798f73b9,check,42c38eeb12f1f92595b4a53d75139cf052cfe65d6c861afe3d408d0587a1b4af
57f0642b-1026-422f-b3b9-8bd6d2fcc420,check,10eadb134a162ab5000c399fab0a39857068ae8af49a714a8b13321b221d1d1d
57fe05a1-974f-4826-8279-8a06d534c717,calibration,ee697e979c5d41a74197b665315684c1297bd3c607b142acdd0889867bf28967
58174dd2-7c8a-46eb-98c4-312d774a7968,calibration,caa6ca8d6638d644d169e39250de31239b54d63c7ea7b03625c87fbe8ad8b5f0
582e2977-8d0b-4715-a3ea-431711565ca6,check,a6de20a6fe2f0e86718e26a8e0e74791e9f640260ca3157b2af39d938c36a8c4
58582833-e949-4514-bbd6-e658b9f6066e,check,ada6c69be803e38d12618057603964cc147276b45507ac1f3f883e747e5c6240
5859c4a0-f6a8-4369-a29d-f8c441934d6e,calibration,87c9eafe9d92dc8deffaf3383d8af091c381d16721632439622d5b3e9078c916
585ff2f7-136a-41da-98c4-6aa1fb4c8312,calibration,fc7bae57a9bc9e9d0b50fcff784cc66cb351d94db64af3fbee7677c1a7eed717
5877496d-e860-43e7-b26b-7738b788e0b9,check,1a12a76e14ad5f6bda2fa56e3a0e3fce7142b843c7618ede7cd7c73d20d132e5
588e7b7e-173e-4027-b96f-d975c7b55f10,calibration,269971c4e2e69617b03f97973627847e3fb46cf73b279311cea6cbeafd9e9649
58e8b59c-e72e-413a-942e-943da45941c6,check,8476e025dc5119bd22e099d63a507fbe3701257edd5de09cd6c87d74ded9823d
5909c26e-7be4-4dbc-b033-136616903845,check,ec3cd304ce83c601ea64ef63840c864b6aebd47eeb5d43b83e019e26bafd1c34
5928e1fd-9724-4403-ae80-c67788f5e80d,calibration,7838e32f1dca8caf122912bdb21f891d9a127a1e5f92ab025901bb0ac79ca1f2
594c3ca0-1573-42bc-b824-bfb409cbb7d7,calibration,1bd2c3fb893b99015b54f3daa54269bf513a532e5928850e35ed39d52eadab02
597d74d9-4b72-4eae-82b6-3faa2d460049,calibration,ef028dcfb19b40a9c51141232aa32b9b2c04eb14cc0c9d56d992e3da148028ad
598e5548-055d-46d0-8ebf-36dceec96df5,calibration,a02ed0cecf1d0236667eb2c2302b00890cbbc319a9f8941552081e9a785d780c
59940879-bdf2-404e-9462-63279b14d6b8,calibration,59690d11ac47d6c1c0c414cb65ab216b236c68a26968e0bfb1bae672ea44dd21
59c73d82-3d1f-4f90-a844-99e332d4b679,calibration,6b279c95c4140209f940fae304e33eec6eb04e0d600ef6a4e40e7987ba113aca
59cf0e86-c62f-406f-a0d7-ae385874b407,check,292f0fd5e0177b3fa5da7105823352e19705ca7d35996db9ba59f18f8273f417
59e10112-5f37-4e38-ad25-cf4831f4aa14,check,965970322bcd0db998b3665174cd5bdb26871d4c19e53f7ab9657076f77436d4
59f14e1d-9f52-4f21-a877-138ee46af29c,check,53e8c0e994090d58d0758f69d354bea3e8240dc29f8c71f3fa177a2ce1c74817
5a408b1a-83fe-4d5d-af2b-a457dc14a125,check,d0b9e56419c2b6683504ebbd82a846f272e4ea2efd06b8e0b74120f6c0da4a26
5a40aba9-56bc-480a-bc67-be5d1213e17f,check,f49519cf6ba842ecf0d2b328e11ebed21f9b91b2ea39445c8e709a98e4dfdbb8
5a4c490f-633c-4d67-9a46-c39fdd3efe23,calibration,eae4610bfcf06382a7756a53b3803b55ba9ac537a5008a8a21dd2bc953fcbff8
5a7cc450-ebdb-487c-81fc-50208f652fc4,calibration,77ceed7ad466575a4a1d4a48d0ee331268deef83a8aaa254371d2679b81d3b19
5a8b0e60-343b-4497-9cc0-6499d526b8ec,calibration,4da042473afd9760354f4ff1ab8bdd0e6c4c2454e1518e2cc93b0ad840667310
5a903d7c-489c-4c00-8cdc-a5ded11432d4,calibration,e22b05c0230158b5684aed4e2219dbd5604dcf8e2ebb1639d6c8ea82e586939f
5ac0c3f3-f170-497c-866e-3aaf929cb409,check,78e31cd7a61e5acff8fc5a7fa8f0b0f42a604d06a2450606fa166ecb1570d6e6
5ad172ce-15b1-43e6-828d-434a89f905b4,calibration,cd246b5ca7f9b9dd84564fbac593c64b1119832c8f7870543c5cd3972e702cd3
5ad81b1f-4b0a-4f45-91e2-43f64754689a,check,99a5762f4b8129484e8e42392f45c826394f164e8ea87d9cd4172db4981d6e47
5aee9a39-da4f-45d6-b0bd-9aff0b17198b,calibration,ac114434d6c8f9b0a37fcbef33be29c85a8f59b601b303ca35d16fc6e701bd00
5af76dce-1c6f-4ba8-b4af-11db7ff95e4e,calibration,035837bc31783a1a3db776e1a23f1dd2809b3084ea54e66e11ac42ab29e4512c
5b0b802e-7f21-467b-ba7d-7c04b0c2217f,check,718123e053085ab594344874ab3ee4a95ac241f4e3f9cb345585f445995a7cad
5b1b894e-5457-47dc-b0db-3b1fa56b79ac,calibration,35fb991a711b09ff3d2c6c128c280dc331a8f2541f7b8761db2b6ff71af44a77
5b3a3a5f-80a4-43e4-827b-0ebadfd6e05b,calibration,92c790215ee993374a0adaa0cc1df36138f6511184f99a94aa96768f7530450b
5b4980e2-df25-48f4-a7fd-d61730d7bd8a,calibration,d2d9ec4f52cf1704aa36f6581f06a037221e77da10db73589f65964ff7158335
5b5e8649-0408-423b-89db-f47165d97e24,check,3a68818a36bebe015c5e113f7350484b651ff383d58848b0d6c77b14f7bd9733
5b67c475-95e5-4285-9377-727175a7cd97,check,a63a3d711dd3cb2c74b243b3c02cce167af9a4717e9c6eb6a0ff6765376fdb7c
5b8458f1-3139-4fd4-ac19-3bf0bc443f76,calibration,ff05e4c056f2e8d89f47ca637e40c7447e120c5635976144fdef642f827a1924
5b9003ca-c964-401b-b241-64258b437922,check,8dded454e685ce6a25d400762752d7d4ab5cce7a01c771a3abd9344fd631a645
5bb0c894-8132-4860-a1aa-4850d47f4c8d,check,04ba384e97dd87f2a6e3188c1411666eedd737ca0a01d9fab7808e996667afc2
5bbc00f3-d01e-4e09-a41a-cb74d85a1093,calibration,b16825a197a46d4818d68a803480c258ec782facd5f7688fca9c66b4a7a1aa17
5bdda6c5-ddff-4620-8350-3d5866bda4d6,calibration,76e4bd3114c7977fe10132f561c31692efa3b8e2878f5a0b6eaf378574c8f27c
5c131631-9b52-4f1e-afd6-f82e6a743d06,calibration,95fa8cb66faea1c6f5875e814c2c19a3c0f3e35e319ab227d81cb7bc065f7c2a
5c359d53-041c-46ae-b06f-87fd40417368,check,3adfa4653092fa89b9b55cb9e4c7ddde5ae816a0b86c4bc473a453a79f5db984
5c65f666-f4a1-4ca0-82f7-61c6095fd072,calibration,4c705d3fa1b003b8939b2787656cc05bea645ddcf3dbd653b4d039d94b612e44
5c800523-2a0b-4c8e-ae79-f855e8ed3565,calibration,9a0e0d9b3a17d3d07c26b54e41ef92b6485c9a6627cf7524df3125346046ca3a
5c9e70c0-803c-4d17-9c04-af6f5c081bc5,calibration,eb5185da55c88b657a0dccaad817acc968d5ce6a5d69ddc022ae5f904adab838
5cb0e159-0a60-4ffc-b8f0-ae6c1be686a5,check,6e27b08ebbd002b7c98a8ea77cd015f5aa1fb2ee56dacbd3f421588f29b77e3e
5ccfb5f3-b9b4-4db7-bb52-ba059922cfca,calibration,06816c8779bc4a1bf3f33e344ce727bcb2c328953279ec78fe3d2ffa3640c7c7
5cd03865-a1e7-4462-a8d9-eb4ec071b3a3,check,2e95396e53af836f64af0b473e10092c831060382f1ca2b5fad43e4bf1aaa208
5cd7b634-921d-4c89-83a8-63ebcc7f4f80,check,f789b8e610bc95bbba82cd2b4c8f6e90d43ea1f0b7c2fbda8e877605ef05315c
5cd87de2-0399-48d6-ba4a-bc246cde849c,check,ddf3ada1b0524a28c4921709f206da1e1cea8ba4173cc1d4faa55fd42d9079c6
5ce17b9d-751f-4bc1-aed6-3b00d0fd0b88,check,23ac05af836bd662fef880a5fa738ec017913a69ee8dd2dcd56e9c93d0a1c3f3
5d0425cb-1ebc-443c-aae2-6f0f2501234b,calibration,d1be318a3559857f61a3c6eb99ffdbcc4fe0419d5bf466e07c6a9788dca13b57
5d15c3ff-2f93-431b-9854-d1ff3c3dd38d,calibration,55c4e32bee8e25375388e94e86bf38e89b318a0d4405020847d424fa339efd57
5d1745ed-9d03-4c9e-8c6d-8a5c5a959a09,calibration,8f5537c4cc4627cd9345286d3f090562a8574badfb385548a756a12d158b5cf2
5d2283ef-9c99-4e30-9d67-23b807c7d9e2,check,23308636453d15d689383a59f3d11d90ffd8dba582e4c4078cc106a1c4363b40
5d2b306c-9726-4feb-acab-58c8340887a9,calibration,a62d75b3cf807b1f8bf443794c0e87ccaa9ad9a71d29b75437ed9020d15444d6
5d304d03-24da-41ac-b473-95da6fdfea0e,calibration,202761a386fff8e0d9aca7b62b842263d55bfbaabf9de08c22b73352367e83c1
5d9c2140-0bee-4688-9528-0e7db3987fe5,check,eb7c84f8d5214fbf63b9ee1cc8ccde8b7f786047f7c8aee5bb502b60b8d1b84c
5ddf48e9-5582-4528-8d7f-ad1f77efc215,check,cfac497c4a481f3a7c61ea8b35a6acaefff03ad016709c58e6b96f30508db3ab
5de78b17-ad3c-4249-80ac-632e39373a66,calibration,56ab4c8c8a7280e41ad10465351411e022d0ea9ca6ed5b3f82a6d4bdc712a015
5e2cc647-018a-44d0-9ec4-1081fd50038b,calibration,aa0a97bb4a8794dcd4a3e177879c1e2b58940e09a326adc07c45182fc5e4b088
5e3823a2-706e-430d-a9eb-cda5874aa74c,check,778e7db84170875b5f8455301f531baee5f6e2d4489718236acc7a62d75e8de5
5e4be737-6f9d-4fe2-8038-83cbc065e950,check,93c32fec5d1d7a2941f66a315c8dfc5aba972eaabf3d0372ee3a5a0d861a80cf
5e534c84-17a6-41c4-843f-a5b041725ef6,check,27e008826e2429c4c99cbd66d518346b0acef5dd5c6c0f4d165970d5e875c7e5
5e56684c-ff34-424b-bac3-89696130388a,check,cfa280efca5e02b5af2ce50502007fb97ed4df78c50de0da8d6dd24a5ae50922
5e5b9e60-7037-4964-b7d2-aecd27ad2740,check,2232fb2023f2698bfc45f6d1023c08bdb13bb66b1ae5cd0a283c434327383d2b
5e639e13-c1e8-4f8d-afca-d4a45e671829,calibration,34b3162d4e674cb43c195255a1f01a13d2e88388f344832d78c2e25ba9f08d66
5e6404bc-b5dd-43d1-bee5-37c3123d7db5,check,aa29422cee5a1ece7f5ceac1dcf82db9144cf933bca458aa1c0cfc658eab6d1a
5e75a4f9-6f02-4e86-8714-04de16860a80,calibration,23992011293c536012061a051d551f50170d034ee3e7ee924b66467cb0fe315a
5e79281f-e26b-41e2-9243-c1b5300c7125,calibration,e33d9da2ab05950331551db3df247fc4d456400db49353c07c91e9cae47d4a89
5eebb540-35d6-4714-b4e3-f3a5d82b812e,calibration,9744fbd16cae45eb409952486db7a7d3b7719f0ec767bcd05a2bbfa5a549120d
5f0b804a-8ff5-488f-8aae-777516d22631,calibration,5541e397cf7549ce2d9b5445292e967d14f9bd9014fdb8b2510a3c28bff94005
5f159781-cbe7-4c85-a07a-e0b0e666a52b,calibration,80ec912a94fb0fd5bfbd0ebde376a33c73e080a71ae5703dbaf3799acba35990
5f1be3b7-7c90-47e5-ad81-bb9565714401,calibration,34717de2fba87cfd647e0a730016cd112ed238e1dae7eedcf823794064c2d2c0
5f2ff7fb-eeb6-4faa-b7ea-bf6a7cb5caa0,calibration,3802706e12c3608ea28cd5ee0972aed62cf996c3e0f3676237bc366460cc0b87
5f4df37d-c01e-4f74-8b5b-eeb5c2ca4e28,check,792dcfae739f50fab8e112ee925128bd2684f387e0602f0f9c474247051e7da5
5f56a4b6-11a7-45ec-becf-e81f9b013a6f,check,4664a08c5e74fd29f3920baa661b04c9adecdbff1ee2083eed5ac82ecf273b03
5f6c3e09-7e66-429b-8816-e8ed45bb0e89,check,fdf39bc223edd48a2e35831400f257c7f72934d42630db9c3256a297dcd0d855
5f6fb3ba-4eb8-4b58-9509-c9bdc70dfa1d,check,6d73b157de65c9e4fadb733cecde48a4ca805364034f7ab18f402a1ebfb517cc
5f7a5efc-e8ad-48b3-8a6a-5399ebd333ca,check,d29860aec0341a46cc337116ea24ee9f9d928413b67432b5c53be67365a304f8
5f7ab456-d9d3-44a9-8dbd-80e54194e384,check,eaa3e4cbb537c70892a8a1e77cd5cbc63941d4f58d21cef5084452897451fa9e
5f9d39d8-01a1-4c6a-8df6-54305e158a2a,calibration,481a621a19842e549518e2304b022c8d770e870a2e4cdf53767941aa51580724
5fa0f7ce-0f26-4c8f-8269-4d24b6d8626a,check,87ef8fe267ac6fe806d16b1f1070edbbac73819802963ee04942a20aea0c0898
5fb0ec94-a404-45c4-91c7-26a76f64061b,check,7af5df559b000399199c1ffb6a9599e243d11bfeace8759467cea3e1a7960816
5fbfe79c-de28-4d14-8cc6-4fe94393f9e7,check,ca207535163c0b34c5798dcb3c9062242088d121c731efe292b3967179596ca9
5fcf7379-50c0-47bd-8bc3-37d47b647fc8,calibration,cd64ceef241691a9cafa666aabed81051d580bc337c803ccdf3127553e6bf659
5fd5bdea-486e-4eef-a1af-55253b5be163,calibration,b2d6b63bb57c639d4226bd1c73538ac5eacbdf00fb9f81d2d33063cd73db4bef
600ee49f-bdbc-4da1-9ffd-fa18ad417e80,calibration,b55b073abdba5218adbda216a5d0f8fb40b0f90a6381972022aa2428e1dd7d36
601c3440-fb84-470c-b301-22f4e0f80686,check,0b6f15d9b9697720f1fe920dfea5672e8564bf48eeb6583ce7cef4889617b8c7
60421e78-8724-416f-a46c-dcb927c8e152,calibration,0ba1e32e28617153dfcdf28f2e3df294cb6cdc47bebd79ad2b7b8a0bdbeb8313
60492130-1ed1-41c8-8467-87b22402b0e7,check,ce4ef00171fbcd52be0d49c938451498deeb73d4ce1dbbf4cfa15ce00a69a6ae
604a9399-8ee2-4ef5-9453-68ed2255492e,check,c4e038be7ccf6557108f271e426059d19851caae0545b398afb6ea82202d5455
604e8737-4f77-44a0-813d-e050a884a336,calibration,79ef5edb4d2a0de76440532beb741da46c25d5418fe4e95c13bada45450c9878
6057d8af-0cf0-497e-9c5d-4a9938bb2fa1,check,6a3744f45e9028956a68749bb311ed9466a60c6435d0e352b2eb2dd247517a40
607aa446-9c9a-4c26-aae2-dc02233f8d11,calibration,6094ccfe5cd1c5461be5456e9d2d8283e19bb3679d33a481dd0ac34a23ba04b4
609ca8c1-4cd2-4a43-b68b-0da1f255a628,calibration,ce4cfc7d40ece1e9ad9d7dc0c7abc4369be66f70a3313a2a0496a1c12d814659
60ad72d2-41db-43a3-ad36-430e5515b0cd,calibration,6d4eb4ea48379fa64edb0be18e146dee504b8f75f34d96e4215fad9491453d28
60af1d83-e5c7-499d-9adf-8fbe6e243f85,check,9de59e5dc1dc35654ca70f0aa1a74c89e8563528c65532677e75f402b893ca7c
60c7a76b-1b73-4e2e-afad-9e0deac9f10b,check,088384c89615698de71d00b386a06490e59b3925e771427cc8a6b83ade7e3a5c
60c96a5c-9322-4e3b-a84b-91456b0bcb9d,check,07422fcb12e1904a9a99b5db14bb77ca0fc159851da51725e2922e5b46c6a0c5
60ebb353-1014-44b4-84cc-456afe6477b6,calibration,65207065ad5b671e43ca308df7cf37ece7bc3adbd440ee55015e37890d900eb3
60f8b307-577b-43f4-8343-e493ed7dde8e,calibration,74c6bd18599f20d46206d3d07ecab8005ad991c29f8563efb3a91d4a5cefb783
611336f7-5106-4741-8b08-6c437fd52432,check,c194f94cd86e9799eeef2f5b855e4596eb18c5b9c4ab24a42228e65773a6b522
611f123a-1ce1-4657-acf8-935238635ba8,check,58634dba016c815251be2fcb232129eb55ec106fbf89ec395f6969185db70f7e
6121cf65-2baa-49e9-beb5-d2fece465829,check,6df69fdb97cc8933ba1cc1475ad11f1289d0643a503940d21df2f78d88d9aca9
613e8851-2f10-4e16-8428-67919c2d720d,calibration,bdb09af4f1902721717a162a6704af181d677b684149e7f1bf1d02c2402472f9
6146dde4-0390-4a79-9202-7104c1cf20cf,calibration,fc8a485200aead45d6fe91d0a2673fe2165fdbe40b4e92e8191846e6711e4d44
6167a873-3402-4e0c-908b-596bdbaa070a,check,26b4df3a052e3a9ec12b32e309b1058e47c1333f72ad2ef133ca252118938a2a
61760b9d-fed0-4479-89e1-38edcc71b7a4,calibration,96b14afa53dcd23f611196a4c25a607cd4e347583270935265a893c5fd65aced
61921873-14e9-4063-90fb-ffc662836079,check,1d7829d579e3bcc4c87ada56c97090543e30367c4695f32017ac74dac0c5e9d7
6196a1c4-a7bc-4909-bb3d-28fba445df8f,calibration,505621208b84e9e23f3e99e039b43cabf51fbd6d576ba0c735f0f89a664e05e8
61c1b069-50b9-49ff-a1cd-b00cfc6cd1e9,check,315752d1a05884a7793036e6ce9dd33e524c62ada13023892aa4718124bb8adc
61d26967-f9f9-4625-99d0-e2898a67476b,calibration,56de5aca989f31ada1817c030b2cadaf292ec246b86d70a9b6bdb440e1b3c86c
61eb8276-3e99-48c8-8153-d6d04a50d0ec,calibration,cb6fd7bc97215e8bd58734db1d7a649d22a1e62f81e6835b1cd2f673607be37d
61f70c9c-9204-44d9-8664-c0152ee2fdfe,calibration,fc2679261c0700c30eefba45bd93d079208de6d6888aeee7ef3d5a72fad27185
6204372d-5132-4b9d-969e-a930a6915aa0,check,7de005ba36936009b970a9aa6b7beab49462472f5c5fdc409e54f315c82932d8
62160469-bdf9-4731-8a3e-b33be7a88fa6,calibration,6d685308d93bad3653c2ea1a44a090289dff9ad23885025579662e4b8866416a
62260011-2da0-4076-912a-b9b64e602c56,calibration,7d5972dcdbd1c8961dd89cb870ba7f44296c62146102d1f95d0b3f9c86f1a083
625670d1-879c-4823-843a-7eb61dbb895e,check,cfc17300126ddff45cae0bcd2c53b57ddffb0558c69c21828b29dde3e68ff66a
62591ad7-5ed1-46f9-a252-c9da5bce2d9d,calibration,a69b5a585b899b0b789facb77bd5e76012787bf356633567138f926a58d01154
62768084-9c65-4a1c-bd4e-6915cd3acb43,calibration,bfd1963bd0b4b7685de9d6d46e35d212f0bf26fa0c689e019314f5c6fd0ebc3b
6286bb39-7384-46d8-b9be-a331ba298801,calibration,5ec20664953ab383dfd5896b2f695d752acc802bd741110d3ddb310726bc2696
628a05c9-dc02-4e07-8b17-387acee4aa95,calibration,fd67dff3d4f94ac6ffd39ddc24b4d390d17658f614388e39e843eadb02df0c16
62986ec6-a831-48cd-8764-eafb56d7427b,calibration,bdc5c8288c471c5417e05809e3d9a4fdb29f0ded2f8b3555356e8e548106a0b8
629c3ff5-8ecc-4a21-9df5-ce01c6ea8287,calibration,9121c0cd8afeeed0fc7f1415c197b54af25ad98447b1f29cd83faa10e09eb718
62b1c31a-05a1-4351-85f7-3d4796e62392,check,7de34641a043e9630373eb5558c8a4ce1a0ff1c4354a8ea27e9ac2689c8654f7
62b6d502-57c2-46d9-a680-67c7e88e979b,calibration,fade13887f122265f1802189ba768b125f8ef261f72f17241deeb5c8ba837339
62bb328b-c903-440c-bb8b-b42df2d4f1db,calibration,53704549e9ae71308c658a9466080b810b392e752d58c07da6ce17a1e7bf7f59
62dc0ede-087b-4356-83ef-3324cabe6ef4,check,616c283b7ed0a47f50244ca727f42f473964ab4b645d64b6b5b73d36a1502638
62eec800-5cc7-446f-857e-d152ffb62fc4,calibration,c931ed0300fc7804f77cb11945274c7c0d5bf923c509ab9478b56a71427a529d
630f50ff-ca9d-4e84-a4cc-26ae0d9e3579,calibration,0fd93b9bc4664693e49c10916d4413a307f8d178500674a1a5268ca1e16e1109
631b87e6-16c7-4a42-8745-b1d97e9d3a84,check,b0c3cadd7fcfd1d7aabef291ff12315403950b27e077db2705ee7b291186f44c
632d2304-d7ef-49d4-aa28-6433e55094ec,calibration,94e317551797719a0ad7ac942092ada7d393421f86145c31065e614fd9964d71
6330d7b6-fc81-44b0-98ea-3c1e6979f47d,check,dab8cf17c1912eb0f5e11b001c265cc4cf5dd56bb201939cc39a7e5a0c29fdd5
633de441-4668-4059-bf05-dabb7d6ccc86,calibration,6b3d27d5a97c09672b5b5eff7d80d2efd0726ccfed74a91aeb86bced7368304d
63430ae0-b40f-4f88-ab89-30092a0c7bc4,calibration,88b78c012d61bb77eb43af435ef0bda957e2fd0882e9669f745cb3c31470561c
63703dcf-69eb-4944-88ed-4316e8429f00,check,85f4c8d3de3261c97d73d9e48f5aa0b910107ec49ee7e5b70d459a1efd29f379
63785be8-4fcf-4b42-beb8-2b633f05974d,check,dbf9c04a354dac572ac25e8fce1b6781098c19c98bf505542b339b6470387883
6381b04c-052d-4742-bfab-42edf3250836,check,eee3139324a3428bbd4bf90fd8463fd4d14f4393cf267a4dc74d1cd986f62136
638bb56e-3eed-43d1-b7fa-416f0e6caedb,check,d246c2d05622028f5daa5feafa08022deffd0223eca81bfb7d4e120f314b38a6
639aea1e-5a65-4090-bed1-edc3b636bab0,calibration,5302e40f95dfe112110794141bbae0b1ed4da73a2d23e7b53cce73f030deb93a
63b0d9c1-6fff-480f-b8d5-5f6540f048c1,check,35a62bfab1b257eb7a09326e1a5f3ddfaafade4984a93151f991b80b866b9e78
63b17aa4-43d8-4fa5-9e0b-1b549b69feb6,calibration,bf925b313b2037ae5709bc6d8b10dbffd7d40c11f0450552edbe749fa8b15666
63b8be9e-b154-41ab-ad41-693864f12b9d,calibration,a69ed8563b1f7f59817ce1ed3a6e84ac3e89a14030d2565146abf6be3495a0dd
63d082c0-cd9f-4255-9cf0-d38a599c7eac,calibration,a5d8f07d3d610fd09c4bb0a6e654b4cd447f1ee8bce3470abcbf1c2982e1dfd1
63e0dfaa-f820-4365-8b22-02997884098c,calibration,a618577d683465dd8ac833289086bf0796eea2f3e023a666a8913e549086e85d
63e761ac-6751-4a5c-8864-b539de5082f6,calibration,7bcf86015d25e574d6813731908ad23c35469b025f97baea16fdc50b1181d4df
63edf07d-13ac-4b14-af84-590aebd39996,check,d80e0739ec923408af8f20ef30f60e7d5faadf4ab83d1cfa203626289dd3daf3
63f28b57-dfec-4201-88ee-c54eb23e2b7e,check,739caf082c5f8c52607ea14bfcc7d9d341efbc74f31e8b79e2889ba11ade469a
63f8f804-c2f3-403e-bc6f-0fc9745fb17e,check,7a9b05a9ba36eedf3df9cf5beee653a6e70da10e88120181cc3272fce0a9b84d
642220c4-6bcc-4367-a27a-11ebc5313af4,calibration,728587d02bea2484ff495f38b098197ec307e129ff024ec6fbeedac3e72c3dc3
64322f4a-0a00-417b-8c08-8856bc03304b,calibration,abf598bba9c463391dbed39c5d1d92a15f3c7ae30bdad119127a4e1b774d6a9c
64414040-f349-4963-b9ae-4c0038dd4a06,calibration,1902406a482e112d4595b8d0f2c40241dd4174ddd193d66a8c791d38bdf34287
64ad2f79-d363-4c5b-a727-8ba6c87afbfa,calibration,0fcac244e70632cf8a7152b60f819a85a2fd64be30be8d8ae9b9a1c9ead07728
64b3201b-b510-40d1-986a-9ea1d064019f,calibration,1dbf6a509adfd0b1cf031703dd4ec82675a4f9860080ea3a503aa3d1e0981221
64ea41ba-1782-4918-b2c3-3252447023d7,check,7322f5993bbb30fedd292be9cd11218baedb2737df6178bae7946c71e636bab8
64f3ef9b-e6d5-4dbf-9247-2625676138ee,check,53c3fde2788e0f3f91c3e6ea46f66adf60761425221938f69253616f6ff4167c
64ff87b9-15ba-4789-b6a7-ee8454a4c52f,check,d3a2de2c42ce5987270ba7d6aa75b85b40132d8455593b280840b9d41ba8c08d
650bc2c1-c190-4bfe-ab1b-064cb661287b,calibration,bc759a5c3cc8c5b8b0dd479dd41b19784bc8c50e345eda309610414e0a23dac6
652023da-094d-492c-a18f-e86fb92236d5,calibration,5030145fb8aa15dbf54d1567cf98da8397bbadb6e7b1096bd25ece67135d7f58
65315953-e70e-4465-b8af-0fc704cf7a3f,calibration,3977876db686961316d1bebbfd0befab5f20920b6bbca861e1c04a2a294c2b48
654bba8b-5a0d-460e-95fa-8ec2b4a19a5c,calibration,1b8985c667cbc95694144dfa96061fc18137363613dcd81be2c125f89cf1cc40
656e6af8-351e-41bd-9248-938c8b5a8af1,calibration,1b5a5922909dfe880fb89622efd0bff6256195a74779966ae0632723e457775f
65754b30-477c-4268-9b88-065ac88c346a,calibration,23a22bb46bf1398c570025496cffd4b9c92d40e7634b1098a7e3208641850430
65885acc-6cca-4718-9f21-8031ba172a41,check,fcc39360ad065dbf91efc1ac3717a6327d18e52a7a44fd57a0f5fd64453c8f20
658b3d73-8343-42de-97c3-e5a420bb5857,check,ac33e84663c3f196803810f7083340d81800a3558ed7b2b7b6034db744caf4b4
6595f21a-096d-42fe-af52-7c69de359dd5,calibration,819cd480fc7db9a5bacde2cda65e3a0bb27ef65f55df03af1933deade05ea74d
65a4058f-8ea7-4460-b5ae-ea1403fbfb8f,calibration,a6dd0d64f0bcdc0b6501abb2e2f4cc67d16e14b04664e87d3ee5f0fa5762a977
65c23426-5a78-483a-bc0a-b1576561995b,calibration,d9ef7a68539ede737f87f6fcf243ac6f895dc5d4f9a1ec33e4047a00f5cbb764
65c8cd94-91a3-4c41-8cd9-aba4f2254cf5,check,6ebff92838f97315a245ff3862eecce79638b3e7ee144ca7c4bf022a6e380fff
65d3f7db-6fcb-4fc9-a5c4-848c81ab9bdc,check,c775b1ce8209a56a682df4ecac23189a155332ec1c11328824316383d5664bbc
65feb7a9-816b-434c-afeb-398795bc886d,check,2cf97a5eb94e1d35d296ffad094429881cd1e2bc3583a639eb74dc6aadbf2f99
660a5f3f-d8fb-49d4-85aa-fabfaeaaa6f0,check,4064bf7e0dd5e19bfaa7718d516aa2fcb2a5213a1b3b9a6d2665891ce3d9336a
66157e65-9ca2-445f-bef9-3930fbc1c04c,calibration,fbdf4988d6b89197e2e0b6d09b92889f91f1391e50c765f5187faf21b6fa1e7e
6618cdd2-4cbc-4abe-8206-b28509804a16,calibration,7e3544a7b95de7bb52502d23c721e65139c9df690dee87b7cc88e192a05a6b61
661e15ae-aae9-4dd4-b37a-037d31e153f4,calibration,c39803691ada2ce1c505be1f361fdb3363e932606233ed91184ccb7e2f76eeea
6629efd4-541c-4d71-aa2d-c5a05f06b42d,check,ac97a495882196e9ca50241b54a2793e5dc526af0e2b1363efebc55290c6913b
6644153d-d9fc-4b14-b7f3-23e8b992c650,check,462d047b4b2a382ffb9f075c0560fb72152974027d5beffb09e3e6df587bd321
665ec3e8-ea8d-4b53-b1f5-1b7cf71161ef,check,a57e2050d2d63e7f499639fe530e18b8969f1310d632911e541c7c5434abba81
6676ee17-f3fd-436d-811c-4045b9baf869,calibration,12e0230068a07c95bd8b9bf8cd93bb59b2cd2e245bdca143fcde881591d22d73
6690ffee-4e7e-419d-8820-5d6933feb05f,check,cd09de87e3ba405f55b1f74047f08ad7fa850beeca5152ff7346edbc6449ba23
66b0294a-5e50-477d-b2f7-62fee06ee881,calibration,b96b73b537f4c20317665cd1eb36297e20deb05de8830a7d847afdbee324ee08
66b17267-ec8f-42b4-bea7-20b82ab99998,check,da05d51bfa66fa6975d134b2e055c0283835509f447abd3aa207302d2e32c239
66cc9b2f-0075-4685-bd63-3ab9f60dd0c7,calibration,deeb73fb36f9f6edf5c9d8596d777fb2741eecdbffe142fec0c2e360e9ec74ed
66da8571-0c58-48dc-a478-023d688c1d21,check,6a4a65ebc11d9bc6a1bb1fc06b0593b6e993417610762fb24426daf793926981
66ded9f1-463c-4576-aecf-770a5e7ba395,check,0f7018a4cd07ad1e64ebf9e5e08604052bd1fd6d5d1a62490c23760ad1215f7a
67000754-c2e8-43b3-b692-9adb4d686216,check,ce50f9278133dc629b386c0b59a664da50474d7d9151ce2d0556df0bf2192ed4
670260aa-9a16-4636-90b1-05d5d2819e1f,check,ae96f1d500111de626f06e8226e2a666b5bb92b36e1a8ba44c974a1ccf547b7a
6702f196-7ef3-4723-b672-9484d5ae7ada,calibration,5a1cac06346b8f637cff54ba07ddf61287b04db5a6caf881acc1ed2b91e24491
67278273-d0ca-441c-a587-163e2d0f23cf,check,56a84a23e5562146be011048dc25f360f78f1c42bec3b2143562e1e6b9a41383
6764799b-5df1-4175-873a-4056e65fbc19,check,6209c1cfddfddb3bdaeedacfa5e180b88307318dcc3265c7187c6d030537cb7f
678eba35-016f-40d5-b74c-82c87a8277c4,calibration,cc2a6f93a570019aec6af5d1885e01079438927140a3e0eba92058fea3dd62f5
67ac5f38-777a-465a-babb-05dfb4e2e569,calibration,0610e85c0868d85f63aef74cccef41255f5a63f1ea54a15bda8801975eeec062
67c8c69e-4689-48ee-ac33-87037f65e86c,check,ef35a0052a56fb09138819eda752620be960530173db0fa591e0ccbcdf8a380b
680a260b-fde7-4269-9e18-bf5c0ce00a5d,calibration,c90b0313894aef57bda4f5387de4407d6993cab96856808ff04cb21d65ad1218
6811e2e9-350d-484a-868d-e14d138b12df,check,3504ae2d1c37bddebf045deb982612d307c142b23ba7952954536941ab4b0158
683e79ca-7494-42d8-ae29-8fecf72b7e49,check,67bb60fd448c7eed13b3e4cba42e7e4a8d677cc7eef57288afca8385a6347d0e
686f4326-02b8-4cf0-92e4-f1ec92e500be,calibration,b80c1cebd6dcf66cc9b49f1d7eef740952328c3ecd3206f555749235a87abe4b
68773d11-1fab-4cfc-bb4f-c85d87d0dcf0,check,c89fc015f6327a5d019b3994d334e3d99c4569917a3c453991ea3d5ac5f20181
6882ddfa-35ce-4d1f-aa27-8d050b269280,calibration,08fa0c07aa492b723006ffe73e41c9a9eb51a6a396b21d653e7868d12043d439
6894873f-5fb5-4ff7-b9f9-fbe7b23f2ded,check,795cb9992a32271c5ae342b67794d581b314c38850f377bcd4a86d291ef1b396
68c06ffc-e23e-4d1e-95f2-67a89005e9a6,check,0ee7838fdaf58ec39fba85425839b44918a6ab4c20a6db5ebdf6bf4d240df2bc
68e75211-c5f5-4e26-977f-af856c26b3e6,calibration,80d7b7ff63920b739bb2246a8411e317a2ff895ff1da60d4aebedef0fed9ad74
690ec241-d964-4b78-8704-26c978e74431,calibration,e9af8ab8b9e6e71b774e06fdf5febe145e4c0748f8f3492c67ae72a67a2203d7
691854dc-0bf4-484f-8145-485bc02de632,calibration,0b5ad750c152afa8dc713ec00081663d02f066bd1c2b183bafbf2e9c9982dd1e
69330172-c6f1-497e-a2f0-b2a5a51f737a,calibration,41388eb3171731d515e822e5786b7c5694ecae8aee0cd18b9ac2f681cd47dfc4
694c2316-e5a8-4809-bf28-cec56f6bae8f,calibration,5652985d26dfdf31dd92988eb40e58e66c3a6f55dfe58bd0963141cefe0ab827
698621d3-0c4d-481a-a0c3-cef91c177894,check,aa82ccdd7531f1145d8707cf07a3c4d220d3dce3053388f5b60b08cd65519cb2
699d9c8e-f2c9-495f-8c2c-a9cba6f326a3,calibration,4841b0ef2ae4d6816d3502426382eb1b0609094ff0aa6ff3f84f05d46a3f8bb8
69aa3916-658c-4f61-979b-8c9bf0b733cf,check,e00643c197ee12a09d77a1c52d2fc28ab631ea7111d8f2fe0531e1a582dedd27
69d8100e-8c6a-448a-8c91-d95f9dd82c68,calibration,df1c12996b0f7de0487746184230cd03761516abe0fb6e7077a593a5502e50ca
69db653d-88d7-4c97-b5be-f82cbae661b5,check,29e7bfb825b463725430fd1c46db8d70a275fdb24a4f683b64d65eefa13037c7
6a1b361d-9592-4350-aa40-16f935d27370,calibration,be4126d55239120de333109bca1bc3ffa46270a35b0ba12ea4f3856eecede35a
6a3e2e3a-6309-4b03-b764-f9f7d113cdcc,check,c0bda2461ff2bd535dff42d4c40d23148face44a2639cdb609a6f29821fb8513
6a64bfcf-14d3-47bb-bcab-426b2a80f8c8,check,8934925ade5bdedc967d463386692ff0866f2e8a24a00dd07821cc4ae0c2ca38
6a87ccd8-7473-4816-af3a-23c408b7081d,calibration,52e7256b64ae2aab0431cacebc6ccd80e54d9e85826c9d5195b6978f451753b6
6a8c2b26-cc30-46f5-bf8b-9a17a518314c,check,ed0ade5c319c90fff03871a7cf2b070d93527e74d5ad0031341aacae668fbf4c
6a9b3ae3-0449-41be-a353-aee7b7ba0cd5,check,32c858e115fc835f1a1e3a23c81d832fa0e8b8d56548267cce8f1dc6e685d613
6aec01c8-84fd-492c-9d12-7945ac254c82,check,c3b75010581e23ee0f49962f9d37b38cda64b48336e5107df1b9f6ff4cfd7161
6afcca7a-c650-4a01-be60-8771d842f212,calibration,23040452e9bb6aba99501d65ee46ee4d3b1a5cc95d6156491ac3cf3d2a569903
6b054014-b0b3-4796-9afd-87930e1809e0,check,5f6c27deb5dd5739f19589cad2a921d3f719761c2f6e9bbdd60aeb6dfc11eeed
6b1f94df-8ece-4643-b33a-93fe6be6fe0a,check,24c5adb679b77eee336309b15d6e21824185627475875deb23647274d6bbfe5f
6b73bcb6-2200-43cd-a3bc-2477b26abf64,check,f157f872faa5a503b3281debd50aa7c59f2d77c23100713d1b57310219848529
6b8af6df-6004-4f9e-a9b3-0327a099edd6,calibration,c7f0799a3bd88b621bc85f15f1554e2b4390270dbbee9475f92f4cb09a382358
6bc81d8d-98a4-412c-bb21-1e2b9ed9bcdc,check,d75a1ae7c4ff5133fab36e5c84ad79b5bd47563c2a1a684739cce3f854294a94
6bcec2ef-2568-4506-83c2-78593973c497,check,8475e16a59619b1a560f2d5eaf25824fa9de221a889f9135c5040817995285a4
6bd81e5d-fd70-420d-a5f4-089ed0581fae,check,ea50ee5a220aa09dc87734a60473b1564b3874b009f8500f21ac82a43301ff8f
6bed7ce7-c10b-46dd-80da-dcb1089d0a59,calibration,70800dc66a9806c5c4cf104755101721ffd28eb59b342c444bca318efec0d034
6c22b632-3266-4b2a-a705-6a70ea8a4963,calibration,4e59fa44edebd8cb11e8f5a4d0653b28d2cc1dbcbe3977f72a49df62421c82a8
6c30ebf2-f74c-4809-ac12-02a4d01cb093,calibration,094b442077d52fcc8024d24667c672b3fbccc84ba7f68906b6aa9114b0d04844
6c31412a-7e03-43d1-9083-0f37738abe79,calibration,276cfac71bd09d488d4886ff31d8494f2db5f6e232b5f1a1d9abed065b58582d
6c4d9da8-7612-4b52-ad29-9ffb66e9e705,calibration,1d2bace5df73fe6f6eb00053c673b3ef9c52554bf9dc154835c1b5aaaeda9191
6c5278c6-9ee7-49bb-bc19-fab5c6466e9a,check,36caa91f3316dc77832f670b4281cef3122310eb8573080b82aada51851992a0
6c5a65da-9355-4e59-9b1c-15ac1729ef4e,check,afb8fc48973fd4d922370411962791dbc98e10bd96d82dbb7ae3fc9c5fb96008
6c5e9a14-8889-4aab-ab0c-1e57fbe29f81,calibration,74a31d1a149c87247df35d27c153708d2f9b9169fb3eecdd66673456b6ecce16
6c719265-4fa6-4fa8-8d0b-3562e4221ebe,calibration,c9349e4d21976d2f4072a7df53e3aaea1261826ed2ad87849e47d9127a82c203
6c8ba725-f529-447f-9a1e-f97f3da430e9,calibration,bb1e7fe02db8346fe731ac63db0f0ff35606a08b5f9ff7862f02fb2249174b9c
6c8d1a01-562e-4970-8e69-423e9658e913,calibration,f98543c21c7c00539e726884d754360f7105e7dcc3c54af7f882e92aae8eadea
6cd9801a-18d0-414e-8002-f2e6bef80bc5,calibration,635fe14d27f8f899c1a5f8c65de150a9edcfa7e340db188069d496e2401a6c6f
6cf03276-4636-4eed-902b-6939a4ae76be,check,78a2e787e3d8939d88bd8af4d2b654f005a32546188b2253df67c1b8c8e76e31
6d17f1d2-7512-41e7-8d1e-d98b57f012a1,calibration,85d18f365263f7632112955d5011916076c32c6a56640d8f47165f9848ba41dd
6d29121c-02ac-4398-a16e-82971d720457,check,68790e6cd9a77c50604150079bddf09c97e922bc420eddc1cd20659a30329b60
6d4574b1-dafe-4375-b96a-86a4b6765cdf,calibration,22b4ca3eda7d53c2c34b7f57c962f5edb7187bc6d37617332df66986a5d9df9f
6d69e5fc-dadd-40de-8b08-75b63e104217,calibration,c9c8043d1d7dd4e42909776ac89090c84a5f64a5540bf216f1b082008cc91357
6d76ada4-8565-4990-a6b1-e9cb3869e97f,calibration,31d1d7888b3a8de2c32a2bba49a8e87145358d5209917ddfb6ec406128104113
6d76c40b-2ac7-4672-b3a7-1c0ee7936005,check,6f1a09b87f5a523d076e53afd4c730a525ef887ca05d5cb0ee64707d5cae0df3
6dadfe06-e68a-4ae7-b0d9-10c2e2383d87,check,65b62e63dbde678efb4304b8ace596fd580d5a638ed1c801c2c1d481d6d4aa18
6dd1aaba-6dec-4618-afbe-3d2ca28e7b60,check,e7c7e3f8bf1bb2773800f8d1432a1b6d278ef7f422ca3023b0468a794b496db0
6dd41081-7a2e-404b-b76a-c44921b6afea,check,6a1a9e5d8267d7b42d6d4adac85f72d209c9c647de6c465f23969e7cd6f8eaac
6dd96e09-8f4d-4cfc-91b8-9f4c91976a85,calibration,38b9e7d008091c7a70083cd7b9a14b75d647910568ab0c85759299e67e9099e1
6dd99b57-c839-4634-9221-830b7ce64e16,calibration,53b59ca6638ae6c515aaff79ce5102e4c7f3255cd140bcc25e6ff9fa123e237f
6df92c3b-e610-4fa9-a3d6-e09adc52f0e4,calibration,1acdd1956deb7d2a0256b57f4a9759a78d9f9d7f6b69cbfd49b1ab5b0903e55f
6dfd8695-aa5c-40c0-9959-4db0344edb7c,check,65c45d4ee5e437ed306db251d370237b629bf5172c1f0888b96328b60c3abd37
6e048587-c4f2-4264-b5c3-8d3f0ccdd73c,check,0c438fb5f22be3a8bd2c322c74ca290c9e157102f37d316a988bf4581734a503
6e152ff3-af6f-40c0-a615-0feca1a04ff2,check,2e7e8014694f6e61cb1c463a7fbbf5b9efecee4d43fee56e641a9b022f7be9bc
6e3399bc-ac9e-476e-af54-698a04082547,calibration,a42d221d92d5d337fe3c9bae95c861d6de32698ce1e7439c0e98f3fd75c1eecf
6e3577e5-971a-44f3-9fb7-be5ef6f1b19a,calibration,e150433ad63fbc0dbf41f3678b0b5c92099993e032e0e0492f033d88918dbaa4
6e3f3cc7-7345-4f9d-a3a4-f0ea74a18dc3,calibration,9edde48ca31360926c0b7d30787d0d1ea01c57f314f7e6c1e0abee6a553d8601
6e891fa9-97db-44b3-beca-82e2bc158cdd,check,2257278b12a5f6d9d4bebdcffa7c7d15ce4dc386fc942a361b6aaf3df034d2ca
6ea3f091-4a71-40ef-b01e-9b7c1aa5ca11,check,2bd643dc133d290d3b68443c7ad1849b9f48d61feb154e076dd0b5ea09729332
6ea6d690-7470-4e1b-8124-1dddc9b0f81d,calibration,be90b6fc3748fbd23c0b930fc1494f7bd14583239c592cabcee6acd98634253c
6eaa8ab0-36df-4d1c-a503-52716442654a,check,224c3f0bf744363293e74797a4ab81c2f7ebde47d4a8851fac690190e4c2701c
6ed42733-2c0f-48fc-bbf7-f217290a048a,calibration,af8326db7466f74ac17d5242af355ba497bd9c151edb29625f5db6a92ef75f79
6ee4c966-933f-4609-a3fb-f7c6a2e78c68,calibration,e2d072c60dfc446090af85c007d6ce3998568c1c0b71b10eab560369187fa6c6
6f04d12d-633d-45b7-8301-519eebb1200d,calibration,e728c5989c0d12cd5e309647ab25eeddcadba34b4eda645c1278029a5b70c79a
6f2b9df4-90f3-48b5-af3e-ac7f21bebe6d,check,0d1f0fb27c68c018d85c520c51f5aaccb2be2015e2293f75c81df43fd70a5a22
6f2e0d80-08a6-476c-b8c3-6e48dfaecd8f,check,74582daf71a2b514a0e012f94963b6bf87ba8e6a64f2b8eecc1ac71e7b8ca2d6
6f373ffe-4e76-4b75-bc52-e1c3dc15161f,calibration,0705759c2bf4cfaf97ac5ec985994c29059904ff0d0e375ae238102b164f26cf
6f462890-34e6-492b-a981-69e868c745d1,calibration,828c600d9e5c0f9ca4e3ee84bbcc86468f5aeeaf86f9b48e040d353f68ae0b9b
6f53a903-acfd-4fd4-925c-7a6aad381fa2,calibration,aa6f6e0d7dbd3cd8cc6741a549882880f32c575ad2e9babe4ce496b6cf1abf94
6f750d6e-e323-4840-afe6-9a5de0a083bb,check,f060c065d027a8eac2c646c999783171adff1acd1241b9804d39e2ce05549269
6f775040-2237-4422-91ad-e085c8f43ea0,calibration,31eb49fadebbbc892f393b2c7c67377a8dd2d97a3bd0decf4e11dd32b958b266
6f841655-5e30-4c5f-812c-4e3c59dd81e2,check,21ddf72584b1e3226440d77024e29711903f14667d9425c2896e78f8ff1251fd
6f911ea2-7750-4feb-a7cb-7af633e6d2c7,calibration,2728c7c197ed0b9a2ea224943bd7705e7c4b35dbb201d81af6d9017558aa4448
6f997ba6-0820-410d-a8c5-533da8ff43ba,calibration,87bd35e01595bed50b2cc3fefea9eb288ed1e7768873b66944b14b1aa592e0c8
6fab7518-6dbc-4f50-a3ef-4d9aafee6ca0,calibration,c5a810c5bf5f16fcd52ebbc82570d6bfe6473662746c012e9b6e8d34d54d5d97
6faf6801-a934-4045-be67-f8a78e9e875d,calibration,56c60c3a9355a188bde8a03c6aa9f0ac6dbc8fbd340b61b2985e907f7257e735
6fbefbda-7415-43a0-82cb-4ca31fdb447e,check,edf49c195945916014831507bf4ab397571e0257e1a7babc64cf81dd2f418502
6fc687c6-d962-4a15-8a6f-359464cdda48,calibration,e061a432173ae1ceb4e5dea27d8df38481a617ec7c86a00994dc4a03e859de53
6fe8e19b-cf8a-49a0-a911-bef2c97c4171,calibration,5757a035f7741a1b50c1f274eb0b18fba542c03c66a35d7cff628029c500d62a
6ffeb22d-f88b-47e1-949d-2aef5da15d28,check,616cd779712bd449587f4086268f0149f523fdcc3cb4fc80b29dcb1588c54a51
7013d03a-2c7f-47fc-9dbd-d400b57ee357,check,8475e9ba6049bf5e6f078d90f4719ab4e514eb38e7a13a6a3900baa5503eadf3
7021bf6a-7353-4e04-8b90-f06d8dc37c01,check,9a287ebe70fbfab8a1a9504e4027a6bc26671f1398c652dcd3b4b48ea23fefb6
70319873-c192-4955-9d11-a1cc97a59c3c,calibration,69c012cf525ba1a8d57d8682a8cecc44040a537c2d8c671555780b5d72e9ef25
705d91d0-7b84-43ea-9683-211d5ce5a285,calibration,4ff2f07f12710ce66b3b47f8fa01ee61800d2d14e20d2dca00e788397ae462c9
7085c6d6-c9c5-4907-b5fc-1b461181de8e,calibration,8f1c843b902d0940708e72cc1330fd01e4a8c5f24987876a64e487e6fe394283
70a6e472-c77e-4084-a4e0-86784efafd03,calibration,56267b74565aa4691b99ecd9071bef3ea591043b6a20cefaf436654e98e2f3be
70b2ad09-1170-4a8c-bcd6-aee4ef766db3,check,65d256f02caf359e26839da73f2a5ae73c8df34ff2286fcdc693d11761fc31ba
70d53fc2-d73d-4583-aab3-0abb8bdef222,calibration,ee3421b4352e6ab2cdd1b43a8b09306c8c629da5a27e3638e4b19323e3a59961
70e1bbd5-11cc-4c66-92c7-5d9b1366f4a4,calibration,551f14b8cbe4913c7dd64fa8bcac2f5e72832476bce49b62bc7bd2ca46b022a8
7119cccc-b716-4183-9b62-66b71c8ea282,check,80a9570a7e36cfcafc922fd21d042a903de077ad36db939269f21579ab7bdda6
7121ef38-8b40-49f1-ab9b-1b666e4287ba,calibration,fb79c8224ee22cc3ca84ee549f0b3fc66991043aeb71c87b95f90e9008cd3c10
713db6a8-5170-4b01-83ce-793596a8f7bc,check,92bbc7040391b0fae82453f0be538638cd7832858780314a983f7140b16973a5
714493d2-112f-42eb-b4f4-be76374c7ebc,calibration,03a66f3c20a5cd4013b6d677634a0d5e2cc7356844f6a033cfa2e6fc3372aa99
716e494d-1453-4aec-a88a-bc1e6bd13349,check,4d0493ad9b95a20fe52fafe9ad2bf48d46964c15377c5068653c450841b0daf4
71746176-940c-4150-8206-8b9a7c8b348e,check,66190831ac9452480325e12398d53b9d929e760bc3c87f163d0992bd711a2eff
71856d7a-13e9-499a-a0a5-657ac32401fa,calibration,1c7fee8f6ef128255cf4dca9551002104966ea44c3dc4803860ba31c71bfb699
71935a61-d722-4b3f-be82-92af4d43bd7e,calibration,ff92a80ef88470d038a8cd2e9abcdcfac262c6fa649f0f43935f14e9163d8be2
719dd798-307b-4b72-b5b8-b92a630b4c13,check,42b008310e991f44463669e124769896d592a9bf683dc6003346961bcea86261
71a486d3-8285-4ef4-96f0-3ff4abf9dcf2,calibration,ed36fb1afbc3630d665034f838e1c5c154a2a54b244aad41827ea402ced93ed6
71ccac43-952a-49dd-be6e-d9b0458e8e66,calibration,f704ad3808e9e71cfc890ade98d6edafa30d181bf80921633a4a318baba8e3eb
71dbd4a2-18f6-4c55-8230-5558d4c4a1a2,calibration,61baed7efe4ab6bdab763df8d2298d25f0640403ae8c03125ade32647e8bc7d6
71ef8873-2bbc-40d9-9345-e90f38b7067c,check,a1680b2d1cfeb0c969b86bbb42b562b804c91e7facd75a11744e7d6a8d591bac
720415e1-0e04-45c6-938c-23cd30a12fed,check,4372df6a405201621b139b663e2524b2381afb97a4fbd1377c4167b4a9e064c8
72289c06-8296-4f6e-ac0b-7f8bb9de4335,check,b3e4859e710011779bfc6a7e2eb18b5767a820163782938c01cab48aab463bbc
723b23ad-fa41-4409-bf50-3cab8c5fe640,calibration,3db229e47073219e63bd8a6faaaeaf7146d48a69f9616700cd565692cca1034c
7260a9bc-c540-4d04-b4c1-cbc93b74310b,calibration,d5a3370757143091f6481e3ceed24e564a6ad5275a1c5762a4b61b294be541c9
7281e3d2-3dff-4d64-84c4-be3caba6556f,calibration,6abdf677f70bdb6f57ae491070dacdf05e853e3531eefc6625da1f090d8df069
729dff18-7116-4f4c-81a6-b60b01ee3db9,calibration,68d74b6becde1cf727e73affab04850dc255a4732cd5f0333a5f29b20e1d6fb6
72abeaf6-f74f-4238-adf1-1a9710d0c787,calibration,4d379ed2edd570d44578790e558a176d22ce611457335e4e3dad38d32336865c
72df7302-e3eb-4bd5-be98-ecf54c588698,calibration,8f66c15be832be950845415fa9445f7e778fc344c06268aab78d4512339c6b9c
72f5a321-f971-4e4f-92f7-c6788ada0c69,check,e51ceb8c00311f3b5f95d7a53c40511d18d2cb1d389cc20330796fe98eb20777
7306657d-26a5-4cb2-b407-e0c738c353e9,check,4fe223cf57bdb54c965504f4de90716326fc4dc565695439ba9c151521dd2478
73177920-3ad1-4217-8a7e-387d41fab2c2,check,ce0f1209b9b42a26697a6e41740b9746acbd6f7840f178b901e5c81e55f8e063
7333a24e-584d-4464-b1f2-61aa93b71c11,calibration,fcccd59796fa9a73b8dccbf374233d638c1eb8e949ef7a541434368d3b437c8c
7341ceed-7a27-478e-b443-3b0a3a2a09c3,check,b8fe33fd736014bdb8b7cd7e4c32815ecb7b31e8c4b668a11434bc7ed78ecc4b
7350827b-b4ad-4320-a068-f64ad9bb33e2,calibration,2b355a02c580e642dee3305ea590c820a47190e784017fd6771a902a20c102ed
7377e102-73a6-4040-9947-178ddb5b74f2,calibration,00d4962496037d5f1a69fb7354a841cbe1d844e71f4141ee34688c23338eb3c9
738015af-91f9-456d-933e-4995741f139d,check,ede38a8c1647078bb595924772c9e178b29deb57fb3ee462b6ac3923860cff5c
73e57959-ea6c-4acc-9b8a-e86aba7f6e50,check,c9244cc20012f43be4ee08720452be294b71a814a21b4685254303d697dfa9af
74087740-ea39-4191-bcc8-5f964b698f56,check,70d80e02581e5b5da7565163cf16dde40ff5e7853d71f2f9e0986d70bf87821a
7415629e-bc29-4493-b62b-d149bd1faa60,calibration,fba76eced6f2988597aadcfef5c53ab83e9457f0ec802d46eb1ba329d2ce8bbc
744e82b7-6453-48fe-9a91-4898ddaa764d,calibration,dcfb96a61388f39e1cb12f3d69110f1d99285d3642ab3190a986035ea05e9da8
7461642b-e752-4cf9-9399-1f72570b88f8,calibration,e8b6fe5d8e8e5c9cd385e2142de2ed65c0384e6ba96beb704d924008443d96d7
7461d45b-8098-434b-a73a-0c3a2317be57,check,16576c29257bf4fea85d3e9e28ca85b8d53495096eeca8e5a346ad551af6c6d9
747024a5-c69d-46d7-bedb-f923a8435802,check,5f2ab58d40bf9dae002e94766c9efec3cb4c138a354bfe2ba3fcef8cc3958e92
747626a6-2d87-4c9f-a7d7-8be49ca7cb65,calibration,3bdd2b9ef40558d2db406690ecaa00999185f65369bfb982d48ba0f718fc06a1
749c3500-c851-4dc8-aed4-f53825a7329b,calibration,3cf2fd950d3d5210a49597f53f4155081a4dbd3790320adfe9b5f413034d4d71
74a5f282-3402-4bc1-92a3-e722cc469351,calibration,bd7994df316e2299002a4d80c960d7c5ec8f39ebfdefeb8803101320eca39f38
75229f34-5c49-4018-93fd-33084d9bb4bb,calibration,252d3b54dd96928805eb421c227102ba56e42f795edb65d08768c7affdb6607b
75358d84-26c4-459a-a746-c523b97f2fbb,check,18b6ef46dd2890d86b14a79e39e800abae6e1c3e64cb57d6116aa48fab920af8
7555e8e3-b48c-43f8-bef9-13afa4871c3d,calibration,b9c7d2e2c4f60e53c903f76fbeb8ee583d19061e415302696c8d6b5e8eebfa0b
75a8f9a4-c1df-4749-b330-b767b11a71a9,check,129f1a764720e8dce8e7aaecd203bac2c7bc17f55a84b6a0dee20b8efacbd3e5
75bdced7-2693-42c6-93f7-b03cbadb0fd4,check,6c621feeb6aaad962755bded0693347cbb2e91b27ca3ead9dc8b9dd7299aaebb
75c9091b-7ee5-40df-b7f3-06399e17adc7,calibration,8b312677cbd104bf74a948242d6fc93e05df8507e8a1f37aba80f0d9cdd16416
75f39b67-4c9a-417b-b6f8-b60486d1aa30,calibration,f498a5fd61ebb16e6ca8f8f3d5d2aedf03fb88b853f51a84c9bfce9c78bf9926
7622da29-05f6-4d3f-a7ba-859d47b40746,check,b4305290a4eb1b792c55104d79fef19dcc5a1f81a077890e5735ae6aa826e307
76686dd5-3df9-458a-8faf-59ffddebf955,calibration,cb0dea05f08b8ae9065434b259dbf21f0637146d6f2ba932e9fe0082948de748
766bfbfe-ced1-4dfa-9cd2-07ec41564f94,calibration,3365850c50df722b150793934d13bb0f30ac6eab9bad1799bc62c6a6b67e1a75
76719242-4df8-457d-859f-8a6782252d8a,calibration,11abc599aac007105a2d3c70b49d82903526817d70386d07167fa90f981ab610
767d508d-bd75-4bd0-81de-1bb14723bd8a,check,648f6600b535dbc2a7e858c79fc4861efc0dc3344cdca3c0f1636e8423ab2c90
7685cbf4-4cbb-410c-9f1d-b0bf83eee0f0,calibration,0773e245aacc0adcd4b9c4bfdfdb2df7c50c560b99fc4dfb64a40ed40f639195
7695a81d-cad6-4ce9-b84f-14da81ab84f0,calibration,f6eea414c086eecf21cdfe15264607977e31f9826323b346c5c12fd15aa27c09
76b64f26-2c70-49c8-a783-38213da65494,check,4b1182d733dd72d9fbb0a7d17418e728a22091cce03b39a701c3971d8edbdee5
76e0dbe9-5f91-481f-bda7-13b73b972dd3,check,86d09e0c442650984ac0d953a68a2cc3bef5175412bc3fa779bdb9389db543b8
773d2c98-6d76-4bba-8039-59cbcabdf074,calibration,b6f04126fb387701c606ba0aa91680a8e761a54b69ba061a98df3595672b3036
7758c128-13bb-452b-a34b-0f3938d06460,check,c8cd9af43c91ea068223570cefbf0e20b7c23ac7e8330e35f3bbeb10a5db16ff
77a0cb97-8b36-41cd-995f-18ce33262a22,calibration,3031d6c18d282156eca98a7282fb9d6241f2204735b45533c20d1bb5686b5a4c
77c5b264-7d5b-4076-8d1c-4ca36033fb0d,check,7b9c89e8630c06adb8baab9c7ac3c77a222628bdf742f16e2b05242d0a786e55
782f6b54-04d9-4a4b-a312-b356db7e9215,check,618344aa943c832c1db5e45919fdef8a0217134f4f73913e22141eb598b84a90
78427cb4-bb13-474e-a635-47da18585580,calibration,342a7627d5a2dc6b3c6f6d39ca73dadf3dd428f2bb1791f2efff64f01b1366a8
78462eba-188a-40f2-967f-a3822ef237c7,calibration,6f380911fdb8dc6d8d7bd06ae5febc56906c912f149c763e86f89a614fc98603
7847b506-d8d5-42f8-9e3d-c425bd5cb8a8,check,c1c8a2cecb5210502083533ac10a5441d2fcb44584e8e3ee5b671cbd816c2bd9
785d70d7-cc8a-4dc4-9499-d4ba4a02c9ea,check,f2060dc334cb677ad15986b9fbee2d9c1b0fb1ccd2a6f5a27104577d57bfc716
785f9de8-8f7d-441b-8d8b-44dca15faa7c,calibration,ce8d33ceefbda4aba841a33d21bc5eaf96bfee7c7d69540cc187ebe3c2ad8e4b
78851734-5493-417c-a89c-fe49bdc5c4fd,check,466dd2781eeb92f18561a2583ead1aa2c45eeee9e01b256ca4d193ae1b067af9
788d9eb8-6abd-4a63-ad0c-ffca17dfe303,check,79c2e3dbaabaa22751e90ac1056cb154c20699c4208f7ae72bc846e0575be670
7896adf8-59a0-4d16-9559-24dba663b61d,check,0bb297bc505f03c38f5db721d4cc3d08bebda3ab9b32ea2056ff15dc5739629f
78adb6ef-3d00-4936-98cd-ccd59cf4a459,check,c1ad33d9ac93a0445fc9342ef45d06f2e06142c3a1f2addffa9657e50ac4f925
78bbff31-b185-4561-b33d-7ca8f712901d,calibration,d910e7ec8f5640497314961ee4d2a4336d476d1afb936d4f826eca3f77eb2274
78dd6e77-87b7-4cae-8ee4-f7a938a2aa58,check,68dc85d44801c09e6fcfcf9c1c99edff32a8c8c81971213d42cd520767c43ff4
78f526be-8b6c-46e0-828a-46adb295cda4,check,5a128e8acb583040bbd84e7cce60dfcc505b7003c3cc5f520c21047876b8233b
7906390d-a07d-4e79-b44d-83094e70a997,check,6afaeffa3bdb3e5174bfa095045296d2f54807e2f7a3d2df4818c00784307e2a
790c1875-352e-4a42-8384-5d1a7461c4b3,check,46cb67594d1e7612de980754d872a1acbb09a43de50463f28d6a4c75f251c2c0
7934018c-eea0-4e9f-94fa-a80570e8dd8a,calibration,7995f88b3a1be44e82de26695cc38d2f8aefe34351bf2080dcd6cedf43443435
793512ee-56a6-481e-bca5-d6bf4153dfed,check,94c70282f0ad96bed764f1d84c95539bddcdca603829dc34c4d9eddfd99d7d42
794ac23d-d800-45fb-ab8c-8a93b2872904,check,1500401ae80f179eb4ec178e96fd8e02e3d4a37f5beb5ba5e6160b6f16fbb031
7977244d-9e57-4abb-9b05-0c6a73b89ad6,calibration,ec8cc4ae0c99ade89386e37cf78cac0c0206bd6a4f12ff246f743db2d5f11330
798f0800-5477-4ac3-9d47-f4a354202974,calibration,390a90e6fceabfd3fe75aea1fa4a9d221e184003c21281c91c2bc27f4124ea89
7996b44a-87be-41a3-9a28-8e2bd58ecab6,calibration,66d1f8b59a66e3722080bde6534e2df1d41bf72e8ca9e8897b5be8476c677a13
799aefb1-2e99-4142-9ade-457d6be43315,check,0ce26c255d35d3e12fd7d96486f4300888b709924763f06bbfc41e430fd43c12
79a5bd58-d6a2-418d-a938-279a77ba95cb,calibration,c645a73a7e39bdb8b1d88391e3ab32419476d576b81c8070cd6011b3d1eaf48a
79c216a1-0508-4e63-a0a4-9babae57fad4,calibration,b8db695217cdcdeb18dce76b313a0f099400eb745461095d7e36ab5de84b30aa
79ce2f71-3095-43f3-b8a6-5199711e48ce,check,97ce5c9caafcfb089c009b9191fe8b2214ceab898d3742256c187394bfec6b3a
79eca548-a41d-4cc4-ae31-89ae4c1644df,calibration,23c21337bca64f631a718bef793cd12c6dd97a9c37f19a09ded9b30e7bbed015
7a4bbc6d-6f97-441d-ba7d-dbf81e37e8b6,calibration,bb251272b5d4384d7b0903feb134e37555466fd2099c48e048ddb4eab05bdc0e
7a97c907-3f4e-47ff-ae79-6a1e967ce63d,check,807171b8dc5fa53b89f8c58af03f443601edab6530fb5df2d7f758f84a60ff97
7a9bf083-3550-4af6-9239-3cc6b092dfb2,check,737d1c2a173a3cda060af0a3c7fe3155a6e4ed55e0b6f09f7341a8831e2036f7
7ae00fea-076a-449e-b9f1-07a97e2d4196,check,269ae4d0fed913a4e5ea38759635e2a38da1d2b6dcf1a99a0ef55fb016e27e86
7ae6fed5-9bec-4e24-9e3e-a210b17da850,check,22792b1a3540707d4639b7f1f65d7233f6bf8169d57bdb51c40c9a9ed44a819d
7b1d8a5d-a730-4dad-ab77-64db11e39c68,check,f1f1b7a876624de89b85025685f7507070e53ba07a8e47b843a92f7ed404e21b
7b2ac9b6-6ae9-4649-9863-6d4861175026,calibration,42cc60d0e4e7b4ddf540c253e4bbe8ff1be5eaed1cd94c24a65e1d3686be935e
7b3e28a4-938f-49ad-825a-efc355fbecf9,check,e73edff8fda2467505074d877beeffa6bd6a26f1f2be6fdda5f290cc99bbd393
7b4ef73e-eca7-4c81-8976-bf1d92f28fb6,calibration,9248edf3440ca32fdede4b3b2b420058d55727a21432b72f6ee83020d0a0d577
7b611680-830b-4176-8f5a-f413a5d462f2,calibration,ab3d60ffca665765db32151ade966a231c15117f5ae01bfc84cab486b4319345
7b662439-5207-4cce-a9b3-706824025662,check,164b642002b2a824658a7c355cf310902187c0bfd726dcb80d461b0bfcd5e2f1
7badca60-a340-433a-a2c6-54a5e377585f,check,53a7ae5063638d094e7c2cfa62ea90cea5cad9d77db0c31b7fd92b5ff3af87b4
7bd7957f-e049-43a9-8e12-37dcecab1e0b,check,e294e7e86e48e8fbca98b50ea9e4d6f897f575ef254d387baa324b021e204697
7bf7c367-d4c5-4ce1-9f04-513ed0a81437,calibration,c354034f1ad4ba175a302f880364e16a564cb2697db6ef5009e40e503a287a55
7bfa2d2b-6864-41e6-8c9a-1ed883b08807,calibration,132007172f5178fc3d112b673eeb349dc08656aca6e2df1199245ec594e12065
7c04167b-5091-4877-a149-c87ba5b79e2b,calibration,17e9cd75e058e9542fcec8296317210a8a6db2c706c5b49325610e933b3524c5
7c0e3de8-f4e3-4782-9aa1-d02d628a0af0,check,21b6019a10996500f61097d825c010c087afc63b1fdb346233b4663ce594325b
7c18aa34-fd4b-400b-8501-d497606ce9d0,check,107a5309e29b318c053887554b99c0db70000925b6cf42837c75f311f6247b57
7c1a88fa-a998-404d-9744-369f9709aab5,calibration,83dc2c4a6349c907412b94e0c48b4afda01ca41b7d0a78a49f90647e780b29da
7c2d4c84-e681-495b-bf4a-3ea5134b0b80,calibration,b3b1a3845ff253d0bf3ccd38e5ab69effcd99c8b2839168e63c66acda72c18cf
7c5c054b-59f9-41ee-aa1d-fe49a353df5d,check,e12979833c2ada8615314a27734c2eef86b29fe7a9b1317b714101100a29acb7
7c6866d6-8b19-46c1-92b6-63ae29e94414,check,7bcd32bee509fd7799a909907b3774e0703edc4be00bfda1edc68c0c7b2f0318
7c6cb984-1802-49e8-889f-8e65ad344286,calibration,ce232ca7b55933a22ab04bedf5ca81fc7cbca4821e012826a7cd607bf23c05a9
7c6dfbfe-27eb-4936-9062-f51729f83ecb,check,e4517b81ce8fe9041b1bb1f780d88120bba6b78ba2719e9752c9984be8c4b05e
7c9a086d-8e10-40e6-b0e5-6e7f3601a86d,calibration,0dfc06a93055a44b5359ee4c48c3da2c121932d75de635ccf07ef7b037275e70
7c9a8930-de1d-4669-9e1c-7f9e744a8638,check,a95a5e13f40820a5ddd7b576632862b03c8d7f90339cd11c82464bfcfd7bf81e
7cac3aff-5aba-4783-b6eb-7c1563962c2e,calibration,ab69bae143b92b4dc3fd685f0e227ac77d386078d0bd89282d21962b576f20e2
7cb2aec7-13f3-4131-a755-846dd0584f67,check,5dd39c740f0c02669ebf3bd2992f27130dd2d0b75a2febd33688805736f92b00
7cd98f39-1a54-42b4-b512-0e8eb5351b85,check,20edb1b3be6898010c4a82f95373b46e7f3d886575f5f82c050a57ef6bb3af3c
7cec11aa-e4cb-412f-8387-a85ddebc47c9,check,594f569f025a93cd99538c617bfbfd86bdbfa9a4f62c7b16df490298048b10b3
7d15c824-7ff2-4a06-96c0-5c15d20ffa5d,check,39f6fa3405672e3cf868a37ad6942424ab56700a74af4a71a99394400d3c8f62
7d1d7311-eb30-47a3-a69d-c1f037e99c52,check,0b63667c4531f75c04ad62941bc49bfc9a3f75499f357b9a0c7e86ff2a735943
7d24f3e0-2c4a-407c-9e94-115aa54b0217,check,07ef250baff90504c2807d293b7a8692a11105281ce25a3e39edf3b79fb7f94e
7d2c6830-96fe-446c-a7d0-62acb6bccbc8,check,b64d4a08f9f421e50e09a378b95a5aaabf91a2a92e7ef2fee1d3816ef874c7ac
7d3652f0-54a0-485e-81ac-224b3da00388,check,76e3714d38826405a208b5e6201b62e48e35c80dd81f144972809833d82dff83
7d47ba15-e596-4728-bc6e-da33cefff55d,calibration,3c12811aa8644abaf21afc425cc11dd4ef290583867be4353c8624affbc213f4
7d652931-f518-4ca3-9c32-17ee4342ce55,calibration,3927c79cce1af0583033cd55e0824e0aa75e8cea1b5da5071d9685e20b43a63a
7d8a28fb-d063-4799-97ce-730f9b393d13,check,9bec585050ad7fd518819e28bc8f1e0cf84e308463cee8f241261bb3abcbcc5e
7da0a922-fb0d-498a-ad15-33f9ab86e03a,check,4d3655497e2a2fd967f0ed8d44a666ebc9dcdf57b90c68052e80e41130f0ff99
7da0e531-d980-46b3-afdf-f11cad86f54c,calibration,fc32359569e935e76ccaac0a1ea08555378754b322a3c022f44d2bc2a062869f
7db20d02-c6a0-4dbc-9665-88c97cc0c1b4,check,7a2efab53b7deda07e6de947c48c7ab15edcdc3e5ee5637980667506076b4be1
7dc66528-b73f-4bdb-bf88-374f376e2dbf,calibration,0b5b262e8311dcc2f6c935decbcf66e81df250530c8915aff3417ff83e290e46
7dc9c53d-5aa8-4968-82ba-3ee90b0d6e92,check,5a9c24b47e43ce00752f6d9a8f56f9e8356d0eb64b8a798fcf67fe7c4f7e6cf1
7dd3fea9-bdd6-417e-95bd-c8921d6f8053,calibration,2716d2cbbe3c24e6aa7daa7b7eae546eb381e62dcc4693df534446933d674918
7dd54027-e210-4202-94f3-2d6c8b0392ca,calibration,0c9e5263dc0d969add4c29f8fcb54c0359c1e2e3291105839208b149495d3106
7df2d64a-5208-438d-8ea1-6532096088dd,check,7e821b11f95f97ccb4feda379b0e9b3a105f7e707efd507df88d6ae5ef470ef6
7e114715-4029-493a-b2b8-a95e5737765f,calibration,b8c2decce8308d8ebb0839c05675c66093ed63b009d2875be3e4e47142c0437e
7e186a75-cde4-4eda-901f-07a963dc5a38,calibration,961fea62a04a735e9aa03698cafcac08dea55ae66a1ea9c77d77b8cdfc97b97e
7e42ad7c-7d6d-4ce1-a426-de589bcf0b05,check,17ec5258e8edd3e3d0b0f23900735cda7ec9f21abb6dd80407efbd526bf30228
7e452732-5acf-41d4-b50a-b8eaf30a2d11,check,aaa3905685e6488833754039f424e70125e9276aacf595a2d21b30ad15d4433d
7e475116-1fa9-4f80-81e2-f2e9ab8eddfd,check,ba1abe69939361efa69e412ac9721721f251136776dc6e16cc2f8bf2eb1c16fb
7e53028d-b695-4003-acff-14f82edb7d32,calibration,6047629f35ecb752c0c1d21b364000dddcfab093ae941f9807abbe13effeab03
7e6ac5be-750b-4c7d-bb23-978f76c41d93,calibration,f22816579cffbea9b85ea4eb616b0cf6219a673a4a8c3e8a32ab946971550f81
7e8a658c-a3b5-4bc5-933a-c82bf00efe0d,check,9a20ab34c0d1417bdcbd2bfbb107079b2eac9175aa92abb2857da1d986525a11
7e9b8e6c-d328-406b-aa5d-9d22f4a1ee2e,check,a42f7b5199147d3819e7bfa7d0df07d9631912514f587d1edebd5367b77770e3
7ea962b3-1aad-4f1c-bbce-9b552f52bed1,check,ac3c37ca2f156141f317480034f3dfc6b2b692dee9ccb1adbab1366752a9d933
7eb18178-0469-4af8-9a21-3941ea98e74f,calibration,9fdabbfb93566fa6e1e9e8f15b72a234ccdf8776e0cb79e5bd3556cab117248e
7ed79565-396e-4fcd-b56d-42d77dfa81be,check,70beef508e9bc6433da4b8a81ae7120551bc0e320842caa7f6565d7491ddb732
7ee169c0-52c2-4410-ba08-d71d0c4e5fbb,check,451545b86504a929f51b3fe1f085b0e1ea967b269f393726a7c53689318b5861
7ef834c3-0b27-4133-97f4-84cd2bf053d9,calibration,e1ea2c381f58ba468c2929c983d18cd490393dbb0f1a3a32cdd701a5030e19d1
7f073c9d-0439-4ab8-b264-b47ab4bd9c73,check,e82be870c41a61043e67a451fd53f7dcfbb95556e0e129a905cd5e0000a1685b
7f206e12-11ea-42b6-92ca-2551b4f200d3,calibration,ba0b9cac33ace07f6d0846b53d2a73499b49baa634259640157828926e885a96
7f289490-a96b-42d7-b7f7-31d6dbc9b378,check,191271f5f6ed77eb9875c02b3433fdf777bb7f81efe2af9261bc6641d4b8b4c5
7f3283e2-62d3-4a2d-9f2b-947cafb2be01,check,9e28def056c813806b39220380acf15506246287ce6c5aa75a0e3adc67408164
7f38425d-9b89-4f80-ab18-6f0fe3707adc,check,3976875b416dcafe2afe472d52ea8ce728408426c2808eb30d47f8766066927b
7f433ddc-714f-4dad-a9d2-fd3d8ca15a4d,check,9ef36ade41228818cc898f39d64343f86f0b9cea8b434bb0f2a44e24d5273a89
7f4988ab-5854-4e32-9f00-17e1a33594b0,calibration,6c3b33b56156cb9d5890e278b81b5a80de5f08c79fa509256bb9263b3fcd21e9
7f613608-268a-47de-bab2-15af7d965b1d,check,9791c914ed9a16e03266eea3d7f8360a8163c51a8f766681fda305d1e07d7b44
7f67e4cf-5f4b-4b4a-9dad-755735bd71ec,calibration,f52fb8932998b5bdc3a69c0741a477423a7947b8e7d3361605d268768529df16
7f6dec38-94e2-4d35-b694-1963fbbe8c57,check,0c6bd48cefabf098763e1fe1b29321badd4ef8f830a57e78a0eccf0f8418af92
7fbcbd0f-a795-40c9-b694-a878e033f243,check,41eddf60026871b433b543d0e5eaaea790a39c5b51525dbc096f7bec8500df9c
7fceec1a-b1ef-4ecc-96f3-7647120dec23,calibration,9fa3ab5f9ada3ede6fd5e8dd5657efb0319655471f7312e6b4b11b4def093159
7fd3e729-8d6c-4b28-bf41-514987d3490e,calibration,8136f79ce34f319f311d29f569fa01e763d7fa7210da7d14dded778d203b64ed
7fe448b0-d08e-4ecd-9cc5-26d532038cd7,calibration,d4703fa5c725e98f7255170be6508ece932bd82d6bdb252080a045ea3b8c15d1
801761f4-e8f3-4106-bbc1-35615b7181cb,calibration,0e9a52560974b67c7ef5048593be193a61c193d4a37b86e46487b073d0f74a7f
802a40df-3b04-4a11-bac1-6944b7a3dd8a,calibration,e18946e4c2fa1da108de460ec6d5711ce0b6ae513f6f9539bb3d2080b7a36b92
8069a612-713e-49d6-8849-d3ef748cdd02,check,c70c549796dadf15ee7562c7a7b94e907a929b31d4eebea599b36d37c4b42914
80ad894f-c52e-4b6f-a41c-6de0742bd110,check,738180a65e3f69dbebdc3a3fb0bb8f0f39a6b2d336501b466b0bb49ffbd7a064
80d1fb53-d759-4236-8b8d-cc5a389079cd,check,8610f5682d8c2365cd7594868853c5078fbcef873e2f2eb8d29a36c8b51bc255
8101ae21-8074-46aa-afed-be2bf2a3fc2a,check,1c7794b7cb2dd01d84de258082dba96476a93f3b28b2786a96f1193619ac74b6
8120fee2-c526-4570-ad54-c0f0a089c1d8,check,3b56348a6544d432820de96e7a1ea57dbc5564d60cf57fa4391ad3cd63d6c518
812e8719-73cf-4eb3-ac3b-758cab81c9b7,calibration,30ff29307d98f1deefeea71abb3196a6d3b02be13ed8a969478f1453b209b9ab
814552bb-4387-4bc3-9117-9932dc17b0c7,calibration,a655f3103e54a496f26b16902e6c98c19f8f45b0676e2fcfc784893d0c7ba823
81977d73-77aa-4b57-9134-56e17f6149a4,calibration,5125e0636c6fcbebd015457708fbfe4c035e1f5838299ee904c2e5db3c7a83ff
81981b0d-2e5e-40c1-a8a3-fb1c834e9dad,calibration,b0aa2419c2cb11bc4762fab5cdc48b8250f772a1bbca2c3a79dee64f6f6e7d8f
8199f2c8-e4e2-460f-b238-a27215beaa62,calibration,5f19f87a5dd6258d277e6128fe6950ab67678d9ec67af7937cbd4753a83a3eee
81a3a413-a7c4-4991-9f20-ffc724c9f707,check,575bfe85f57df0cc4ccfe0f2b16b1ec55ed3ac4caf7b31314c40f58f9394af60
81b44274-b974-4ba3-b580-425f076a24e3,calibration,32f6192fef36fc5c51d17af0ec40852119b577623f00b8c07a19c774b6cd0c0c
81b72b28-f8ac-4217-a669-2ab8bf1d9fee,check,fd7b67ec343d90c5936de6e70d7b50f9d733ead9906f6e64e235f0d9b54448cf
81bdf441-b654-464d-a476-7abef5869152,calibration,24e0b34905cf8c03008074f1a41c12b17cf4821ea3cf36cf53c20329afbddd1c
81cac3b8-409c-4e6d-8627-6f14807784ef,calibration,dae6eb4c41dcb68e0e4c35b18af9653e21cc00ddaa0f8a694a3afd7d5197d5b6
81cde7dc-d031-4743-a99f-1502e3cbeb04,calibration,c1c03a92242500d26c93e89d664e070ec20095714fe663ff39322f43076efe58
820e2082-49d3-4d3d-bbd7-4c75773a24e5,check,dfe51a0dd70d071c46b0315b047d58c4504e3d4fa14e3e0b1749401e874fa046
823240a1-2f72-498e-b2a4-3159b6da0e11,calibration,5a9b8858fbf05dbad67cf0e61f3fba9d7df5c66820cf8a0ec97a9557215a3dc9
82469195-e89b-4b45-b386-646aa846c6a5,calibration,a0974fb162dedf998fe194b903794b5b2d64130af846509179cc0ccdf2ee37e9
825e7a91-6c7f-4a0f-81ea-0bf046ceed9b,check,0945dabbebb6685cf1b37f157e97817f51a2bd98a3fe01a0d7ce561d389d820d
8287487e-9a7e-4b08-bec3-1e01864f9ded,calibration,d7e1573fe968d9490b664b0f4cc9f20c94adcf2a5a70d961ce3c89042384d2d1
82985d02-dce8-4582-a7c1-30d931030ea3,check,b6bb5e0da3070900126f3d8bbdbd9a724a0ecf949f3956fc7b9025fb64b8388d
82a46f73-9897-456c-8b4a-eaa7db7b5745,check,860019a4bbdc9a15cd55960d9ae603a27dd65c27885c2cf6c5c8afd90fe2c40d
82ace3cf-dfee-41ad-be97-395e550d0bf9,check,35d19bd824b92810c7ee9207219723cb183813ad6df9028636369c5fa4806cb0
82adb326-675f-42a2-98d9-11579b12be37,calibration,4c0cdcdf5b0212a2ff71632827423edae19736ca98b14dca8e17895aff651fe0
82c24ccb-d803-4fc5-a72a-64e20e479b48,calibration,0d6b7f0a907226531433713d8011f93921bd4354710cd50b4872673c7d69d993
82d73601-23ce-4fad-bb0d-e747cbea8e13,check,e298f830ee5b913e4cc7c4d5333a6cdd25a756426cd9cec1cd8f372578fa8598
82f9f4bd-cb17-4f97-b562-08aa888922d5,check,04915ac4df0dbbc526289b5e0c221c6b0ca05c007bdd12cc6532828db3d1b8ed
82ff1a38-a967-4195-8201-beeab60ae380,calibration,16774ecf9b41598b643f7913f46fa57e0580048c2b5845c08148131f4820c86c
83105727-e067-44e6-ae0d-2dc6bcd491dc,check,44d903232cb2f2d387599d6663285ed917ee6817d3fe34a1ee8b92dfa256d5a1
8322475a-d0bf-44d9-aca6-0b66f940bbdd,check,4ee51c21258bfe49b92a2857b8c03fb1ab4d36783e19f8d6d0481ff1b527a1c3
833f2b55-7d91-4f73-a018-d1f776c75ced,calibration,2ebd0368da48c16b7dafd61b7cbef84e1f4e290e51b84831d64b07606831fd24
8344f735-df51-40c7-880c-0a60cf25ae26,check,6abe4115d8e481a24fb271f682d50ca070013e25503a416dab9c20e11b055719
8348dfb7-ddd5-497e-9dd0-912e09b9e80b,calibration,0f1d8e0dbecc688fc048012eadbfdbe8ba92a088ece30785b71a842d5f198ab4
8365f49f-7ab9-405f-ad0c-d50da1fa0e07,check,7dd3ff385f58d3682c6b73c331a604a0892da3453ccb31970f0fff6bcb8c0248
837d7f7c-86c7-43d4-ab40-bdd1acbdc427,check,c468e682f878440b8320defeaf00ce4683794aab30603bf6b3ae4bac1ae51a6c
83a0005d-d1de-4c57-a115-e2e1a2555265,calibration,97cd63692e22c5754f59364b6ca7525fb51f3e61ebc42fe9786e324aed0af2ed
83c64a33-da52-44a3-a0be-810df60a9c14,calibration,47c383a2531f7f2dd0002f5570a84cff78130234b4e9fe61fea2b9b8920fb07d
83d703f6-a519-4e31-9f06-7137c60e29b4,check,29ed9f803d926cd9a9c1a15c1d11dc85ecb370ddb571feb6d31af410a6019d0a
83d85646-8861-44e7-a126-bd39a1a34266,check,ec4bd400c7b354f6bf4b7bf7b896fd36abc06daca866bb5b8481017e5bf39bd7
83e5fbf2-6a4c-4168-85b9-c2d8621b6207,calibration,0b8f4d8b9514819db6998a6584881398422ea70df4bc29789635e15974545b56
83fc215a-b9a3-41bf-b23a-c17d973da25b,calibration,48e5f02fa3849e31e76056aa710ac024879cfe24b4c27e9b206d7bcf83a862ec
8431840c-660c-4cf9-bd98-531d00656970,calibration,a0eb6f4947628e9773077aa06675c1c737b631ca1ca1e9ec562b7c57dca16338
84319575-6dc4-4fb6-958f-705974ab9e3e,calibration,534e51d9538dfcaed3e9615ae13417b22fc82c8030cd2388bf7fca1b92ee291b
8433776c-ed3d-4304-b862-d36f9bf83958,calibration,b182160248e7661901083de16d789411ba7098cad5faff6e8ba3ff3bc3aa2faf
843967d4-9301-4c35-a5a3-96074aeb3795,check,2febb3cb51276b144e06bc99b3236fb6f944310027ddf6592dbc6d3354da2e29
843c3377-6a2a-41c4-b336-aea6c9420c88,calibration,235683b9665952fb1745c8d9e5d6a4001a2e4c3a8c436b1e765ce75adfb239b4
845487ed-7e03-4c18-ba8f-067968af5e69,calibration,df1e221f709478d127df423398cbbc4a9135ec9deef40eb1e13b6ac66ab02c18
8456dc2e-7ab1-4650-b407-084019b16488,check,5f89cf91728a020743065bb50fb072f5fffdc314ec08d0e621b6e809c726fe3a
845c1da0-5920-4b8d-a838-c451f15265a3,calibration,fafcb37e51810edc2d2ed8149f71244b467cafce63223481b3ce354a2f551889
84683fd1-740b-446c-978f-8d66ffbb1a33,calibration,8855d608ae96bc0ac079afa0a0e04157fb14d46c9c3725c3122c3531c3c793fd
84768c30-5f86-4e75-afc5-5dd3ed00a778,calibration,10ee79ce2c6b4df1127dec643a732448e1ad7476df172ebc5bd4600c98fdd9f8
84823968-f908-4f81-9f17-11a544705783,calibration,8c17be460328812e95b97cbc4012ad743a73a6362d181ff390a0a7b86f523ec9
848c2c6d-d88e-4732-b8bf-51fbc2adb5d8,calibration,5fc510176cea2a1ec45012b36a319ffef183be90208914b60fb8e4bd823e9aa8
84970996-a9b5-4b2b-8ab7-bd2e31b83765,calibration,a6920027d7a07718dd6a38c18ea24d70d07ba9cd46b141952d2a281a0b976967
84accecf-cccb-4bd5-8d68-dc752e07b848,calibration,68ae5395f7b1abb52eacbd244ae8905a46b727cc6d95725914e6c03af2ee718f
84cb939b-45bd-4d7f-a509-70cc1144c23d,calibration,4d737247c5595ba1bab0d5aa4560125c82bbf6ef8ae1233bfba31f88ded340f5
84ceac8d-366b-4782-b04a-15fb27f85778,check,caef85261c77f2658fcd3f4c686d04e57217d6801e3cf9cb594f7acc65b5865d
84f6b5c8-92e6-41d6-a533-0640616de64a,check,eee74f3a7e070cf62b6e9b725cf1931420ebfd1a8440fd4a1f01947b21c46916
8500b619-c3ad-4cb0-a4af-6845b9619268,calibration,7a017c5c3ca93737c5186d3c163e362bb216be29f3113188eec071d21c89c964
85021f16-27ab-48ca-9172-5b41fb02e511,calibration,76dab787cebe36929d977ef9da0db3a8fbab503eea1004e90febfa2fe5c3a47b
851467b4-4fb7-4f6d-98ff-6ec4b47aa9fc,check,54f180afbb9faae38dab335ca088436d2e368040dd5d4fe18e8afdedfb2e0648
851962eb-1033-4281-aa5a-611c0a61fb74,calibration,b5d349ae80f55bee54cfea90f8a8164d166cdd03dc9e3bc5369b1b66db1450ee
851a266b-f2dc-49c8-8d89-7735ecc95dac,check,18fa12a49ec3d9a3be757fd19a7ad01ef4586aad678f2cf2f8fd64c0f8019417
851da0f7-24a4-462a-8789-deb7c7accdfb,check,6a6d298648ca12e563434f3c628075fbd142dd52a0cc51f0d964d406ec2188dc
85244f1c-ce3e-46af-86de-b156aab41280,calibration,257df61aa2ceb883dff7e50de78250d944e2c5dc8743c31018d447535d1a7491
85268b62-5a23-4f7a-adca-e24a88e38600,check,0f352bd0940abddb54b535b3a861af03f1ec21c992477f37ec877e7199626c17
85581d90-24f0-4d31-9518-873774650b6b,calibration,f1ce8a22749bfe38fb2050627c6ca06bda44e1f5a3ec956289f9a8972299e2ba
856ad516-900e-4ca9-b96d-918f7fcf45b8,calibration,7ca3fee4c89b5e630b86a7930a76e1e30a73d8b88fd69f2e25eb6da67cad01fb
8590328f-fb94-491b-ab4f-547190f72248,calibration,c966966067934aea2622908d61473f6fc28fe0b5791149c87d704f618b60bc4f
85b4f86b-c008-48bd-8a24-a28bb5d1dc9f,check,bbb728e96be5a312e969e97e5c0b222e81c56cdb5b11e88b7798920df9394ab7
864220b1-3cd3-46d8-bd57-6dcf99d65692,calibration,07c8d4f41e220ed9af9ed4a24cad7a24d443c40bb66a8fbe3417449c2c025ddc
8649eaf5-b741-41d0-ad55-b6332b50df68,calibration,eb5254e0e65ab6746dddd33975d1c4529b5cd5e0cb14250dce7c4e6d9837019e
864a9c7f-2954-43f7-8ffb-757fd0331ca2,calibration,ea96a8d241534a36561d42074a128108dfbc6cc559b16b60913d85dd3d9d690b
866d8d2f-ccdb-4581-91f6-e64cb71c9fbf,calibration,4c5b91a709b7d31d101b04ff82400170cc214dfdfe1746a1ed59b6f319e4f7e5
8674a69b-4e73-4f71-a541-f3f6ab6bfbf3,check,0958873c4e708061bce99e5b02fbb7648d527d1448d5d54bea0cf82a4d7ac041
868314e7-e051-4190-9657-e3b71bfc35bb,calibration,1a61d9dd7cb7e26f47f5d377fe34d79250f6d59b9d2c20c697d712bd9b358fc0
86832542-693a-46c9-a31f-5283cd814451,calibration,1dd6c0b323991f7309285394bb0b90ca0b1558c47778c218390a7db0aaa00b57
8692eb65-9a19-4203-b8e6-b38c7372050e,check,65e6ea40b512bee16b26336cfd6e5476061bbc8429c2abc2be852d5a149bbce5
869734af-a750-445a-accd-d805d3f24ff8,calibration,9ea43eb77932ec9344c6728d164482bdb215ddccd9b2915479a3eb1a3be90cdb
86a0b725-34fe-440b-8df9-56dfd320beef,check,0d7167691e954a88fddd6678091b416370b2248517861f6c1f8edcd56ac62a67
86b92e5a-4323-40cd-9a57-73d39411b331,calibration,dbb13ad2b19a898d382189f2dd88bddf771f5caa126e8eb54c0e220198eca400
86e3a439-2ade-4c29-85fa-4fd894b353c5,check,48eece22153357ad2067b5d17ebdb11c7b2a1b66f15d7f72bde57f26c2f1e7f4
86ecd91c-8ecc-4d68-9b80-54a695fe59da,check,ca4f86188081f109af96bfee5b1b72625abc58a51a539775683ac0ea36b0cf71
8701b7bc-876a-4bd3-93da-9265686e6e49,calibration,8112e62c4aae3cda643933a6188af0ba9e4f73c4f1971fad2519d6e8865835e9
87038100-74a7-4f33-ad8c-389abf9feadf,calibration,7016427260ed1103093f5bbd5d8f56f737aae73119b2ed98f2f2ae3bce40e9b5
870d3ff1-ede2-4020-b948-7d71249298aa,calibration,833cb4479d1072793684a97b367a94c99478df7bbf056b60c35b724060554361
874a18a1-3128-450c-8a70-da46475c29c2,calibration,29ede38c3dd1fa5bfbb39c4dbf7430b51ddce1d9fbf3114a7271a95b4c3ab0fa
879e4ca3-0dc6-4ee0-b70a-c4444a7de2c4,calibration,18eca1543e74b83efbf7e2f03765fa0b0163c444573548b03015bd094081b597
87aeeefe-9cef-452c-85bd-6f52f3c90ab9,check,8c84cc29bdf15e1abb6120c0a236053c1b1e9bd3c040d17f0093f0f059736b44
87b37401-0780-405e-9f0a-b133233e6ed0,calibration,d4930be62ad9d5475383f0af2d0744dce53ce2323b588941def4a3d52ba9c27c
87b47435-435a-4dd6-800f-3d2738820024,check,cf673d991195f2b9214e8d259da3a5be80324752969f34c98ab892a33c517caf
87c13d23-6be6-4fb9-90bf-c058086abfff,calibration,9d6c7bf01c8c1bdcc4f54a65723b7a521aa7a08a36ff962fb44e9d3b4de6b232
87c2d683-e65f-4e99-9579-f66384259966,check,062ae97ddb17397bb04f90cc30f80450fc87bbd2e0823d9c7d1ccb7da25c744a
87d8bb6d-b0d3-4f19-ad40-b20c4e950623,calibration,e77149b1beb746e627d5b5366770cb9a26d7067616f25fbe1be13c63bfc35f24
87f271ef-76a5-4395-8bd8-d5bd3761b830,check,643a4b1e6274ee328056d0d364be69577d401507909f24656a9c0c205421fe6f
8820f330-d644-4f6b-847c-e93d51c23b9c,check,34fb343093df1a45fbae4bceabeb7ceb7a345a02b8791df651f763916560c9ba
88246005-f2b6-4ec5-8bb4-653cace736f5,check,9e18c854b908b69c8f6370d22c86cb147bf18515825996246219f36ee5088e53
8845519a-303d-461b-bed5-deea31e5a968,check,d6a462e5340f73d6d4acaf0966a826f99ecbb7680ee846f8d9a6d65e5ec66447
88578500-3beb-48fa-9e6d-017ad8bd46df,calibration,21b7ff8015f1d07e7e8f7cf92f9fc308307ef35d87e9d8050f35369dd5f9a327
8858a735-c738-490d-a4a1-9e8430985903,check,64d987401612d87a7c2881414f4241893166e45c447f5d4a3c4524dbde536400
885ff401-750f-4d18-974d-c4ce9db4f434,check,328fa23b3b0db4fdcdfbf424f25e0a7f1bf09659a21281f86d9eec5143737b2b
886279df-fc6a-4fb8-a4d0-c888bebf210e,check,1d6022cda61a0ded2431a4cd1f43c9c8a36d985359dfb17e846ce7118bc93afa
88867a85-841c-43a4-9ed7-973dd322fbb9,check,2f43b2304e2b278e732f692775f2af0ef9f0bf17b9ad1a9a904559ec86de97dd
88bc79a6-302f-4039-9d61-5d76631d7d1b,check,c93c607f65cf7e427a09efd12296c77b1c9db271896e72aafe52249226a559bc
88cb523e-8442-4d8d-b5bc-6fc3eb37fa9a,check,45f35e4ff839e289ec68c3a58ea5471712a64c7bfb8182cd7392f35d74191add
88e41a6e-205a-472b-8df8-3e8cb6166eff,calibration,0f586895919feb0db32b3677b79aeff8a85196339205eae07b4b7407e285734d
891182ce-d3ad-4ac9-b4a6-9bab0d65546a,calibration,36c90ecfeb130e013db860687e3fc6d9dbfd2edba21b1e62255ac4db0fef7d39
89163cef-b302-4a24-aa21-86f0dec58db9,calibration,59f3239f60e5c2a68d06b48ee1cdaa66ddf6ec078e158995ccc3c4b821fc6adb
89232325-90ad-4b44-8afe-4cd0035cde13,check,4b3b93d715198be109716b675d69e9b9590c1d7488ad4cf1cfa7ab16b1435daa
893e74ae-226d-4485-863c-8663f1dd268d,check,348843f8ef152efdcdead597ad467e120cfd80336494d367e3724080ff8c5c10
89552ce3-569f-4a97-bf6e-9274aae826cc,calibration,479b032d6a20c512ebc1a4a9dc662df6cc0b94980923f83ac35d6a42bbe92869
898b03e8-510f-49ae-8049-c19e1ddc851c,check,47fcff8f23aaf232cfe5b045293d707fb33cc8281c3b4c693b563001c008559d
899e6f54-57fc-41a3-a629-4c3014ac0f46,check,56a61c2fba8fcd169acf2a7268a597eaff54d6492abacee94c53606c9656ffec
89a1d861-825e-4820-a220-97955fddd952,check,45c0f2bfcf7dcc0801a19a43ce3d002dd445e989e8e46ccf98419341ec137c61
89afe57d-b7cb-4e31-b21c-1e6a4d8dff78,check,a35dbc598bcbb5ce7233cc7f5fa647c520c901ca908124eaf656d6cf0826b4b2
89b415ff-2a8d-410d-aba4-543620c8659b,calibration,b93712280bacb04db3283d6c647f82ee2cbb9ba0ecb2f381344c715a09de2bd3
89beb9f7-06ac-4b8e-a16d-99ae99abafba,calibration,a5f627554eed0722ac8b80e408a2b328f5c5c4fa2be7729448f58d4504aa1d08
89cb946c-da7a-4016-a2a9-9fbfc8fab4be,check,1d6f0b1426caf84bc0b09748d4131bd3fb5eb219216afdd30af6acd50a34c0f9
89d652df-25b9-4616-aad4-4730b7fd39ee,check,651c0343663eec59017d8121f1620edcdaf44a3f7fcd9d8100074a33f855290e
89ea2f33-4563-479f-9fa4-7157109ca51a,calibration,fc48bd630c82df501c209b666fd42f50d07ae74e016ffcdceabdf1f71d86b0fc
89ee46d7-6982-479b-86e9-d9b34ec69939,check,2fd5e338079c8377ea9bdb850909004a37b113ddab2825be03a424613362457b
89f07483-7d31-419a-9384-d8e03c12c4ac,check,1a4dbc72935737051d4bb57938f1b0832fea656f053d116abce5d1f16bc9f9e5
89f9884a-ec05-4180-8207-e16e1036508f,calibration,b857a274c4271010af175a51aaf2d59df4df943b6254c423baec4e934619c568
8a1f5365-c587-4522-816e-b2ae8b5b06cb,calibration,2a0b4ffce897a864cce1fbeb7f7885882f78444ea6fe2189638a3354219dcb15
8a5eebd0-5227-451c-9380-dc24add07ec3,check,6617e14b20fd952384ce6cea1592943010e00b3b85d8268b39f9bd0a309d1402
8a74a454-0447-4171-8eaf-f5f89e6dc160,check,e5498ccb47f0cfe8adddfa00ade1c0d815768d5e90c6d67cec0d0fdce72baf87
8aa4404b-5274-4c68-9a64-f70d06611b55,check,b5e251079d0eab25cb01aaebc4d745027ef35637b4e11b0c3d5738f8383ea50c
8aae6165-9a2c-497f-af23-4f8de9187065,calibration,c22f17b102ca4f884cb27713fc53b9ad9f39241a94b7547edf088c4370c0b80b
8ac21f10-2d73-42af-bee8-1bd052b886c3,calibration,19c2e34cb633e4155c7006948d589645909aa9bcedd423b4ede7de4964933d73
8ad3b1d3-3c4b-40d0-953e-942a34d970d3,check,5897e8475315ffb80b43b48bca848aa9967c74544ac132c2d00730a5fa9fe738
8af59d3b-a422-492c-b642-bc2c70bf0861,calibration,926cdd41ff0d924b348a2deb796c15e309bb6961041acf2fc4b0d01b25cb3fe2
8afd8ded-22cf-4cd8-b6bf-57f042fe4528,calibration,8ad8dd1f70493f357eb3c1fce21f9ecba5d037314bcc78a7b7d9c93c2351292f
8afdf1a5-bd1c-4045-a8ab-077ee32842bb,check,4cd47137b387de3337d6c337feceea0f0a4ac8d6dbd605431a5c6b9bed5c1964
8b0d808c-bb47-465a-8551-b834b58fcc13,check,13b07126068d8d7d081375fa1b27d780ed88b31c2cf5831abb56afd33ca128cc
8b34d8c0-6d61-46b0-9f96-29516a0f3aba,calibration,ea8bb2f5f8e33813816329da735e2e046c18548ef8b83f377cc03d708395b71f
8b371b26-2cf0-461e-ae18-5d5e5786cde7,calibration,5373f94c3d89993e89600f2f60e164950c5a7aca0a3a17f40d0979b4b32278c5
8b4deae7-835a-4eb1-85a8-8acd53fb7d1e,check,8f3df098f1df8d57d1e39bdd48ddfaa789d8a99ca6f63495153a99b3a305a4af
8b5d18e0-47a6-471f-9903-42223c02f3ca,check,a175f5f3628085b01abeae0dbd3da630c115e598bb76a533cb08f875951965d7
8b5ed420-80ee-41eb-9727-d63274a30a76,check,5c3e51b32b7793e5b81019e7e8ce9ee42ed152dab919e533404f9e78cd64466e
8b61dff6-552e-417f-9155-37419991e1c1,calibration,fe752577199f738cc0a2c2f05774a89cf64ea3ede12eb340185c285a48422764
8b7150af-44a6-4568-be34-576333dd5e47,check,7e258abbeee21b1564c1828e1fe37409b31beff218d746e1a4550116cfc3ff6f
8b739768-f397-4ae0-9c99-41b694e821b0,check,9e53c4852afc7c7f5c600389245bb6b0cf666c918be61e5f590248373fe69f40
8bb2ddf8-32fe-492f-bbbe-ed847be5afdb,check,f3a28a768da0e3c77d64838c447fccc89d9019507e152010c5c9eff67bf2e592
8bc3ac32-876f-48ed-b3ad-5ce7cbc07dc8,check,968f4ae5668f47e339bbfe6c4755152569b5aa3b817cfdec60a2732413100aec
8be07fe9-4dca-445a-a1c7-28ae50a908df,check,8ec7061fb404e385b43de9074eba36317ffba1a4398fdbb61fab7ef27e246b0c
8bea90ff-c7f9-4593-ae52-621ca0511f9c,calibration,320cae1521a1577b5d0fd5a069b7c55e5039e52a26ee47d12475366c77a8443a
8c0890f2-d686-4370-a3e5-c07e30d40ed7,calibration,8963436e868fc51a673e9c7ab2e98e02fb4d85588adbb47d1741d1a083313c17
8c1db569-ba00-42e8-8f83-90630bf8f625,check,86c0a6e2c6d054ef12fda4d68ef9d571c86a43af6371afd554d6678b27f50447
8c44267d-168d-4bc4-869b-2d14b5dd5780,calibration,0ab6bf0e94f759fdffe6c4aa90e5dc991edbbdf761586db71e6a33b11111ffa4
8c65ccbc-b6a6-43dc-bf45-b54067116308,check,d7704f1538ed15043e61dd4fe5a9645f1b190f764ffe44cea088e06c880b28d8
8c7abd82-f271-4207-b1a7-0afd0ba64678,check,0e124c5acff42f23c91aa33ea3c1b7a356f9b692fdec4ccc969f961a0d1f860d
8c806d63-c1f3-479c-becd-1e04c24eb288,check,63c5f7b46b96cc154ca11b0686f47f4ee90cd6ad25522bfd2755e988d592bfc3
8c9d91c3-3cf3-4965-bf6d-2714506cfde4,calibration,b42c177c4917f4baa4f408cc349cacec70f064accc0e1715a53a5adcdaf09574
8caf27f1-da4f-4b43-9664-f702a82fd930,calibration,76638728e8949cb2c591618f27659f4ba152fc7fde6ae78055b946aaf6a1216b
8cb2f2ad-9f77-457d-a90f-4c8e0c18f2c7,check,be0fadece153a32ce00a9f942b18138bb84ec9416a55b7113b2b7fe958db1a17
8cb847ae-ac10-46c8-80be-dfeaaff8de50,calibration,4ad5e27080d81f243cab8a14675f65ce6717a4d8add3c3ee7bc590448a67f8e9
8cc32dcb-d496-4bde-92a4-a3fef473913b,check,8016cbe8f69a1047ebcad3cfed026ed65b3144c867736d65f44f6a2ae6613d73
8cc9d6ec-1a5e-44ac-952f-2ac41e1de3a7,check,c38f8563f6924a3a8d8517689c157cb8e036ea9006f81116058930efdc478b51
8cdd7406-7cbe-4de2-875c-d35c6289917d,check,adb505cc4ea8418ff1ff511893cbd5d85eed142fe3a435422d53cc9c31857295
8cf7d820-15af-491e-9b85-bb4af5191241,calibration,ee6efa37d0d89e57a20fc91d8f57f477d38184967972be65005976c40cfedcde
8d34714d-f80e-4432-9afb-6713c64fb126,check,8c97e9c770e00a5f1f6cc93ec8c87ffc660506559128eae516ad765cbc2d6fd5
8d4e13fb-bba2-4459-92ba-de8dfbf6868e,check,e4e7786615af4f8a266c7e80261512d01d4abeb4c5304e6ae5bbaca66cea38a6
8d76a0f9-e346-4620-89a5-cc880720cf89,calibration,d97d127693787a43dd70233f7179513d131b1eb251f1c8d3960f1b25dc5c7805
8dad7bc2-65d6-49fd-b7d5-dc56acb7355c,check,ea254a2c99813f8698686340e73a75dc13b39a5c6a737855725b652dcae45c28
8e25e6c1-26b1-46ae-9714-a094826fa5ca,calibration,ab39eead4e45be23df54391767e3f251baf03b20cf97e47defd3d60020f656f5
8e44f54f-7e2e-4cfd-b670-68f8b7cb2656,check,1644f322be674a1076c8423527fa57226ef6bccbf1bb664b1c0e5c45d51df19c
8e5edafd-f8e0-4b76-8778-f98203ea1568,check,290daa08712846ec316ef92295cd5f78940e02f78635457d9fe677654c303508
8e68ec6b-da00-4eaa-a623-c5de7ffae01c,calibration,a4b8d2035dacae545b60bc126900703c2ce13ad349f1580237cacafeb739d2c0
8e6ac706-544f-40b2-b1c9-f7f85dd7699c,check,bd95458245f847fb779baf38c3638e76d9d10e37a78333c2bd38dee27d85d2e9
8e845b3c-2645-4f3e-8529-b2094e561cc7,check,2e4cc8d0392744c779f5e9cbc1c379c07e7095d9b9edf325ea5e8050a39dcebe
8e878a1c-2ed9-4c1c-8df9-6dd7ce1f04f7,calibration,125f88d3be181e3bf13f7131cd412451a4ccfdcec98660875809fd3a2cd2676d
8e905ab5-9d52-472d-84b4-f474be8ead9d,check,da2b536f0b73232dc80d72329bde54c5c748941d02853d2f93c75c2903e78a90
8ea39738-ab0c-46a0-a5be-52c644be876a,check,e9bd367cc19b70a505bf8cf542ea0a2741391ebec3ca54c932671c5b1500b951
8eac9209-508c-4001-8a2d-780286aa499a,calibration,8ac1b6fe849f4ec71338ce27f79b2b9ad0096917005b926c2c9d773b7d2aca26
8ead6800-d86b-494b-a2a8-f379f8510d14,check,2ca03c72c79616ae16908a248354258efddbca94da0fb18961333278e067d97d
8ed54e9c-f578-44ad-a7e0-fcb91ecc4345,calibration,6d992a0d882d1aa0760d08023bd2899df81bd1fc53b24283e2cb41abd97cd050
8ee71317-d68c-4f71-8d1e-b5411865a6cc,check,e41fd39c63bc8e49f3fc7bc11963725cd78a0ab6237039662c9149d06313c843
8f36ac4e-e090-41e2-a6c8-bb8f002621cd,calibration,21d204f71165e3d0120ac77783f6986e9dc894246b856e99ae4a29209994df8c
8f86438e-1235-49f5-9aed-c2de2348b175,check,4998051da8a8e6645be4b7c7ad82b1bbc9784aad6ea52223274abffc96b92f63
8f91e382-6e9c-4e48-8467-27019ebb6fc0,calibration,20869cbf1b1453ab3f56ed2ed7dbb411de26d82d30f09a71a7a6eb3c4070367b
8f984aef-2cd4-4b6c-bba5-0775923053bc,calibration,1101b40781d2d7f6e6bdb2792e2a9a89015ec6a5823ae98374620da45fb9ec93
8f9c6329-36fd-4522-b507-7c6b2b540860,check,3bf3ddea1feba1f570ee970dc55790ee3456df28da5859d2ea78cf88fc0cff2c
8fa32c1e-98a0-401e-87a6-d27563cb888f,check,b50fc6a0fdda03d16ab9e654772ccacfa17fa4ee2d55e9553a37c8291a5b653b
8fc6036b-0bd9-4842-8443-67a32ec7b7ac,calibration,c8ec5e3307035989febce92971a18e94db54b9a7707e68c693c1192badabad28
8fcc7af4-bed7-46fc-9ea8-eeefb05e74b5,calibration,2ea51fb61c5b0db054a8fd28008182315eebfb7b5ba5fca301b3e43490464e7b
8feb6dd7-817b-4551-94bb-5dfdbc70e41b,check,0889df107de56c47d852acbfeb099eb9f5abf43ab3eabaae76afbdccf113e18d
8ffb87ab-48d1-4628-b643-b7a4ec2529d1,calibration,b2905c94fa122c7786c162d3f9d8a12f99fe344689fa5553781fbde4cde6cf4f
90258988-5fce-4aae-a92d-255bdd7e56ad,check,38ba50ae8431c81ce78a646f563c7b6c2da7874a5de74ada928d4768e14833a2
90436076-91d5-4b58-abca-d36c381c3ab8,calibration,2a6ac75abd79476fe0886fd0e9b99098a840058c2ac715f03c460cecfbde4765
906b78ba-17b3-4618-8406-1011d72b774f,calibration,0188eb03f7b5c044e33a7c33d05483d059fec2cfcbce096e02c8dd423e5c1116
906ded06-3bca-4062-9024-09aebb4f6447,check,7b19ad18fe0331474e60b40dd83bc6705c1e7c23a6cce4a9dca7b982691a55f8
906ec083-6913-4669-afc4-d0d270b4b1bc,calibration,c843cb8ee93a3f6689a8862804b3956a8109e92aaf0cb1b2844f5f6aea9e909d
9075addd-1503-4a2e-9f12-91b26397cb06,check,2cc79f7974b0e0ea18ef6fec58f5a47723d663ad4679733bd897977283e2c7b4
909bf7ac-3fe8-4a34-a35e-ad79bcb08422,calibration,35bd119cee31227a2dadfb4706341d442186618ddedd688c612b169414c4d234
909ce0e4-3bfc-4a7d-9da2-7715e72265f6,calibration,3a402d86525da664d86876cbb3e4ef643c74a7f15ea9e5668e02c55560e606f4
90c96957-df20-43b5-a43e-d8ebc9d30dd3,calibration,c5f13b5eb8dcf41258069a882a56ebe6d534f1b5a103d1b813039e421f592104
90fde6cd-1ea0-4479-be4c-9e7a5739418d,calibration,790531f0d1bf31870bf63f8f73dbb58d0b5bbccba150a10ea135e222ace8baf2
91076a07-e2cf-48ad-9ba5-0470fd395167,check,2d3e546b67191d2063e0b449a8e56c91b2dd0bbaf415b3f2e4b28ab35d2141c8
913be01f-8797-4181-a70e-c58d6bc8d279,check,60ed13eab5f24e1571c3790ac11d7521d87a86c637da33e97af1056b6359bbe8
916822f3-2778-4a5e-a637-40be4f8f995d,check,33fc791591482e581c2fa3659688ea6e2cca10fa48b53147ef4184c2db7ecbb7
917167fe-0f3e-48d6-92f9-25681645e93e,check,de61fef48b8be5d4b453d3a14ae6e2e5062181e46aaa448104c25a0865b6127c
9186cfdb-08f6-46d7-a62f-4fbe42411af1,check,b9829229b79faf3af89c69eec804b663babc8f11d6589d64c5f0ff0a8f2e64c4
918bee61-d5f3-4f72-810d-a50fed8902ec,check,f17a0cd22720f3486952187b5523be35a8e1ab8fd609fce481d00039c7de7f24
918d4630-a067-41c9-b079-c13c25f6f7d1,calibration,bdba2c53989b2a3288bd57da1dccd43f73427c9966fa631f08ea76658fcaa75f
919db414-543e-4974-ab55-118ab28448a5,calibration,09f8de02cb9c909fda3293b7b1ecea63e10ffa73ce9bedb0d3d56a5aa862b293
91bb3806-b09c-4be9-bb20-fd213c8aa009,check,0f77b701ee05e72ad2d8a3416d70d85cfa1d8892dcfb8b65c3a63fe1ad467f7e
91c7d961-ea67-4c13-8105-4309c0c3ee72,check,068aa5b4ccab346aa5edf710f35e4a47c73d2879f94ef4f610dcf873d0742db0
91d075e7-081c-403d-a177-fb4ee414f3e4,check,cc97ece7fee657854bea9e0d23cd3c9a03d2ff9aab29e11cfe19a46ed9d8b637
91e4aafa-90a0-4a14-81f2-254c100d800b,calibration,17ca5db07f94baa5f7663cea71153fcd7a084c39fa5756938777fcf8938a0c9c
92028123-22f9-4e2b-85ba-6fd2bd4eb272,calibration,ccfea918798ac7a07f49c335b2ee46d070e068b3a938a83ba005b78d46e3a795
9210c217-a999-4644-9fed-34262d297d1b,calibration,893178eaf420488aa04bd2aa55c44bed361c22488fa276833f76c39f7d94af67
922aebef-042b-442f-9fb8-b294e915a0c9,check,7ffa7deb8fd0ae53ad97384e5fbc068315aa8c175d10ef33cf2b270d98b609a5
922b0341-9f75-4d4a-9bcd-2272ac74960c,check,0247f8e1e6496be75b5e708c86bf8326b05507dd1b311657484f21af69d724a0
922f14ab-b480-4226-b077-be7476316c07,calibration,559f4840814954bcfc1598557b3b3486408158931b86f342c74864ce1596428f
92506bfc-d657-43b4-bcc7-4328517ae406,check,11ca1bb2d3f6581422eb05735ce96d5b63b5a719522a647986bf4059106be161
9279cbda-421f-4607-93d4-140e22855801,calibration,c3a730cbdb21734b0e7b7607be86c54623df76a4be547fd95458cc5335765157
92c19aac-d77c-4e77-bbad-e9e23801a8e5,calibration,ad160cfebab74aeb90e8a83f74bc37cc7515b9b366059c406c4996800fd293d7
92cfb939-3b3c-461a-9e4e-a23ca528b1f2,check,578b7ab2648c8e2fd90d2193feb845776a86878b8ee7bae92f0a83fbf8c46d45
92e22f80-49e9-4a4d-8041-63ca14fb0df1,check,51b9887fad8a4a474061808fcac84c239e953e593a51fd2465bf725292e446b3
92ecb383-daeb-4933-9407-cc9ed39de794,check,f47ec8ed00376393d15e0d784fc3507e6a0bec913a4f6300ae7b926cfcc3d64e
92f651d5-4a52-43ea-a232-876d2d3d57a1,check,526ac8d5584f9bcc4ef5e86b9461d42da4b01ebdb34987f0f5aa7c01667ae14a
92fbea18-f32e-49ba-926e-aae5fe163017,check,fa4020a2d6b429c7a64d077cb2f73a86b25b911aff6d08d32803a34cfe0de21f
93036d86-0b25-47fb-8ffa-0f1496a40430,check,95fd01b2faaa541be02f40951bd583d7ba63e8207527087d2536bbe5a91aed56
93411a56-cd5a-4d66-b9e1-809a87238052,calibration,2b92c1c4803166c1baf6de39685ad2276cb4b781ed5ce373bef7ef687d25d1b2
9359b8b7-0632-442d-8ecc-d434bb98dcc2,calibration,0006e5426df89bd683350514636c571e37db2126e95c1b1a84f852e5802546f3
936f79df-e18c-4694-a5fc-775ba762c792,calibration,07d10e1f40566bf09aca2f5d27cb36c41d04f8fbc4b94f859fead96495516b7f
9378e1fd-f76f-45ba-8a4b-6eefd736c565,calibration,fe4c028c0890c026cd75412d6a81987f4d6d196aa2207cfddea9a3b1d05b494f
93862108-f0a3-4c46-847c-83803b805536,check,fe96ed9cb6e5b4ba02bdef8314859af18ac808410a7f6d123e259d4968f9ad1a
9399dda4-a5f9-4b6a-980e-35fddcba2dc9,calibration,f57c9aed0bb7e65ac9aa2f280e42f567a1dea47f852bd70493aa7d5788bc93ca
939f050d-3856-4826-bb61-fef4e92e0bc8,calibration,dadaedcd76efc7584576d86851601d1c363d5915cf47d09fdfe8fc214e3d7d55
93db3be7-fee5-48ad-a984-0952d8ae2f23,calibration,5182069792c95a22526f02984c87420f5e14ff75e9055443244af4be5e15209b
93dedae0-ee14-4986-8e33-1a40515e1d5d,calibration,52925370be9e99d07c3df78a97e6d0854c95d0a15f08bb1244b949b8db824136
93f53e78-effa-4de2-8f98-521f332aded5,calibration,881daf87acd41e45c8bd2b42732be8c4af4dd26f73c060a0bea5691d84444bcc
941af33d-c003-4988-a344-816cd1177f74,calibration,b8c9242517c36349bab49040d51cde42d83f9c62432264499c5ff83db4fdcfe4
942506b3-004b-4174-8ee0-8315326409d0,calibration,f103d54fea23ba4b866050120c383ec112228422cf229352840ccd92c0846f62
94591017-4303-45cb-aa3c-d3a70c71f801,calibration,0a9a2366a73831b9aa576bf073981366335c377c022b0a57d2324fc45868f7e9
946c58d5-8559-45ed-978d-f7a1d0a7dfbd,calibration,e3df3e7347ee7ad1fbe1e64b0eb53bae506c7bbd5f22eafb9c348172cc874cbe
9474fdca-ac97-4ece-8f86-846134899f41,calibration,b389ae2cda6e728d3620ee13e4d8214fcb5f21a958fc7095a8929c7b0fa2aebb
9487cb83-3a77-4c0c-bb57-6e1c0da94095,check,e93bc004e3191557018bf4987a291d352b5a65bd4a05c1a9ba006cfc50e94c32
94985a6a-f082-48c7-a9fc-2277b4056fbf,check,8e7bb9d8a96e3c742b958dc332737c399ac0af8aa37c726deedd6863320e2037
94a6ecb8-cf52-4121-8c8e-9eff76e23092,check,ef8c9bec0710b72a98e46deccdc46ddbc04ca815e2095b5573000dd01758f352
94b63af5-7066-4e5a-bf10-77c9da395cfe,calibration,95c51b59d2a821186322dd8844591cc188cd2e113710cf498b391d94c6a1c434
94e96dde-704b-4725-8606-b2b7a92d605f,calibration,be3d362a24cf1dc828d2b9282c551900a468c1b35981eae6e654762317b43f8d
952c831e-4b9b-41fe-8978-5b1ace8dcd06,check,d77fdc283dee29830572903c51057bf81371d4c23925dd9be2fb573f2cff583d
954e458e-9e0c-4daa-aeec-1ce5564783d0,calibration,085965c374af25807b9ff6770a572c2bb3cfa3b47e82d531348d6f6940600205
9567bf63-c462-49d4-b578-65ff273bd660,calibration,d13ce3bb81f778eeaee3fdad8756d4efb0674b1cf42d47fdb01ae11ecb15b059
9569196d-d2bb-433b-8399-8f1c5add33dd,calibration,f7bc961ad47b08b8857cddf55cb36c8b067a8e5fb288cc3fb54d90ea7509fa5e
956b8db8-58b2-453c-81c5-6b882b9b1e62,calibration,11aa273d2b7bbbc53639684a5ee7f406e70405f69aa45a5cb39bca5036cec62c
95880106-b781-40f6-a3f4-b06fede46508,check,38553a02a29890461c61b7bda58d1e289d395f9d72961082fa99141c54b30870
959f8526-d97f-45dc-8a92-ac5cbbb409da,check,3b01985b475fe9b04586a350128bb4945beaac850df62736155bbc5188aabe65
95c5afb7-b1fc-4511-bce3-534ea4e0fd37,check,bc7f1f239afc8afc02ff15a08241dff8d899c668f3e8253a6fbf78c6c3eaccb8
9605397e-09f8-436c-8461-b97ee4db59cd,calibration,3da603abec874ed6d0a6407918713f44b17f5a9ef41b37af2ac4b3d10a5e77ff
961b01ba-9a3b-425b-a868-0086418c868d,calibration,8ac29030814a5c69ded9701356881ae12cff6dfe1375de900bebbeff66d1f7b6
965c28b5-e2b8-45db-907f-874674dc6d49,check,35ac96e4df8dd7f2eb608cef6af4158c638a1a922fee709ab83b2d106cb8ca7d
965edb94-4930-46b5-bd10-dc28a20485c6,calibration,1096f21a7f99228e9058f4a31cf7b9573b89a1de181de399f6d91e3219fad796
9664f0da-3993-4fa8-bda7-14061c813303,check,7a5acff7aa9118b6faece3f175593e7cb77453ccc8767028fae6986782cf6138
967875af-283c-4a2b-89d4-f63b70f4122d,calibration,55ab3f08e248cd31404ac112a05d87824b63085fcc3815dc69f3e5468383456a
968046c6-3eab-4963-8ff9-06fe389bbd22,check,d9706004177ed84ff574db3abe34e9f7350ae94551fdbd8b798877a8ed72c646
96825804-2523-4eab-8f08-ee1e7451d432,check,abc17de199bf1a72f40b8eadd77a9f2f66fc2b1e3a27a8c47a43d1aac7d2b07b
969ecbd4-a11e-45ba-b2ff-28b089fb16bb,calibration,495bbe735e91538bd5e882aaf09eadb9eb4d414be19014522250471f0ea7de82
96a04beb-9223-4692-b831-b225e821e76b,check,3149201e286e0b2cf338f042fffb326afb61515cabf8b04c3a95a67a85798dab
96d48b9c-b59e-4d0e-9c59-63b43c0b5cee,check,34986e3bd5210f23b50f0033159c4fdc482f06b1172d140a0b6a606efa0ab260
96ed7a54-7b1c-47e2-80db-471a40b18e0b,calibration,2a0d8bab803ffe45a7bb444da26ba5bc7d8618a439e3b3322fb57e99da4af7a3
96f383df-11f5-4ac6-b174-392a944c9219,check,3373c5f6cb2e72546dbf72785fb6543fc0eef110deeeee4722459efc6a46bbec
97143757-98d0-49e4-b1ef-5eb6fb72ad36,check,3c63761f8a1cc86ba3c2970233c2a40ae7f7722a8e8d79a292b7ccdd6c2b0260
97291647-88e7-4833-8ae0-ad298f23170e,check,b2d293c4e0c3b369cd61c4cf30757f2dd53221e32fc0eaf23502fbcf32e2e02a
974770a0-66e3-4df5-94d5-450045972c13,calibration,ed399a1fdc81a75ca6391e62f40972b5b85ac13437f2f3f6e708372579665df5
97537b54-49d7-4775-86b3-8247d60bac54,calibration,2e22d1df9a619f0978d6e5c8ec6a180a3c5c3e0fd24e83a3e378e3045c6ea77a
975929f8-5c4a-47ee-97bd-75c4bc1a6dad,check,b0c5fa0673670feea416ecc7ed1d4d94fbbb1e803d82588bbd7b33f49bb73a52
97661042-6877-4d57-ba81-12a7179bb9d7,calibration,d4a4f8a1bcbc4dea730255d4d678165a7481db568c52faf37661ee33f7baf436
97688b46-4dad-47c9-83dd-a12269fe212e,check,d360cbbd07d7795f5673ea8a5dc1ce65f6f349eae8dd25ab12a8b698752d8932
977f1a18-caf3-4b2e-9bab-3c6330fc25fc,check,7e8817f0c529ef4faaf3848b59a08d9da06322f2e8bcea49ce67d25199262c69
9780a481-5091-4fe6-9892-f342633a780d,check,87bd8a66239ded24d8e74aaee990bd95c12e46b08b1a5c3caf65d8b34c63ff22
97b555d7-8443-4fd9-ae8e-31290fca733d,check,b1573b521471f0a12c75c5962ba59748ae04c7c0bb9465f5df1fd4e446354af1
97cc025c-68a5-4cde-a3a7-b4a543eaeaab,calibration,2703b0ef4b4f1ff1995a25f2138126b7de209bd109d4517c1d99abb60c049781
97f8fa25-c994-43a2-a757-06d5d527443f,check,a78703a221ea906f50495a2a8df05600ef4e9ef9f9877b8c9c085f101ed4677a
98185efa-2684-4b3e-97b5-3bb02a5667f7,calibration,c080ec9342a0946f67b341423fc24a0e044201ac4d80a984d01c68248c0c5fb7
98216ba1-0532-4392-9546-4f275f34962a,calibration,ff828a9b5d5341386ead306b6c0b8781a6eae4314850e4e033c44884046b97c3
984243f5-8cfb-4308-859c-002c1b9877aa,check,4a9815e808e83da46a14ca04fc7c938d2219c5f2333d466207316b27500f4907
9845901b-ebbf-4bc6-ad02-4f43ce1c6779,check,45405148aad04112d3c3f84f75cd6a63a898fc3564c765ac91b95d0e83722391
984c8032-b58b-41e5-84b4-4d2028867dc0,calibration,d016a99dbf92883b75689b07dba7cca036fade47f2708bf4ecd235d2cb1708d5
987549eb-db76-4dc4-994e-cfed42aa2791,check,bc66d64220e731df9ce3dcb1304c268847d5751589bbe0b75955b6aa2cb27b0c
988385b3-718a-4627-8c59-ade509fc9431,calibration,f5b47e1b20b515408b1f93895df2ee8a29f9b8e21ca4be34ea249ed085f19042
9890f2f8-9d97-4ca9-807c-9da1ca9302fc,check,1d3a08d80fd37e2124d77d4cfaf752bc5ed69869dacd884541a6334225e3f933
98c48636-6987-4a97-a9f7-a4dce625c292,check,34b1297dd860fbca39891e1ccc522ac0b503dc2d67669e6a0a558b7b0bd9a0a6
98c60c95-6fa4-4045-b198-9641d9504305,calibration,b41f8aec79e7e85f9d81d86ca27e48026c3baddd7545f1586d926e3862c6ff36
98d03c7e-4661-4fcd-934d-15f5b9265bbd,calibration,f205f5d59cecff6f108da8df9315c6234fef91ba2f74961d4c52cd356eec29c4
9909eb1b-895e-444b-9ea4-18b1e5a903f4,calibration,2c4b1cafd7736294342a6e702369d17f92166221d3c5266cee049022a09908f3
9923bdd8-95fd-452c-b6e4-536c736006ca,check,07dea49ccafb7f2d3394f8ec1f2bbb9042e6f578af4c695f239fb9b4cf590ae1
992fa477-c033-4191-88a4-3f3b92d475a9,calibration,8d9582d7792015d9a218c2868ebbed260fcd113a08927df64d00200f100d5931
99373f50-4053-4e3b-94cb-0ad8329001cf,check,26619d44ac4186c17f1f30d483a42e8f9386c5af2210a22da7e0fcceaf24d1fb
996e4547-f0f7-4d95-a9bd-1aa5ac35c72b,check,b5a938c6e8377871cdb4ded2cd1e3d8d1615dcebe03cebbb1822e387ca4b081f
9989a2d1-a7d8-4b50-ae78-57c29e5e4281,calibration,8cc20a72303be0cea6260205b104caf4e1d61184e1af6e416d49fb794b8ee52e
99a43da1-6747-4ba9-b9ad-38114aaba52e,check,fc753a5beebedf9bf81bcea7a02f00cfd7de3048db49b41d645a1e58f62aba4d
99aebc24-740a-4c97-a657-9a5705dc33fb,calibration,7b5577df41120995b53499f8e3a15169bbfaabd2512dcb84754fa9f783726806
99c60cd5-c75a-420f-8b3f-0aae734164d5,check,56b977d9f9d9f78811b5816f5c47aecd8a4683b3d84b53ef72050886a8ae9c97
99d8d0dc-bced-414c-a870-fc3621e72e2c,check,8dde198774f7871b29036ce450c9e5ab7ca0a07da062c82c5463def3cba0a6b3
99d8d839-2674-4b3b-aa42-c1f45c93304e,calibration,fc8a772b85bacee2fe982aff5247697a9f52e9c0b231bbfc3e312edf7a4df0aa
99df065d-3bc2-42bf-98a6-cf55705071f9,check,8dadf1e02549999fa80d7e40b3a875a3c9fa8beabbf9c9f20978abeaddba1444
99e0b76d-9bb5-42c8-997a-9d375dd0daf5,check,7b0fdef613bdfaed4007d5dc68f9e99e9dc504e2f2d248454d68429dee2fb0c2
99f08900-01c8-418e-b809-d559378d75a7,check,60d3e072599740b8a6a151167daa4a8eb2d7e1f6e5a960ebf81fb06a71599916
99f71634-6a0c-4ee1-8218-d01894479c26,calibration,c544a859aba80d83ddfb55c66366821951757948d22d4f6ad0414e08bc871398
99fac1b1-125b-473f-a12f-d5e08d934287,check,b401783949fdb6809347887246c18fec6e41d09029a5573c38f699883832422a
99fc9e02-c11e-432b-b930-ae7a1ada81f1,check,0200525d186ff6001354088b22cde5730a75bffd0d4094cb58d6154e6f60410d
9a085bcc-5d28-446e-b563-487236f9b77b,check,939e9f48cb193df58bdf00db9eeb6f8588a562cc3be934505ae9634e43efb159
9a18bd49-26bd-44a4-a8ab-c62533bfc911,calibration,7e3d3214268426930943756946c443be276a1b5a0286565a13ee74729f22db96
9a2d6caa-eef4-4b7e-bb2d-84db933b86cc,calibration,ee2569174492285f95548fbe2b4141bf44d805a18c49d255a7c49ee12e53e3b8
9a2ffb3e-138a-4158-9f6a-9272577f5067,calibration,1ba78fcba8a562f24d33772afc125170a1c735345a1cf90d61c44c7b9fbdf687
9a40e408-9323-4aad-8b3e-33280960b3d9,check,a9f15326184bd19ff77e786aee377d6a137bfb807fe6ef80994a0fd4fff51029
9a548db1-9e66-4ebd-ac26-4df74c5dc65d,calibration,b8eb2c4a0f2172f18365f3eb269b0c4c1fbb68e6b8cf0f88c788ed05e8be6240
9a6bf2fb-9db4-4c88-90d9-f48c45f505ba,check,021ac44fa15ad08b6112a3ed07b4a32d3a3c603b8c52a0f7e26edad63338e855
9a6f2ebb-3eff-45df-bc8e-62a04412ea04,calibration,f65e884348d12c01df8bfa5229cee374cbf7d384bf0deba967ce1357877f299d
9a985875-1bf7-4c51-be04-939db72dca61,check,1cb1d0a75b91b245ef94a7772387b6c1d7559943cf418dd4550c4d8a6b6ea88c
9aa0a641-2e54-4aa4-bbdf-7469eb920127,calibration,96d51c57d26b50dda86a6e06189a06f817671154608886f2363153571c94b86c
9ab76835-4588-40c7-a5b7-48f568145f49,check,36a59b9a6f6543207492848c233e1138703655f4280e8b2ebf7a4b15f586ce0e
9ac3d7aa-e012-46ed-ae4c-2f459842b35f,calibration,32976bd1561c5f902e4428e0dd773a72c6b08e9352daad4d52c7a4baeb6dc279
9ae32a95-f43c-47e8-9aa4-3b4172574afd,calibration,f98815d2170caa9bbf6fc081c97d31778dcbb4417d0d27f47489d3494ded8b25
9aff4379-0a19-4dd0-a156-1d0d19257cfe,check,1d42e90496f1dc311ea215c2cd15379b14cfd55f8b55e4ddc68dd099e7041c09
9b008601-c542-410e-8dac-f65754e9e9c0,calibration,64877fb48e6ca879bae69da6674744f3c2d3cf343c035af5bd7facd3f4fb99da
9b4e7043-a422-4854-98e0-91545519886b,calibration,9d7c31b1361cf2b1e42682b86a424f520c652ba083e2a9b175b31a4c497cc164
9b519ba6-2f10-4a4f-84c6-6be2b439d04b,check,b1c2579c00da612d1129c0a88fa81c8fd3d6c0df0cfea364428310f4bb58ef29
9b55edd9-f6a5-45af-ac85-336351c30de9,check,f55eedd3f911b018c33fc72fcaa063e7414f55b51a014fc3eebd227fe1c684ff
9b5720db-2220-4de7-a963-f3ee2735bc59,check,a3d99b18275ac1c64fc04de5a833cfac05af25b779ca86354200757485cffa40
9b594853-a05b-4806-9955-d11b09ab8427,calibration,e6078231f7d6ce86aa0e31544b499246b50a2ece57fe5ecdd08c29ca297e5007
9b62077a-acb7-4b76-a70e-2e8d177ac071,check,b0cc800498b10f4548e559301321cba35a4a290cc5267dd7f61cfce14874e7b6
9b918444-c97f-425f-941e-e917718c0e79,calibration,169734e3fe365bf97ea9dd480090a8bab9999d7177cae1c0c73c46470cfcb6bb
9ba1091c-3cf0-4ed9-a385-826614144eb8,check,f6b0bab0e459a927b0d7ec432e425fe8a39ef01e362645f6ccf93fb3936c1cad
9bbb8f1a-79a0-481e-b5c9-f8cd3738d029,check,4c0c0cd552e6f2a65cb6a61916350baf5bac29d8fcd94e54210186a266111dc3
9bc3c8a8-5a10-4f90-9d66-c4272ebfdb3f,calibration,c8ec53a17b66d78828a8297246d9c48a588104364b5b95f9cea2afba3ace8d9c
9bc592fe-3c7c-456b-a344-83a0901f2b7f,check,af615b729872b814cd19b1b6a12c8e5de881367747fcaee25415cb470f9568f6
9bd4b081-c80f-4bdf-882f-df29b7f320c6,check,c2d6231589dff7219bb5437dff39ee6c962c6dcca97593892f5ecb2f7820f51c
9c1db5da-eb19-490c-a579-3ae0731cb4cb,check,c6db89e4f8c9a033ff2d8c20e3e20aade85a710a286befc07a3a6af4bb2ee2c2
9c418d2c-5d5a-4a46-ab3c-b025d037d49b,calibration,6f3f58f43a21bc8e3b6def381224ca9e44297403e017e54cf2009c744f654c35
9c44775a-bab4-44ad-b5c8-c3104b590272,check,78a6e9047d704f7695cbec5a96e19fe414c1803017cc49aaa41847b696081127
9c4e338e-7988-42ae-a684-69079f9459de,calibration,7c278147450020e9030d73589e8cd3753249ceeb231acfeb2468430760fc33e0
9c511a77-fd64-4938-90ed-61f6cb4d7a3c,check,56e1b49b46feb9d662fb8405197a19b10be44fadd4a278328124ee2bfbf4f68e
9c52333b-5958-45d3-915c-6b75248fd38e,calibration,993ed1743447d15e8b3a3535500772119df8c6c5ed42c4d65bd7f35429fb17a7
9c5a9067-ba22-4117-84d3-bc08a09defd4,calibration,56259503b99957c2071fb73f40683c7f17e6fcb0e5283f0cdeb7ec0dd634e302
9c636dd8-5e6f-4c9b-93af-10cd4c91b899,calibration,d6b2557b3d110c24237fc26e63049994a5a7d30caa4a430451d9ad29d843c302
9c7e6fb7-0f8f-41e8-80fe-e074b1daf0a9,calibration,804efb3d49a5e7f791d9a8abb4e0af830d83e9bbff7bdbd26ec63fdb0026dee5
9cb353ab-a9c3-48df-bdf8-0647b94c5bc7,check,eca874b4be4d9b36b943974c1558554a696e59ae8c44b0dfd8809a9e96c8177e
9cc8219d-4a7f-4264-88b8-2cb2339dabb8,calibration,579e010e6b1a47d852fcc50cddaee3e67b7cae25d787f95c3d10c2889bc51ed7
9cdf3c59-9850-4cb7-9938-5cf817ed09c3,check,dd70de4e0c4654dd91d6eb1b58df0836805f9f19c9cf32fd97bea3fa7b0ec926
9ceca625-cf64-4fac-a687-5ee29aebb0c2,check,d6de56e2535d044944ebda6d86016bc6199cad463ed5d2d95d328dd175090c33
9d052901-3894-4c9c-91f6-5a15ddeda1fb,check,9f7999046e81a3973cdccb201b8b97dabf547946040aea490ca6ef685175196a
9d17932f-0a76-405a-ac62-a7cb13f31961,check,c7f9084602658971a51d8daaac335b055daa8c2768ce43fd2e9f29bd679550f7
9d30c267-add1-4bd4-9c64-6436f88caf49,check,f6e594f9aa9a346f34cfb01017d72a30d00ae3bf3c941ad50d55f6000d8726f6
9d4f2a60-ed91-499a-8b26-1880d8c1ce28,calibration,300a69278e4cd87d545f7e871a57e4e0d4416681066a0251bf6e49929ffc639a
9d503159-8df1-4e7a-9c6a-94018e3474b2,check,28499c8873f5db9d10aa77cff784de1999e3a4723565c7908ae76b82275dfd81
9d93f98f-8ae2-40a4-8386-63d3372c72e4,check,6753ac0a7629c82f3e08c7bf2e5a5e9783d119f826b714a7cde231a7e6764b5d
9db8e837-913f-4627-8141-ec0e30e12ff6,calibration,ab187ac53dd64177da7d58b9ed2a1821a171488fa0d35f1d84a3e9d635deb994
9dc18173-b15d-4b23-92a7-564e2b72a5af,check,23fd6c91379ec12ff5822050fcd706e9b7cca2a0d809a8c463100c6f07b233c3
9e045655-2af4-4389-ab71-4096daa1700a,check,2580a129f468187461a82f170a7c5fa310c86f3548172ec53a423d7dc43d4bd4
9e1e0a53-3bbc-4a27-8c5d-8caf939be72d,check,c37acade028909461375c573ca514b2231e2254a25f8f5aba49f0899ec08b490
9e38a8c0-322c-4095-85ad-485037913a52,calibration,980e4e0dde5c61f89eeb3f5df1dba5036d0482ee417e1c66d5295d9c1e2089dc
9e44a7c1-b098-4768-a2b2-2cda0fd3f59c,calibration,e2c4e5c1dab4b723210a659af368b5b0841f05ec3b053066eedd9e64f67897f5
9e452e1a-b0a8-4046-86c4-9ac21e4b9628,calibration,51a1a459ae511bda1219bae6d6062419071da93de4974f3e3329bf0107b76519
9e4f1f7d-36f7-45e8-873f-c93701d90805,check,889df33a2fc2f6435671850ea746f74a86818bc568a6d048d9d5b780da56d205
9e5590ec-7ccd-4bf6-80a7-c047cdda7375,calibration,ae6445875b0713cf15da200726c301d4ce503a4b5cf61cb6144620e0a366396d
9e6680ee-4f24-42ca-bb27-3b3c793f2a96,calibration,99e0dbedea9cba0e37fb537bdb2c9b8c2cc9830f97a3c990f7bee40cd21d7add
9e69ef9e-05d6-4c86-80f6-81511085f893,calibration,deebc8a2eeabb97c6c38418d7f490dd951ea438d7080f75f0a3deafd3235388f
9e77fd04-c411-4b7f-92ab-8c322b130b2e,check,5b39f51a9e224588558f3ca3e40a2909ec8b2440e7d5d8fab87f0a86ffd9b892
9e78af91-776a-4a0c-a6d0-176dc866f1c8,calibration,acdbed54794408919f10d8b001610b42d164239fbf9f7c9423f33a738e439588
9e8f64f4-ae6e-4721-b7bc-1de69792ed9a,calibration,018ffa6b85cb09a63e11edb74529971348d2646387005fe827a89272ae59fdfc
9e9a294b-df25-4a00-a857-87939f977b6a,calibration,138f56fd0f201f874b484cdaf214c5e55d4a637cc147c3ddb3c68affde742138
9eabd9e6-c874-4351-8320-10cd85b49008,check,d63cca6c5b69bf688b9dc63763006a85247bfeb690227660b012f85a13ffeb4b
9ee68d68-4673-44be-bb26-39b8bbe03525,calibration,1c3e80aa20664f21542ee89c3551aca6931dfe9306a8213b24e4783332536b1c
9ef19ce4-0174-4afe-a922-463d919d58fb,check,0981e2f84a22bbe5c74003e2f58158054d7124d5e22cdf187a5ab281783df1f8
9ef55309-6809-4198-9dae-c94919ebbadc,check,12ababdded27729065c71c741c107d3e572f62b92a0abeccc144cdbdeb68bd7e
9f08ac2b-4a5d-44d0-a63b-85379c37ad5a,calibration,53261c2268f077e918f4f006ada54e0e6f7a99f6913c7574f9a2487294f1ec28
9f1af89d-9a49-4273-8f61-841f83115567,check,288109e59e827e32f87267a09b3f6f0b52bbc74ddc28f05cfa7335e7ad5cd728
9f293a90-9be6-4554-826f-928e7df204f3,check,ef5eb8a3704f7af532f0211edf492c358447fce86233e8e8e02213ac6ff2ede9
9f6db02a-42b4-4812-98ec-faf1461efcd8,check,9e8d017bf05029c6ca799ae3aa5d679b05450058cbd9f92239afe7f614175ebf
9f92087e-ec3f-4f00-9694-276e3c932097,calibration,f02d58c1039df27fb31b13b6ff93e8bb2fac8773d661c2dcb1ac5051358689bc
9fae5d13-3b4c-4ef2-b8d7-5e732b3ab0a5,check,09e5ab908d4b4438195aafbd6dedd1d6c1513a727a4aa7d6361c52c7c5e5a205
9fd4ccb2-f42b-4aa8-b995-4a3b4255ca63,calibration,0666d36c5f3c874cb7c819097bc20a9070865e71ece29034955fac8034bb440d
9ffcf830-7213-416e-9a4e-94214403524c,calibration,3f78da3f1e390c8ca43ffef3b669500b29f096d49150b75f8b902c7cb457c3c1
a0006461-3115-44b1-ba72-df3f87ca3a94,calibration,a0ee75a4b4bdb6e58dbf4db3aa987c39fc64ba8151f9f3b92454ddb6591da144
a00f3ebe-977e-4a11-829e-26231aa56dc4,calibration,418ceab5b9d9eb1fb3ed04404fc1b7805c388f94b8e95d15663223d7afedb6f1
a023c941-c859-46f1-8d38-56bc0663d16e,calibration,f0339621f535543c809f4e9a920465c93605bb27838bd56797bbac605b7d0aa6
a02612b4-16c0-46a2-b97b-79618230492d,calibration,39de2b50d2612c0f92afa37a93c07ca486ed2d44790f75fcacb3569a66da3bed
a029405f-9fd5-4b78-9bd6-335d01a25800,check,18aedbc2fea02313cc706ead7832c5cb0943c80d26e0a1c8506c082fb75795b7
a02ac65a-a8a7-44b1-942c-e66e2bb97523,calibration,c890d7be647fd3f88eaab54dad54904b8337aed25e82e05e9e667860855ada84
a067e378-b48c-4231-8fa6-6d6cc7acb724,calibration,cba548e206e072bdc627e47400c4ea425c2fa7aa3626eb77a529965aad204e4c
a07adb97-acac-45bb-933a-30d94c75f05c,check,958917b3747c082229ba57d8869cf9960ae460c8d0cdaf5b5f45e645dd18e3c5
a08dc9ff-cfb2-4ae7-aa49-80f9c9ed0ad4,check,9482cc331a5ded770ccf5fa4003aada8ef2ead545fb56cc6b97ef4d998312590
a09206f8-85c5-4430-b889-559b7cf40c38,calibration,938087507630c408a6acadf13f1445ab777d6b7f7071ac76f6909bb80fc09541
a09286fa-7971-4867-812b-dae5f78ff692,calibration,59bde7db88061b8c62341b4829f7d07d7bf97517035329d49837047c55a53543
a0a60028-f981-45f8-acd4-19802ffbb45c,calibration,037c57dbc8d9cdd3d64ab8eb234b36704259b921eaa609f6f0a5b69b569be03d
a0b1b22d-d0b4-485c-9786-86b079caca5d,check,6c8d1e8b8087aed1fe8de678e23af56be7f81b8ebb03d7c72c01a79bf524fee2
a0d26812-49d9-452f-a317-8a8ab486a9b0,calibration,5724f9f308e0113e45f12ebd4196ebc018c8335c9809d29c500bfcccd8138687
a0e5e1fd-d746-499f-9403-cff0d75d7184,calibration,37b01b4080c788f61cf3d9189ba349e31f803326ed36a5268c8409ec51e8f960
a0eb1130-8530-4bc9-9a1d-c4232a327082,check,71c3ba0458fb03c7b712d3bcf1f8b68b1adf43899a0d98509cb827b5a4362468
a104a12e-de0c-40b5-a7d1-e3034c2bbc01,calibration,c3a6a8af8b10c888932708adc4731359398fd1159cf3778caf0cceb9673205cf
a13c0b93-9112-443e-a1c2-9c8d31f5f51a,check,088ae805495c03dd0efa0063a5951747bc342f838208b88c728cc38b2516912f
a13d3962-7357-4298-869a-dd80f67ea9e6,calibration,5249b8fe80794aac125de0dec96a33f273776da5b8dd8a45adead88cf1a5402d
a1732e31-b55d-465c-80ad-aed3d280d10f,calibration,82f8c3483d16e8dc81c5f59c33162672f6a5487107771be242ce670818cbeb94
a177257d-9c18-496d-a276-90061d27099b,check,40bc0ce0572a61549366c31d946592647656bb649c33ec33496aed828e6592bd
a17a0e83-19d1-4043-812b-9e74f412b035,calibration,a6cd60102a8a9e22b8aabb49a572d0c764962bc585dfda16d248e20d2ec252b2
a180ff5e-5bba-4ae0-9078-575483183f85,check,5d7a90db5787eeb5cf157bccb6e439267731159e8c0b93da677d55f2118f25ef
a19416d8-8e49-45c6-ab3f-121d7c41f4cb,check,5b49673e59caa7275c37a75e5ee5478db7fb64a8a131076c17893908acd74352
a1972cdd-2eea-4d29-aa71-dcd21421ea3e,check,211099c82bd6c6c04960a4ec5b6102fdb64ef1e8c76eac0a5b8a84e6ef5fc17c
a1981671-11be-4945-bad4-60e3134a7e5f,calibration,7ac21f30aa5fdfda849115cee4d9b9d88ce877b67894a0bc205ff7a06932a336
a1ad8876-8fd9-48ec-9d86-6f93ee8cbbc3,check,9ccccb1972dfe30e83a0ab31f93c34b673b79fd475cbefd580a2da9f9d731e8e
a201df19-4a18-4f8e-a1e2-d75748254823,check,d16df7871d141f39e53d797528332d0a15016cdcdf21d722a919fed7aecefed5
a21047bb-d1eb-401a-930d-2a40bc90068a,check,98c981c20d627d648930bcdc0e2604009f665a0ef5a79401bcee402e5439183d
a236ba46-032d-4975-892d-e5a0630a1f1a,check,0ca12723c45e7551afdc2d71fff8b17f58f558b4b398c6fb60d36f68da0682a5
a24e2d68-1f0c-4be9-995d-56cab9317fb4,check,b1cd4306ab0d08ad59bd2d74b8510317c546a38fad7b406cf4e479d82586d137
a26ab2c5-4857-4196-b43d-2be185bc9dfc,check,939a73be02bf7c604dfa56fc155a547b9534c64e639c2eaefa4bb7204cb7eb2d
a27a2d8f-9011-4e31-bd74-1965cde27105,check,30f0466e51e57d253aecf63c3d8c6960a434c2f7c3f8a51525e60f5fc2284c15
a286cd39-b05e-4cb7-a158-d23721e1ed24,calibration,083f93202f4e9504c18bbceb3b36230731db75389cec983ba9ac237c0b3a373b
a28fffbb-7c59-496b-b4db-11d52f9b4638,calibration,505702097b2f3763079daa7e918a8dee1059f10c11faf0618262d6122138d5de
a2a92c4d-0756-49fd-9a8d-ec3bb88d6891,check,6143dce0432348d061a27ed2c28ede4a687671369cb1e897ca9bb249be6544ba
a2bb8cd9-0ed2-4977-a695-200a3b095bbe,check,901d6b5e1262e98cb5bdab875f91dc85b32a936d04a1c30e68fc469ee7806dc6
a2fbd046-b49a-4d09-bbdd-e1cb261c0b50,check,b9f3431cd5b7e09ce56f767ac6752deb3f0e40c47bb08c96de9ddeae7ae88f01
a3027d47-8a5c-46dd-8663-ea2cb4be18cf,check,833808bcc79b9c264ed7608892d0d1dd6470178a9f78e68c72fac7d62994a70d
a337fd1f-9d11-402c-82dd-f5b3625fdc2d,calibration,849c70652343c7d1e0a517c30e6a9a9c76dc9d6274fcf6e12bbc972a5238243b
a34f8e00-15b0-4f2e-be1b-fee6e5ba1ac6,check,873b33cbadd630b93e952e26f4dcec74e989ace2eec97bb57dc2a909d1a23f32
a3520b09-d07a-446e-bd30-67daf4b32b97,check,84e2dd472760a4eaf8fff5ddc136df8b1da2e3234471caffb154efeb97371b38
a3597366-cbd5-4ef7-9277-3b2a86845379,calibration,a07eb34ea8a34976c0b4c00af76cf45fd3124dca0e5202729d240e22a6809431
a35c85a0-8be2-46f2-a6f9-a5fd42aad27a,check,55b6236e2090c252985cc89211fb7d7b4cb87332d0f072df82416c29879df861
a35fe042-a79d-4af2-95aa-472f8bd6553d,calibration,2da9c54e1e74b906651ba29ff706c6ddad91ef6c5da29d9db6617830c3f5b75c
a3671746-f814-44ff-b82a-53844c088948,calibration,044bd1f5c948e5a88586d25388b86f3f2ed82c86fce05b778c9ccf6f942db0a1
a3d29d08-770b-4c5e-ac99-6caa46bd4c12,calibration,91d40ce55b5ac771ca3c872237f0c88af17562fe3b22f2fae6d47db5235d6301
a3dea3ed-7b00-44c7-83cd-883d71ee7a50,calibration,72cf678782e4d1bf5cd352321ba72725f9163d81414de213f6ae9f2203176ded
a402841f-fdc2-490a-bfe1-09c861748fa7,calibration,1c9c3902a7b81a3bb0716b5f0810992f3379100efdc1dc64158f136977582f30
a41ad921-061e-4a65-a18e-cc9ba005ab84,check,23bb5a9642395a00586ce8a2c0f25e688880fec116f0604d4ba7e8df2cd68292
a41f586f-b3f5-4df1-9daa-97f0d417106d,calibration,cf1140e07cdabb263a692e7184a7e962d189d6069c520c91a9999b7a49258bb6
a43d5643-c28d-455c-b720-77b1968ea498,calibration,4ef7ba1f95b8f0b2277a7f3416a43d7590825963a1997bfd43caf5896170d2cb
a4426d3b-b0e6-4dc7-9748-174070052405,calibration,73ac869049ae0697983c391ba9bda879600889a2a52ab5e722d21feb10f7f5f3
a44bc42a-9289-472b-97e4-e0d7c5d984f6,calibration,823fcea5b43169a8169844eb370a964d0c47e8b137210fb8654283eeaf995a0b
a45185c4-c56d-4fbc-ae85-f92c0e6ba17e,check,af8624488e8cad266ef21b73d9e6a83d6d58c6981978e887f8699557858839e5
a4689ee1-3263-4365-ae64-e313732a3ed8,calibration,b3a8093fb78d2fa35b89d8d702bdb9c06df7484c5989b70787273b16505dbaf0
a484af64-b8f0-4bec-8d49-91d8cc053438,check,0bf9faa4813843cb90fad761b1e5012e4b78f4697ff5ce51cdc154f296453a26
a499781a-7bb7-4259-83b4-9efd6b67e562,check,1f1659e779b8e30c43c876cae9cdd93969eada754b345c2e9919fcacb1a4280f
a49c3c92-7379-4ef3-9183-2a0586509660,check,bb87e50be58bc658625fba47f6c861a2dcf3e99f020ed0709248c42ed87b38f9
a4a93bbf-d252-44da-9833-9cdab2b91f73,check,0d5ab3461afc8e38497db26dd725a98baeaf55e22fa5ceb6878168d2661687ab
a4ad3e21-d1cb-4747-a9e4-8e1689e2caf6,check,6d005792ff955191c22f4622245fd5a5af6753a7dccaa050c542e6633af83bb6
a4adef62-2141-4b9f-ab73-bb5bd5fbf804,check,3d858f435ddf4eac054f18c83de09a85a0ac6c76b5c0b33ee9b7b1dd53c0fe8d
a4b281cc-c987-43d0-86ca-9ca442c56eda,check,a568bc188ccb5ef91f18c25000bae5001705d577278b0fadba89656008b3fe40
a4bf9910-809b-4236-b43d-662f598fa8d0,check,545d5846b501f36389ea4bd948e80cc1675765b697683d35139e04ec41c8a8ca
a53aad64-821e-4091-a161-a6b4a4e5d234,check,ab945a84e7be2d469506b38973689fb53c19c4457d149d0ca52c932124941927
a5574e51-a806-41c4-b803-4676a36188db,calibration,92a54d103a616dab1d9bcc9d4e47ca6da23118bd317dbee4a8ad8c367b877d31
a568bdeb-3d3e-48a0-9821-04b888340bdb,check,7b6af9b48a243d320e1ca377f728f63d45c0448cef7ef7542c19e31f1cae340a
a579b716-34fb-4772-8f38-e033325a1e7f,check,b923d2532820ab98085b409be0820f0757a2108ee297fddd09b806de23f55938
a585f676-df8f-47d4-ba0a-8dec4110aa81,calibration,4318c78fd4aff63ae3c7accbabc6670d94a8780acb4f6bd5b1000b2bdeb73251
a591862b-91cd-45fb-953e-1baeb8c32e6f,calibration,24355ee3e7cdf67b1dbfe852d47ef70bf25bc0d6e2ca5fc08dcba4566b296dd3
a5d2df16-2cbe-4ff8-ac31-93b1a186804d,check,1662cb305b7086f483932f1b3722054ff0c3d18482917310574d9210d44bc53a
a5eba2db-bc6b-4a36-9fe5-d4a0d1ae85d3,calibration,4dde4514dfcb7a73d3af6fe2528332368e7eb2f2e4bb6b8165dcbbce3831900f
a5f6b3e3-3a76-4d0a-9b20-00c217934e63,calibration,c42a2c349fa3bccd421ecc04d0651ea813948c0d8cbfc114b68f6fde06d5a6c9
a5f862af-f2d5-416c-beaa-62f9744df9aa,check,b46625274010a2cfbd731f306cd31410eaddc503b0cb14ad42d3278fac1dfe8f
a60de49c-5188-41d0-bce3-39726645ecf4,check,bedf1c774880887ec8843dff1643da9708c2e80af8f266a304784a4efd1d3132
a6138990-aac5-4ace-8ce9-97521a14ff61,check,d5a369880f791c95215c0c53d240e89518f7bcd80b8689a0f1ead7fb80367b68
a6254af5-b77f-4dfc-98c3-8b2de0f03108,check,d2f10fa1443392f811c7e9c105270ce58a869993dc429cdca942a44999086325
a63e3f34-5485-469d-ae04-e3295f1ce0e7,calibration,222c2eafaebd56295f9fa8d958808fc5796f596a943967f36aca8435176bd008
a65bb92a-2946-47a1-a276-de68408d15c3,calibration,1924135b347f0c7c7a8c24afdb82160fdbe8e4a6afabd9be216b9514c30f8f5f
a665a466-d2d5-4b39-9900-417da51fc98c,calibration,14a9d11cf17f2796cebc24ba105c8ce5039e3444159ff20957ce33ecd74f116a
a68bfb8f-6f17-4c9d-b89d-a6ea73239bed,calibration,55ca4f955d5bc1a08249b8d3ee3ed71fc99df54d72d9e0a669578b85859e739f
a68d61de-4ba3-415b-b1f7-2b66f773849f,check,d91de8b7def4f021bbc1c53a72ec580a3de552f74983d6a06614d425bd3ac2f4
a69b3c20-312f-46a8-98f2-4fd996b10339,check,ea29214fea061faa13ff19636caacb25b7bbab1a4c86aa6b9151910076a78427
a6a6142d-daea-4cc3-8809-ff043133aaca,calibration,957b1c3386ec4ddb348ef830f413c26a9633f53aac35e0b74a185c1bcd4c0e1e
a6a6a8b7-7056-4194-a18c-2b2e44667f88,calibration,435ade465bd3dd9f3bf467c4f3869ec77f74fc87a491ffe3e25e996a48675319
a6f19f09-083f-4bae-8c9c-6c6d103c4b27,calibration,ce06156b47b5969fa0d225ebd9ccbf09397c9e5f9aca00e00bbbde65d3beaa85
a6f3319b-c3b3-493f-8e5e-425a8bcc9659,check,b1d1b5a4fa4f80d148035cbb3dc1fec75e27d9a44adfbf625fc28f303edd3aa1
a706f2db-c6bc-4635-9d59-530ac8e4420e,check,86f190afa5686d0451265a8ed0dbbd4a5c48d8826036b2e40114e58719a2899b
a71071ab-3257-4bd4-973f-88ed47d33b78,check,0a9f656557664d000b995c8b2f05d0cba633b70aa2fd37e48f5a7dff1958686e
a71fd4b3-780d-464e-82f9-1c99157c494a,check,4571163a39bcf14db5efbae561c77604f71f19f6abf3cedcfae55d0838bd3246
a727c415-787c-46fb-868d-d27b5a8a7bd9,check,d8181b89dbaf35daa04d634d742500251febf8cbcf9feb7c720ff14ccd67117e
a735b206-32bb-40e3-a995-7ad93fee0d19,check,f38922bc2cb2c426f4108cf27740fe344a710bace7457403a32a049f6380c2f1
a74599f7-aecc-4744-9f32-506bbe07837a,check,c154840c1cac39714da76231743e8a87b14a193704562aaf0d192ba253fb8d91
a7578a38-3f84-4a77-9235-dea08c8b21df,check,5895ec53c44073720d212c6f3f0503393594aa5a2eb21f9eafcaa96bf18c1485
a76c3fd7-2222-41b4-8b62-4605eb4a1419,calibration,53def0cc1cd9c778a1b1097fad254980d44a97743478c05c95ddef19053d5ea1
a77ca832-95cf-48ab-9344-e24fde2527ec,calibration,7707e04858941bd215d14a5fabd57c5daec55ae519780b3a0d1f2f33099c01c5
a7860348-8926-4ee8-9bb7-b1b6d519464d,calibration,f5f721bcd8afd6b6bbe7ba2e8e62498debd96b19be8e72049157eeb5d9b136b2
a78ae98d-2e07-4074-9dde-34c5322be80a,check,d7b962baa80cfa0ec64280f2548abc52adc22be2d86495181e81d1a48ec6cee1
a79cdd81-f689-474d-b77d-0bb0c0d02c5d,check,cfb4b8c8258458c224b202f309bc69f0a66a3ae13b6a825c113f175e37eef6a1
a7ad3524-d71c-47ab-9f0e-9fb663dcbbbc,check,32037c7b0d32091dec6763478c2fda71c21229ee1e741c21977a37aa9818708e
a7b2db04-ee79-43a9-8959-4b00bd974f64,calibration,5e41accf495e1b57327815402a3546344df7551daeac4b68f0d617b8939aa71f
a7efcbe8-df05-4eaf-83de-301e9888f4b4,check,2f2c81d1186df6723d13e31212868001d13bd5e178553d5f9c4252da53da3cb4
a7f25332-e617-4924-974b-6b09bc6f160d,check,12f0f19ea7e1f62e2fd02dbd188d6e672805ad83c23ab49d10035ada9a6bde25
a7f57786-f1a5-4cc7-98ff-2c5a74437c49,check,631074589bf09ac2ffe2aaa5a3d94b4a820d3fe465758f4377c45ca8e83fb9e0
a8266482-7e6a-43b1-8942-389cc4fa8a90,check,33d783dae6f737c99335bd062d3ac93ed24c65df4bd8bf2ea31d30fb26f17f89
a8370d5f-4e3c-4ab9-a253-229a37325c18,calibration,5f4c4a92c4f748f2e3b1d096cc829a1ad261f0d4615b89ce60e2ce1cea986100
a83e665f-d1d1-43b7-8204-0ddf891809b7,check,945eddc06046b3e2419c1febeacd54c4ae48b827b8ee765c7db9b7cc2161ebd1
a8409a40-9011-483c-9e9f-31237e716764,check,572b0960294a0f90628294493b963ed6a8bcc1f94c5d458908b8d303e86e8d79
a84443f7-2793-449e-8944-6114b920a9c4,calibration,032b5f879b6aebe4e92e2daf9f395d8c227892bc5b76d33e8c90a2fa45625792
a84c2b46-f99f-4471-8db4-9b5803a0d80d,calibration,d810a1f9deb6c2ff6c7060f82cf6187cc8df22c76e64d7a0197aa2a981d0b50b
a857eb61-e0f3-485d-a8c3-f372e5097d93,calibration,b9a2d58f42e8387e9f8b8c5eb5ffa673b1c24c3ec8755d2c72a576b20d0717fb
a86b57ed-3294-4aef-87f8-9b3cb606dba6,check,91424f24c6ca239d22ce76152ea4e9bde81f23cab10cb4fe1d0eff74ab67006c
a87d4530-9c97-4b91-9b51-6ad845b96f59,check,ae04bf29b0aba1b35d0fefaadb4df08dced9bc5a399ab23006568e22e54a1f13
a89a2641-2be3-491e-87b0-d22b1c01deda,check,b78228a05952ee6412460696657edb4079814b230f539ff867144db821dc8054
a8b0135f-48cd-43ce-9502-e82fffdd0923,calibration,e3030d9c0d41a55ac086a2d29fa2662a3f59a5e032f5c36ee920f3f880a38744
a8ec65b6-7709-4eb1-bfba-2db5a33da208,calibration,e72a708f3048096065759d90fdd89f8d1dfcb14652f0be8cc68569a993c7b109
a8f06db5-70a6-4e66-8694-fbf60bcc5f7d,check,3b20c34ef998d467a5e55808dc7ca33cb5e625a20ce4529533aa724818d9d938
a934c889-3f31-43f7-9711-f2ef30dc0a65,check,caf7e9026d35f3cb4d01ab05f3745b62aeda4ab4869d71e75c76b24bb2ad41c0
a93fb6b1-5baf-4d55-b148-e82e6ec37058,calibration,e9559d9816b134c46faa319c6377933d304950611c4180599ab9d5a17bb39d8c
a94977e9-fe0c-437e-b4c8-b3e85e689c69,calibration,551316b5a9ded9155b92f30d3ba2e2e41b968d961f4af3a8a5573bcb1e284810
a977c34f-d084-4c9a-ade5-67316628db96,calibration,624082113bd2ccae92b833f00fc4b98fc07178607dce5af0745eb39614db9b6a
a97f7e6e-b83e-44fe-89b1-146dbede3346,calibration,81a482f300d0d8ecd704913f697fed2309220c9e7f9bce0c9d5e52c952b29064
a9a97af9-20f8-4934-8ff7-05577b5c1772,calibration,7f0668b76d7e3efefc31b390e6ad31d9e6d6192230b8dd7177b25c7de0792939
a9b48be3-c0a7-40f5-847b-b83bd61a4a97,calibration,24ffbf549afae003058dbb669eb9ed3ff402f3c20e2ee2a62ddb5a4646df5bc9
a9b61642-791d-4bde-ab08-9f7e6cbd7e06,check,7f6cb0188c1e12fb31e44f5678211e74a648a4c763e395a60a6377c5bcf9df81
a9c5b888-c2e1-4027-bee6-a124326eb0fa,check,e7e432198c5507e6e75447b416603f6972e815118b77b077d00d05e1a8bdf1da
a9e8544b-343c-4a98-ad6e-6f3ca003fce0,check,2fbc2327132a6355c7b8bb4d80320e082a80a9c379941f1a81f1b381f496ff73
aa119845-1df3-44d7-9493-f8c7232f130f,check,6b4488dd409ea7741f0053d4eeab0070ca05572fe5012ee3697fba4d0e19b241
aa23aaed-af48-423c-ac14-5b0c088f86de,check,4e27de650f9baea8135a89d4fa66d807b409fbc46a56f8e2b187d7b5b9f6ece2
aa391e58-7408-4fff-91ec-02aadedb5ea5,check,e7a3d84454d2512957485544a7f91b54ff43cad207812517595eef623d60e8b4
aa3eaf61-982c-42e4-8816-898a05da21a6,calibration,5f851f14e230b53e84844beb1208a3f45aefb110024fcf8f30c76f93d57a33af
aa5974bb-4fac-4c01-992a-a39170cae9c3,check,77dc972638c3ab695669b9d033cfad38f854cbb5c433663069fb0a624c49a163
aaa9b109-03a1-46b7-95d3-2aec5d89a5a1,check,e5e105afbb5bab6232ba6536dbe015927a7b3ee50b386a5f3443f76f6b36d8e0
aac1eb60-6bb7-48f3-b7a2-d9e633eeb929,calibration,a87aba83e5e0686a14321fa8d1eb98377dcb4c63cb38781d10b326071f501976
aaca4ebf-e567-43ac-a6b9-c77a4f740580,check,4d55a2e9534ac416b647cdec6ea163c181b8437a808b81741a9b4004f1ee3f90
aad3f86f-ec36-4c2f-a7bb-03ed5c6b9fba,check,d172057ef4e576642275892572bc97a36962198c514c4229f282f4bc6229c90d
aad4b063-7717-477d-b265-c510ce24e7e3,calibration,60935a66b7d1f7fac0619aaacb564527f389374f01ee7c8d0fb91c8515b8d7e5
aad5fc2d-a306-4671-82ce-e445e13a09a3,calibration,628b1f3fe73655b9115efefa3472e1fe83ce35180af9a5e0d1be31be996170ad
ab00064b-f523-46bf-a89b-52988d90cb46,check,2925a41457d9f70ae6167be8d40ab4ab9f331c91a50ec0ebfa5eb5df0c77c9c3
ab238505-80f2-4931-8f43-41210fbfe2f5,check,1b569df861ee0ece1ac77b9713febd8f44889960f4832852477583e6570738cc
ab4bd541-fa2a-4545-94e7-341537e90b88,calibration,600873131d79e90f21e4f26141e5d544ca52f2bdd165d0b3ae3686c8d23797cc
ab660076-dd2f-46e6-9fd9-fe4b74e8729e,calibration,de4eca675bd875a04e80dbc74dc2d0d4065ac3eb9ace772fa0a81d3b4770cf58
aba90212-7281-4ee2-ac1f-389ee09e2062,check,323f1083dcc78b0ab1db30862f493ebd5a5a5c8ae914b9333585a89a8fb1f411
abbfaa0a-56f8-4af2-9a9e-c3999aed7bf0,calibration,fdf646720b085fe7d28ceb4f2cbed8cd3a79a8724a19bc4e01f682f5ed81ebe2
ac0a1011-f561-467e-b256-08eac8ed0162,check,3f55ac0fc0a63ff8d78616d6cf914c39cd960575391969c30a7b0578bc64f5d9
ac0fc382-23f3-4ada-84a5-3d6d81e18f61,calibration,47d2415f2482d82821b7fd836cc28a20619dcee0225547ade2a6056b9da333cb
ac3329ec-0b82-4777-ac46-dae6537603e1,check,c04b8c2fbb5c0e3e9c35753f9ee5bcc0654b4e6848c83c0247a6a189ddd9c9b5
ac5ae0e3-51ee-4f1c-a1d0-ff8e0b71e447,calibration,b6190f416902682129e2397822813f200806876fff46b6eedaa92a6043e4265f
ac5b57df-deb0-42ad-a0b5-d24a6bdac7fa,calibration,659db048413d31baa78692c15a44437a82dcf93b6ebb1dd98676e4bb13236446
ac791f97-f9e8-4f4a-b5d1-d1ffecf9db19,check,6d3d97501e7932d628a96d470d118ff82cedc0b441f799401bc9d267cb33c67e
ac83cf8d-b8a3-449a-908c-720cbb0ec44c,calibration,98eaa93fbd10c724967dd7fa76b8f04354669407119d3cee2de5eeb97a651300
ac8febfc-aef8-48c1-a434-533bac17316f,check,d8f4a024029983298a8ffee197e796b6e63d47dbfff85ea47d7f6d9b4ed2f75e
acee9826-74c2-4c49-96d1-65cefdddb567,calibration,5582d5228df6d9a96a813a0798cd633c472221d41218a570a9902c12806c63c7
acf65795-bc74-4ea4-91b4-a8bab905ee52,check,0be127a166e154e2b8c128fea412bc89cc9470ee851349fb7f02c3fed852f624
ad029f07-4f1a-41d2-b98c-490475269bcc,check,f082fa57ddfcda14b3cb9a9225fec3ba706714ddaf7c4f00cdfeb7bd21f41563
ad0e7ef4-65a7-4cce-bef3-92cfad8379d9,calibration,5efa18dbf1398ddcd6699f825a0393246f6be55307c5b06b5a1843b7d770820c
ad2f0dd8-1997-4cc2-97f2-1da9223b15ca,calibration,a088ccab4d6ce439b09142760a591e8da3fefdfb9b40d71833f6e76a61e72cf3
ad50244e-f42b-452e-9c94-a347374339d1,check,439a4fe7b4c3ddd272b79bf0f4eeeade9192651e0e2b217dbb995490b95a90ef
ad50ebc4-84e3-4599-b6e6-462227f7d6fb,check,1363e85b74a9799163e9613288a9e394413d9fab25bb77daf3c60de25d25f8c9
ad63427d-8b3c-4586-a949-b6f2fda7f730,calibration,d85aacbfdbc5b7143937f6b0c0d09b869e0482af60903aa03987c1e9ef4464a1
ad795bd8-3414-4b4c-9bb3-e59a3f39427c,calibration,36f0a0e29a02814a33142624e61833794b36090e7cdca13b832e2e316ab01fe4
ad96dbec-560c-4a5a-97a5-88f6e245273d,calibration,0e6e95c770f40b481eceb961ae67b9175ebd04344fc7897e877161b904d2b4ba
ad96ff71-5978-46e3-ac2b-ae59313a3f7b,calibration,55152a7bde3c28974fe5feaa8c1e7e96a48b18bedca713522c1c933fb80b7a9a
ada7d1d6-3a55-4589-8175-354b22da11c4,check,9635ce35a509715b913b6caf3e8dd2f843c6d845a7451aabb1cf1387ed8307fa
adb11e20-f908-4bcd-a67d-e389fe51cca3,calibration,51595b6d3ad0dffa9e4cbce1752e3f8143c7c8ad406cb83fa11cb87fa826c7ff
adb93c6c-8607-486a-bddb-084c25c6e60d,check,1ee0dd1697c257dbc97ddccbed55d6d111d35d844711f7f0a21cd5e6dee811ed
add2f4b6-677d-4d90-8d42-d486ca5a3243,calibration,f7794e4e3e635772451a0cf5e7e534896fbc2b3642543a6d25a30a9981ee4feb
addd36e3-afbb-4dbc-81aa-55a1d8584a6e,check,3126767b06ae7d935f4860e7b04228ba4780740a85be3550a94d214fa5186599
ae8c57ea-59a2-41c7-a113-df4393a231d7,check,9e198d4973dc3a271fc0ce0094865f69280c2c23b54142f06d5a6d590fd5d696
aeaf64d2-bbda-48c4-824a-68e35f16851b,calibration,0d16d0f88965455a919dff1c41346ca336867982cb10a049ffd04b88bd334506
aebb036b-ffaa-4aaf-9b42-d2fc06aa6b63,check,897d3ab219807551c31d13ae0b17d818aaebd0d21d958adee9d158f1dd0a3e98
aec557cf-26bb-4088-9da4-a362672c811e,check,e562c69a31216944fe50564cf5af2295624bcf5f9a77b18f182aff9bf4fac6a7
aeddad07-be47-4654-b559-895df41b3d59,check,756772a09e582bfb220fd14f244eec7018777b1f62fb5a2756629f269f49a79c
aef36c93-a033-4acb-b017-31cf7b54717a,check,5afeabeaa53f31fca931bb7e7ac74efc3aa6307b068e2542e95567a953449acc
af12153f-f94a-4275-a97a-8940d3c1bfc0,check,4b8c763fcda9fe2aae9b06efafc73b86b5340f986ba2bf3ecda7faaa3cc22488
af2347f8-ab31-4a78-b016-0d53469ffb05,calibration,043bfbd4ae67705edd17630c99168e3fd88ba7ab6b8feeb29121c1e061d7367f
af2bed82-ca41-4fe5-b2ce-860d77eb3fef,check,7725a2c98ab7f35bf62bb54b76925b67b6f6d93c070df3421ea346ce76d6f345
af340e77-5e6f-47ae-8ca9-30491d53296a,calibration,68450a3736a13975b789c24509814cac2b2a8c8d027d159715d01012472b1dc8
af57941e-1109-41a2-bfa8-69d246c185a3,check,710a3c13182c41614e6bb698892294f6c3ac527d00c2796f552839aa6dedff21
af69780d-5c85-449a-b5c7-6b12892513ff,calibration,1045007dcc684183a04872c98d37773e394de2f54dda2337e71381651e665400
af7fd728-6de8-409e-967b-e076dcf1909b,check,69160357551e9b47e4832e8045734bc90cb71643a1b3321215403ae45c92022a
afb17e97-13ec-4901-829a-8db47a51674b,check,2dc6fdf51949d7cd4f14d077cab81d5bf790bbba00f374d8ecd62af3f6372f37
afdaa5ee-34a1-438f-9b18-e946febd4499,check,02cb843699a1e5c4e08a4db67c79fff6d2f44f44ec3cb7901d1341164d1504fb
afdf3ce5-40ad-4d33-b904-7bc4560dcb50,calibration,13c6c74270c2bf7e64cd5298129a1e1736c7bae064e77701f0c1389152da9ead
affdb263-55ea-4e54-9ef1-5ee42795d3a1,calibration,a357c0994ba5c68c19fdc8bdac917587afba33b10355f938ab40154716d51921
b00ae272-355c-4c4f-a1d0-44602490391b,calibration,8454481a454c707adf9ed1473e00c9ca876cd16f7f44f566a3391c4969e49acd
b033f6e6-ee6a-4bbe-9e08-4a8297a9fd3a,calibration,dc42439bfd30a1c310108a2d02d3b9a901b89da23ff74e02c70fe71823333e4b
b038b41f-b49d-47a5-8cb8-a874b669afe6,calibration,d4315b2638ee915d8d3b0296e1c6dd1964e74e56b11e263283174e11c1f0ceb2
b0492b54-9e8b-48b9-ae33-2430a5ca357e,calibration,96c71c64f8eeccc2a0e632bc947e4ecd2c509fa3170cc671e698d0c1c7b6f371
b06b97ae-ca57-4305-87ed-08f7e5ee94e8,calibration,a03ddb87a9701ac053baff37bd594def9de3a1dd64aaf5add73f410ac4b0537e
b09c3d83-eea1-4a8c-b7ba-0ed9e4cace88,check,fffc897e77adec644832c7977a7ae1108f62b2fffad973fbf892c2e7bbc19e95
b0c770c6-3823-41eb-ac8b-de63ed231103,check,fb359e11512cfacfabdade3efcca2da0fc905ef1600dcecbce8868e703dba7d7
b0d4b14c-5575-4273-8320-12f2668e3813,check,1f121f7f646e59c4a2281af0a5fd1487fb1ff5e1c2373bf649abf94b73407b3a
b0f1f254-7f80-4e10-ade6-276acce46f5b,calibration,b76913ab672305d67de91c6777a7d9bec5d687b03dca0bcae9cf122639360dda
b0f758c0-8f2a-48a1-b026-d90957434826,calibration,6682847ce0213c38cc965f9e3797d9a0f76def415cb6e7b77ca1619654b0f39d
b145ad66-0547-46eb-a6e9-b9c3a2a280fd,calibration,c2b9cca65413b56217bb949cb87de9711325738c0668dc7de480f7f32228dd26
b198695c-20b4-4188-ad91-f0bfeb91e403,calibration,f8f448fbad3cf55a0afb87bfe6997dbd61e4c1bc03a1550ffd737dd513c21d50
b1bb03b8-ed0c-40af-b22a-05e01aade804,check,dca3e399f88d151903d2e446da45c802033337b17ee2dabaaebe45c7a4fff204
b1ca7f12-3fcb-47c5-a71f-88d11e55c4b1,check,08d2a416c997b26b8f845c91b02bcbd43541fd54df6aaf9f67f0a36f9d615655
b1d3f1d7-8b09-4f4d-91ef-6846ca974462,check,737e7088ee35c047707a5556582ef59000cb6c0cc2ed8e10f231fadbed6da59f
b1d4294a-9a67-4385-a06f-cfcbfa5a6828,calibration,9f02b75fe3fbece73a1f560b9e049bfe0ef877fd3fcda3f8dd07d7f0c2adb8c5
b1d55e5f-2b24-46db-a374-cbac018c1803,check,3ad0c424fc0fb564bbd40527e2142271878c9166a83e77f255f4f83d92b6f4c5
b1e3797b-40c3-4eb3-802d-67827e478a71,calibration,487ae914c513650f025cf5ad0d244ee069c0997b96e07880540850392b01958c
b1e82c0a-4bfd-43ec-a049-a74b529ea688,calibration,840d46c88d269d41aa33350e1e74ec2baea1032f4f92bbcf55e331b8f7a85a56
b1e9d1ef-bd40-4057-b60a-10468cd01377,check,8f9ecc6c02ca29215ebd554395c712cc5d4bf307e6d5d1d91c2233976d0e119b
b21953be-3902-4887-91df-46eb5a71127c,check,a7eff6e84374a4ee38b83111c7780321653fbb8d711261f366e5c0c8a7737bfc
b21cde25-831c-4c9b-8488-943e7070b090,check,014a1b723401a9720d67c5af924543ec75e6027656dc53246dffbd5eb7f201e6
b22219aa-7c1b-43b1-a73f-1cf706346c5e,calibration,9028e8028cdf8ca66d2991583edb55044970c4ae8724db238feb6bc8da9087a6
b22d9f20-a0c2-4b43-9706-d2065c21b186,calibration,23efd04fd2f294cd297ed7d00b3210987e10e5876160c1b5420f53c00fb290e2
b23348db-2f4f-48b4-bec9-f9dd947c7fa8,check,4005ae57f977f8ce5b6adf4f1024eef87558894af8f46070ce5f76a6247fcf76
b240c71e-82c3-4e60-ba83-47d272745918,calibration,9419bf3155853b5d7ffe36b9ba061a8aab60ab9ed5012dbe9e00b5cf3825c133
b2548c6b-942f-4f6e-a23a-f82e01baf39d,check,237ae36de28bcfd7691d118ecdfffb83498aac33ae63653e905414cb99c596c1
b27a3a55-d702-40af-8aba-ef0795c04bd9,check,41e77a044e9f5042f9f98bc79946c156092e81eea0cf24d1b99154984e593bb8
b2828218-fb0c-488c-bf46-d71387ccb81e,check,56d2c3fa88ad2d447ba4982c87553d9cbbf98189fe2f465edee141a141d8f4f5
b28a3818-9649-48b1-b6e3-0b079aa9053d,calibration,be8ddf03e7c4616ac5f5460e422cc0855df182b898ddd9d143de05a20d4189c8
b29019d4-c3e3-4529-bc90-5f885d9e5a58,calibration,3b7c8c602b28348b0acc553cd4af7477815c3cb4d907bdde256897f0935d34da
b2918717-e4dd-4b98-8469-71c9127b9378,check,fd4491c57281429479adebca09d7d45dc9c138d1ea5b0e0674123394b1100d7f
b2c416ec-1927-4300-bca9-63e70af0a7a0,check,9a213db7e5682c0237ef0f721c246a8d1d1e14a6702f460237093dcacddfade1
b2f9247f-bd93-4d71-ae3b-2df5c4c01410,calibration,9ed805d113e1900d4cdd75d726942d97a7bb3783b2fa232d7e731fbae8a45cf3
b3284227-cc4f-434e-be1d-359cbdb23af9,calibration,1221b8ca368cbe06e8e36897e7d2616377ed6c49bf82e4fac62a4ed410783ec8
b37baf08-d316-47bc-a363-eb419a214766,check,cf57e7b57b51a9df84cc265c6fb46f54e1c2764a7d8ee9aec6c41e83ca4b7e04
b3a1c261-4dfe-4301-8793-758b5e66350e,calibration,e674de41b7bf66b2031a212d3d7482215f1a4aff0fc9e2692016ca744dd8c3d2
b3d4146f-9efc-4283-8d41-dd32ee87c8cb,calibration,bf90a73714664d3f4c87a636f23afdcc79dee873e4cbce04b36e97425759f528
b3ec3aec-ee90-4c8d-9b64-0e03a6409a5a,calibration,b60e8ca0f9381d43c5fe4bf91fc9a31a0bde93534482a284a29327c081f57c5f
b4194f77-fe53-4c81-ab02-f7488aa5d034,check,6b8a93aecd8fceec28637bc52172f5f667614dfd1047d2d131f51ef9ee9b2644
b422aace-8841-4f24-9f40-f03ec827e2bb,check,93f0a32b8dcc5af7b7ad94cb9b96a49f2f9f4ac69f7179aefc37c4c55a1bca6f
b42d2598-ecf6-43a1-8263-a5548191511a,check,e98371e73a76015fbdb53977bb0319bc7f94214d4d4a982a63168e4c334d7183
b43feecb-0b9c-418e-80c7-883f9fe3a9ac,calibration,4f4e0921b41c7a923883f26a78af31258d0f0c802c30dd74d4099d0379e4d6f3
b45746de-d709-48d0-97f0-4a0505514026,calibration,0fecd3308ae0205a8bae0c4e3422201493493963d33186248d9149aa89167eb8
b45e1889-02d4-44ba-98a6-564c575ba24d,calibration,a56ac590b5636c7a5fbb57af4fdc09e23823fdd1b3c6854668af046db60b1ac7
b482f516-2a23-4a33-a9f7-709e8291c4af,calibration,dad7e856cbbd915f1caf0c3841feca65c2e0f8b5771ab19988d036a6ecd9c2a2
b49f203a-0d22-40a9-85b3-82c3619a5a5a,check,bd241753e1e7e4177329a5daefd844f38571064d2f1ec1228b742640eb6eb96d
b4ad6175-e1d5-4b80-95fb-1b7373555199,check,f09f31f94e1bd8a142715abe3ac34d548c9ad58df3d870a09f3cf483a44a7996
b4ae58b2-69d3-4606-bdf7-47bdf9e78483,calibration,a7c8058ff713082b9c4803065692e0c020c61b7d674b24a8fc893c4c9d82ba7d
b4b88546-947c-486b-9aea-a0f12ec51c02,check,fe790d5c2d14d4d78d25fd6e3a31a8daa37a3a92551c3b0d70a6e73b66cbb464
b4ce2bdc-4498-4d1f-b933-f940fd0f6ee9,check,aca14453adfd96fc13586ee13c457281dcc1391721b17ea6b2c1a3e43e46ac42
b4e2fb8f-40d6-4e80-a6f9-fb9f1a5b8a9d,calibration,9906eb7bda375153d7fe3312dd1ea6d3d6cc42cdd68364795e252c4a9fb27300
b4f6ebeb-c125-4f5c-99ef-9c341feecdf3,calibration,4ec6371d653136651d80ae38a826bbfb2808ddfe1ec560e8a1f91f13fa5604c3
b4f866a5-e071-484a-8446-4e5f9969dd9b,calibration,c213d73880cf758201b1f51b9495c287cba385ad04945e6a7722fca9eb17ebda
b51142d4-46b0-45a8-a50c-c65bec669cf6,calibration,696acd1e3a77edaa47ad847140da374f59694b47daa1e3c2df8c1d82b5a54f79
b51d5c56-1f96-4b62-aa17-fec604e7d22b,calibration,55303cdd77b1d8e7345054e5ec88dcf55cb3a690ec55dad17efbe9635fcd44e3
b5311417-fdab-4d00-9181-4c85adf56a23,check,1f8517d2d1b13f315359be4a96c4b3b36583cbe107fba20f6a907e4e4541ee85
b58f2aac-54b7-42a9-bbd0-0bd5ca5a27f3,calibration,6ce2e0d8f069e0f15a757459a2b402f577652778286f9a373b32c4496b1b1dae
b59bf7ca-1cbc-4b35-b497-080237603536,calibration,d43c15d5ec49705a88ebcc2f590249096efb22a7ee69256f5e9f2cf1fd7ce7d1
b59e6f82-b0bb-4627-bb77-aa3311daf37e,check,470153a11fffea85484bd71f4da4749aa40bf4652947ec7d10a5b7b019077991
b5c2f3dc-6e97-4551-9305-c2d8ef8aa786,calibration,139796e04f6f28e7a2581db3dfb21bab59ae251a1f6c0bffdc6e0dee1e8a193c
b5cc5433-a22e-4920-8c0b-b1f5185a1803,calibration,b553c2b102d57c1a2534ed9d0007168a68c0a70c6c93aabe081553164faf3795
b5cc9624-1973-4a69-867d-ca3e057472c8,check,959881b7f137190033f82b42411c51cbae25d6dc96956a0efda5814962e5307d
b61343f1-8e64-4d3d-9a6e-af017f603c56,check,6742aeae117a34ea64b29e317aaa4455f2220ac32afa18bb9b650c683eedda66
b61d4dce-9f43-45be-9f2e-56003da74644,calibration,f5423935d3e31e793ea51776ac6564c7a13ca5c59c933b4bf30486b913347238
b643e0a7-173b-4a4c-b9cf-1d74b8316288,calibration,3bde61141d1cbf537a8293a41bcbe44f05abda1205941a266c87099f92248d21
b64e85b6-7fd0-4ccc-bb26-d66201dd4176,check,296871f3129ed40db43a9917ca47b0767432c5bcb349ee853244370e27797b4a
b65623d6-56c1-47e1-afba-d19571ba1cc7,calibration,ac2095d95239ec57ed6d312f59e6a14a549fc82bdf251414721503fed238ba9d
b66444c0-3cbc-442a-b335-8d99fc7b8e0d,calibration,b67f2a90fdc6777eeaaaf4ca01842e158f85a2df0f064a57bb50f98e8b0c5b73
b66c2bce-dea9-4715-b56f-a5050615a831,calibration,0901a5794cb1b8db34bffd114cd4ed90a39d9e4b6c33304de2df5b5c67c753a7
b6847c8b-68fd-47bb-b509-1b4544017855,check,c7a511a1f162cec0074f07bfc57240d0445d7a4a3fe44ba9969c2dd9ac3dd885
b69464dc-f5a4-4c31-9ee9-c79ff47ed8e2,calibration,da0aa3382a12b7d56d4ce03ca9682f3f8756d19db874d47847cb61183a25aeea
b69db99a-fa06-43f0-ad56-12f9d8cf603f,calibration,363e5f4104029006c8fb9c16e927b452077a98ba494f5ec24c199bd128178c54
b6b18e72-b19a-4ff2-9efc-d189c0bb67b9,check,7bd73f3c707c5e5dbb6b4fb5fb1136631f416db1c6e0622b589d2e8e8a282bc0
b6c6ad5d-fc6b-456a-8933-2001e55a3e7f,check,a91276f38f83491e27f25e18f09c888647364099bedcc396989fc9455b6b8b46
b70969c0-5b20-4d33-b9ea-601e935c3bf3,check,8c9325d8ee4cbe3e5d9dfaa38bf4f2f89dfd0ab06feb0d4e4733d9c9cefdb40e
b710d0d6-91f6-465f-a202-429fe5d14443,calibration,f4cbf740a121f5281239c4a5a62b393ad73480e62c562de04dd20b70453ccab0
b724d7bb-87bd-427e-a296-01e53bc302bf,calibration,1e3a58cbfc1726b21ac390651b2a4223c9ff9505d71f81588534213fd409fbe8
b735bf18-e758-44ca-ab82-71f931990797,check,1b899824326b149fcba0153da46d30f43909ded39f8e81979dd43f587a99de56
b73bb6b2-e3df-48de-b373-cd3bc18d9ca6,calibration,55b3b6b7ef642c4b0adc868bdf4ba0f94935a8c4b3926f5c3591265300bad6a1
b74cc3b0-4856-4b3e-a3ba-474db1570c2c,check,4a00bf76b8a70efc09711f8709a20d3d67c1ab2ff48bada97cceb75161e2c3e7
b74feab9-87ee-4bc2-b9b3-499e63bfd9f8,check,1bf4c69108dfd4c601f8bc893518f4696163d9be617eb168f1be055a11e81787
b761eef0-93dc-470b-a745-28041dc916a2,calibration,fc2fafae4f04e0e1706c7e81c4c81d8ee53c73f064ed57cbebd3417552605882
b76dd6c7-2192-4914-bc5e-df7f0e199449,calibration,9693eeaa29187b444879c5b78569a59fbadd2768427892f5b49fe62a5100389f
b78bcd8c-0ea2-451b-8378-e08014c8aa87,check,5375c77a20cddaa4bcb8b00d391cbdd29ccb1a35db6a5d587aacae13c4c0ddbb
b7958520-1fd2-4b75-a63b-62b12ef248b9,check,b10a013a0da5676728cf716dcc6be22d648233e8b4b81624121a9f057cce975f
b7991a75-a061-491e-9e0e-cfe6305a5da1,calibration,792abdb24b04f66894cba3f354cbf4be3dccff8d3ad0ace685d70ff7e8bef4e8
b7b072f9-5397-43cb-98ff-af90844b6593,check,eb654d6c698b1b8fa72449d97368fbab83c90a724af43b9da3e55473f68d6ea4
b7b6d831-1f5e-47b5-8505-c29def3f0810,check,a0a2c5b2f7e8b2e516784dd3bd66400aef0a32f11de2d04cb137841725e5e15d
b7d1b478-9934-4775-8dec-41edb37cddfb,check,8bf8db10eb10bcb9ba2823f255dbd8582056aee4e8cf3a6ed88f221f03603501
b7ed9d89-9444-4356-b274-ea57b0cc8eef,check,e1b52fe5ddc27965939e2c72ccb1a42ffce24d5f954aee2c4b6bc7b6afdf484d
b7f2d0e7-555c-4899-99ea-3c114f76fe0e,calibration,24522ef5625fbf467e5194dff64c2fc491c1a7d693377e26edd5c9e5d7f1bd73
b80be0ea-6bf2-404d-b689-373b987c6611,check,c6671680ec1143b9e1e1561bdd6cb6abd2cf028090436a58163746ecdfe94bb3
b8436418-7ed1-4010-9b97-9da2e987704b,calibration,aaa3bc47cd48298ea82e738f2d29b1c715971c33a87c73c280362779924e6370
b86044bc-00d3-44d7-a8a3-c8ff58fd6524,calibration,f5f483b078b96ed2a18984e48c73aa1d2151684a28b13323fe3de61b1ce3d52d
b860a0ba-f62f-4305-a8bf-74cbd368164e,check,61055cb24d3e4984558aeef140fd030fb70ff7e2b9b39ace75d93a3b0b5b6fc3
b87d12bb-5c1d-4bd4-bb3e-fda1a3ed4f5e,check,61c385e1d8ac832c94c7bce1bf16d9cf1eeb6a80d18300cfecded88624657d26
b89366f2-6387-4cd5-92c2-e669387f7f52,calibration,475de7f538de2da0de0818380cbcc271fa1622f17ca662052c3c250d351e0f45
b8983227-763b-4723-b3ee-149af83938f0,calibration,dcaf84ad181cea25c3b330486ddd3d37d49321668f3846e6e496527569a1b27b
b8a645e3-c5bd-4eb4-baed-52a8fe5aa112,calibration,c8df32f23f2430464ff5cddcda9a5986990e58890401435209882fe061530361
b8b559e4-9337-4d1f-ab20-516caadf99dc,calibration,d95c8f5334a01f7488640919ff8a50471f4c70667626fdb1d1d2fedc2956abe9
b8cafccd-97e8-435c-831b-22115f9bd06e,check,31b1630340635614969754b2e4c20a501aeec1c86d0d2b7c822408cb6a52685d
b8dd946b-d1a1-420a-8774-79a7503741d8,check,a6047557e4e1ad840ac4d2c452d39c329941160cf8a811e3b70303d53dec7cbf
b90b5e12-c1d8-4a59-8650-9c0e1a2d7a2d,calibration,b9a38068ad8ede8716596414e47221b70b3c2c13a3204abd047238bd5dfbeb45
b910ba1f-64a8-4649-bd9d-9df7b2f09423,check,ec9f43d1ab1d05f0dabcfe2139e8a6a1d437f0cca1c10be6a8f6ee7bb9884016
b9235907-e79b-483f-b1c9-dfe822495426,check,7ff9a776f6e9d32681b07a66b4ad987e8c47888ca6cfe46fda2574acbfff3002
b935888e-3867-4f5a-b89f-89c85f806d8d,calibration,f7e7ae043d952e483d988555de15db8820de2493df191a5d22256272384b3b42
b94379a0-ea83-433b-86cf-48b98f818de8,calibration,6f06e1b94fe126a00a7312880e89b0900c337ccc4341aa711ac1afd90797e264
b953b765-701c-4827-b604-f21bce339d6d,calibration,d180fdfc0f308c146568f715e0f8e94ab96d28f2340f9f128b1b2e336a54d68e
b97363b9-d8a5-4332-8860-b54f42cb46f2,calibration,b6b1cceae4fa7e60e7fc3e5f6cf6de948758a8fd6447f4227b3c0e4aa106ab81
b9784a22-413f-42f0-83cb-fc15882d6a8c,check,7b8f5162213dd507f9479e03f9aaf7d53ff419e009488116d06f91f17e3ead86
b97a218b-7960-4aeb-bc27-b0b3968b3df3,calibration,7fc7c255070b269eb2aee1feffa25b6b0132429aa6cbf1606683b4c32f953d70
b98850f0-53f5-4402-8631-71dc1404b427,calibration,7423db7e3d8017f1dce22655925820005d9e247fab4b8e9ff72f0f67c20067c2
b9a59339-9011-4f77-aa7f-ac7ddee2d5b3,check,ad9141760f64bf99632637b554f951174d056c3bc4b26e588f56f164cc0d79c0
b9c0c438-f663-4292-b9b2-ec96764462a8,check,c9a0d89bd40909947755ecfd4fcf9009c420d3cf179760a8b8c49b67bfc6f65d
b9c1434d-c761-4203-b94a-e8505cd7aab3,check,4f4399e92fdc84039042cd905a8d822ff50446061816be0097dc230291c1c16d
b9d76752-816f-45c8-baa0-9a091f8f10e3,check,121698c806d54f275ac7b73a952107f6991d1c12ac2879c6b1dc7610b84659c2
b9d82fe7-2f6a-4d1f-8d75-495cbe6c5826,calibration,48aed04e442ec6f367f653311c71e1d441a11a3e5e959be95b41cdc1a9d3767a
b9dcd9e6-d362-4cdd-ad9d-d4d7c6b22f86,calibration,bad7abf122a58a6ae6e2d5fd33d121d37851edef34b86d9fbce45e25592fa8fe
b9eff30f-e525-40f6-8e56-72c17bee4398,calibration,f76724c46580aa5771e71cc8acd92a87b988ff59b9d28b3234816e53da041c39
b9f89bab-bb25-4fcd-94e7-0e50950ff7e9,check,199e8be0abe8fa044780b6b33566b2046335ffd239e6ee1e6c3fa82bf55dc4ac
ba0e2c10-a496-4e97-9e25-5b023933c547,check,cdb4b9998cfa8b91bca4f8859186f9119fc91ded4607639cbed588664753ae45
ba19610a-a724-4bcf-a3a4-c2f93cb298f2,check,a0e96de73298a814d16c5d50bd457e8be5f48516e20e9c654db47756c2366689
ba2e678b-f5d3-48d4-a138-87438bd39b16,calibration,c3b9265664dbcb95efd0620296945edb17645c41fb97e1891ca6dd16520d840e
ba835a77-ce93-4701-86e0-bf54ea35f118,calibration,bc103e88e88ab9e4d5e4be451dfee98757073c8f4679e89b3178997515c65f0e
ba95f1fc-eef4-4de4-b389-26a935c4afa8,calibration,0c92d3ef45fa40c0c9f5e32bc4c9927d5c9c9c53e6b0afb285e44b9401945caa
bac42a0d-3e86-4321-a675-e50cc2bdc936,calibration,a169adaf438838ccc690ad2f41c638283f4229ea686a0158f5bebfd1468b8b6c
bac8ad15-df0f-4b63-a145-38f1ece726b5,calibration,388a9459c2ce1b8bc50b2385c3bb0721606a53ed401774a4d928c40a11e7e3ce
bada18cb-8db1-4967-8123-b344e8ff39ae,check,3f6647a44b20bed055b4d3e236131f61b8476e0be122db0d5c4af64eb8779711
bb0ff4ba-b68d-459e-861b-0c09dc668e1a,calibration,12e269417202dd709d646ad6083d8b147757b9ac50f03ec61cd44f87ce13ae63
bb15d682-a05b-4f2a-acb5-2188b25b0c88,calibration,67dbc80a4b7245151901f8d77c7b09753aa9c6cff63d0cb22fcf5c20f8867818
bb168e44-a54b-4afb-85df-dbb8457de5f7,check,4a6a64e94843a49f210cc785115e1cf48fb67ede01f5c91b4aa0686ffefcfa42
bb38db76-5ebb-4e35-b968-da89956a2644,calibration,5f1663a560e3717db8cce4e81ef3899f534d33e688db17a3d996d782b2c1d7b5
bb3d707d-14ba-40a4-9fc1-ef04f107f1da,calibration,2245a332d8345c28fb70bad597ebc5cc096acfc9d3c1145de28aaa0a48054f0c
bb3fe720-d0cb-483d-be2b-36cbbe6292a5,check,ca78121006c34762f5033a7442c4927cf114c43ebb45ae34b79ff8be73e641b5
bb453e7e-a5cf-4a71-8a36-7ee0afb7630e,calibration,3fd7c1cecea60e2b3a3cfb1cc181060bf2c0584d33e452739aa4d159567f9d54
bb5005d1-e10c-4954-9b65-1558fa53f304,check,5a3992f1f977aa8baa819e5df8b7a1b023e4f7d785fa431a07395c2e43b7d719
bb72e7af-69a3-4e12-95d2-2f5b7187a6ee,calibration,c17adf0424f1b97483e64c40ed777b2ebb465b74627ca222e42941da381d6fa5
bb979fbc-372b-40d4-b41d-df1b7ec10c6c,calibration,e015ca0deb3853ca4a986ddd1748676e87a37f7305430c1947f2da9336f05698
bb9a5258-c43a-4af4-89ad-807506de5fcd,check,18bfa511cce517f12fa344e48aaa5e1b189974840b18d2efcb77cffa077a25aa
bbb4a838-1508-4792-a2b7-53cde3b7b113,calibration,b7fccbec824afc0c9430c036b5f4beb5d2576e4fe1393b18251acccd0dc87035
bbdcd603-b384-44ac-a542-e9f0f7286512,calibration,c25b7ac71d663e3771738d665ef5d6546add6e4505cec397a48dbb98d17cd1d6
bbe17c6d-7d65-48c5-8dac-7b50870a15e8,check,bf396a173ca6b270e025131d8898c683d7b13bde17ed4a562482983a6488de3d
bbf6cf36-bf0b-4f78-9b09-5c0110405c1b,calibration,7931662b16fc6dc744c03ca73b5f10ace8316e5ea84e930f2178ee89f960aa89
bbfdb9d3-06df-413b-a6c6-72d6ea5917ce,check,f917563fdb148345d66c834825d2d8f541425637482cc89e592f16b3472367be
bc06832a-e45b-41d0-b85c-b3ddfbb42e96,calibration,5a115284be1f62aa0bedcd1e28f4d28f0710cd0278e92a7fb57229eb88974ed0
bc129d58-7510-4e04-9b68-0bf9123446c0,check,47bc26858f8388f313d5628ea3ffb5b52b03132ab2cdde6ca95ad3dac9661d37
bc238108-06bb-4905-8a33-11946f5f8301,check,372cc1e50bacafdb070dcb693c1b07628395842edce2425452906a6e704b2c6a
bc442b83-647c-49c3-be2a-c2923ae5143f,check,f50dcc7d415e363d66f3d4f848eeb95ccf3fbf7d6a732718056916ed968412bf
bc5281ab-464c-43d5-b891-354515918660,check,f79c9e266b4bd558f9150733af95ed50358bb9547c354455f0a9344e9868fd90
bc533536-dc70-42bf-8998-1a971a41a398,check,efe8d7c8ab428e728722404e15bdfed010750df99c3c2088383db95f3b1e1fbd
bc7d7e62-05a2-4088-84dc-4c53f27cb9fd,check,a512d55517efa9e85c430058215ae9ded716cdb3628fe372af9e7e4ce72b2180
bc92e2b0-f0b7-4876-b445-c8906bca85a6,calibration,8cb254de170971a4f9e1700fd877f5896b7b29963b30fffce2bfe0520c5194b8
bcbe87cc-4c9f-45bb-bf02-37e4ddd6b5a2,check,420422eae69c41e60be9c1da7020dd364db0c4585df011053b07beadd1b4dd53
bcbfe97b-a226-4e86-a108-ccb12f935ecc,calibration,bc887910ec9ebae2b877c7aa083ce42d46ba3fc4d7425591af2a3668a246ef28
bcd0ba99-d756-42b1-a6d5-4cbc8f4a9f76,check,7da0f5a91ca046c6cd3cfff993809a5dabedde3c8687bbaefaa63d390794110a
bcdbb486-197d-4682-922b-68aca4d38580,check,9db6d1f26510a0dc2f4156d623c6ca2ae55bd617a91e0fabcce7a94cb35441bb
bcf4a337-ac8f-4598-87d5-e9f4771abbb0,check,beac54d8249d7906d6166cfc29f4de91ce1180cf6b06e8bf69dcbd1514ed77d2
bd079ea9-af4a-455d-ae22-9d23c37535f1,calibration,cc87f0f825f4d827efdd43e405a627f50e5a24348610edc5fc692a224ee88692
bd103938-abf2-4b08-b0e3-af4f986551ff,calibration,c352d84ee6167063aed278f65e313f0dd4e5af545a8266e2992fc0558e89f043
bd17afbd-c3cd-419e-99e4-e2f89b503a87,calibration,2c50578591afe922f630c88c9464dd778d3e5f287670b2045cbe140cadd2cbd7
bd207d7f-4524-4725-af70-7e5223959057,calibration,8a681743146b5fc12436d7b16eed831f6fdd0c0596b14fbcb298855a1b57f31e
bd37473d-b2f8-42e5-8d18-5f2ba76546a6,calibration,43e4afdf1250a6fb8a888e24c4e01f2c34a69f9bf87e9dba205ed0ca49d83942
bd58357c-d32f-4f55-ab4b-bf37db4ee659,check,505db614ee431e4363a708ee376d577a913dd545b794c55866a71a28dd41f07e
bd82185e-8977-4389-89c8-999f99b781de,check,b6ee0242d5e03752699989b5e2a670b0c556e975beb359291d4c03a223aefa8a
bd9343b5-e34e-444b-ace0-ca0aa788f668,calibration,38c8d0bf4fad8ac6f4d079970df0cbbcdb5b851f144fbf3c4df49c3911422f4a
bda4683e-5298-4176-a6c2-6f2ae595411a,check,215575f48baf82b6e451d1e56d0c2695aee64c5849758a98db8f8a81353df152
bdb1f098-a544-4d8a-896d-63baa08e5f9d,calibration,8bc259b9a4a70957e5e0b344022c4122ef16deef95d0f1063b761a96a5cbfbaf
bdc3195d-5aa7-47f8-a1fd-e7c90063f335,calibration,351949f5fe9e3a04ac27ca9288ca5386ce15937f51de395b2e46c167ee56c3b4
bde3668f-e772-44e3-a208-96734918d49d,check,5dba1d0d29ce8a6bb667de263ce1f022a35ea770468ab32c8eb10abe5592942e
bdf68335-97e8-4f60-b37d-cfbf93bbdc95,check,d12799102838a402a5d7a14ff4f4a33be67bed9a19435e5543a465bf480191e0
be0c10ee-0c63-49d1-aad1-e2e110347ed2,calibration,7a4a0d834c1cf958882d1efff93a7e0af5c91df1f1c8fe1a796a39615d8e3803
be1519cb-dda5-4be2-bb8f-fc42e8a3a124,check,0db50ff690140ed4d481eaacaf20875ad76442bfb10ac07db59bc6063a09deb6
be28e22e-bb08-4c99-839e-f2f19cb1ba74,calibration,85350e2b5ada9c76c1da39268a792d3b689801f952d04d8dddabacd5f744ffa1
be379282-a79a-4f41-b47f-492627a60746,check,1937cb5809d845b2b3d92327127a9e6935cc4cce3751b2bd406436f676cf4278
be756060-3a3b-4e7a-aa8c-221746cc45ba,calibration,d8c9e2ce7e8c06c432558ab98fbc0efad8057c1d0c2247cefda45403c99fcb86
be964cd7-fc9d-4555-8eb8-20c3f17d3119,calibration,5536dcda9fe915e69e44583f892f752a1542beae01115946f48bb7c5cc00bd90
be98cdf8-4ad2-4cf8-8b1a-764138cfdd42,check,4aa5327d5a76aea8fb54b37fd88ee737888f9df651c06dd3b80dc3be5e7adb29
bea6687d-dee2-43cc-abe2-bbdc6eafb5f0,check,abf2e9c3cf6f6f15f9ea5ff7a489217449aa0a97818ecdcfe25cb9c356c76791
beb9417c-6b85-46b7-a84f-16c480bec667,check,74be05dd0150284a7aaa0eb06c812d90157ced10127f7cbddb1ecdf53fd3b0d4
bed4ce7a-6d97-417d-a01b-de57f3286b52,check,f19a9989bfd1a433a220a85993ac22d8bbfd2b0be5e5774b8cbf71355d954b80
bee17dad-f77e-44b2-b9e2-8a0ad57921bd,calibration,61d49a3546400ac95b89f17c98d7cb0f6ca5c52b5603e1e6008ac6bba97e6da3
bf1ab588-4575-4185-9913-6cdfec5b333e,calibration,3b77355f2c279114264ccb08cd54ad4b87edb995a78160524976e1d3fe4cd19c
bf2b52ae-7155-4f5f-bec9-17d19dc0c41d,check,d26cb92c11b68d320a486326ebafd36b41167bc7ecdb276c809df65d2c6af716
bf452573-dc3b-427d-b2b4-e5f6e5c4e5ee,check,9868b941ff60bbee3bfc28f8abc2f131e525a7e3ed08ab0aebc0196645590bab
bf48fa5f-aa07-436d-8e38-08691fb9468d,check,2d94272c402af3dcf632d1182f21baac616d7fee92611c7b350ba4f5e4eacd52
bf5ab303-c080-4d79-a4bc-f0851a9153f3,check,b994fb84ac89ff7db9d8f6cba078ea67520bbfb646e4aa0b238f65b545181880
bf64bfcd-9deb-4f62-9bde-2e8d5187dde1,calibration,c42eb338e90fd011e5dc3aa6f6cc17d1e58e2878a74d2011fc4f46fa1836c5d9
bf87046a-a9df-4714-aa0a-68c444aea951,calibration,2ebeeb8b939eda0aad5746f4295aaa15b5e626c9331b1e8defd81a6dc252c9a2
bfb52c3d-5c39-4459-8769-46eef4fa61e5,calibration,d45aedf9489e6bb3700046293f9a54fa34500923f353b0fffa27305ac5bb0838
bfc940a5-af8f-47a5-a5ca-8a4a0e4b61b9,calibration,8dc25cf5047800fdf08db43a76f2beeef4cf698b4db0ec32add2b37db9909b66
bfdd50d4-42fb-4bf0-b809-413404386a73,calibration,47577e1a18d0923674876028c7e87fad06fb01191880572f8feda7f1df97b91f
c0084bf1-3fa1-42dc-befa-64fb4b598ce0,calibration,d473bf5b7ef82848f8302f779527643c05c2ee6144ca8b60227d2104bf57fc67
c04f44d6-ad8d-4d3b-90ba-2f598246b6b7,calibration,e208e57ef806141ee9813a45088e7626d89d460276ec8731246ef3d54df0f94a
c067807a-ca37-41c8-86f1-1342921d8c27,calibration,10a74dd8b58649bce013491fe2bcfdae8d66cf5a076f56b41c442d2ed5fe4e52
c06bf715-84c2-4fc2-b0e0-a397cae9dc11,check,f04f11643f355bc6e8c6f1cc50bc4ba21707a853a0710a83afe7188365fffe05
c06fe942-37d4-4757-b2d8-bbceb3a720f3,calibration,53b924f3a17d804108a19390f1526cda889c75f3fe3d2b05acee742fc6e01dc6
c0a87030-7d40-4c2e-80af-9dd5f5301768,calibration,c0e9bc24ddec37fe935e2afef05fb19fc1ec6336998ce92e5a5687551d93a399
c0daa504-8140-48b9-931f-581884eb1aa5,calibration,9b7a98b2d90a4d06aeb9938aa61ebb7ae6f5c4223e9ef8f09da4efdc6386726b
c0e23dce-6e2e-4b55-b366-e239c7ad2aa3,calibration,91aae32dfdcfefc3fcf976e08f6f2d62c511e47372ba96214b3080b3ed7dc8d4
c0e806fe-3e3b-444d-91b9-19ef43aa3350,check,1ae17075717005465dd4c77cf0c206cf28defcc6d1a250d7d409d7cf9c43fd1a
c104aeec-76b6-43f1-9425-200ba3dd807a,check,a96657051fdc039fd59db11161fd73baa3c2afa58639be838b72a93b419d730b
c11bf22e-187a-4c4e-b774-64c5f7ecdacf,check,aea1c5038a63a77055e908803427e295c8c54871e8eb626fe2eee17abad2c952
c128a98a-fb66-40e1-ad7a-2064c710deca,calibration,374056439c8712575759125aa1c0dadde4a0439487d615fdaece96fbfb4caa58
c1310d5d-89c1-4aba-920d-7d319d3e00ea,check,dfb751683cb0a51d2333a6117169ee55197e2206ba07ae798150409216f791f7
c1787679-545d-4127-9277-9fd2df6a1326,calibration,095309937e2a0eba8e95272dbfaba83637f2e9b6ef1eaad9fdddc98e0bb04a7a
c1854204-7664-444c-b65a-8160c0a333c0,calibration,ca9df5cb7bd0432d325203d252c002afd750132f0b0aad5eb6c1a212e2727e16
c19e4f1e-4492-4ecc-afcb-bed4b97a94bf,calibration,825b1bd07d2576530fbe9e0d8b03c7b83b8c3f21728e0b7edd13370c3bbe5273
c1c50f36-fcf8-4ad4-9fcc-2a4109984943,check,a0c9473ae03a8572cd3c0de8eaa98e9bec3c05e57fc5d04c368a95b4bdb140e1
c1f4cbb9-78f3-4d91-9723-2315345e36eb,calibration,2304e4ca76891b8c2d245d0bded8618e59e61411c0b93b8515275119c11040d4
c1f4ee63-9f5b-46dc-975a-c36a406e15b2,calibration,fdca4aac105d0edfcbd883e5658f325a639a10b4aa90cc8fd1475ccbd9cda5d0
c20f90d3-ff98-415a-a9f9-5338606912f8,calibration,36597c7ab82563e94740fd969c3c7db7bb6cf4af09e0f97aaeca56d2220a49a6
c2115f2a-5769-456f-8214-4ab0b16792f0,calibration,90cb38b2553f696c466905bb4be625b43c63de19baa62dfc693a09998840d698
c2350919-cb89-4b9c-8ab6-fc75958ac3c8,check,93bee17c2aae143cff9605d90325eab51143908c5d4a4b272f65b68b63e7e4ca
c24c75bf-371c-4ae7-bbeb-128aa2261549,calibration,514aa8700b3573a21501cecce16760541a51316585b53f5f722a18bf2023def5
c24caea0-0d72-4733-acc6-3bdee70c9100,calibration,3f96e39f56fcfc975b6f036e60ca633761fce0005255460b183f9e7ea937ba4a
c26a4375-9f63-481d-a0ef-7710cf272c0d,calibration,b9889afdab3c9ca7f9195d0780029dcf73a1acf971470c931d6e577e4ed99791
c27259fc-225e-4ff7-b95c-746337715d71,calibration,24d1bfa2441c73cf22b461109e447d2001e675e869243e400fa26144b480d3f5
c29394a5-27ae-441d-9c63-3701cc647b33,calibration,9d3a2fd01785c68fbed64a775041d6cc4a2310abf7486587bf546dba5828c6e9
c296be91-db00-4b53-8531-0ecbbbf57cb8,check,50f2272cce7d77d9ebb1d0d808e4667510328b31e2bb175e1c52366766655e6b
c29755fb-7a58-418d-a507-382e753cc7b3,check,4e2450ff7bc24c9ace7564998005879456a6b8d56a695fab18f67fbb6c8d6d3a
c2ffb147-defd-4ece-ad52-c8015f0ccea0,check,d115f768da37e7513a013ade45fd9c6881ecb8f2da215b44a55cfb9ec6e614fd
c357eae7-5640-4952-b13a-0c17c606f084,check,f09509c7e5fb46683d700d32383a065c7b65fe241222b7c04dcfb933efc95b81
c3583c25-b4a1-425a-8c03-b1f82099e01e,check,ac5b41d5a4d2ce5aea0318092e4e5841d18dfa96575704436dd90faa0bb68fdb
c374c661-4129-4a8a-8d13-272b2a51f49f,check,3e1c0b37d4d221ac90b09c7636d3c793faad525c5c2b204ae97e3bbd28649890
c38a91ca-6e76-4ee4-86a8-21f7404be8b0,check,d461c6ea37ca26d8e6ab0cc7e3a6e7cff16d94d0bc687e4134620cb5c676a667
c38ea019-e743-4330-a521-7554195e37ce,check,6d98dcb865b2d5b09b64a3b67b8193f38e068ce107082451f986477c1e4b68dc
c393d625-473e-44a1-a73b-abae29932333,calibration,edc98acca15807e4abcf40653c3520bb0c85ae75dd37e6a044becf4c62c10b26
c3a2d825-7389-483c-8ac4-0986f1667718,calibration,a86294bea419cd20c026db48d4527316a0d7393a5661ef674074b6d5adf68794
c4197b89-3d64-4101-8fea-360c5844a0bc,check,d03ecaa26a91da1aa9cb6cd41579425157d5d0658b1b6e4e994ac2dfc5934687
c42bb9fd-236e-4210-9616-e25e487dc815,calibration,fd6c48def6db8c0983ebe60672c28528b9adb6bbd24bf63b82804b6f702456a2
c45a9f9c-89b6-4535-a9fd-82c4eedda4e5,check,c62f277a6d42395da9044853f07dce937e14fa66e92e3ca0dd1630e32b68b9b6
c46a872a-0c8e-4053-8cdc-472f38219aae,check,4f3920c8cb3f041e868a7828cf5b554a8a86bfb4b3d1b6c2a6ae0214cc1dd4f4
c4875791-c405-474c-b165-32584c03ba62,calibration,431ad6d72d1577ee5bc86f79da481612f07492548406ff54f85bb8c40eeafe7d
c4a1fff5-c37b-4417-827b-dae7ba3cad04,calibration,64d3d3a21579e5b5a2f0472f71854bef96cad7bef29ce40d04cdb2eaee9080d3
c4a718da-2565-4a5e-aaaf-939be73fcd62,calibration,ecbd52f13b4352cabb20bd7f4b5b964998ef9e5f5094ef543b1237385d707c36
c4b7861e-acbc-46ea-8ba8-70e6a2af96b3,calibration,2a736916cfa5dcdee54be490910d1b1eb9c5af5463687bffdfe07001aefd0652
c4dae4f6-db20-4ea6-b5ae-2d2ed965c619,check,9241aa085d47cb22581ada21a7a35dabdd50bb44c8ccc00f3277f705a55c1ab2
c4ded016-415b-40fd-bb6f-31b0f9345bc8,check,851db536d9476bc2164397f6ac7eb6aa80c2082620c2ef819d2a51f2931c69f9
c4e4a2a1-c9de-42e3-ab27-ff4726f3d463,check,1fcffc57d97276a5bb70130e6b9ea44be15eaf0120e4e0b32c1a3bffa2834544
c4ec4aef-4b19-4c5e-ba49-81eaea9ed887,calibration,8fdb45dd612f88822f348a39878eac018e8c27645cd35a75c77655e69b224aca
c5323fe4-5009-4597-b2c3-81d1819fc3b5,check,58664fb2085e74c35d9aca7009bdce53c8a172debc7bc4b02c1864728e5600b2
c5327390-1d34-4a32-a45a-bb724a1b41c8,check,1402df05cb0deea44a3027afe06ae4ef770b01ba48285b676ffffd9341e7ff98
c5497327-04ab-4564-ae67-b3fb947b2d1d,check,6657aeb1d3c19b10447a95313070212c2e51528b5caf0e0c2744e15fd4168fb8
c5598c60-3d09-4898-b43f-89ca10398e19,calibration,3cb03e847be64e8cfda56f6fa57c60612851b911cbf806bb76b6c3b2fd21c204
c55d1f45-b5cc-46de-a36e-8c0cd866808c,check,40dbdd89b126652e0e8d94c63850223d9be1d7de8198ef4b3e9b0766491203c1
c5999f07-243b-499c-a105-b7566cc5c081,calibration,1a1532fa5e94ecb821be75c8b340526ec290d9b2eee7f358da48e53d02941ab9
c59b57a5-d15c-4efe-b22d-21038087da3d,check,9c13c0025800a1b5e075f7b72bae0428ed5140ad8492aedf2223fe82085a43c3
c5a4a853-bb18-4409-b025-07cb92df318f,check,840640cecc1a49262b8d5234ec5b1835c221bb57c93c915d7e39069b2b861d3e
c5c10a7e-8c85-494a-b80d-9e72ee34497e,check,41e5af38860a6f13fd98010223f0de3de77d433f40ed59ff5b91880c85e92568
c5cea1cc-ec8a-4468-a132-60010b7301f2,calibration,95ed6563edc4cd1f8822ca3bde6479a9977c49021ee165a8b94a60c580de0ed4
c5ebd585-8b18-48ca-9d14-42a3ba0f82b2,check,938767a5d33154e97e3e4555638670f00bf64124e20da070309821ed142ad6c3
c5f88ef4-3a7b-4a9b-8601-e0e6f3810340,check,d3c85593f228e2cd3784ce86da8839b1b95257438a83df07ee31642e59c5d36e
c61ff809-1e06-4f6c-a07f-7007850ece11,check,ab197bb8fbe32f7ca27dae0ef7914a70ee42a754ddb17f747afb9b5a29524ba4
c6744fe1-ed10-4fd1-a661-553571d66ce6,calibration,43045e1d62ca850a2cd070bb131833252138bfa91243f1f6ffdc0ce647105d38
c6747bf9-dbd7-4f36-85f3-5b159e4f17b0,calibration,c22cac70cc4932995d9cb90d54731211f7422bd0cfae930a4285fd2a82aed809
c6780cc6-671a-4a79-aa53-e3acd252aaef,check,ec4b7a2c0f7d7e35a1c0326c49e9d0b641411ac1d33acb9b2c9d27099d3b305f
c6aefbe6-8e66-4381-8aea-3e40efb74ec2,check,0868d4f11e1862b1e763240ce29db1350b79f8412622f81cba6da8dd6f30c986
c6cc1824-cb03-40e3-be90-d19e8ee0ac38,check,00feafc08f6bf8ccba9a02c00e74e1ca322639c3e0e736ec8c5c7c764eec073c
c6f0b843-c551-41a1-9b0d-b6f1b456f965,check,874e2127e7192325f3cb3481df4eb084030cdc84eb3748e7ad1ceb0f26466778
c716d360-4d24-4d7c-aa97-eb822ea2b3a8,check,da12917739eae6441eff650e760bc9d4c9b2aaade9156dc9016333f9805bef43
c71f52da-9f67-4f7d-8857-5d8a97bc15d4,calibration,430f1546f060880a6644bdba6b16e200bd702961973c643c97087bad29e66302
c73127fa-353f-4739-ba42-9c33db6ab43a,check,96c081847c40ea71ea5c7b32642a3f1e32a8b6d8cd5ac1ecc14f08fbdf9b1c00
c78447e3-a482-4c01-9800-213162a07849,check,709d9ae14273b04ce62e3f9993cafba89c03a986aafb77c594e8a1231235d3f7
c78be734-0a8e-4d1b-a302-953092e8dddf,check,00088d55aff8756f5f608f3518baccd8551cf09c85575f1b9efad9a3eb794cc3
c7bb42c1-fb94-4c9f-97b7-ecf31f833c60,calibration,46b3633fa0f829cf982fde0fd46bb9698437d75fcd59d65fd8442712885915fb
c7caa23a-ba89-4e1e-a4a0-d5dbb1978936,check,842d287078bd275cc3a87166ccdd5e904bba53f517bb775e13cf0ec5e66005f9
c7dc01a1-9aa5-4d23-87cc-125cedf36ee9,check,7dcd877ca6be12d2d81c6e2220f93e9fd181103a1a61b12b6966790af8a910ab
c7e532a2-9d54-4347-8bd1-d124847f833e,check,e903f07453044fc97f68f08fec93102ffb2da78143f7c1c32be0ff6aa1583768
c7eec46c-f6d8-4594-aba7-4f8b22b3a34b,check,4745c65e1d9ed9b4b61b5848d54443158b9ddbc344c9acf6ac6c3934b0d90881
c8157deb-f5df-4818-a2f9-036512b98ba6,check,f9d42f12d65e688eb6c4e420a6ede3f9a805ad03a53d17fc10f19094504f81ec
c8163de6-7369-46ba-8653-2e4500c993b9,check,c5b2213bd7fd44ae23a1577d330a1908cab437fa2f5eb73e17873f9a209db69f
c836630c-f861-48f2-ac6c-25436f6aaef3,check,2d9dc0a3dddc7c3d7147c42b5a3c9292c0b727f3b6740ec74b6fdfa18a915beb
c84a406d-6a0a-40b3-a065-6a7890ca1985,calibration,fa8e49f444505f03453dfd707e018b56428a040a2114c764676b585b0d501e82
c84fef8c-dd7a-42cc-9c95-ffb7a6ccb63b,calibration,40ec8c72834b04bb989eef9bbaad43b51a9a49e2ad4b0590ab2fdc951d1799c1
c85dc18d-271f-4cea-be18-d7b700cf1689,calibration,e1440b3f3334a5e7622246d869b1d0a13841779b0a129ee2c72928e6a3ba74dd
c86933d1-93ae-46eb-b71f-8d6077b275c6,check,abf64797aeb87140dda9c6975c174ad104be1e56f9ad7f45e0b6723897031ec2
c86b3208-9b6d-47f6-b5af-8638bc191b2d,calibration,92dcae5354446572bf97ab0ade6730b69295c9f196e31e7bfdb427535b1de77e
c8794b26-04e6-4b9d-8436-542a9fbf6ee7,calibration,4d25c0fb51079e403c477c741b19aa92b3d6adea1db7cc2bff4d9f325bd39f63
c88c8d4e-c9b9-42ff-836b-d897c346a1bf,check,3fb2bb3b49e1086308ddc9ba37c9d7f9025456d80fccde59ce3b689fb5eb3241
c8a15a2b-534c-4343-b293-f9f62d28a97e,check,998e88a60746efe251c9e31200a8aea6d4171dbbd523bcf5f89b9aadc3b2853f
c8a60e82-f873-4552-9581-7443d87bd9ce,calibration,20f1a372ee86b00df6b354f6c5f1e777f345a76f14cc71a7d69a7c2c66f8f0e4
c8db5d56-d432-47b2-8954-f2883a5de88f,calibration,50682c54f53b51ff9a3219953143458cfd46d1544f29116f6737abc8b94c7f87
c8e7832b-5d88-4e51-962d-611cbe86da34,calibration,c5c21132e213da4c2d6f0c69a435421032c7ebc544a44294aab27b2e5064b192
c91d0742-d191-4a02-b066-3367917e66dd,check,7fa4b17e6aeac10513ae65d6333fb257db859e9275f440670b80ab17af406d1d
c94773c2-7d67-4272-94e8-9ef1fb584302,check,d377743890267d21f476d7461bd25b0bc8896002870ff1f9c1d5e7424e47eaf6
c95ae9cc-3988-4cff-a930-cda5bbd52ebe,calibration,aa94638f4300173e8316aa49fccc9b5ebf050d63bf1af9f37e237bef8135deb1
c95ea15f-18a1-4549-bf3a-f6d7283544b0,calibration,a1ceb670fa361195b6a6dbc4bc574c9b83565149406afb138096ddd3e6cdae9f
c97f9f35-0cec-4f00-bdc7-bda15a80c61d,calibration,5c5b0f3bd777756233380a6ef535128439c94631bd89bd5f99832e8ad513b0ea
c98046fd-51be-4566-8458-7db4fbcafdf1,check,9af8c814dd39bcab12b16d9c8f6f04a602dd6f9fe7c3a06ddbebd2a6576c46b4
c9901028-a75a-4738-8a70-7fac1dd5ad02,check,224630d28859b96f92a8e0dd233c80731f5e2c8b542eecd3cff2ce90a0d56b6f
c9902c06-e969-44d9-a169-863acdb9d50d,calibration,1d6c34d68e281e66d729acaa1d124f5a08d3205a6ee78bde6a0304bcde6a4811
c9a1b951-604b-4e27-978f-253acbe3178f,check,bf6769a46ef4c8a185125a754b4d5cc913a96e6c98324ba5dd280de258f51a4a
c9aff228-c838-49d0-bfd5-7307061cc6d5,calibration,6c356a98f8b8b4bebe2ab9c04e1ee0f86e9a5f3d6a5787b8e892ba6d46fc15d6
c9c2cf48-e782-4bb8-be13-758e5bf29dfa,check,4bc8e2bb19f9ffb86a4502c14fbb8cff5ca22a27cbfd600053bbc4c6946a4fa5
c9ccc90f-8e8c-48af-bd62-9c1ca1252694,check,aacacdcaa9b565b417fe75561a3a09014b09782989f267dd52b88c5643582f3f
c9ec17ec-c5f8-4831-8dab-7d9ab4c82700,calibration,67257481303bbf5fdc2ee21144be13332b50c56f11fd0bf9d27eaa0c347d4c79
c9f08745-a8c8-4611-a0b3-38258d4833d4,check,c63814bbb8887252252735f5a32f397090354298315cd9c961f381cd11f587e6
ca0ce092-0aed-49cb-93b0-86c3000a6e54,calibration,fcafc49ab01f1ff7df1abac2e1d1b92ef594110f1731f0ccd410c191defa968a
ca1cb403-f30b-477e-ae36-c7f1f9090621,check,e3bb9198a53d90c534e64d6368035584df604c2788c7fa7ccc444a488bde2bd9
ca2a1ae2-4dee-44fc-b5ce-2af761aae379,calibration,957881ac5a84c4cf8cf976fd2064dcd41623fca5603c91ccf7698836e7a84905
ca34fa08-d1a0-4a90-8b9f-487f094cd277,calibration,a215dbcd7b28fd2814429a1564a63cebf23dfb0c71a0da7aa07d197f7030ee64
ca37a886-c245-4f04-8ca8-be8003839b4e,check,0fee1fd185145df074916ff420a43f53415ce40b2642b6e49e746b3d5385d9be
ca45db0a-8213-4a58-bb84-7ffd1b2e561e,calibration,097f4ee074f67bc09bd43548a02735db0aef69c6d94ee01a9c23699b40cb09fc
ca56b787-cb24-44bd-b71b-55c5008b5f6a,calibration,1c5aa9eb7fc31627794468e220058e79a5c2beaf3ff0b62fd8d41089dc991238
ca7cab6b-333b-4721-9da2-34303b0b0b56,calibration,cb820ace02c7f20eecb7c6a2bbd87192ab73d6c84a5ed89a40d78c37410af23d
ca8e5614-e97c-4a30-b7dc-6bdf58130608,check,6be6e58c0256d729ce6441d32353042fcf41f2826d4c0a4d210da4e49b51beaa
ca916f5c-cb89-47d4-9c59-3a9cd6f8be16,check,08ad74ec783bbdda5b80f05be2672aef418babd8998861d1fd7067b9da4a6da7
caddfa78-2b24-4a8e-880b-803ee4607081,calibration,b251dbc67edf89469aa48d2864eeb1d6190daafdc9590ff3faef54fbfe50cd8a
cafdaab6-a8f4-4300-9839-89d0072b9588,calibration,4e3e5fdfbd4ffb5ee47a302e7217f8df6a2acb51e8df7403c6206b25a5cd35d6
cb00219e-07ea-49aa-9a12-d10e405bdb8e,calibration,34feba0cc60d13051f5f24dcd36fa6e6c7f48e33e1495563aed224a57b48422d
cb13a7f0-eb87-46f6-85a3-b454d332eff9,calibration,840ae1f71b564710ab3ace4a67199eea11951b1316c13b4122231a314d1dea74
cb1f2148-d661-4141-bf81-7b826f46580b,calibration,b2d0556e71a6e7b5af5a275457151be65986fe6b80fbc2a65a9fa36549d7f278
cb5ddfce-9255-4ca7-b63e-0ebeb827a29e,check,eeb15b74b6c31091ab943dcde18b95d4c5287de52ffd00ebdd0465981b9a2161
cb6beef3-f184-45ea-9fde-adb193600e35,calibration,93abf4124a8598d86abfd169509f53183e3e12db9372aa91fec0b9c1358d2fde
cb6c464d-a78a-4b98-8c64-9e8a87348045,calibration,bd9cfa263bc92ad831fb3559519b27f28d8156cae993d29b9021bd78d517e398
cb766654-3549-428c-8956-84ae895f6462,check,d129791ae9bd4803047bad4ba35c934178645638852a075b12aff5cb026efa33
cb84d506-c765-4d3b-b7d5-8b4b7281fcc2,check,845448d50035adb291dba695969a985ddd1ba2b7ab89832bb904346b2cfe688a
cb861438-226d-4c15-a839-1e15d062fa2c,check,03056592788d73f363f943eedf8488cfc67eeee9ec284e70255c2d95624ab3ce
cb88fcee-6546-404d-aa11-2f29444f4542,calibration,8b3407028ce2cecce4b3165cfd2ef8ce48900958e869d9816cd27cd5999e2a0a
cb9e8a50-df84-4559-b942-307514551eb9,calibration,fd5c3a6375176a182f47f7ed6e2a56803d682394a937186918459a493fce4c2f
cbc83c46-43ea-4560-859b-2dd4b0ff734a,calibration,28748ac778d9476879cc2cf33f20cd072128f37f85185712da5034a3e5d1cae1
cbdd3ef0-8454-4c4b-bc26-971ac8207f07,check,003953588123ef7eb8cdf934b823a5f3f04159820a381ed97783ffc778406b8b
cbe15c43-0f98-4fe5-92c4-34e530c94922,calibration,52f161681163b1143df8682cf35fc6807a1081302fd571ef507dc63e1e68be1c
cbf4517e-cd83-4406-87d4-38d23f273ea6,calibration,5aab1eff0e4b3eeaa9212599caaf3ede45f771a94ea27128ae845be179ff3a61
cc2b4849-a958-4d81-91d1-e1c96f1b137b,check,f23f066074e7b312c3e8683655de8784071bb9177b46dac5c770849cccb07e6a
cc4a12f2-9172-426d-b49e-8d1940c142d3,calibration,2595148c07221673131d0a052b8ee8c773991f005815cf4517ea8ec243c1e90f
cc57e3a6-0fb1-43f1-959d-839eafb38b0b,calibration,1a3cb6882ffef9ab28e5c8147eb3a8380f73b3bc79a43797ad7d3be005d7a256
cc6b6c94-0fa7-4a6d-abbd-606827ab23c3,check,a2051b5fbe79ee59a74af88eb14e448b3b4674639c05cfeaf7534be066349bd0
cc73bfd5-392e-47c5-b5ea-667c4ba41e73,calibration,3e8ad28de3d29acf29f6b1e52bad34206626f90d6904d404291d81a3d8c03492
cc9016d2-6521-45b9-a908-250935fad48a,calibration,2ab150dcccec5aa615554a21e3cc0ba5a2439c0b3e73be284c470be3ee2350f3
cc927587-1c19-49df-846a-b9f9886b8ab1,check,3e8f1f28c2c13d1cee0a6d4f4b3298f0b8f59c7f67d019946e934cb7e0d8f175
cca03ee2-0668-4e1e-ae20-365acde1f165,check,896719fde4c632a374caf1389ac59cfe8058d913d1976d29cddf9fcb5df45f49
cca6f969-7a80-49ef-b74c-c46e5319dac7,calibration,2c9e9fbc90fae9cd744eacba5ecf69cbf47c6881ca6ba96d95706f30d293ff31
ccb221e4-9fab-4f0b-b8b5-f354ea09a995,check,bf9ba7dbb7d07468a106b23dc93095d7a65756ff922ccf82951488c70119278d
ccdaf021-ab96-4bfa-9e83-be170c590136,check,7faa6121f89d821cafa0c3f253dfebba14fbec739fb143ba78f5876c45b9381a
ccf6c567-141c-42b4-8b7e-35cdd0d1746b,calibration,32f2980e987350645e4bbd78785953fa45ac75971b1377dc1c7116fbdf21e745
ccf6faa2-ab42-4d3b-90a4-2ef7fc1ff900,check,045a89e798ab557e2df0dae00444347ed28e0e772ac4db65420e8c6e1b56447d
cd003ac7-829a-402f-b003-8d9e6cf2235a,check,8652ba0e5385022b4a4bc9cec84029d04f226ebb05654fb9fbdab2a5ce298634
cd0f783f-496c-4bba-8690-c48a5eb12e11,check,f2fe718bfcad3cf38ffd485f750b410a467cf0907dfc34946ea3e1fc25d6db72
cd13ef45-37f6-48e2-9d23-58d7b9a3462f,calibration,b0b6180ca908a7f89e23133771bd3b69e6465e662cba016bf06a626cf7ecc2c9
cd2d843a-1fe1-4631-affb-1ca2f12cf780,check,31b38c36765c24b2557963c2941f7e1b0ee49bfd8a1dac94897cfacd98f94630
cd454d41-f3c3-4f56-9717-f4678d4e9a7b,calibration,da329be8fc83b8bfbe64fa1552dea66584b4120385a6c4e057d1ee8c9489d82c
cd4b40a3-b5bd-4ae9-8db0-fa495c67eef3,check,c4c80093040a2d46022c6eec0ebda329ba44d745c17cec5708d04c66de990413
cd8fc64a-a4ee-4d22-a373-b2fbca6bed1d,calibration,5274e81fdddf5a999b4f13e9403ed419cbf626f75f138e6a9f8f77b30bf0c0e6
cd9630e2-ba31-4ec7-89f6-ba371785a089,check,6a1ffa835828e8235c875e20aef00cc6440d947c0b0b2055c87657d7341e1e12
cd98df61-9aac-42e4-b429-cdd53ba98526,calibration,01d48d3a75ded8399ce62632e1ab88dcfc111bd95f508b96c07533b20a09e833
cda09509-e653-4a00-a720-140e1d4148f9,check,876632ae35797fcb335190f0c08fc437bec53d93dc15f7f693c769711180ef87
cda4e6ef-5d43-4c6c-af12-b773a2bea238,check,15071c4d8d5f57f17afc937b8d35894cb19904cac9cf4f64794fa248e0d41507
cdab2d85-c0c8-4866-b1bc-3a3af9ebdb0f,check,bd86bbd764f5f7aeb6790924c73a2e6f3027a3a15ebc6fb44e76279d14169b07
cdab333c-bfd4-4471-87d5-bd02c5f6e4e7,check,e857c05074a71110bc03c3b8cb3d3b28a8a2c31f886f15ad516521ab86780a33
cdb1fa88-39b3-4de1-a8c6-81e815439f8b,calibration,333dcbd301b3e1ac5bbf5f6fdbf838903263ba036ece1f5c0906bccee1550429
cdba256a-88f4-4e3e-853e-f484f07a86e7,calibration,a06f81d3da0c0dec8ad986e0ef8f597332d8a1b28a3000954d922ff80e277e2f
cdc41a0b-f64f-4c1c-bb77-ce165d14f32a,calibration,1adc665d85d7c01e02c151fb8743a94f4ae537499408cfb9acfd32c78697d53f
ce01adf5-f8f5-4c73-ad5f-2e9dff2d6ff4,check,cd0df8bacf220ac9fc8a4520ebbaf720938cab5021c4dd8805dd04cc0eb8b493
ce1b7d19-826a-4dc2-9484-096ba911a3d5,check,8454cf7066f5e398b2a45e1df66bffbcf120d3afacddfeb08b90527f72653f60
ce1fc2d4-0426-43f0-9c66-7c01f1645f99,check,422ff2d497a4dab2ddb1a7fe4048b0381fbf8c22573e8ff7ffc02fe85daeaa5f
ce250ffe-ab7a-4e0d-a619-e11f98f1b572,check,b8a813159844097e10bbae4cf5aa5ef9527190efe43914d6790d8cfe5c19a111
ce502135-6f6e-457a-89c9-c3fcdd5f189a,calibration,dccf9231e5c5f4f190794f98e5b7e6d749553162663c97752213239c7126fd32
ce770c5a-3eaa-4328-a8fb-30ba642cba44,calibration,835db5f68269f4963c4d40a14f0c486bd6cd4148ea8e6b9b416351f44efa230e
ce7d438f-69d9-479e-ac9b-0231a8d2e7bc,check,bb470c8a85b90c32c7d9083c1ada496d053f2f8b95665c3dc068bda69175dc38
ce9b8446-89b5-4d4e-ac33-ba3d28cc5205,calibration,c391a535bc2c5f9f6a225ebc4d0e140e0e6de36f802491c0fdb24b945213515a
ce9d904c-2e95-4234-ba26-04712cc4bb3e,calibration,6e579ab90e141b2d8bec237660bccb55999964f2fb791ca359ddc37e06e67dac
ceb0920b-da40-4223-8578-d9d7cced7d24,check,76a44ee27afcbfced9d329090c863a27684affe06fea12b9247e5f7fc8259ea0
ced91344-d425-44eb-8852-a886431fbe7a,calibration,53a37aada5ee5821a20dcda14ddb107cc1df802333ada63dedc6b6c3407e56a9
cee664f6-0b79-4efd-89c7-23dcc33d2354,calibration,8b7983efe7805e70ab38b1287d6d1745302c47e1be3ab9b7712669bff8c846bc
ceea96a2-99a6-4462-8792-a073aa641762,calibration,0500a0e617973c2fa3c769b361740604e79f8924f4adef754776014b341b55d3
cefe4337-6995-41c1-b68f-b98fca922978,check,9c94315e79746025d6c5975822d46b8c758b512ef101a14ee6b93b7763d7cabf
cf098536-e792-4850-8971-e2171d6b4dc1,check,05358e40c78c228068f8f3eac2f2e5152e406a31374ed30a6813c904a6f701ee
cf2a942a-f4c6-43fa-a2a9-cc01a6fc5415,calibration,d7aadb558d66585d4ebdec572a0142094a92ffc11dc90fe6bc89a5c854a217df
cf3481bc-a04b-4cf7-9b9f-69e1750518db,check,5baf7832e3f11aa1ad9460c01ca768b7f9af1a0437b0c056d4fde9de2abc9083
cf454b01-d163-4d04-9f15-ed69d58ca572,check,3be284627d8f93bb8bcabacb8e5e5bfb6827f7f98f1227a01677dcdebdab6c24
cf56e7c1-f48d-45c8-8878-4fe3361c6c06,calibration,df33fbe6e3f52598eecfb0098454aee3e2f5bcec4301e43804490bcb65e54f65
cfce2431-c1db-43d5-ace4-6f6fa594ec7e,check,cf984bde785de3f591261f02344e5165fd101e3ae10ae5d1e53e5e36e3ce8e8d
cfee8304-c055-4a65-a8d3-975e7398639b,calibration,d3f21ed998a9222640e0a5586d6e0e69e117a161fdc75a9b1312cb321e8f1357
cff5980d-5e2a-404c-be8c-d2459ce71e7c,check,ce42f6b6e064ccd15ea7c2d6f27dbfa5b3353d396514ad067b8034523a84aa59
d01808c0-f1b8-4e34-98e6-fcc4d3b1886c,check,783d50d69d5386bfb993a7f7e458b2c046df48058b4ceced35b0f0319a2c27bf
d03b5151-2f61-434d-983d-a121445bf732,calibration,57dab85c9720860291feee2c72d284491b14207fc9b1be9725f043471087cdfe
d04f3628-ee94-4ec6-8c7e-d3f9d3d96077,check,a2a18c33b001aca72243eec634356fe542e3ba3754cd2ee9b80d6aba6f73c4aa
d05d89bf-1b55-48e1-aa59-5e0db7387c8d,check,51e918ca31e3504888a01bc6200e5ceeed0407b76a63b2fe801d5f2042895387
d076a8e0-0cb0-44c3-aaa6-a6443527560d,calibration,f8a9997826ce60e74ce8e3fe044a23dc9b6f985869414307794d912dd074f3e8
d08624b2-1cb0-4866-909d-974464c747ba,check,0bd45c04676d68b2c984d32c14d077bfc62fa795466b98f0e4bc7090a47d0691
d08864ed-8905-49bd-bcaa-a7bfae882be8,calibration,13807fcef9b63f2fc097c226d944bd788f89fe36bc46215ddbb1263a9009642f
d08baa8a-e9bb-4d83-a1a8-82e994d77e86,calibration,614d54119c5c44bc5b05195c6ef88a1ae9c76e8c487f2f25121b6a67d5021ce8
d0b8bce4-40af-49b3-a38a-06fb2880f8d3,check,e9213d762057735e04fb6b8f6399ddd7b1044420439f7cce0c0a5e341aa0ed01
d0f256c5-490b-4663-925f-9d620e9a6cd5,calibration,8a8d541a4ea61874065e4433143117eb81892115cd1d0d38626f239f1149cecd
d10c6bae-78de-4d7c-bb98-ab9d85729b25,check,a26c078f0479e6a88208b341845387dd85a8f8e6eb80ece3a0650ef339749094
d1733358-75d6-4afa-9041-10f8950c4019,check,5c8e939aca9c9568cce374d0b0152b542bb383dda85282f9a43765d78b9ab1c3
d18951fe-b2fb-488c-9368-89cefdf82fff,check,7971cab86d19bbac3cb762cd7ea4810da7fed34f4dcaa2c6c949d7e92fccaf2d
d189c566-135d-419b-bf8e-401b1ef4efe5,check,909109b6c03eac59667d83f65994c63b352ce597a11a3b9c15f1858d76ed405f
d1b02cbb-c218-4057-a273-404f3fd5ffcc,calibration,987df21c07249b63cc1a516fdcbeb4dd7c624538183be2be3c7e16ca61a74562
d1cf3e28-e3f2-41d2-8433-8ded8d90fdff,calibration,cdc8e013762d65fa403f30a754be77bf95aba1b86d2b97769809af20e934e742
d1ee6500-74e5-4c6b-a821-f75b9534be49,calibration,a91e4cdaeb1c80411e5e624483c816d4531b36dc8fb09287372e386c93602707
d23b2cea-36ac-4a1a-9512-783e3de90cc7,check,5b7af4fb9a5692fb00523d35e952c0694c91565957251289769d2994421bf493
d240d9d9-492d-4386-a7ce-fe17c0d65d6f,calibration,b8aa09b0c4ca3bba290d9e35c2014adbe7ff57fca680adf922042ffb0d9559e1
d24318ca-a01b-4d13-af60-c2f749352044,check,f587276e16dcd002d8d3ee623dde49c2c4cecff2716325703204a6f0f03c16d2
d268d2f7-a975-4436-938b-de4a28b0a5f2,check,0419d35078b3529feae270bbb83b35fcd056dadd1e574625c5940fe7f5f31bb5
d289ee5f-780b-46c7-9b81-fd5da706ac4b,check,bfe7be9b0b2ef1e3997f372d3a993cda94a9ebb70a8e1817defb70131cf284b0
d2a9f0d3-ea32-4672-9835-2d33dbbfde4d,check,68e278b3b4d46e792e9cf027fbcc348091081d76e0d6fb5e4541cb9c12c7917a
d2bc56b1-da57-4626-bb98-33b157a4b988,check,488cfc4c015f0530ec542265d5258b6e3940ebc52cd377f1766c9eb71ceda3eb
d2e33190-abb7-4473-850a-da3350af9564,calibration,2f9b74e0f1b070070b26c12a82a98c6054f42c5488422f489dbbf57d56e1d7c5
d31149e3-b80d-4ec8-a5bb-1f0fe53485f9,check,17a10115d0ec268ca7b4756c216ec61660d72fc1bc47b083537e27ec88c93b9a
d3140eef-d0f5-4a4d-867f-3c00d6429e5e,calibration,b779b2812cd2538ed2986dc155dee028a1b7ecd4964828dd95bd2a67b710a10b
d31a0f7e-7e57-43ae-8fb3-81c53b056b3a,calibration,3123b76b063873352bc45b1b06251487d313d609772540cc35dd3772adfe81a1
d325b0fb-8795-46c3-8cc6-f0a9dc7620d3,calibration,468a7af09666872f56b1440f9220bd2d6fd7419e8f77955c096f10a77f57c5b7
d329b416-2be3-442a-95b8-fba104988bce,check,807c7285353114185ce6fbe5340646a22b5786bc4c3145d011fce7dd698007cb
d336417a-a21c-4406-8524-2ba609a8cf3a,check,6561f597642cc853005af4275a14072605b429bc532f56e1106e36054c7963fa
d34e2b46-2f96-4530-b378-9028772c1dc1,calibration,2e9664aa1e2095d9981a74a6c4a574210a4f45f636497903fdf4d819a2aea523
d34fb7ec-c09d-495d-875b-9f2e2ee0d458,calibration,cb52876c89e4daeb398bef0031a9964a78d7d2e6e2dc3cfb3b1630c441688edf
d353925e-ef96-4c86-885f-00024c1582e8,calibration,7173783653b09aabe02e39b46ec9724624c70ae46ad92ce9abfbf46dba98bf24
d35b32f4-9144-4c95-a7f4-ef56d8e6c0f9,check,055b669bebb7e5351a688704725e48c790f3451a0c1f165fb24d548480f90831
d377d48d-6ac4-4446-83dd-45dcf66d42b7,check,756a1e3c0f7bef2464b0402350240104a42975aaaa7d8ea8ce0a215743d216eb
d391de6d-7b0e-402d-bd3d-e712db8ea420,calibration,7e6e176693c278922ba20f187ae9cd1756687ba89c84aa4f4520e703e47e039c
d39a77c3-0b61-483c-a550-fae26d626cef,calibration,b252f37128e0ab78fe4b393a4f32bd97a6b09145d850681236d1a15a28f21b41
d3b6c844-3901-47b3-9763-2f127e15e41b,calibration,202fce959d04b0d39449717d2a8268e0b20957a19a5a09798637a443e55294b5
d3bbc56f-37c9-43b5-9570-009d1cdaaca9,calibration,781afb67ba2f22815742eaf3baac852424661d4900fc5ea934474a27044e4a76
d3bf577e-fab9-4d6c-817d-43ac9022f342,check,668ddcde7c9d32eacbcf90c9451c6337a13e46342581ea641b34810772f8bcd9
d3d487f0-8684-4c49-8ae1-48a12cddf913,check,2b2810bf2fd0384e795d985738f8a8fbcca686ead4f0bb2f4db23b8411c2c263
d3edf130-943a-4368-8186-2f25ca1c1f78,calibration,7a4957bb9ccee792638245b3f061e7ce462c2f015f16db4b2a233b16c4eafa53
d412fe4f-ec51-4330-aed5-8d762db2eb18,check,9780263c9dd0df4d334664383db8a8d7594c1eee07c2dd2556099c3b8e791719
d4214c2b-f794-4625-ae9e-841543e3ec34,calibration,0113a3fae1ad8dcf3ded2b703c1cb6d59be17fb5ef5b5910765fe6dd1f56e09d
d42865e1-13bc-4b6b-87b3-d70d7e7da75a,calibration,97746c36b30cf1b09b0d635e2d43844049dbc7fc87fdbe30369ab72ebf5b8cf6
d4696ef0-26f7-417e-8345-fdb5fbe9ae3b,check,b101c2318fe6101d96a99cb01ebfd1fdc145934798834e51e38d88f6ff7c436b
d4924607-a625-4383-9886-884eacd17495,calibration,bf17dc91b4989879587bfdb7575a1e0454bf68852a65f5ac178b778f776839bf
d4995757-88d5-4c98-aa1d-c112e273006d,calibration,a51d39fbb8dbdd213acd438efc25082c98c0613162d126eadcbd5432c547163c
d4d070bc-c9e1-40a4-92cd-473813fc5cea,calibration,534c78550c25ce6d101ee35cb96aa6366c2cafc180dc6f4f1d0901ecf3df8580
d4debf10-6b46-48b8-980a-4de8843611c7,calibration,8c6c14b4bb94646e8b33903c2450c46ed9dc2b5437dac1751d88c9d42b9c0a79
d5250dd3-94bf-4110-9232-109f8531d8fe,check,dde2944f66c7918b7f962df7d5d1c2c087ba60d7fe4a1de853dd66db0ace78a2
d532020c-ccb6-492d-8273-93385ac27cbe,check,8e1218411a0704582deba89f6f4dcf9448333880f8877cb996bba4fc2758d109
d55f6f1a-de7a-4bb4-aa73-feb55e11ac13,calibration,6539abf0d82ef191817d54840d16a0c421f00d86b3e8e74cbdf594a03e3c8f70
d577329c-7af3-4e10-9b10-bef8ab4cf103,calibration,c4613f1745c5a4759acecb8c709d860ebf0cf3bfead878d00799b28e7e18839a
d57e8e45-8393-4086-bc40-0cf927e67869,calibration,fdbda8626b891f37c907d917009581dcb104a9643bdfca274d43654efee8fc93
d596efd3-88a5-430c-95f3-a3af27649416,calibration,7a25bfb88c65b622b3794cb3e1500bfc1135c7a417fa0319794e540bfb9009b2
d5a712ed-6831-4fb8-b158-b1f8c86dbeac,calibration,0e221d676b444cae22c4c0fcdc512d3165469f249cdffeb2094007192d9d8e27
d5d641c9-e243-4e70-bad7-a6a8369ec87d,calibration,105df789e1aa85c0d370c1579bb024598808c00e830c4a58ec7295b4b9d5aeaf
d5d934b7-4d6d-4f3b-b563-268e48b22fae,calibration,c048500e0d9ecdfbe4ec473e61d6dc8bb0fc8b508f9f9215763a96e97ea33933
d5e449a8-7a3d-4117-a75a-4880fdbed0f9,calibration,d828cea4274f3a9038e06ea439215987f54189b4f070e9d326553963cd496a6b
d5eb7c92-d8aa-4d41-b4e9-3033e57f0590,check,2b3207207bb998442f0eeebfd5f1f1c2e86334f61b991fb704df99f5afbd1cb8
d619027c-5964-483a-bdeb-06fd9acd5860,check,e5fa497f61ce283c3c6f8cb4b8e67dc89b6ba9844ec1c601abb9a090a45920fc
d633af90-e709-4fd9-aef6-0835bb929b4f,check,2f0d60706b525bb93a9dd95a39ad3c429659dc01aa9c4fe5f996f131784de596
d654a294-a633-4658-aecb-b9aa4293d4c2,calibration,d509d88f52fc4d64d663e307164f9e1f89fa1670b97bf3d19b53563a002b0d68
d6c54bec-9be7-4a22-94f4-2bfb685aa57c,check,b414545ad43e19f52464b33fd81530709cea3202720bcd30ec1bb29ab7071f2d
d6f017c6-c996-407b-b19f-eb736588e46a,check,1c4635a596403c0d5b4c65531f572ea4df185ea25fba1fa2f74a59c023c3e593
d6f30922-a150-40d7-b883-40c9cf5caffc,check,b8c9de0c56383db456ed3f4e545ad87cb7ade0739c4efab73f4e055685123c39
d6f626e9-6ed6-4a57-a49c-848494230b06,check,a4c2c038dae7009649bb8c3cd35ff4992e30faf72877b6c3cb7310441f617644
d7033e65-93f6-4443-8789-2089887be043,check,17ab21b6d682d585717af65842b38bbc1b093a46b4de370f1e73d34d9a964a98
d77b93ed-5e7a-4cf1-9aa4-a069dba405eb,calibration,4809db072078a14519fefcd10f393a4d666d7b7601d456afdf3ab9baad1fc4ec
d77ddd91-3548-42db-b01e-05631ccb575a,calibration,53e2beed47c47cd85cb18be925eb186949406167ddd2993cc54d9759881a8b19
d7a84e2f-555c-491c-8c98-323db60dc66a,check,df9723083680519e04128c83cffc2ecc839fd49b6a8cd3426348a90be9ef6f65
d7b06f48-6810-457d-9f7b-4425b66c2346,calibration,a546b79129bef26d1c5d12d7cc1146902872665b5e68e821093a2b34ddc429a7
d7bdd058-afaf-42fb-9dc6-5cb31686d6f7,calibration,2a503fd839aec1011557a0fbcf7b6e06e6ecd4c80e1a767ca89d1d71a860058e
d7d12290-29a7-4900-9cb8-a4b392efcfa9,calibration,8b4a9695f6285638190e3249a971e1bf4ebc42e36141f0f7e42154167b3846c2
d7e34d3e-5239-41ea-8c04-45911ac97ece,check,8a800a056c8c3de6ac189171f5ce1e998b1bc80ffeb24a53e8e8176ec7cd9a91
d7ec0914-bc86-4ea5-b85a-25e0c783d864,calibration,eaba19bbd42767904913693f9ef39f4250a653048bf5af3d16303f049bc3f688
d804dfe4-626c-462e-a031-ce8c8cdc477d,calibration,3dd8a7c6db1d0e1769301be55c0de16b7cb86cc60b8896e61f0e30918e68d406
d8198252-84ea-4995-b5ef-dfb805f12ae9,check,ac99ff13b566303a4506655c382bfa02fc4dced63b3998341356da2e7752af93
d81bd97c-3203-4e5a-8615-cb275cb9a094,check,12f3465e1a91dad202869d42c436f22dd36eeef3ffb7e86b565f21435bb92759
d8308819-9c81-435e-aa24-a430f8d09bcf,calibration,229d3dd531cae8abb7f46d05b07ff6b8b1098539e01996aa001e21316d08b278
d83d034b-1508-4e0f-8564-85929f547af4,check,e598c12ac2f8422bdca431d0c8749ca7675cdec34a20f81b46b987359a886695
d85109c1-e6b6-4956-8bbc-59f14e53f2ca,check,263f050107a1e568d684a434d277bc79b82e6c53899f3514d439a8da4afe3b80
d8579345-2cff-4da5-bb79-1f3fbcb00f7f,check,cb1e8da149e8b69924fa239ec0e055e96eb951ceefac33c76ffa3d3b58692b56
d8784dce-c674-43ff-9975-de2e7086ee0a,calibration,6ef60a16b4e088e244793dfffc4e3a12355d363850f33a9ecfe6a14b36d43189
d87d3ffc-b79d-4605-9f53-7eeb3c1095a0,calibration,4a9a3d325ec5fd427655befb2b1e5a338885bb10f11be866981d433210a2537a
d88a154f-a193-4518-81be-1dd3ceec820b,check,99fe93c727703c7755fd74e055e6a21991e085df9e27f5d5228ba772ada064b0
d89e0265-85f4-4077-9d1a-33b63fb9d808,calibration,c695fbbc6d49a74e5a6e06b79164871488c2ed0acb71f68c1983f0a3d36821b0
d8c6e0b2-5f3b-4c00-acfb-d1053a263034,calibration,9c9578b8e6f90edf3111fd4c783dac0b7fe39be9e443ee842a5dd5aa92022d66
d8ce9217-d44b-4be1-bc8e-680d7e36c3ba,check,8929cd80849fcfe7517bf35668867f8361850238aa0761927b8698d0eb2b6856
d8d45740-cc3b-444a-8fac-136d1d74b3af,check,4bd238f9f15fc0311d927fd6e1cb722c9ee9075c1ac3d4a1fce415ae3a5f6e11
d8df2e17-390b-4067-ac34-3cf704e0ef6b,check,aeb333a34204cebf639ed60034ab252c88272f7fcda84bb3008efa812604d125
d8e8be6b-b98f-44ae-bc55-8d772bfbd815,check,98c25be02d0ae2c1ae7bd2d4d3a2aebcf0deda4e72004cbacb39c4e9fb93de86
d8fcbd10-ed2c-42f2-b7b5-2b3800a1d20c,calibration,7b5428316fb8eb6a91a22beec88f31d227fb9f21784e1ae0ac8c62dd1733cf8f
d917e75f-7ded-47da-96a9-ba39ac9eba18,calibration,ef9187b6dcc931dab32593b28778bddf98277079d01026125f5f1c3efee885a8
d950f03f-af2d-412a-9427-50372c2f3c0e,check,fd7c42f6f175629917d13f3f8cd81b92e6ca385ae74c28d1dfb21d00a7deef6d
d960c15c-905b-4b87-94e2-35ab116e6886,check,c7ebd48ced17e0ad2925e3598a662df19c2ef0801a1c70791a95826d21403362
d966dff9-696e-4db0-8fa6-ea74dbe28873,check,61b8a87803284a54296a9a8e2a73bf12115a12d0897e2e773ee12a715fd3ca7c
d969e414-eef9-439f-bf4e-3ad176de1c1a,calibration,92c09d9607d4af079fce5ee047fe1544a15ddae8aa19150459d2419b20061fa5
d971e5da-768e-4cd4-94ad-14e6dd427c7e,check,255b7ae4e6e7e972c6524cbed2ff333b2604cf42b8c99f2a3bc57bf563195c45
d972edaf-f93c-40f3-ad11-c3ac5883f137,check,93ca2a1770df9129dd974cb6be555f88e579419983f29c53b7ba68cbf5dbb559
d98a8a1b-1efb-44df-a11b-bf3cde7d127d,calibration,0d34bb848188984bdc66e228e969586c562ab7beb5790fc7850b1013d307421a
d98b946c-e3ea-4c29-ba9b-92aaf4b7d907,calibration,835e744c7be00642f95bc5e7fb21d96797f4d23ee60de99e5add71aeb62a0823
d98dc1c0-324b-426c-8d17-3176949348fb,check,4fca4a59316fbce3b14bd4ed75892deb46643a61833e5d5e7c795fcc281c24e7
d9a16064-4df2-4b90-9150-2437876a1c59,calibration,4c2a854520712be48740287f16029a0303b3c76070fabb475bf8708e153602de
d9a3b4f6-5144-4812-b64e-738fbfc1b43a,check,5851df081a6e2334b518eb0bfbaf0e501c2c14f80314a40979545abb94d9492a
d9c71c2f-e195-49d7-b20a-b43031b76b93,check,f63d7c3f81b618a944fc4c33e7f4342fb076e934a2a6c718a0be5fc2471db3c7
d9ce168b-ec4a-4e9c-8c05-4b79fd664fee,check,53ceda61a6944e7b8d38837dd23e07c064a9393294ec01de05751e9d98d3d243
d9dad354-f75e-4690-b898-84be499a246b,check,2d79053b826cd5428ede60e8f32b223b95f143914fb74602617adc0ef0e535fa
d9f69afc-c647-42ea-82ea-200c86280465,check,a16580fff6799bda3acac1b57ef1e63045b58383c00a3bfdf6cf01a2fad73e1b
d9fa11d1-2a07-45cb-9b88-bdd43e79ecfe,check,eb44a4c18d109a965898080fabadb93d11e73e2774be37af955955a4c23d552c
da03b442-9eca-4c8f-af89-2a61c15bc78c,calibration,d879f1da2de5b3bae7b0bb9370bbc6c78265d2c13a8505632963ca9ee07144af
da0962b4-006c-40a5-99d3-6b58e6f4b327,calibration,286eb1ef7f8cf62cb8a2f24a7ca63af564497de15d2d53bb0bfe4e6f0ac24ffe
da09c784-443d-4e11-b18f-a2815311f761,calibration,95a49b8e3db397c4c1a93c6f5b0a44066f764552ec129d9a600ddb7dbb98b8f1
da2ca35a-9e3d-4263-b2eb-fcb40e7733d6,calibration,ebaa6a21be43967901af1770afc3edc24a53d2e6204e5f8f7f6e9a10ee5fecd7
da54a262-f7eb-4e7a-89f8-00aa942651e3,calibration,fc4404d87573eeb99d31325d46301ceb2ec28b892b0db999a20cbdc333443e6a
da665e76-ca75-4a02-985e-031349292212,calibration,bfce00c47ecd408c142943707174f30b16020bd1c22c0760c626af10ce7e2468
da81802f-ffd1-4bb0-b2bc-7e633c1b1814,calibration,8ca92f3d1699ab17acf66ee24c80027f6ea6f915f8a64e82d78d040639bd5f8f
da88f355-7642-4d55-b22a-08509f6ff292,calibration,765216743ad8260905d2df7caa9b6556a1ce9457e398771b89e2c56966290364
dab237df-28ef-4d6c-b147-55125c9a8469,check,9c4d72fb0825837b1d63aeef598566941c6ab18976acd82ea892a20021673290
dac085f2-149a-42ba-8fa3-6ba124ffdc0d,calibration,68512a8ce338ae86d6ee202bccabdbf38c0def694130d272884e837c6f4629e1
dac570ed-542e-48d5-8055-0fa1fa608072,calibration,08ee0030b2ffe789efdc141bb6419895f6c407312aa556fecce301b2019b4d60
dadb8abe-0e51-4e74-a573-11c73d0cf159,calibration,ae5bd83932724c2e5ca6def63e5f896a20db626103a8352a0df9106959b69c46
db108117-bd9e-42b1-826f-5bdb45cbde95,check,571fbd1e5694bfb556067fe8ee3d53347f1dd8fbb1c331624022dcc6d74dee6b
db1091ee-5014-40f8-8e24-5c201a300744,calibration,a919135dac663a3f4b49eb8391895bf04cf98de0f6e14da6fb7e70d89b2e7df1
db2f9dab-73fb-4284-b80d-0e86c03ab3e2,calibration,e41c62271c1bb6a30a04d1afa700507fe3c8f58885eef254f6be7cdfc8ffef18
db358df4-144f-4add-9ebe-1ec30678669f,check,21532bc4e305394da2516ae399198431dec50aa11513c4483ea2a4f7dbabf81f
db6a72b8-c8d2-40dd-8b8a-7d8e85ab17e6,calibration,fbb7816685c9c6423d135972fedb1512cbba8c1bde39ec9037a038cdc46d6718
db6fc27c-5070-4f82-b0e1-b960140f4be5,calibration,0a97cfcdc812d4c7d644e27801a3ccf279ff02d91d38f7791429925d2df99298
db76c614-c611-4a3c-a3b0-800f50e7dc12,check,ffcfc85ca1ce8678c61b9b943d8191987e9473c22bc04c760e39ed14b875290a
db7d4fa4-9ba8-46ab-8685-6c964c27463b,calibration,85d00444332cc589069cd3023f3abb9ee7ae204f4f9e2f6584d087b696726b4c
db961b72-935b-4414-b468-ac559af8f496,calibration,4ad2e9620a0c8a20a1a14dc2dc18afc31cd7c39f236cf2439bdf21f5ac65c8b7
db9f9e78-d033-4205-9b29-39684bc34239,check,5cf48775d8ea200a53a6fb9801530b01d3c1216001611555897e605af31f1e20
dba446b1-f247-474c-a182-5795e4b731c7,calibration,a2b788aed0a5ec9ebb7971ce560d7f3028a3ceb1b4ff8c1e40e5b65a2f4787cc
dbbf5ff8-af29-4910-98d1-c05360574be2,calibration,93baaa46c6b54b646d4913b7a190107e281dd8d94d84645b122bd0a0899d7761
dbc7c662-995a-413d-bf40-f2d0efa05acc,calibration,4f6e4a4088c06b290fc48ed306a5b286bd73c9302386fa531fdedd741d2c2c8a
dbcfce5b-ffc3-43ad-9a19-a5a35afb768f,calibration,2a1a7214b06ee720ed6ddfc43342a024e9c2409a4c05d9fecc8a22396c976f86
dbf00a5d-f8ea-41cb-a6c6-7ea0a03c8495,calibration,126c6962fc0006a47b218df2866a6dbdacc2446708e799f3a13b9a5d9a913c41
dbf5f962-b19f-4856-9ddb-79771c3f6682,check,a39fef9730c3cd94ac7e750f8f15ae1fe10b3c84f95b45f9eb4de969ce741e57
dbfd37bf-f4d0-4de8-b214-40502e8d91e4,check,c23a0f91b6671735b97ba8f9430cf6dc4774bd40c61ede65d4d24918862f53f6
dc1543bf-4abd-4c95-a552-b2039ec50dc4,check,76f7dd337bcc12cba9f9a8deb83152aa6313d432481a21f3b54da60315e6294e
dc27fb0f-797a-4f9f-8e7c-242e79be221e,calibration,614893f3aad2b363f5edfa9c730565706f4016bece4c0d17a49ddb0d128ad880
dc43699a-0e82-4b80-9f32-885d7805d8e6,calibration,e606d193ad151310b9ce8e8c88d2c54b124402e9b85ae637f639149fe603c8ef
dc452bca-fcf9-4650-8f29-29b73ed21320,check,eb2375e94246638603374c96102cf2eb7b40cb59bf2ab46e66ff82f4d021aa66
dc870e46-36de-46b0-a308-7fa6db1acf43,calibration,4727ea3c10a861ee1b31904334583a797809662d7a13c438843957177ef619b3
dc90ad5b-cd28-461b-97e8-4caac4078fe3,calibration,f886f4678ddacf924f168b03b1051e0658df8d2f1a13ad996b56065099fd70a4
dc93baa3-32d9-4b4b-935e-b5b8a387a808,calibration,62331a8c7784947e2349ad82033ae03f8c2258f77bb06bb4a16b5b10a5c08bd3
dc95f84f-2c72-4800-a037-8d62985d5247,calibration,75427dba92abf4431c584c949f8575c4bae618143b2c36ad39d63f92a4399b85
dca93d0f-07a3-4da4-80ca-b8b9192c7729,check,f7fc28613d312fba0e0707f0d69a54ad97938d04aba7d4d89210755b32b45299
dce1c4b5-8581-45b9-b2cd-df441c72c0ae,calibration,78129bd16b3ac959f7be281f76a9a6995948f0a34d167edf6a80e15108d67a3d
dce678ff-edc0-465e-8fc3-825901ee4ddb,check,5052be55cf821c142a97619d7b643be505592fc0e601c318aae642dace485f1e
dd0a0940-e8cb-4c7a-b320-7222ba8fad69,calibration,621d06cab6ca413b3f07cd52318d69e9cba5b2a50723ea5792133fae79c44f9c
dd1e17b8-6b36-4ff1-9cc5-7d592319e8fe,check,2b0c5a3de2f890c6689c33e9f4819e22a4ab370b3ad60e73327205433df33325
dd682852-b90f-40b9-89b3-dc780023cbb9,check,114c93fd7f7f004faeca9312f9a2b85a3f9651ad5b7fe35ddc43ee6a0a12e241
dd68485b-5e7b-4d04-bcb4-952024195845,check,96a06f4bcbb80c82846c98a53f28f5ab16ac152c0f6f68a80b8f5f7be941a920
ddaa2213-a521-469c-b929-939437e0541f,calibration,fc381bc460523d7575ce3c447ecbc9fed4aef7e9ec326b92c1b1d60eb2def341
ddc8bce0-40b0-4609-8372-317c81c19ce9,calibration,bab4b79316fb585dbb6051bb9f096130029887c0b7341b9421dfe4debb22f7b2
de34682b-c0a3-4c02-842b-337062a14c5b,calibration,0acac4220f16164bc5a6fc4de5e512e36ded4d7abc4158b69be55a015ea87151
de4f61d2-0131-4b5f-9dda-1a71e2d04b41,calibration,6d844ba22235108b2f1111ac93f195a7c79f20574893a124537ee1cf81db813c
de69e63c-e213-4a80-8929-c307bacb38eb,check,b9ab2b8ec505cbec8296cb58bc21cd32a7844ebcea24fcae38b3e14c0e8a225d
de9580f4-6af8-47df-859d-c22df2c8a839,calibration,348406273e969e2e75955d8569d4aedec036d8a85d9a9b943a776783b3eac654
de9e4151-0a8d-4877-a4d9-1ebf2934a846,check,39c81d153bfd8386d73033000836b0241d4515329cc2db13b7c79e54ecbe1965
dec0afdb-c6c9-4741-a9b2-d619f9d19f1b,check,7395c156b56deaeb13c5dcb1d0a3af3f2a7b28d72fb80f148ce89cc3ae4c6fda
ded05e50-dd1d-4f39-9747-2ac5e4e1f467,check,e53a911a08854cfcb280b69bae9c343256753fa9114d98a7537b41d3d7e8ac82
ded906b0-f703-4ad1-87ba-d4914731ff57,calibration,fcf6f37b03c16c5d90eef7e693edf559ef7d6e50f0abfc66b6c490526cd74d7e
deeabf58-9f14-493b-a032-6f5de6978861,calibration,cdc572cb731fca2e1cc7836c80a9528b1c0078025b021cb555196d6047bf31db
df046427-541f-4900-b6c9-05417f6cea41,calibration,e2c18369a22f9b2afab2a539266ff662c27853886333aea957a8b46b5413a80c
df0d491c-1b3d-4517-ba17-40a4dd5af69d,check,fd27f98040d9be7a2cf6beff95b5e27b599331fadb018ec0c226014ccdf84252
df1bffa9-402b-4a93-9f36-51831f2242bb,calibration,aadc607fcadfde0b870a6b2df5fd929f49ec2a7931dd00e3bbabe3dc3377704d
df5bee2f-7a1c-48b8-9dea-24abfcc66452,check,cda6387d58ad62ab91d292271ce6ec50710a57701dbe500ac3621e3aefd62939
df7cba81-08ba-415b-9b64-ddb36ae9fce3,check,26a38b3463212c412b4d1a135a55329467c7d93693d3f99ca6f5e16f7cd95567
df9755cb-4f2f-43a1-ace7-4c1589771265,calibration,3d40f03e6c1b5095cf8c16d8028fee103fd9189221446c9c06839285af8c888d
dfa87c33-d607-4a15-9ab4-66bb906c9e23,check,686b79d5be11044dd85b2aee12895348e57b68d343927684bd83302840c8c58b
dfb26624-d5cf-47c4-a959-9bba838d4eee,check,a53ee28fe0d89f3885e3ba0f9fded98ec6bacc43fb6a57ec349f8bac597c66cb
dfb98bd7-6d19-4fb6-970c-a0ec031c98b7,check,3cbc30d8a413df18e4ea8e64eb6dd67c3d373243b6d454182e1396bb5cbad457
e0093b13-aa8c-41fa-9501-02918760cdca,calibration,d93b8bff477592001323e1296a12fa3b34cf24dcd4fd6f7932f88c9bc7885b12
e00cddad-cc57-4b2b-b589-b0960d505bce,check,6b0c9df5c14828a93e452da10b1c69c36b258fc7613a62e50cfb0b0cf138cb9d
e01409a5-8891-4e8b-982d-f1a077bac236,calibration,aa1e2d56b162aafc37879cc2b7b7038825d7471acc79d3a77ea45d1a6e068f76
e02232c3-7341-4e93-ab88-475bf8f7f632,calibration,8b754c6fb75f620a53da1499f4605af9e937abc11e8ccb12ee6b99a5e1e9e9c1
e03311fa-4043-4fb2-9198-7d1e1da3172f,check,1c98e64259807239faca60fb02a269e2ab92122f4cad55edf9c3b42d95073b10
e03d6cb2-e8b8-4c67-845a-b1d8b2f739b2,check,f246362c1a3b07a91bdef6597cfa7d20128b18ac676c0d1f61c36aecbbb408a2
e03eb63a-78c4-4f26-a9a9-b55adabccb49,check,57ba7cdcf210d6915621839281aee64a32624b0a28e312b28b932b82dada5992
e0430534-f570-4dfa-a59a-742ee980d79b,check,531bec46684344cc39e3b635641fc365022bda0f770adeba13f63d5ec2355c65
e046ef3a-e1f7-40b6-b149-cc1a743f1785,check,d4ad3e424579c89b956b22d96c5d9a093b6662cab35483787bad6598258b2245
e0797a17-8523-4cf7-98aa-353e533ac4a3,check,25b7858b7626fc834caa8654e0db7a5e8f269274efa6d237fcd402145761da56
e09e6dd1-4978-4790-88c8-8d6371ca3520,check,8e39242c7684e1bb3abe4f95444ba5139c4d3b74bed254b947b4a4d35b5b6186
e0ae6d16-e941-49d4-bc50-020e576d91f9,check,b99ede52083d32f09e6b3eeddf8a405a41f70cb9d5ab678ce1eccb59093a6b06
e0c8345d-2a72-4412-8cd7-c47f95f61ece,check,8335147d75bf765148f58b50056df142ce09901b1f72082babb354e53b3c6734
e0ce1589-6538-437e-9b86-c0587efeb3d4,check,bea779d90e380e986ba5c7942c683ae0012bbce4b5b85129ef159edb40ce874b
e0de2918-f251-4c43-a09f-77bc09ae459d,check,86938d50c076b451db3aea84886e0776489016904604e11d36439b6ff754cce4
e1186ba8-d34f-478a-9fa5-39e781831b8b,check,38e4fc1860b276d92bf6c91abda3a7612bb44643c50cfb4cab64acbf84d7f37e
e16fcaf1-1752-4f0b-9a3a-2f47f57ed3fd,calibration,239d0f22ac850ecce36407093861882b2388abda5e9011a58cd61fbcf7d104d2
e18ad1ad-7a27-49e2-a7a8-c3a26a0a7ec3,calibration,b64b176927df76cd308eecdc95bf21b99b80356930e866a8f7c8c09489c3e85a
e1bee01f-5ed7-4356-b3a6-051cb8eb4765,check,c8f38af17d1530117583913c54253043d84e138ae8dc5130cb8f73c64549ed96
e208a30f-f61e-45a5-a866-f47d4a5e673f,check,fae35dbed9c7a4792f874ab80d838291e72876b46d9e616462d8842ba5b37b54
e20e8763-a33e-4e9a-8547-c6e8f20c8cae,calibration,26881275369580c5135e034b562f42950a4eae48b979d3625f3529990dcefb0e
e21292f8-1a57-4dd6-a945-2bd50bac2979,calibration,8e945fc13413091ffabbe953452b838c63764b8944d9cecebed3d6d1ca44f30e
e22988be-9d21-4b8a-8d3e-8137ac0aa4f3,check,d82850ad56f07f52907a88f548983e4c344a40d89a6c7e51e472003906c22656
e2404e85-6406-4b17-b8dc-8da299b9ed9b,calibration,cce404a2c4ba1b62e48f920a8df9260980e9b8c9f7c480d4125768e2ec584e59
e25a79a9-9d78-46b8-a283-69db78037f4c,check,4b063f3a3f97086c2533e7e80ac2efa2d11f253b2ff6e5012891c9e46bdb5f34
e26e61e5-9ec6-4e3d-b3ae-f28c39222be5,calibration,dc5dd762aa2da0bd47188376764219c08e08228048a00591981935bfcb77715f
e27dcd6c-3d1c-49c1-a2fa-5b5ffbcebe50,check,388e76e55799629afebb58df820f70c0310693480e8ac46bf3b6e257861644ea
e2823804-178e-4b88-a5b1-03b0a6ff8c51,check,6bb7e10522a1d7c29b9747c5ad9d90bdd3678387db74c24416f7d3df8b06d1a4
e2944d27-60af-4d8f-8437-47881001155b,calibration,7d4a2b2fed918cabbda337799acaee26ff6d3ab8388916a3626faf91a952fd64
e2a70498-be1e-4b55-83d6-674c327383ca,calibration,fc25ee9bf5b72a2adb7871eee05bc046b370c4211932b7296f34bf51f8126124
e2b7b68e-f549-451b-87be-47387268d46f,check,a9e6e070bf3e9c6765ce6ac51909dccab94d172dc76a2bb1883d9f6ac851780b
e2d52a4e-658b-473c-98c9-8e23d2a6a8cc,check,4a475c051522924d92116ae4d4f53ae7a0f0fb7b17e5037b87c5e9ad51f7fe97
e2de1b16-79bb-4a58-8846-8a4f48c3e1bc,calibration,74fb0392477e8723950c000926ffb1af6bbf7519bffa06e5ab31ba9a0e44c975
e2df5d8e-9c7f-4021-a3f4-3b48e5e3e7ec,check,2a752fe1731d96aa610844bbfddda7e5dda6460f98a4215d6d0e746c29e728be
e2e10bc4-3d1b-4863-88e8-e21f20eaf4b7,calibration,ac713f090051045acda779379456a0f6a515d97155cec1f13d8684f5921f5762
e2e324e8-1fb0-4914-a521-57633ea93bc1,calibration,ea5091529444a1b73b4d2c580fe311b6d85d921152b72f14f8d4f09c582203f3
e2f705c9-271a-47dd-9180-e96aeb20fdc8,calibration,d0e43e57a8894cf3fdda7100a873e10307956f8ecb4f907ac36a4c178551c714
e2fee277-3bad-4fbf-aab0-219e3979418c,calibration,0267578be199bd653ae1ec1a4850742b23082fba1414b6be89707e6643b1c611
e30edd53-b5b8-47c4-baa1-572b62f2db9b,check,4c0727fa02d26f1fe1a59f5872cbf84416e6bd9bcb0739130bf178e29c89992d
e32e8be4-cc99-4e83-ab00-5bcc42b5bea3,check,c7383998efe934c02489bae3b2f6d8d65253891b751aea33c9da4ce9d05b6cf8
e3425a6b-a35e-4902-a231-4593e2918135,check,271fb5217eab83a643543c550747d3fe9dd5dfb594a03c6a8fac704c631546ef
e34d6e95-6eb5-428b-b8ec-42a4a9f85a02,check,781f08382a20f141f6d3f410bc503b581da458155d8568a639f75a597e61aa5b
e3a02ff7-6121-4fb0-b647-ab5df2146ba7,check,5b4cfa6e6546da247b4a577b2a3eed670251e66f503489e6596eed2bcb25fe81
e3a8661f-1222-4beb-a5a7-9c7af3e7953b,check,b4fabe1b0b535267b805005c5bcee230e0fc31e5527cbca3a02a783e8f73e262
e3ae4f7f-5e03-4433-968b-78178a1b0fec,check,38933e98ee092adf4d5cf6ded1c03cc74f74731a818a06c99d325284726c03f3
e3b953dd-ef55-4d4f-b3ad-36e1fadc1be4,check,aa5d3dc43b4919e67395a7d8c0d8d47c3aa1c3dc883a80b546b25ca56da39a94
e3b9e545-9794-4528-825a-ecbb60632424,check,33e6d123dd4d291a09d2918af3354a8469cf626b62c641938e9850974f28a207
e3df200e-289a-4425-b320-3fe9f76bfc1f,calibration,6325f74739600e9b7ac9a0dcb0e2ee53cfc22666be8c527822ace2e1be24dcfd
e3f03b51-eb07-41f5-92ae-1fc75fd4ea2e,calibration,f83481476314dd18022aa36b87e6e62edb16fdd8d39ab3f150b2d74c0331f2cc
e403e744-87dc-42ef-93a1-a31edd787f7a,check,1ffd018f882ed7728e148743d25b49da1e4bcf51a9aa24e371df6f89a8a94cf8
e40f8a44-7f08-4a84-910a-1214c1903dae,calibration,09265e53cf29b7635b6dad89582d49b98c5bcadffd50a5b1a855660e8190ce6d
e42c2417-567e-45e3-8850-63b20daf3921,check,4ad3f319cdaaf3218da2a1157458edf15ed0b1c1e394325e4837cfc2c0cbffb0
e440dd72-1470-4801-b5fb-7c37ae9e79e8,check,d49c7ab09023db46d4ad0cb3b56d7868dbd8feeca136312330b4de92d9e03c74
e4452bb4-219e-4bc6-9852-d027363c4fd2,check,2ffa44330e06c46acd830154855ad9979d218d067d52652de55fcc72302f000d
e445345a-258d-468a-98bc-39c0c0accee0,calibration,f444424559d6c8567a2760bec8d71f2d7f7ce6716d1296c8eabfe135761ddf94
e4490abb-4cbb-4541-9ec2-d2a148171091,calibration,e892115f30aceee934a285b02c54998eece8650e6c041c7d86935a85c4ff0c33
e452e7e2-f613-4781-8059-3c9168aa9bd2,calibration,b4d115bd5b8d97a7603174e55a19933476fb5cef892f2faa241b0b2a912183dc
e46c72fa-0d4e-4c0c-b7d1-c4d90e3b2fe8,calibration,a27a96c5bfa7f6a25be4a09e81c2622855bed54a78d3308dc54fa5f36caf6879
e47587d0-0a93-4bfd-a7e7-1a394df3484d,check,2dc805963f93975693d815b52ce93c6f5dc0a95621e23fd6f7619c8ec56c3b0e
e48bbd0d-5b95-45dc-aa1b-574c1793cce7,check,1dad213fdc7f3762072264f4714a589fd600d7e6c1fcf28270932475d7e0cd8e
e4cfb727-4c79-4a79-b08d-c78ab051e5ed,calibration,0508a84465e7ac740d23f049368652eb0cf3549e7aa036afb70f670ee842e665
e4fba620-4b5d-4572-88a2-a64afa4e9e65,calibration,9db357efadc2c2f29ac966cd50fe8a946ba409fd1b245c1795101b0d1afab1af
e51896b7-aaf9-4334-a7ba-1e8954728994,check,5fd243d88e02c86f18c0cd38aaf8c1a6122025c6435e5c43a038f6eb82ac6fce
e524006b-4cb8-4179-be3c-2dbc318c6d3e,check,8dd7de24b874bee25e098ef32babb1053fe71f3228aad8ea2279bcbd0e9eb44f
e553c41c-934d-4fb3-9ee7-1dd5a34f765d,check,013084f5897237d1320d1b18520b65e90429b7de4b32ba1eb1dd6e832e2dbeba
e597b554-8442-4ac7-803d-8e9e707677f4,check,103f2e7273e692b5d31fc88b7217e410d5b1f28e85e885288a42b73a21091c4b
e5bb9afb-80d6-4d37-969e-3f5b19d2c54a,calibration,8baae7e97a2e3aaf4aed7a04a4c443f2af831e0c3f8eae3bb643e1bbb2fa8ff0
e5c8fee4-a4bd-449c-8535-b5327a47a5f6,check,88c032ea29957e15386c864a76f396cdfaebfa09db3a2dd1245689d06b007c5e
e5e17db0-e5c1-483b-ad80-ea2884ea5390,calibration,d3af6a6bf2cde0eeb9f06076b159d87492e3b3380df7d9c60e210aa0e2bc7a1d
e5fdd892-966e-4277-a5d5-16496ff46867,calibration,619b25788ea2671f9ba82bc0eadacdd1717b391e0e3ecf9d32edf94a3c749789
e6098e17-58f8-436c-af3c-535e7394727f,check,e171fd68668e82e2bd10a372f2cc4799c6c52f863f4b20203ae8e410f2bfb1fb
e61a5710-9a54-4357-9389-fee3e3004f73,calibration,807a9c7512a037fc46bed2156a7552fc7ae2cbeaccd22cc4bea08fc016295cad
e6327648-6d9b-496b-bbc1-27c8af1b19f4,check,cd974396e760a25590849cae3f063567494aaea782c5f2090b7a2922488f85e1
e6496c0c-f4a0-468d-b833-708b6c0575e8,calibration,3de38747e3767a317685ae56809d3fba66886a51e2141bc1d1822213c5e577f7
e663a757-6531-40a4-b372-503c32242641,check,36284ddd6f617886741035faae369991c7406bb2aa0e1cf5dc1f9014725102af
e66fcb3f-ac28-4d02-bb2d-9c749abd2533,check,c714f88dd07f9cb2ee7292dfd82c5a468896744f314ce08d9fcf8655d038a1f5
e685aacc-77d6-45b1-b7af-4d34516aa4e1,calibration,c0c9f490f3c8c42be97c6863b1e1e85fd1adefc334a4c0528074819e06efb244
e688b10a-32fa-4506-b0b5-47d697b5821f,check,d89aa37afebe372e383a13dfc97326aac6c571e311bc053cab15d869e456c419
e68a59db-1cc8-4c5c-93a9-15d35931dd32,check,3b41b83e25545460bb33b8523c53fa5e00d085160882c2368be69e6b798b5f3e
e6b288fa-98ae-4890-b7cc-26327bdf0f63,check,ae1efa9ad323376569ad7956a885cf30844fb824895ec59d989296651750a080
e6bd860c-942e-4878-b533-709fd78b4d79,check,a970375a7ec0cfb927bc342eb7b552d9b3ddeb9513e01c1cce5378f2b84141c7
e6c8088e-d047-4d24-b067-c28324b36622,calibration,9ab3a5c786c5223fd8e689f0523f6913e70e21b891667e5ae2f723e90a4b550e
e6d23a92-33d2-455b-a1e2-57a746b28b94,check,44d8b76c529107cda03ba577678deb4cb07e98d6d0032873850d56bb1dd51331
e6d3a520-afbf-474a-8b95-c209b4ad9d02,check,7a1fc9eb9999587170546f00b729f16997be8d6e5b9ae6d0f0091e875d13dcfa
e7328c9a-083a-476f-b20e-8417be23b78e,calibration,15075257a90e7609c554d88f642418c16c62e3a442dcb83248cd23ccee7c8521
e781d0fd-6f8e-4cb8-bf52-0d79aabfe766,calibration,6862e80c864246cdbdb54daab1e4f0b2925939613f4e1cf63d541aebc4c7f0b2
e792e5ac-8076-4899-99cf-8b5661973d48,calibration,e6442193cd4c9ffb3219e66259f22b146b4d2f06480888d9d115c8f7e7cb770e
e7a2f3a5-88c7-46d8-9fa3-72ef549aca5d,check,d97ca84b4edc046a03276274b6e80f89f0d591464202d1a51b3a49ef1ef06a16
e7bc2ab0-db4b-4d66-9f72-11a59d3b3ee7,calibration,f5cbdb4f5d05f3ff02f935f2dda965ec03ccbfdf7d057cbcce699a067a5a8dc1
e7cc4841-aad2-4985-8364-7f8859236f23,check,51cdf40c9cf549c9a61040a17e7ce07dbc6c05270d963d09e5515632c9a344b8
e7d9c506-a2bc-4b63-938f-8c73c92876e5,check,e0bba9a048946cf33997788481badf5eeee03cdbbba7d1f34c420a6afde11fc7
e7e0daa8-e8a7-48db-9f52-4907109f8753,calibration,66d9e976c64f757a1421d904fccab1ccd4cd6785fd4a05836dae7c7f90529f39
e7eadeca-1868-475b-b7d9-8986c6956725,calibration,5a129a68a0e4f0ab87346b03d759ad2a6f030d873e3f61ef06ec91c7e7e68bc2
e7fa077b-c378-4edd-840f-18ec0e8600db,calibration,c8055ae672b3553ae149134da6cbbbbf9172c78f3b5f430ba61842cfff098eae
e7fedbf8-0902-45e3-99af-322c47d25fa6,check,c7377a509bcde9c71757a294e84a416330b5ee177020638641662526cddc3cfc
e82c6bf0-cbf8-464d-8bfb-f858381be866,calibration,cc9a76af595340bc980dbe2c9177067081cabac204102cfa5d7f62129b82e1df
e862bf20-72bc-4f1d-93e6-1012e7bf58ef,check,78f16f2bf2a5e80dff2f5071f03b915d7d806bd68dd2e94ecac953fec3f6d579
e8689b2e-a875-4023-bf26-3b3e4edc775a,calibration,1447ac10089a4dfbaacfb9703fc062c0177d6fe816c7a8cb96fa6b9ab7e9f2b9
e8d252b5-0623-456b-969f-91ceecca58c1,check,d13fdde9a938ec1ffef8bf9d6737da4741be1ca3318d1f3ea3415d66ebe8675f
e8eec257-9741-4979-92b9-07910e9298f1,check,27d5833311830e10d23767c6ecc6fe70ad1e2008b216f90a66f9a9c2c1e8ee85
e915d99c-fcd9-4a69-9189-69be594dcf4a,calibration,c174b164fc8d6080c0d45a83d13cf7e0cb55b6f2625019308d0d1b47882cb4f0
e918a07f-4595-4577-bce3-7043be257aed,check,6cefb7c0969783ab80b67c2fe9957afcbed94e9a8c345e61ac5a40625dc883f0
e92bb569-5d46-4e64-88b0-856c1c87d90e,check,f3bf9363071f0e59afe0e4f1be657276f5c8e289398606b9c7afd9f31e13c23d
e93c1608-3bb7-4444-9642-3455cc920f04,calibration,179f95d0e72cb2f9ba444ca09f4f64946842e746cfeae6bf7ba1d55125cdb211
e94cba37-129c-46b7-be8a-23c590529252,calibration,12227fcc49c256c3338f2999cd9bb9cda875610ba9bcd07c5764ae0914c80563
e951e85f-c134-47a7-a6b0-ebd0b130e03f,calibration,5a7c8ef0b11575ae074cbc30bc7a50da08b3c0c35487f1309e2a661a971320f1
e98903e4-7b2c-4c4b-b099-1192a66f4029,check,12613237496448df59b3c6bf499ca7d61fb77b09eb58674bf334fe90c9265705
e98acb62-54ab-4a19-8fe6-3f4349f70417,check,0d9d71907770fd01b9dadbfc491c74d7dbc712418a72be6efde3747e214d2d4b
e9980b58-7b9c-4d9d-af02-4268db2d2aea,check,0f7091e4481dfee3cc78960d12be55532a37945b3e5c6e4cd014197bdeedf769
e9a7e70b-797a-4641-bc67-6dce436b7432,calibration,acb5a6f998f6438acb0f6a7d9fe693fdea2199db9f96a706f3497bcce0764bd4
e9ab786a-08b6-4c13-8f9e-387d6aeeb8a3,check,40b17df87fd8c0659b6ddc586e37789cdf32dcba95af780f7a7394ef820e18f4
e9cde58d-efa2-452a-a261-01a1d894c2a6,check,492dc2b3e622647d5e8dcb49bc0b435b0b180a4029b06d37060c34269e6805ea
e9db93e9-e6b2-4ea7-9192-2ba251fec8de,check,45c65f0aa4e33860d25b2b241c4d3119da27aa029b5c4de5bdb45c8bf50fe9ad
ea0d2efe-361a-45f9-a8a7-6fe6c4decab7,calibration,97561bd9336768867899170fa7d42546f40240cbdc3ce12241dfe0f030a74b44
ea2713e7-2f93-446b-b1ca-252e4fe2667e,check,0a95d06576f9dacf9205cbcb3f12dfe7d5616a4922d41cc3d3b30265182f89ba
ea4755bd-3b05-41f4-af96-d39a81ad9958,check,953683b28308ba76da7021612acd73c5bb07dc1d140aedfa4cfbd44f65478e85
ea4908d4-9227-47d2-bdb5-f8dbeda893d9,check,2ff338f658498e0963f42b259113a6ab467d743d22320828a871a863c2a1a8e2
ea5db4ba-4499-4fd2-a9ec-6dd2a4dc9df0,calibration,fb53cc5a4ab510ad6ea865c286c9ea6769833c63deb959cb8c1ea99370d21018
ea606560-f388-4c99-8d3a-4d4e9a322ec1,check,fdbbc14fdd4e995058c178849fb27d0ebaec551d886d33ef3b0d5791749a9476
ea883c33-4799-4383-8983-92f5bd75dfb0,check,1f38220603eaf63b46622b725d493f47d8f6349557c0a791d66f93e785e6800e
ea9e783e-2737-4130-921e-e3f5fab9c987,calibration,1a5299bb4660a3259ec0434ea73715ffe411531556af43c4f5ab44e72673df83
eaa61ce2-828c-41ab-9faa-0ec2adad4a62,check,0cdc0538c395d3c1c7617dccbee2937acf2df60eb4d927dc01b2346992971b93
eabba1eb-5e2a-452c-af84-fd03604f35e6,check,14c043f8a142e09636e0ebb7fda65c81d198432cecd126e6bf93057a9d4a4416
eac9f621-55c9-497e-aaaa-92a89265016c,calibration,02ea6a4438a5581cbdbe85a1389a2f7b7fbf9a3aa94272093c4246f826dce299
eb010d39-7e89-4d2c-be9d-ebef79a9bcc8,calibration,3681f03fa92d4c3e55d877d75da1e50c740e6fb86412b51695c69e837846de90
eb02eb8d-3c7c-4097-bc03-db75aa60abb9,check,7b370a95624fd33a9e3e4ff99cd16a751f8ea14c7a8549a6fe8940511297643b
eb660ec5-c69a-4f98-83e7-899ca95d45d4,calibration,9eea8d38b4ae57ce9fd7ce09ee34c2bdee9e18cf111a2a8337f72bbdcb11624f
eb8151de-33ab-425a-8687-cf30706e4a94,check,a0b1bf6c80402fd97c593704f4f0c28494aca30e02c132e90c5405f454dee7b0
eb821820-8677-489a-83a6-1fbb5fe934e0,check,7d019f6da8c6829bf4cd480c7761448f8128bd34373f07de62ee0a79148abe3e
eb929488-aeee-4188-88d9-d25bc0a0d058,calibration,dd38b8f80ba2260ac2126afe402a34887a553dd1a8a1f9d53ab77f07a8dfe39d
eba58e91-6464-4d55-975d-bac588094af0,check,bff193e41782d3984ff14142af535882a4cdf7a4596c887677b8cbae5c3428ca
ebd5d22d-74ef-4f22-9f5e-2a0721c2fd71,check,077bfbdcc8350e0f0c877274b8eb89330a18b5e2b618db5fa00e4fa8ac3da693
ebe004d2-9154-4718-b054-1c4994cb5560,calibration,e13c882236375eade2be7bebb4ca11758a67087fd868b59b9a9931a94d457b34
ebf3ca96-9d4f-4d7d-bb95-66bbc5722cd5,calibration,34c35410096f2201462597edb6715730b66c986b0a43be5e33b96d6a4a935d0a
ec1885ee-a0e6-4972-b10c-dc915d0e9e4b,check,f5711b612c4aecbd2bd75f56788bfcf5bacd901ff6918944059fc797463dcc6c
ec52d53b-d965-4e68-850c-4899a1afcaf6,check,707aae410d850e3ec804c4bb4ed622b3a67910afa6fcf77a839f4264aa1a1e6b
ec612f61-5e48-4112-9ac0-6b74ee9e097d,check,d0a4a8696a8d8b12a3d9ee084e576e6244891f8c79a87e3a45fa07be374d413d
ec676cad-7286-4e4a-9be9-77b50ce6d00c,check,14a2c608b39abc9a714b985adb064bf83e5cda30028c546ef7524eae67e6ebfa
ec6f2fef-b352-43bf-b1ab-de159edbcc34,calibration,14fdcc2b8b33f1730e6114dacb168e902266c301fd373ffc21f277014b1b029a
ec7ab018-1e91-4e88-ad06-9a8cc9ec2cc1,calibration,6a9b3523731c173b5635fc48d32673dc08d9e24bbcc9275f193b916acbc58a73
ec7ff1e5-ee51-4b97-ba3c-4def4bf63b88,calibration,a71a5abd5529ff4b3f935d36e2de7b27477c4614d9a86895dba13f8b9c004177
ec8d14b8-add9-4c14-b05c-c2c2deb4f234,calibration,8e8fddf7710fd07e850d05a3398b4feb6e855b5da45d1c96bd067129a8767976
eca309c4-8ba5-4ded-a33e-769a3a6dbaef,calibration,7d047e0e75304863c66a998aa6d1c88bdece8f665691256b088c9cad66b9b3d4
eca33f8a-afee-4261-8616-0d259991023d,calibration,05cb8c502f8fb07bc34531816ea5cd3a5676a204c4c87339d9f6c570c490f1cc
ecad5266-3508-40fc-a83d-a534985b1322,check,9f7a732e2408f3e6b78ef273275926ccfe4eb1a50aae8dcfce2936aee4a9a548
ecbeea73-8351-43b6-a129-06ca437d6183,check,72b0fbdfffff60fe6cea15651d49e050c357830a6c76bcea0be70489cc987947
ecdb4eb0-3369-41ea-8156-069291e7a3ec,check,d4d17d09b7064ac22da0a4db7dd01452840aade911c6b1d42c5167785211b9f9
ece3d8ab-77d8-4b65-9178-a03c12cff2b4,calibration,9b40cc594ce8004078fbbf7b07404d4ed8e778a602a68929ecf720e4005f1efc
ed006d35-806f-4e2a-b189-95bb80666eec,check,32ad1297c2945f680ae0e96df9944ef9ff00e04eda6e22e8708e0e4b1139a2de
ed2c9d98-bd85-4e0f-96e2-e59a251a75e5,check,4fe2d62f771e2421dd42af8ff289a99085ab1a3ccac1c42b817b3f13b6b19096
ed357065-a7b8-42c7-9843-116db952dc4c,calibration,185d47e268bfd434b5bc9564b0834782ac32b173876a5e72629493f770bb2fb0
ed5ea73e-e0a6-4839-9cf8-a82198d393fb,calibration,bdf41994150b67e430d23b03d09b9b87a3a2fc83d721da217b082ad08b5ab43b
ed73bfc8-9bc8-4859-beb6-7d615ba757ec,calibration,10a349fe4c89233b3617e24f6cd08e7dcc08f2ddcfe15ba4549084132b44cc8b
ed8b4381-f3f5-4d28-a26d-574d01de9102,calibration,87fd794f906487308598c5e16ebf0448428baab7ca9527e89715230aa38f4d25
ed99c149-9e6c-4e9c-868b-1f9d82c7f30e,check,b13947fe322a324e3f18b4204096b4ae39569c1c640afe895c156fe17f9b1a33
edc25969-7708-450c-aab2-7f7981d23a59,calibration,0e614c9a8bb48b9cf4aa174cbaf43cb6eac7b3a7437f803e256dc0a6b08621b0
ede4d5cb-9fc1-4c28-86cc-554cc3b356f4,check,217e3480d354b58a95318f779b7c87054d4a2ee6f426cb7579c1e0ae620bbd4c
edea5f68-fd8b-4626-9190-675f56540b54,check,1cd9cb40b767936d022c1477338336f516e5a1bed1c16571b51b10a44c4bcd95
edf33aa0-2194-4f05-8e1c-3bb3a119c8db,calibration,55b526fb5678672c769ed4be3b2b12e2a9b4468e32b390bd9578c6e58518e47b
edf6ca26-dc7e-4560-8707-7f32cc249f9c,calibration,f24a64920f030920788885eba580f00692bef0f2c22d65b355314b6b8c835f60
ee680118-d3c2-4037-8a8f-ccbb2d9f14be,check,90cadb9bdf74d646b95bc331278e9b585c51718d08dff63209f33248cec5e737
ee7f5f5c-fc73-4aed-8eaa-a90e55bf1622,calibration,38e23240b743ac99329f5f524bda4bebb6be5973e9b83f56ae5b8a734e41017e
ee8831fc-23c3-43ac-8a73-9b0e2a2b75ad,calibration,cc2609fec98a2a12a1fae36dbeea71bfda985dd493eae8705d57dc3edcbf9654
ee90093a-54bd-4d52-b9e7-9f77dd6f30ae,check,87cfa589d236f028f2e5d95ee0f4fc90c61f8c894f03548114ec54de3b62fbdd
eebd41f9-ac63-475b-abaf-277858ae6e6a,calibration,727f600f52864802cdf7e5d69c6a429be3a84ff9f7c7ae4719ac06771558d662
eecc3d03-e1e7-4983-9ac4-e577074bbf98,calibration,5804abb73863a4dff4861d54678e2538603fd7b6d3fad580af1797a81c5e7885
eed4684a-d4e1-4f6e-a897-838647535a79,check,b5a4c8e8c00fc219ccf53a6b10e13cc431d9da941618d830fbe15ede11d63455
ef0bb59f-ba79-4ee6-a73c-1fec7cea6d23,check,46c47a286e783572baa5d9f80e2f76c0d741e1dadaeb00a47061ef4e29c4c73f
ef424682-7439-40ea-ad0c-00091c1d882e,calibration,65d8a13e00c0acafa4b4022660770e4b94a7601a5e27fb3b30f500af7007d2ac
ef55e87d-76a6-47c4-a4e8-2615e23bc1dd,calibration,7b8e69d0030437d20ccef8e3203908bcf648dfe6719c07d8cd211ba0778385bf
ef78b952-a6eb-40c2-b3c9-67551be04a90,calibration,aaf4a933199f22388c45947e94a7cfd86635fa0d58e0265b5b41a5bcc2a7502d
ef850573-32d0-4175-8325-aab9a5d5791e,calibration,2d4a4516aa2b34c516489668feca83599658c55ac56ca298ede71b65b4fdb5fc
efb76d4b-16a2-44e9-9949-85e5a1a51a00,check,2244aa3d21902441efd095a6dae14332b84afebd5aa9cda1576457df08503edb
efbba83e-79c7-4e48-9914-d1f7b7d4a6c4,check,6a20da13f1738378437f775f3581cb16043d6b07ce04f6d8c9fea647b5cd634c
efc0812d-01c2-44b1-a7ab-190565f6cf76,check,0a7ce36bd3457f325b32cfc7605790aab2381fd28a7954951dc0b7317d78a4a8
efcc5dd2-db70-43f0-b799-e4820c5e1537,calibration,7acdb843c0ae9efbb4b69b161841dac894bc42195f9665ad788cf5b49d7b02b1
efd27519-1cce-4d84-8709-6ebca50881ac,calibration,33884970b920b9995e703cce16becd14b3ead75bc94c1432ff8fb805edbdf1d1
efd86179-6ce0-4e29-a641-2ca0b95ffdc5,check,6a8bb55687497c39c03dd592a56806e0d7da8a21f80191e8e1cdce187896aacd
efe0a25a-b1c9-4311-8ccb-f97ed7788448,calibration,04e20322c2ecf3f83b217b02c8288f6577312cbde2a0a8d3316773b5fb43b116
f01f59ae-fd68-4ea6-a1ef-0a04a3bcaf6a,check,494163523adae539c445ecad8bc64a212e57c56f4967236935e67b2a8fdda2ed
f03851d6-ff1b-4bcb-8f29-8b9ae936eb0c,calibration,0e5d6ae83ae6272cd90ce65c62104ef282fd389b1da7d44cbcc682712c00c253
f0632254-6722-4cb7-92e7-ed71a653dc4d,calibration,6ab287d0183af87a74ae87d11ab38614ba8f3bc723d9bf490849986b489768ad
f0a194c0-5b54-456c-a947-798afee8f3d9,check,ff488b9d20595e3be43971b29c45f0d252418e7c8a304cfba1d6521369f06276
f0a4d3ff-8900-4217-8802-5baafde3d055,check,6c1dd7ca7aa4dde5d203250e5e43e84e01dd86e460c9b601a31c7d8c683fef4f
f0a93484-330d-4c34-bf38-b532c327aa0a,calibration,0e56012e23e001745f3628076b5f4f341034d24c7c87aa7099a28e73638d59ec
f0b4a2de-001d-474c-8c32-c8d3520c9dbb,check,5f5d92de25c500bb13e00b480edcf1a15e6721fae8ddf446222a037df214f8fa
f0b96a95-f9ad-4b06-b25f-7f10682ddb6c,calibration,b6f214328526c21dd0879a697d67a87be455332d89af3fa7aaf06b8cf6f95ccd
f0c16aad-8445-473a-a558-9580e5e339b8,calibration,1979ad7df6a1c2e248fa1742a481f216350d4c6d69ea8e6347636c4141a26edc
f0e3b399-62a2-4126-a032-ff3edf322f8e,check,16fd3df20c3d66a8ea1fe152abf968053a91efd3fd1020f691283e29d7dcb7e5
f0e54f9a-4b5c-429a-b849-dfe699a96dfe,calibration,859cd5dc28d25df3a5b284abaf032f8448c8c8d0b33ef0b175630ff11837855d
f0ef5fc0-4ae8-4fd4-b5e2-81e6b989629f,calibration,9b991e1a7fe0a65b19c17212d6202116e3a3a23d19b1c13b054bcbda0c30c43d
f102162a-1d16-4900-88cd-cbf877f917a0,calibration,db07d4ed608fa3a925d4d02072c80619e327086595c32b1af7f3801fe910d620
f1290b87-6770-443c-8b8f-a6f060030e0f,calibration,71d77ec237a4885513d4dcdf37b63ecc59e8227d7182e3ade5a4a9cec8d15e3e
f13c5551-6836-40dd-be24-7e7f632c3a19,calibration,dc1ca7eacae20a66674b1244c43d2ba2ae9738a25e36c097523746d5532ea093
f173065c-45ce-4a20-a523-743e25cd0d31,check,f00c54445c19e59627835286bdea7dbe85004ebbe2996f98a6e21f42edae0345
f176cab0-dc8d-4618-bb10-48e4899162ea,calibration,c03fa184345411fd94963e424e4119d6f6d7643a4a9469aac6ccf1c7d2115cb5
f17c6880-dfc7-4301-9c5e-903eed3e3d33,check,6bc436262fab97443d6e17e5cccf4856c46fc83ff43ec485d41ea79efa1c0b86
f18aba87-ce89-4e78-908f-87600f5bab31,check,779a88bd757f4511f0335e94c6f0835865d4a00100eea3c0040d4839f92dc738
f190664c-139f-4435-9c16-d4d2bea21747,check,b1b85a7ab7ba0e43f60606b1683dfcc90bb08455bee58208651b9082e5ebd541
f1bb1eb5-228a-4c4e-8c44-1cc2dbce0f14,check,28d1cc732dcfe246d5199fdb9ca1c6188a3a9c630c15d87ad8a16218b3ee85af
f1bbd363-66bf-490b-acf9-82a036241489,check,ea418a9cb413c786b0b7110aca3354a78623ea84aa7534476a5e6fec53411c0d
f1c9994e-99f3-45c2-8531-79b15e72e938,check,87c7a6a917068ff87f6fca0552a285cfccf7031ae4f1eaf6b6665dab04405ad4
f1de1e7e-dda8-4655-b551-bf6a3a519d43,calibration,d4b7491a0489ffc4003f0d207f6ed33c332f1ed9d5ef197aecb2bd5617cb6058
f1e2a4e8-94e6-468e-b6bf-cb1bb3499e57,check,0e28c0b88e0593289ae2df1723903085ccdf487ca80cb8ff76e5780cd4a52337
f1f977d9-2d6b-4d60-afe0-116426cd38ec,calibration,f768df6ec5168d987ee943b941d3da212c693dab0be14059270bd9cf0f539a0b
f20e4da4-2556-4302-bb14-6cde865fa41f,calibration,1622c4a90d6a01e51e3cf84cf923e8f865c8fec91b8bf8c5b7d47cf530b2c3ac
f2221615-6a1f-4353-a952-0469c7680848,check,c99b2475b40a74ac31571a5d36bb01423fc3b8351e96caa25466a82418ba31c4
f2249a04-f586-420d-a4c5-156edfd877d5,calibration,e6ba0b8b7e378f5ef0230fa959cc300de98747a34a595c110f94eb55021ffe1c
f23691b0-1ab4-4e28-be62-fad2d74a480f,calibration,d6c415d86316c2d4fc0a962eba11fed39e6c6be28f04deb8d43814dfc540cfea
f2406434-498c-4f32-ac1d-a82ad2121a3b,calibration,43af278e081c448df59c53c517e34d3d54432edac22d341b3db04e74a1a4d8dc
f269e621-7757-401a-b59c-9acf5dcedb69,calibration,14a735e513814068a455eb25db56ecb7c717923a70648a228056e21326d2bb1e
f275a332-bc07-47d6-8d80-5a58616f9b1d,check,3dfefb2226499bd1905d382d36ed57cda5121a0bd976f6c40e5f155a28208434
f2c51908-45da-42fe-911c-eb8e7c38864f,check,b2ec04fc318a2c902a1521967e8446800c14feed9aff5a8d7a9e1c7df5f2e106
f2da55d7-1c2b-41de-8f3f-b770a17e6f99,check,43c842ef71389696afc98b27abd5bc0b1553e4cab6a1c3a9df4d062822181094
f2f49ae3-02a2-4771-9993-15ea90f42c39,calibration,b8a5c260b1e673119a19328a53bf6eccf506ce6a6a625721c0745c0615a0fbcc
f2f51606-d1d8-4097-bc40-f14635aa65fa,calibration,72ca21feed2829c2ee007c0857dbcc03ee10dae3d06332f0226745ecee588e7b
f2f9e8f4-adb9-41e7-a04e-e8aada7a754c,calibration,9469978e31cbc71cee7d24623dc78ecb2213bfeaefe77d7012144c32c3fc6b56
f31521fe-3f5a-4dea-a3db-a4e39938d9a9,check,97e2c32ae9486546e0cbd9aaa56403ce7e4d24e4273c5d4b5736bb05025e2ec2
f31b55fe-23ad-4773-98fd-e1e98d518596,check,3dc1100337456fa720bd10b998863b97cfe1965fdbe41bd62e63aa9d887d9571
f31ba5a0-8434-448d-aeae-26cd5bbdc134,calibration,f23015b2118e49f6dab007d85e06bf067b009907ddcde1acb050ecd33c4ed15b
f32a80b2-37ab-48b6-b151-2247f4498808,calibration,f28b779f1b59d07f5bd2109284a57740aa52a3cec309736945024b2c0a6c39af
f35c9308-99af-4ac5-9c80-7598bd120de6,calibration,8c36adafe4dee89267970746841205b254aa670d620b72043919304455047c5c
f3773114-fe1d-4740-b0b0-2ffda08b2dca,calibration,f4313458e5a9be0c54e371c8844aa7eb91e8ce4e09b1ff437cd590af320c4e67
f39c256a-0fc5-4de8-b97b-2bd61a3dcfea,calibration,314e3a66e02374a4d26ef97afc07ba77a5fb9423e8bbc7c1dd8fb7ee3063ad7f
f3ac0332-4037-4804-92a6-e6913f6d6e87,check,63c68b0de4e998a9a0ff7b4d560d6a4050c3c48cf132fee5570a9399da1ff8e8
f3ea61cc-d4c5-4cec-9c7d-a21d06f6b795,check,25f9603b5810d518d5da0ded9d44ae6744e0fe6d7971b1d9b197b2737a80975a
f4028a1f-9f5c-4cea-9ca6-f71e95d65cd0,calibration,deefa9212738cac2aebc0a1a775b0385756091d52ce4ebba63739636917e3f96
f40a2e50-44ec-4ff6-add0-d74f0c94d03b,calibration,4d7ed16415cc44fb97b9c832f52ce1b7fdba5e43d37e0a819da0396ec9e45f32
f44f07a9-48eb-4a0e-b651-2b8faa861930,check,777e46212ca8731eb11e5ffaa881c63c150e05a3b4250a834bcdb3a3cfbcd7d0
f46d082a-20a9-4b45-bf23-c4a97299bf9b,check,da45b5be2f98f33040c26a90ca2239e2ab984c743439a3c80fb20fdcea688348
f47d0e1a-2945-451f-83a6-7e5c598e2851,calibration,02563020dfec452ead70570b999b198b1d508bed9a089aa93b5468838e16f84f
f4aacf31-c7de-4238-b52d-090ad32fc871,calibration,c9983477be2d3648538a01380e30ea4442f0e6686ae78454f544cc7425e6fcb7
f4ac8aa5-b09d-4b24-bfa3-56b5b2e4a6c7,calibration,682a4913d157a5b806954d983e48adeb9b32aa289a079bf7343305fd53b0d490
f4c38342-3a39-43af-b17b-8a3eea3e4cea,check,2af99653a0ec363b8f6ab6d5100b309eb2dad67480fa0be69fa5cbd1df6adb60
f4c3e065-d427-423e-8db5-c7daa19818b2,calibration,0369c5773f8dfd9d3909115281399e07fae0f7173e332e3dc7ef83818709e178
f4cd0934-a456-4ad0-9433-8e6963d1c396,calibration,998400743a5b9d4a4222a62e5fc020c0ca9798b03496c1010786430568e85605
f4d47c45-c9a5-4916-bda1-6d215e29cb1b,calibration,33a1b1f153f66bfd60dfeffa226e409aa1776db43b18ae29f6b4aeb5a7725619
f4d6289c-a018-4dfb-9cb9-3e807bffbe56,check,be7137dc60bad63cc0f43bdb4879485c93496cc72f22ff255e4a2868ca4f8937
f4d79a62-3322-4135-908c-041358ce3eeb,calibration,02ce36fe935a48d5baf26cb37ec2b0b75ce82a1cbaf011db7ee4f710cbbde152
f4db4d27-73c8-46fc-8f55-f3962e28f3c6,check,13df4984b0c967b735791128667aad8a062c1c55e3892a944972b4f21b063af3
f4e134ce-e18e-44c6-951f-e4be287b4ab1,check,3bd5a22a8e89c4f63742318b17d929867539233ea884d78ecfe072b464ef22ef
f5005aad-0b03-44ff-b73e-0ab42dc12398,calibration,866880b87197cf608956eca5e0975af6b59521f6684b35e5dfb89634f36f1e13
f50efaba-f1cd-48b8-85ad-9833e8c19301,check,5e7bebe6784c800a1af810aec57c3bf0f4a0cffe27c3c28fa1979316b145b3e8
f554d9b2-af52-42e2-bd32-eb20a6fb4c98,check,13f961992ee33c1df9436d05bcee472cd6bc4341bc50998cbdae1c446e4e655f
f5755814-f0e2-4d5d-b9ae-0cad03275cd0,calibration,7696407e213faf635928cc391dc003843cf75a201fd858df4ff9b54662598aa8
f5a93d22-47bb-4986-82e2-726564f0ae57,calibration,e9241b47938ba6bc20a7cb3b15b9164b3b4da7fd87ce151fbcada65ec15027e3
f5b68636-e9e7-4986-bafa-6124b14e6914,calibration,708db124145c52c439a3297164ae78f5593c153c138e10d8e703756a36e18f6a
f5c1f618-5217-494a-8c23-5bf352cb8996,check,09032777825ed3d82f5bbb67917cae5e658733cab9c8529e6ed1b0ce8bd0b763
f5f2b6ab-77cc-46c9-9c6c-bf4831c41118,check,39cf235e7867e42d3cfddf60e1d45eafa88d89d5a61b580dac5109c77cca2f03
f60390e0-ee05-483b-9763-54c060601a9e,check,714759957a0985303da8455b64c19147b65a1f2a5c459fb8cd45b391048b43b8
f609e625-f8d3-42bb-8b53-b285190352d9,check,50772fd1d149d64740993f110a97ea63a1a60b0b652be3b7e527d05872d8c705
f625d2da-86cf-4ef0-8e6c-86dad980cc20,calibration,ede6cbb811bdb3e5956c94cefff699b4df249cd400189dfae8782e895d074d48
f62f162c-9690-4b8b-91cf-03e99f66cfe0,calibration,31563234c1b4a1b20aa77c3d69f0b395f8ca73386342210145e3452429e23d2d
f630f3f1-f7d2-4515-86db-a566a26e6421,check,f9609b32d0ae79a0127525c7048428fde78114d71a56f91e331c5981777510a4
f658303a-fb61-4848-8f8b-befd6fed7bd5,calibration,37e1e328fc37b09e93549aae2f0ca38c56c68b30b1b90d233eeaf3ff11e25f59
f6638aef-2d43-40b2-9e13-0b38b91c2828,calibration,6e97bfb3595d257acd415b0c234e832c243bdc28ae6dc8cc8626ce6c284e8722
f6a03fab-3f88-4952-ae3e-8b905af237b7,check,ed43823f833452b817bb6631fbc9781168352185e328b7283f8127becdd24306
f6b75f95-1b42-44cd-b408-04a61709c808,calibration,3be1106b9114174174fe2c45b560592b6cd5813901700bd0f5881703669a33d1
f6ce6f9f-0ccd-466a-8c08-f50a8f76aa30,calibration,28f13c0b6314e9a996c6b4ea55e29091d46882b21efbd7db89550e4ab5649199
f6f3238e-df13-464f-8892-94b04dababf1,check,4fd1107fd7e2d004c2e6e2b3f56166dce894819591df29aa7bef56ffc198869f
f702233c-cc9c-43ba-94f2-acc448208e3f,check,9097a99e7b33dae9cd53f392a6cf72653baf032ac2dd27929cc4d3d1fa663fb4
f7612576-f563-4605-b459-f96c986b5665,calibration,ce9acf79ec5e93e658dd5f7741f7f50546bb40c3455f2944d8c7918eb78eb17b
f7751123-a95c-46c4-a1c3-c70513bd39fe,calibration,1e948fec0f2c82cdff6d7ea07af149027ed511963695bc793d2174d1824d14ea
f7774d26-bc5d-4895-9598-eeb4b1e2b40e,calibration,c5dbdfba6a67f1344458f2933438c2b7dffe9300f4765fabff8fc4960f333140
f77a6ff1-a035-4060-a8ea-dfaed2327102,check,60142ac26ec9c1815b9ced6efb05db15a655f4574806c8b1f1fb556624539615
f7ad3a02-ef93-4ecb-bf48-f4e3656e0bff,calibration,818051db1f614182f0ffc5f9a46266527856cb9f57cc880a096b4ad17a9537b6
f7b87ca5-b035-4352-b3f1-b0454789077e,check,ba33c200adb1667d3b364ad4048eeed1a29978fae15d1782f4d6a3037a6fb8b9
f7be77ba-4743-42de-be2e-d6691b2f8244,calibration,ff09252395b8b7cdbd4f779e4ae2555dc570455eacf593637523911ace289494
f803c073-69b8-47b3-a602-2aa4abcd2763,check,6d300afc72a571ddaadaf4cd7688d9811e7c079a8654f96820b70e9c8652dd14
f838d5ea-e02f-4acc-9627-bd1c2ba31dee,calibration,f38f7e022ca9f94ad59fadb702b731a66282e79c569359227d943ceda7a8c609
f84a2f61-010c-4b52-a588-58aa313b4154,check,f1125781b407bd3f9ede006efba855d11fb30fd35a10316a79c5fda5712a16ac
f8515485-f48b-4403-8df0-eac495806127,calibration,8800e73ffdc7eb4a4d8d0b5d2b9068577c270a377c7aa96b7af31dd022e729a8
f860f73e-465b-4383-b1c8-f2a48674a6ee,calibration,da33e60e1102c0f39496859143499bd39d4589b010fce8d4387fd4e2412e682f
f87ccdce-5f13-4cc9-bfa2-832837c6a375,check,84200b8923e2b0610103a524d2c8cdb72b04b8f51e5587d24317da7a6ee167bd
f8a37a1f-b484-4e37-a10c-2887de088794,check,8e4c24c723ffb4ef73dd46e6e0c7644937208b98135f9381677cc0d82c7d9ae2
f8bb73a8-d25a-46ff-8fbf-e47a4ee57c2d,calibration,16ce463e696bcb3250c7fd894972ca2993e9fbc9c6cf5491af5fa51ada948083
f8c84349-3e1b-4093-aaca-48e3d2351714,check,be9bf796bf3909279db64238ce11ab21f5459ca27baca08b3dc226f0f65cfb4d
f8c8ba3d-9392-43f0-b839-f15dc46ac2c6,check,4ecfa93692610580da1373a85a70672f44570cd39accf2303ba5322b679e43c6
f8cbd923-c310-4560-babc-a21da8796503,check,7d1e59ee1bd11613ebf09a252e5092cc1825432fb53f2cd5152563c372e4ee09
f8db403a-0f6b-4bd5-b56d-b99cef5a8287,check,9bb25355d81af334c6557e12c0a38eb6c6179d84e823102f28086e3aa49693de
f8dd1e5f-36d8-4a13-9096-1c0c5c60bade,calibration,1608fddd9451ec55f233b61717e1c074f7c2d321bb3d3a771c2225e050b2763f
f8f3245c-3c02-44af-ac86-c0f2d27739e8,calibration,a16ae95a8dd969467a55b4965fe40deadb21b08a3742d9980f1068e58b63b2b0
f906a6a7-6b21-427f-9104-575e3610cf95,check,b13c0229bff696534755391c56ba387c0212be75be4d03226bd019829dcfc05f
f90f0c62-a0f1-411f-808b-a673a4f09682,calibration,8bb5c70f2478135c1b324c3b1f01a9c907733517196c87b941d95b960618e14c
f9164099-ef98-4ad4-9c6c-a005b95cb24d,calibration,34d4d4caee21b246e20986b00f76f3c19bcf46eed80fc095ce2786d419242395
f93da900-8416-48ee-932c-40937556745e,check,cd75a433d9f7cbc2a49b70b237f3ee722aec0c84810fa171d9329a21fe0fd96d
f97784e2-38b9-4158-86e7-85c171666fb1,check,cf3f9402a9b92bf52955ad2f9b62350b3386b35afa869459199526a235a998c8
f97af29e-b274-4cee-8bca-ea55cd457512,calibration,d6ea9a7839c9482ebed7c2a63416670b2e6184f8d33ea4a22755a3fb0e237c77
f982225f-78a8-4606-bcec-74b5ee8cfbdf,calibration,b06c8d9cef7a6393a213858791ce0af74f29eab98e2c2da42cc03f9b3e445865
f99c17f8-e24a-4d80-a441-7b5bf9ccc951,calibration,8325ffb564d99a466c82644827bfb1c0361fdb08a5acd6e044b94769ee5fc6fb
f99c8fc5-af94-4574-b6af-e743dabf8f00,check,c1358840af944c97c9422cbb541de828866ff785291f685bc7460d0d3f1520be
f9bc4658-aee3-4fdc-b4b5-124156d1849e,check,95076edc38ce76929b68f6a4e3ef36088ff823bd261bcfc986083144872fcdfc
f9cc4b1c-cfb7-4ffd-86fb-44269711876b,calibration,69a226f9f3fccb952d15dd5f75218642893702dc4933f1ff90028233b1c9bbaf
f9d1f228-ee5d-4c4f-bc25-f921359a226a,check,e2fea07baf5508a74482831692fd3f98db7afa7ea001587fe2a97c2f453c72eb
f9d52cf5-6fc7-4a2d-8969-74542eb7fa33,calibration,0db28c2334a5b52e45603683381ce747cafec5448990aa30a1288275b32d8a40
f9dcdfee-1a20-4357-bfa3-b01962adcb09,calibration,8b20b20223a75aa0cff37ac0eb110623eda865858a68c604d24bffa92b0085bc
f9ec7b9c-e337-401a-b8bf-752880357d5c,calibration,5e117232a2823bb0658c5df7f9f12e9902968dfa8966239d613fc9cb2d603cd2
f9fe2a69-b83b-4995-8e67-3693c754965a,check,d73b4ea1782b2d47035fa24de21d1d14db86c8b540cd4ba0ca752c49e906a7fb
fa07e179-4c7e-4bf2-9274-68b4b24079ed,calibration,41845b94024aec6dba85b3626ce0dc7e3d46007bddd6776dad5ef8caa97a9fe9
fa19347f-8d2e-4f1d-b254-ae6372260c5a,calibration,0ed82a7e021c9d5ec61cb896c84acc33baa4a3a7b5a08ff8f56c7cd837cc85ce
fa55563e-c086-4cde-b18c-4378ff2ec489,calibration,8dec9f0eb4521ceb48e8c5bac9db5e1218206db7c592639d6b2ba275b3d40714
fa57d58d-dbb4-41da-8cd6-b3e540ff275f,calibration,2c80a35ed2c4a6461295abc9c2b022034589915587c14d1049492f10af4d5cb9
fa648bb2-d9fd-4517-8581-64bd8f59981c,calibration,52affb0bdc29c8bd7d06da8fd3600addf19bbdcfb838e04b437bd551c2f84279
fa75fb37-1e31-4a8f-844d-f052ad882576,calibration,d80f562f803333a5582fae66a8ea17afb73241981191e79ada090b35f62d4ac2
fa767885-cf7f-4f28-9c16-036d514d3736,check,223ad7bc225f7b5de4e086b18ce988ec66d387a2ed10c4f0e8f9d48f1e8c0557
fa7e3d61-4eb8-4322-9667-f0074d77ae82,calibration,ecd5b00f1e3fee13f95ad4e8091718860b2b19fdec475ddde40baf58931e359c
fab7e6e5-571a-43de-a0f9-2c80578097ec,check,9cceb642d160957bbe4c2fcfba8efa7f749bfe284809c819abd77ff47ea5b3e7
fabdb9ba-730e-4bb5-a548-9cb363f052ba,check,443fcf932a5da34a8467278d252895a9df35f1e42c03dce5d082c5014640007a
fac8d562-b7ba-45b0-bec8-361fd2ff175a,check,58b8ae2ca0a5012c42132825d9a562056bcae90d9f51c3123b22b7d81806542a
facf3504-7798-4f4b-b689-0bf20cc667ee,calibration,cd4e6e35a65814280bf732b9e4f4899926cf219f98c05e42c0a9b64e5ba1eadc
facfa0d4-6da9-46a1-9510-1c0558ecf896,check,5d69605923c6191bbaa2448b2025f1bdb350468aa6cad69de08b124dbe55a73f
fad2da7b-5d44-474e-a99d-78e84936529b,check,2685374f545688efc0e4c640f477de325eff95a510df9ce8525654a66d449aaf
fafe9367-8aea-4181-bd4b-8a31b89d31c0,calibration,13d68fbb6691f1692ca51e51e120aef1ef7ead5922e5b88cc939966db99e1d69
fb046a37-aa83-4184-a08e-4085e9e069aa,check,c498a9010d46d4f3f1397be56f70dbfbf2f003c9de5d5b0bb770f01088b55ad6
fb082d01-c7a8-4c87-9ccf-df1aa0f84aa2,check,ac9a4084c24cf2b373812fcf6b2bcd90875398a74d64fc95016094e0f00d0e7b
fb1e3c81-9b93-416a-a39c-98f825307066,calibration,20b0d7ecf6e56bc189657346b430ca6c239481d0894c3bba320b67ee81f44801
fb2036a8-3f67-4fc4-87aa-cdca67ff12d0,check,3a8c4901d484a7037984fcaefe98ef7a8b7b938081f7d5815fb3a5acca507237
fb300760-4be6-474e-b1d7-aba1ef28ba5f,check,35598fd039fa45cf4f53f76caa8bb795346ad092517b25cda44f91bc39192c95
fb3b6092-11d9-4417-aa49-bfeed4fc6d71,check,74fbea2ec6f44beb50079ab9b43c0867be320d6f6a2ffb83a34a98d0d66b5f51
fb50c318-60d9-449a-a03c-d41a6800cbe2,check,f7d5e2523d9432247af89a20bd01c3f4dc8f43e79f61a0453a01b00aef6fbaaf
fbbcf768-27e7-4170-825e-30e2b0e4c78f,check,7fdc8499c1bd07061ab6eb92284967421466d43c87f558734c2b01367275c6c3
fbcad4cd-c218-4ec9-83f1-f90bb5dccee7,check,cd64550eeaf6545274c08d101a3644343611ed8b67ee5c1b7212a01a3ab863dc
fbece8eb-371f-4436-b2cd-5e9b45a3246d,check,6480cdab9609bd322e8ab9c2e13ef4262276d6de7cd55b7373dc95ca71eae57c
fc07e2bf-de2c-429c-81cf-b7c66175fb4d,check,7af70dc4f33079524d71e8c59135c5add9cef5a8dd2715f645e870a980dd224f
fc23260b-26f7-4772-804a-59e2b61df305,check,2bb1834b23c9ec7de0f3952886cea7ac14f9d768be1936561a334733c35eb670
fc2e8983-b7fb-4176-8aa9-cc9df9e0728d,calibration,31b9cc3c656c2a93c8635918747bc69e52ba5f80837ad7722df545581870352d
fc3336df-03ac-4ef6-9dfb-0e28ffecd03f,check,ac7ec92ae3bf5eec54448e41d7d023c82c82d68e633e1b0857761db9dfcc3a40
fc45d183-cdca-4229-86ef-669b7c0fd94d,check,1d61c13a3e8e79d66a2fdd7f0cd111731378f71f16dffdfadf0dbb90f862a1c5
fc4e6187-1674-4580-a9f1-7fe27d9b1f13,check,5557faa4e369a7bf0267be3563b8a19339548f436209d5421eb14a8a3db22792
fc51a3bf-ef52-4505-8e76-2654ddfef1b0,check,6cd1b182a06535b4412ffe8410c46d5203590a3a38803ceff42d13614db59c07
fc52b05d-ddc5-452d-9ca6-f704d52c9d8a,calibration,fcd09957c967ea4c4f40e27ce115868af129a25e2ff7ff50cacf847be36e0d67
fc6fdc3e-8d6b-4957-a173-705bfdbf01d8,calibration,23e93d4d64a28861f6536fe90a9cf516b581eae8b24b34869d6ca621897b9b21
fca7def9-3688-44b0-9391-f2f0e16a8265,calibration,99b7398b274de34e42c43dd5f3e2dc25a77a32eb6f65091381704cb018aaf4b8
fcb52bf9-fdfe-4336-9009-5ec5e2652d07,check,4b17755cc15a3aab4166a4b3aa392b8d03c59614ce547c7a6db312f705c1fcdd
fd3d6cca-cabe-4639-ada9-eb6540f88968,calibration,42c3876ed19712d5b741fe89a922ac1ee8d9d42508b02a54ad5791199e30bdac
fd758d3d-436f-4e1d-9467-c4543392ca5d,calibration,5c6f721294825a2398a34c30ca382252fd339e8f54e132ef1eab87d6ccebf874
fd77b177-37ff-4abe-9c2d-50314f84db8f,check,91991a38c9ba3d0be314151c21be8ad0aeeac7759ab87b06851756e4947bf4ee
fd7b81b3-b11f-4952-80e3-bed73d0c27e6,check,29e817b5f640d19dd4b26b2efbea578395e8fadba09fbcce2055b74ebf344cc9
fdb3b909-1fe1-43e5-b9ec-67424f325aea,check,a9119226e43de28fdcb346875098e7e8a82597592d69c30c5de003b87e79db00
fdc38ff8-6d48-4902-b923-df30311ab01b,check,99d760e9a67454983dc1b5c44d8f72cc46418729c03cdd74a81f2e3f15bb1a4b
fdcad0da-a14f-41c8-9065-664d3cf39ecc,calibration,56c1c8ee7ac8eef1c64c798f89ab1270acfde707f75f2313d8c4df89a5fec374
fdd0f5cf-9289-420e-b376-e76b95fb86bc,calibration,8470ea160acf71a547e53c2fbf43887d2d78b0ec4f39630ec8da82125024024b
fdf1ee83-5a86-46d1-9292-f6ca0fb13b4f,check,c48ea03df11a2933257daac40461ae47a3d4bc84a497598f5142619b2c56e2ef
fe3b68ae-bdba-4dcc-98f4-efa7e13f4ca7,check,acbab5a7050c6ced28a60e77010861d5ca02015f37d24c9a6a2817660d613439
fe47b70d-128c-41d3-a175-f728c9130e9b,calibration,9b8254296b7897872fa3c26355f95293c39cd920efffb8af7c887589e1b5e384
fe5d0920-07af-4c45-a639-cb7b1c88b61c,calibration,09fc13c4a403d6f1d77a2b128e91bb6861d3cd9d8b50caaa634ccb25705efcd9
fe65612b-0117-4033-84f0-a19c1bd714e1,calibration,b9cebdcdbeb0986f9ba8fa298a4a7ef9b40db962e17bfea8db910ba7ad3ba41c
fe667520-da14-44c5-86fb-6864d34f3abd,check,f978ec4c337002eb0e59bf8e1c089e59c911b25dae1703f9db445ead05b51b58
fe8b4753-f691-4665-b126-bbcec05e2fc5,calibration,ceb920b975b64063ab58872e1a3b7c8697c9390be77e721f92ce047bcb3d0f19
fea8dca0-32a1-4a92-983c-7e70a5aebcc8,check,ee7aec14f9d4b45f700515b93eda233fa48ccac0aca09298253549060f0591b6
feac1427-44b2-48aa-9579-a12779543f25,check,02aab2b2c63f3756368d3029bd124ca3b1a807612482b97af512509029529265
feafb7df-6a04-4bbd-8e72-4c3e97355018,calibration,8ed7bf6d75e3b10faf1d05b356ed6c54f9d5aaf7b48419451d00912aa7c75083
feb30cf1-f923-4af0-baf1-208b5899132f,check,1bf76ebf0d3e56f36e0f6950f73b3fd109bb8a896d693dc317c49928046e12db
febbc8d0-da58-44d7-af70-a8830b3ea1bd,calibration,d5c32ca426ed3f36291a037d1f7161c91f0b2d2ff99ada252a68642f03054afe
fec3a0b7-03b8-4320-8411-4a0819246cde,check,4cf68c055fae340b5bbffe9f22b70246e191c8042ee7700bbabd7c1ca6ab57f9
fedf5698-fc76-4e5a-874a-cc4675c36994,calibration,4368676ee9bd5d49167f9fa2fc4a8c665ea239fd0e22659c8b07fbc1374d1ed1
fee0c431-f811-417d-8823-330765aa7fac,check,e7c4eb36f9d29184c42ad9112c6ddfa7aaa8d9fdf1f4d13aeef0b82914c7e558
fefb71e8-8d45-4ede-a0ec-69e5dc2df1fb,calibration,0744873823fcd771350676e5795b5724a8b6e20cb8a4c4f0922b226a0c9b8c38
ff002809-feb7-4e7f-9300-0c1f4ecd3588,calibration,8d7169d9c8e646909ccd3e31e0d418f46e7617664c19783e26b86cdafa8607eb
ff2b0be8-20ed-4d3c-a53e-95cf9b30b6f0,check,31684dff8bcbaab4dbb9c6a417abe970ed357ea87a908ba3abca9c23ee945490
ff5d973a-4f6b-4206-b4be-fa5d7bc9e897,check,8865dd857c1df48cd376275884f198be9447a9b979f93a140b1be446ea6e1121
ff6dc455-940d-4c03-80bd-6fcd4cb7b6ed,calibration,d963040197496b7c05aa77455517d459d77ba6f7fddd5e4addff6c940843f241
ff751d62-b582-4ca4-9b0d-f07267e05e50,check,6fac28151cda0cf02c03ee76e3584db589fca5ee28dace5edf560085097f686a
ff84dfbd-3f7b-4c0b-92bb-cc352c926032,calibration,f8ad12c5cda5fbcb0a2fdfb8279890c38e0fd52ca48038c3018a43e3cc6fc896
ff9e5034-1f3e-4027-8d2d-e722101add49,check,e4d4a18c87633b8075e32c8f7059276bb037e29508916c6e190f041a38f9058b
ffda9c59-81ee-4d01-9328-fe250459e11b,calibration,3735c051a84499edb7e121c77e6c58dd4aeb72e4fa9264d0f8c3ff40ec9cf8e4
ffe4f352-ec88-4c2f-bd35-bcbd9663433a,check,963eb620c1ce1b4f8c0c67d94dcb6a9423e4184124bf312ae96e9b7336f40b0f
ffe7df00-0d27-44e8-95d7-dc2bb6775a73,check,aaeac64308f532b4cb49191446e9aedc2fbe57121a88019a71859c5d209876fa
ffe9ce49-00b3-4df8-b238-d784e72df8fb,calibration,f96674da7dff3b7e8bce7e0028592bb680aaac2685e84b591eed98ae2763c762
